ISO-10303-21;
HEADER;
/* Generated by software containing ST-Developer
 * from STEP Tools, Inc. (www.steptools.com) 
 */
/* OPTION: using custom renumber hook */

FILE_DESCRIPTION(
/* description */ ('STEP AP242 Edition 2',
'CAx-IF Rec.Pracs.---Representation and Presentation of Product Manufa
cturing Information (PMI)---4.0---2014-10-13',
'CAx-IF Rec.Pracs.---3D Tessellated Geometry---0.4---2014-09-14','2;1',
'CAx-IF Rec.Pracs.---User Defined Attributes---1.5---2016-08-15'),
/* implementation_level */ '2;1');

FILE_NAME(
/* name */ 'Part Studio 1',
/* time_stamp */ '2026-06-07T01:49:00Z',
/* author */ (''),
/* organization */ (''),
/* preprocessor_version */ 'ST-DEVELOPER v20',
/* originating_system */ 'ONSHAPE BY PTC INC, 1.216',
/* authorisation */ '  ');

FILE_SCHEMA (('AP242_MANAGED_MODEL_BASED_3D_ENGINEERING_MIM_LF { 1 0 10303 442 3 1 4 }'));
ENDSEC;

DATA;
#10=B_SPLINE_SURFACE_WITH_KNOTS('',3,1,((#5127,#5128),(#5129,#5130),(#5131,
#5132),(#5133,#5134)),.SURF_OF_LINEAR_EXTRUSION.,.F.,.F.,.F.,(4,4),(2,2),
(0.,1.),(0.,1.),.PIECEWISE_BEZIER_KNOTS.);
#11=B_SPLINE_SURFACE_WITH_KNOTS('',3,1,((#5142,#5143),(#5144,#5145),(#5146,
#5147),(#5148,#5149)),.SURF_OF_LINEAR_EXTRUSION.,.F.,.F.,.F.,(4,4),(2,2),
(0.,1.),(0.,1.),.PIECEWISE_BEZIER_KNOTS.);
#12=B_SPLINE_SURFACE_WITH_KNOTS('',3,1,((#5155,#5156),(#5157,#5158),(#5159,
#5160),(#5161,#5162)),.SURF_OF_LINEAR_EXTRUSION.,.F.,.F.,.F.,(4,4),(2,2),
(0.,1.),(0.,1.),.PIECEWISE_BEZIER_KNOTS.);
#13=B_SPLINE_SURFACE_WITH_KNOTS('',3,1,((#5168,#5169),(#5170,#5171),(#5172,
#5173),(#5174,#5175)),.SURF_OF_LINEAR_EXTRUSION.,.F.,.F.,.F.,(4,4),(2,2),
(0.,1.),(0.,1.),.PIECEWISE_BEZIER_KNOTS.);
#14=B_SPLINE_SURFACE_WITH_KNOTS('',3,1,((#5193,#5194),(#5195,#5196),(#5197,
#5198),(#5199,#5200)),.SURF_OF_LINEAR_EXTRUSION.,.F.,.F.,.F.,(4,4),(2,2),
(0.,1.),(0.,1.),.PIECEWISE_BEZIER_KNOTS.);
#15=B_SPLINE_SURFACE_WITH_KNOTS('',3,1,((#5206,#5207),(#5208,#5209),(#5210,
#5211),(#5212,#5213)),.SURF_OF_LINEAR_EXTRUSION.,.F.,.F.,.F.,(4,4),(2,2),
(0.,1.),(0.,1.),.PIECEWISE_BEZIER_KNOTS.);
#16=B_SPLINE_SURFACE_WITH_KNOTS('',3,1,((#5219,#5220),(#5221,#5222),(#5223,
#5224),(#5225,#5226)),.SURF_OF_LINEAR_EXTRUSION.,.F.,.F.,.F.,(4,4),(2,2),
(0.,1.),(0.,1.),.PIECEWISE_BEZIER_KNOTS.);
#17=B_SPLINE_SURFACE_WITH_KNOTS('',3,1,((#5232,#5233),(#5234,#5235),(#5236,
#5237),(#5238,#5239)),.SURF_OF_LINEAR_EXTRUSION.,.F.,.F.,.F.,(4,4),(2,2),
(0.,1.),(0.,1.),.PIECEWISE_BEZIER_KNOTS.);
#18=B_SPLINE_SURFACE_WITH_KNOTS('',3,1,((#5257,#5258),(#5259,#5260),(#5261,
#5262),(#5263,#5264)),.SURF_OF_LINEAR_EXTRUSION.,.F.,.F.,.F.,(4,4),(2,2),
(0.,1.),(0.,1.),.PIECEWISE_BEZIER_KNOTS.);
#19=B_SPLINE_SURFACE_WITH_KNOTS('',3,1,((#5270,#5271),(#5272,#5273),(#5274,
#5275),(#5276,#5277)),.SURF_OF_LINEAR_EXTRUSION.,.F.,.F.,.F.,(4,4),(2,2),
(0.,1.),(0.,1.),.PIECEWISE_BEZIER_KNOTS.);
#20=ELLIPSE('',#3459,0.0049211803543459,0.0034798);
#21=ELLIPSE('',#3461,0.0049211803543459,0.0034798);
#22=B_SPLINE_CURVE_WITH_KNOTS('',2,(#4921,#4922,#4923),.UNSPECIFIED.,.F.,
 .F.,(3,3),(0.,1.),.PIECEWISE_BEZIER_KNOTS.);
#23=B_SPLINE_CURVE_WITH_KNOTS('',2,(#4926,#4927,#4928),.UNSPECIFIED.,.F.,
 .F.,(3,3),(0.,1.),.PIECEWISE_BEZIER_KNOTS.);
#24=B_SPLINE_CURVE_WITH_KNOTS('',2,(#4930,#4931,#4932),.UNSPECIFIED.,.F.,
 .F.,(3,3),(0.,1.),.PIECEWISE_BEZIER_KNOTS.);
#25=B_SPLINE_CURVE_WITH_KNOTS('',2,(#4934,#4935,#4936),.UNSPECIFIED.,.F.,
 .F.,(3,3),(0.,1.),.PIECEWISE_BEZIER_KNOTS.);
#26=B_SPLINE_CURVE_WITH_KNOTS('',2,(#4944,#4945,#4946),.UNSPECIFIED.,.F.,
 .F.,(3,3),(0.,1.),.PIECEWISE_BEZIER_KNOTS.);
#27=B_SPLINE_CURVE_WITH_KNOTS('',2,(#4948,#4949,#4950),.UNSPECIFIED.,.F.,
 .F.,(3,3),(0.,1.),.PIECEWISE_BEZIER_KNOTS.);
#28=B_SPLINE_CURVE_WITH_KNOTS('',2,(#4952,#4953,#4954),.UNSPECIFIED.,.F.,
 .F.,(3,3),(0.,1.),.PIECEWISE_BEZIER_KNOTS.);
#29=B_SPLINE_CURVE_WITH_KNOTS('',2,(#4956,#4957,#4958),.UNSPECIFIED.,.F.,
 .F.,(3,3),(0.,1.),.PIECEWISE_BEZIER_KNOTS.);
#30=B_SPLINE_CURVE_WITH_KNOTS('',2,(#4966,#4967,#4968),.UNSPECIFIED.,.F.,
 .F.,(3,3),(0.,1.),.PIECEWISE_BEZIER_KNOTS.);
#31=B_SPLINE_CURVE_WITH_KNOTS('',2,(#4970,#4971,#4972),.UNSPECIFIED.,.F.,
 .F.,(3,3),(0.,1.),.PIECEWISE_BEZIER_KNOTS.);
#32=B_SPLINE_CURVE_WITH_KNOTS('',3,(#5031,#5032,#5033,#5034,#5035,#5036,
#5037,#5038,#5039,#5040,#5041),.UNSPECIFIED.,.F.,.F.,(4,1,1,1,1,1,1,1,4),
(0.,0.000946485786232245,0.00189297157246449,0.00283945735869673,0.00378594314492898,
0.00473242893116122,0.00567891471739347,0.00662540050362571,0.00757188628985796),
 .UNSPECIFIED.);
#33=B_SPLINE_CURVE_WITH_KNOTS('',3,(#5045,#5046,#5047,#5048,#5049,#5050,
#5051,#5052,#5053,#5054,#5055),.UNSPECIFIED.,.F.,.F.,(4,1,1,1,1,1,1,1,4),
(0.,0.00094648578623224,0.00189297157246448,0.00283945735869672,0.00378594314492896,
0.0047324289311612,0.00567891471739344,0.00662540050362568,0.00757188628985792),
 .UNSPECIFIED.);
#34=B_SPLINE_CURVE_WITH_KNOTS('',2,(#5137,#5138,#5139),.UNSPECIFIED.,.F.,
 .F.,(3,3),(0.,1.),.PIECEWISE_BEZIER_KNOTS.);
#35=B_SPLINE_CURVE_WITH_KNOTS('',2,(#5152,#5153,#5154),.UNSPECIFIED.,.F.,
 .F.,(3,3),(0.,1.),.PIECEWISE_BEZIER_KNOTS.);
#36=B_SPLINE_CURVE_WITH_KNOTS('',2,(#5165,#5166,#5167),.UNSPECIFIED.,.F.,
 .F.,(3,3),(0.,1.),.PIECEWISE_BEZIER_KNOTS.);
#37=B_SPLINE_CURVE_WITH_KNOTS('',2,(#5178,#5179,#5180),.UNSPECIFIED.,.F.,
 .F.,(3,3),(0.,1.),.PIECEWISE_BEZIER_KNOTS.);
#38=B_SPLINE_CURVE_WITH_KNOTS('',2,(#5203,#5204,#5205),.UNSPECIFIED.,.F.,
 .F.,(3,3),(0.,1.),.PIECEWISE_BEZIER_KNOTS.);
#39=B_SPLINE_CURVE_WITH_KNOTS('',2,(#5216,#5217,#5218),.UNSPECIFIED.,.F.,
 .F.,(3,3),(0.,1.),.PIECEWISE_BEZIER_KNOTS.);
#40=B_SPLINE_CURVE_WITH_KNOTS('',2,(#5229,#5230,#5231),.UNSPECIFIED.,.F.,
 .F.,(3,3),(0.,1.),.PIECEWISE_BEZIER_KNOTS.);
#41=B_SPLINE_CURVE_WITH_KNOTS('',2,(#5242,#5243,#5244),.UNSPECIFIED.,.F.,
 .F.,(3,3),(0.,1.),.PIECEWISE_BEZIER_KNOTS.);
#42=B_SPLINE_CURVE_WITH_KNOTS('',2,(#5267,#5268,#5269),.UNSPECIFIED.,.F.,
 .F.,(3,3),(0.,1.),.PIECEWISE_BEZIER_KNOTS.);
#43=B_SPLINE_CURVE_WITH_KNOTS('',2,(#5278,#5279,#5280),.UNSPECIFIED.,.F.,
 .F.,(3,3),(0.,1.),.PIECEWISE_BEZIER_KNOTS.);
#44=TOROIDAL_SURFACE('',#3373,0.0634798,0.0034798);
#45=TOROIDAL_SURFACE('',#3375,0.0634798,0.0034798);
#46=TOROIDAL_SURFACE('',#3464,0.0355202,0.0034798);
#47=CYLINDRICAL_SURFACE('',#3302,0.0034798);
#48=CYLINDRICAL_SURFACE('',#3303,0.0034798);
#49=CYLINDRICAL_SURFACE('',#3324,0.0034798);
#50=CYLINDRICAL_SURFACE('',#3325,0.0034798);
#51=CYLINDRICAL_SURFACE('',#3351,0.06);
#52=CYLINDRICAL_SURFACE('',#3353,0.06);
#53=CYLINDRICAL_SURFACE('',#3357,0.0022);
#54=CYLINDRICAL_SURFACE('',#3359,0.0022);
#55=CYLINDRICAL_SURFACE('',#3361,0.0022);
#56=CYLINDRICAL_SURFACE('',#3363,0.0022);
#57=CYLINDRICAL_SURFACE('',#3365,0.0022);
#58=CYLINDRICAL_SURFACE('',#3367,0.0022);
#59=CYLINDRICAL_SURFACE('',#3369,0.0022);
#60=CYLINDRICAL_SURFACE('',#3371,0.0022);
#61=CYLINDRICAL_SURFACE('',#3377,0.004);
#62=CYLINDRICAL_SURFACE('',#3381,0.0034798);
#63=CYLINDRICAL_SURFACE('',#3384,0.0034798);
#64=CYLINDRICAL_SURFACE('',#3390,0.0375);
#65=CYLINDRICAL_SURFACE('',#3399,0.0016);
#66=CYLINDRICAL_SURFACE('',#3402,0.0016);
#67=CYLINDRICAL_SURFACE('',#3405,0.0016);
#68=CYLINDRICAL_SURFACE('',#3408,0.0016);
#69=CYLINDRICAL_SURFACE('',#3444,0.0016);
#70=CYLINDRICAL_SURFACE('',#3446,0.0016);
#71=CYLINDRICAL_SURFACE('',#3448,0.0016);
#72=CYLINDRICAL_SURFACE('',#3450,0.0016);
#73=CYLINDRICAL_SURFACE('',#3452,0.0375);
#74=CYLINDRICAL_SURFACE('',#3455,0.039);
#75=CYLINDRICAL_SURFACE('',#3457,0.0034798);
#76=CYLINDRICAL_SURFACE('',#3460,0.0034798);
#77=CYLINDRICAL_SURFACE('',#3462,0.0034798);
#78=CIRCLE('',#3294,0.0034798);
#79=CIRCLE('',#3295,0.0034798);
#80=CIRCLE('',#3297,0.0034798);
#81=CIRCLE('',#3298,0.0034798);
#82=CIRCLE('',#3316,0.0034798);
#83=CIRCLE('',#3317,0.0034798);
#84=CIRCLE('',#3319,0.0034798);
#85=CIRCLE('',#3320,0.0034798);
#86=CIRCLE('',#3336,0.004);
#87=CIRCLE('',#3338,0.004);
#88=CIRCLE('',#3341,0.0022);
#89=CIRCLE('',#3342,0.0022);
#90=CIRCLE('',#3343,0.0022);
#91=CIRCLE('',#3344,0.0022);
#92=CIRCLE('',#3345,0.0022);
#93=CIRCLE('',#3346,0.0022);
#94=CIRCLE('',#3347,0.0022);
#95=CIRCLE('',#3348,0.0022);
#96=CIRCLE('',#3349,0.06);
#97=CIRCLE('',#3350,0.06);
#98=CIRCLE('',#3352,0.06);
#99=CIRCLE('',#3354,0.06);
#100=CIRCLE('',#3358,0.0022);
#101=CIRCLE('',#3360,0.0022);
#102=CIRCLE('',#3362,0.0022);
#103=CIRCLE('',#3364,0.0022);
#104=CIRCLE('',#3366,0.0022);
#105=CIRCLE('',#3368,0.0022);
#106=CIRCLE('',#3370,0.0022);
#107=CIRCLE('',#3372,0.0022);
#108=CIRCLE('',#3374,0.0634798);
#109=CIRCLE('',#3376,0.0634798);
#110=CIRCLE('',#3379,0.0034798);
#111=CIRCLE('',#3380,0.0034798);
#112=CIRCLE('',#3382,0.0034798);
#113=CIRCLE('',#3385,0.0034798);
#114=CIRCLE('',#3389,0.0375);
#115=CIRCLE('',#3391,0.0375);
#116=CIRCLE('',#3393,0.0016);
#117=CIRCLE('',#3394,0.0016);
#118=CIRCLE('',#3395,0.0016);
#119=CIRCLE('',#3396,0.0016);
#120=CIRCLE('',#3398,0.0016);
#121=CIRCLE('',#3401,0.0016);
#122=CIRCLE('',#3404,0.0016);
#123=CIRCLE('',#3407,0.0016);
#124=CIRCLE('',#3435,0.039);
#125=CIRCLE('',#3436,0.0016);
#126=CIRCLE('',#3437,0.0016);
#127=CIRCLE('',#3438,0.0016);
#128=CIRCLE('',#3439,0.0016);
#129=CIRCLE('',#3445,0.0016);
#130=CIRCLE('',#3447,0.0016);
#131=CIRCLE('',#3449,0.0016);
#132=CIRCLE('',#3451,0.0016);
#133=CIRCLE('',#3453,0.0375);
#134=CIRCLE('',#3454,0.0375);
#135=CIRCLE('',#3456,0.039);
#136=CIRCLE('',#3458,0.0034798);
#137=CIRCLE('',#3463,0.0034798);
#138=SHAPE_REPRESENTATION_RELATIONSHIP('','',#3268,#143);
#139=SHAPE_REPRESENTATION_RELATIONSHIP('','',#3269,#144);
#140=SHAPE_REPRESENTATION_RELATIONSHIP('','',#3270,#145);
#141=SHAPE_REPRESENTATION_RELATIONSHIP('','',#3271,#146);
#142=SHAPE_REPRESENTATION_RELATIONSHIP('','',#3272,#147);
#143=ADVANCED_BREP_SHAPE_REPRESENTATION('',(#3258),#5354);
#144=ADVANCED_BREP_SHAPE_REPRESENTATION('',(#3259),#5355);
#145=ADVANCED_BREP_SHAPE_REPRESENTATION('',(#3260),#5356);
#146=ADVANCED_BREP_SHAPE_REPRESENTATION('',(#3261),#5357);
#147=ADVANCED_BREP_SHAPE_REPRESENTATION('',(#3262),#5358);
#148=ORIENTED_EDGE('',*,*,#1006,.T.);
#149=ORIENTED_EDGE('',*,*,#1007,.T.);
#150=ORIENTED_EDGE('',*,*,#1008,.F.);
#151=ORIENTED_EDGE('',*,*,#1009,.F.);
#152=ORIENTED_EDGE('',*,*,#1008,.T.);
#153=ORIENTED_EDGE('',*,*,#1010,.T.);
#154=ORIENTED_EDGE('',*,*,#1011,.T.);
#155=ORIENTED_EDGE('',*,*,#1012,.F.);
#156=ORIENTED_EDGE('',*,*,#1013,.T.);
#157=ORIENTED_EDGE('',*,*,#1014,.F.);
#158=ORIENTED_EDGE('',*,*,#1015,.T.);
#159=ORIENTED_EDGE('',*,*,#1016,.T.);
#160=ORIENTED_EDGE('',*,*,#1017,.T.);
#161=ORIENTED_EDGE('',*,*,#1018,.F.);
#162=ORIENTED_EDGE('',*,*,#1019,.F.);
#163=ORIENTED_EDGE('',*,*,#1020,.T.);
#164=ORIENTED_EDGE('',*,*,#1011,.F.);
#165=ORIENTED_EDGE('',*,*,#1021,.T.);
#166=ORIENTED_EDGE('',*,*,#1022,.T.);
#167=ORIENTED_EDGE('',*,*,#1023,.T.);
#168=ORIENTED_EDGE('',*,*,#1015,.F.);
#169=ORIENTED_EDGE('',*,*,#1024,.F.);
#170=ORIENTED_EDGE('',*,*,#1025,.F.);
#171=ORIENTED_EDGE('',*,*,#1026,.F.);
#172=ORIENTED_EDGE('',*,*,#1027,.F.);
#173=ORIENTED_EDGE('',*,*,#1024,.T.);
#174=ORIENTED_EDGE('',*,*,#1014,.T.);
#175=ORIENTED_EDGE('',*,*,#1028,.T.);
#176=ORIENTED_EDGE('',*,*,#1029,.F.);
#177=ORIENTED_EDGE('',*,*,#1030,.F.);
#178=ORIENTED_EDGE('',*,*,#1031,.F.);
#179=ORIENTED_EDGE('',*,*,#1032,.T.);
#180=ORIENTED_EDGE('',*,*,#1012,.T.);
#181=ORIENTED_EDGE('',*,*,#1026,.T.);
#182=ORIENTED_EDGE('',*,*,#1033,.F.);
#183=ORIENTED_EDGE('',*,*,#1034,.T.);
#184=ORIENTED_EDGE('',*,*,#1027,.T.);
#185=ORIENTED_EDGE('',*,*,#1035,.T.);
#186=ORIENTED_EDGE('',*,*,#1036,.F.);
#187=ORIENTED_EDGE('',*,*,#1037,.F.);
#188=ORIENTED_EDGE('',*,*,#1029,.T.);
#189=ORIENTED_EDGE('',*,*,#1038,.T.);
#190=ORIENTED_EDGE('',*,*,#1033,.T.);
#191=ORIENTED_EDGE('',*,*,#1025,.T.);
#192=ORIENTED_EDGE('',*,*,#1028,.F.);
#193=ORIENTED_EDGE('',*,*,#1013,.F.);
#194=ORIENTED_EDGE('',*,*,#1034,.F.);
#195=ORIENTED_EDGE('',*,*,#1038,.F.);
#196=ORIENTED_EDGE('',*,*,#1019,.T.);
#197=ORIENTED_EDGE('',*,*,#1039,.F.);
#198=ORIENTED_EDGE('',*,*,#1040,.F.);
#199=ORIENTED_EDGE('',*,*,#1041,.T.);
#200=ORIENTED_EDGE('',*,*,#1018,.T.);
#201=ORIENTED_EDGE('',*,*,#1042,.F.);
#202=ORIENTED_EDGE('',*,*,#1043,.F.);
#203=ORIENTED_EDGE('',*,*,#1039,.T.);
#204=ORIENTED_EDGE('',*,*,#1044,.F.);
#205=ORIENTED_EDGE('',*,*,#1045,.T.);
#206=ORIENTED_EDGE('',*,*,#1042,.T.);
#207=ORIENTED_EDGE('',*,*,#1017,.F.);
#208=ORIENTED_EDGE('',*,*,#1020,.F.);
#209=ORIENTED_EDGE('',*,*,#1041,.F.);
#210=ORIENTED_EDGE('',*,*,#1046,.T.);
#211=ORIENTED_EDGE('',*,*,#1009,.T.);
#212=ORIENTED_EDGE('',*,*,#1040,.T.);
#213=ORIENTED_EDGE('',*,*,#1043,.T.);
#214=ORIENTED_EDGE('',*,*,#1045,.F.);
#215=ORIENTED_EDGE('',*,*,#1047,.F.);
#216=ORIENTED_EDGE('',*,*,#1022,.F.);
#217=ORIENTED_EDGE('',*,*,#1048,.F.);
#218=ORIENTED_EDGE('',*,*,#1006,.F.);
#219=ORIENTED_EDGE('',*,*,#1046,.F.);
#220=ORIENTED_EDGE('',*,*,#1010,.F.);
#221=ORIENTED_EDGE('',*,*,#1007,.F.);
#222=ORIENTED_EDGE('',*,*,#1048,.T.);
#223=ORIENTED_EDGE('',*,*,#1021,.F.);
#224=ORIENTED_EDGE('',*,*,#1047,.T.);
#225=ORIENTED_EDGE('',*,*,#1044,.T.);
#226=ORIENTED_EDGE('',*,*,#1016,.F.);
#227=ORIENTED_EDGE('',*,*,#1023,.F.);
#228=ORIENTED_EDGE('',*,*,#1037,.T.);
#229=ORIENTED_EDGE('',*,*,#1049,.F.);
#230=ORIENTED_EDGE('',*,*,#1050,.F.);
#231=ORIENTED_EDGE('',*,*,#1030,.T.);
#232=ORIENTED_EDGE('',*,*,#1036,.T.);
#233=ORIENTED_EDGE('',*,*,#1051,.F.);
#234=ORIENTED_EDGE('',*,*,#1052,.F.);
#235=ORIENTED_EDGE('',*,*,#1049,.T.);
#236=ORIENTED_EDGE('',*,*,#1035,.F.);
#237=ORIENTED_EDGE('',*,*,#1032,.F.);
#238=ORIENTED_EDGE('',*,*,#1053,.T.);
#239=ORIENTED_EDGE('',*,*,#1051,.T.);
#240=ORIENTED_EDGE('',*,*,#1031,.T.);
#241=ORIENTED_EDGE('',*,*,#1050,.T.);
#242=ORIENTED_EDGE('',*,*,#1052,.T.);
#243=ORIENTED_EDGE('',*,*,#1053,.F.);
#244=ORIENTED_EDGE('',*,*,#1054,.T.);
#245=ORIENTED_EDGE('',*,*,#1055,.T.);
#246=ORIENTED_EDGE('',*,*,#1056,.F.);
#247=ORIENTED_EDGE('',*,*,#1057,.T.);
#248=ORIENTED_EDGE('',*,*,#1058,.T.);
#249=ORIENTED_EDGE('',*,*,#1059,.T.);
#250=ORIENTED_EDGE('',*,*,#1060,.T.);
#251=ORIENTED_EDGE('',*,*,#1061,.T.);
#252=ORIENTED_EDGE('',*,*,#1062,.F.);
#253=ORIENTED_EDGE('',*,*,#1063,.T.);
#254=ORIENTED_EDGE('',*,*,#1056,.T.);
#255=ORIENTED_EDGE('',*,*,#1064,.T.);
#256=ORIENTED_EDGE('',*,*,#1059,.F.);
#257=ORIENTED_EDGE('',*,*,#1065,.T.);
#258=ORIENTED_EDGE('',*,*,#1066,.F.);
#259=ORIENTED_EDGE('',*,*,#1067,.T.);
#260=ORIENTED_EDGE('',*,*,#1068,.T.);
#261=ORIENTED_EDGE('',*,*,#1069,.F.);
#262=ORIENTED_EDGE('',*,*,#1070,.F.);
#263=ORIENTED_EDGE('',*,*,#1071,.T.);
#264=ORIENTED_EDGE('',*,*,#1072,.T.);
#265=ORIENTED_EDGE('',*,*,#1073,.F.);
#266=ORIENTED_EDGE('',*,*,#1062,.T.);
#267=ORIENTED_EDGE('',*,*,#1074,.T.);
#268=ORIENTED_EDGE('',*,*,#1058,.F.);
#269=ORIENTED_EDGE('',*,*,#1075,.T.);
#270=ORIENTED_EDGE('',*,*,#1057,.F.);
#271=ORIENTED_EDGE('',*,*,#1065,.F.);
#272=ORIENTED_EDGE('',*,*,#1063,.F.);
#273=ORIENTED_EDGE('',*,*,#1075,.F.);
#274=ORIENTED_EDGE('',*,*,#1076,.F.);
#275=ORIENTED_EDGE('',*,*,#1054,.F.);
#276=ORIENTED_EDGE('',*,*,#1074,.F.);
#277=ORIENTED_EDGE('',*,*,#1061,.F.);
#278=ORIENTED_EDGE('',*,*,#1055,.F.);
#279=ORIENTED_EDGE('',*,*,#1076,.T.);
#280=ORIENTED_EDGE('',*,*,#1060,.F.);
#281=ORIENTED_EDGE('',*,*,#1064,.F.);
#282=ORIENTED_EDGE('',*,*,#1071,.F.);
#283=ORIENTED_EDGE('',*,*,#1077,.F.);
#284=ORIENTED_EDGE('',*,*,#1078,.T.);
#285=ORIENTED_EDGE('',*,*,#1079,.T.);
#286=ORIENTED_EDGE('',*,*,#1070,.T.);
#287=ORIENTED_EDGE('',*,*,#1080,.F.);
#288=ORIENTED_EDGE('',*,*,#1081,.F.);
#289=ORIENTED_EDGE('',*,*,#1077,.T.);
#290=ORIENTED_EDGE('',*,*,#1073,.T.);
#291=ORIENTED_EDGE('',*,*,#1082,.F.);
#292=ORIENTED_EDGE('',*,*,#1083,.F.);
#293=ORIENTED_EDGE('',*,*,#1080,.T.);
#294=ORIENTED_EDGE('',*,*,#1072,.F.);
#295=ORIENTED_EDGE('',*,*,#1079,.F.);
#296=ORIENTED_EDGE('',*,*,#1084,.T.);
#297=ORIENTED_EDGE('',*,*,#1082,.T.);
#298=ORIENTED_EDGE('',*,*,#1078,.F.);
#299=ORIENTED_EDGE('',*,*,#1081,.T.);
#300=ORIENTED_EDGE('',*,*,#1083,.T.);
#301=ORIENTED_EDGE('',*,*,#1084,.F.);
#302=ORIENTED_EDGE('',*,*,#1067,.F.);
#303=ORIENTED_EDGE('',*,*,#1085,.F.);
#304=ORIENTED_EDGE('',*,*,#1086,.T.);
#305=ORIENTED_EDGE('',*,*,#1087,.T.);
#306=ORIENTED_EDGE('',*,*,#1066,.T.);
#307=ORIENTED_EDGE('',*,*,#1088,.F.);
#308=ORIENTED_EDGE('',*,*,#1089,.F.);
#309=ORIENTED_EDGE('',*,*,#1085,.T.);
#310=ORIENTED_EDGE('',*,*,#1069,.T.);
#311=ORIENTED_EDGE('',*,*,#1090,.F.);
#312=ORIENTED_EDGE('',*,*,#1091,.F.);
#313=ORIENTED_EDGE('',*,*,#1088,.T.);
#314=ORIENTED_EDGE('',*,*,#1068,.F.);
#315=ORIENTED_EDGE('',*,*,#1087,.F.);
#316=ORIENTED_EDGE('',*,*,#1092,.T.);
#317=ORIENTED_EDGE('',*,*,#1090,.T.);
#318=ORIENTED_EDGE('',*,*,#1086,.F.);
#319=ORIENTED_EDGE('',*,*,#1089,.T.);
#320=ORIENTED_EDGE('',*,*,#1091,.T.);
#321=ORIENTED_EDGE('',*,*,#1092,.F.);
#322=ORIENTED_EDGE('',*,*,#1093,.T.);
#323=ORIENTED_EDGE('',*,*,#1094,.T.);
#324=ORIENTED_EDGE('',*,*,#1095,.T.);
#325=ORIENTED_EDGE('',*,*,#1096,.F.);
#326=ORIENTED_EDGE('',*,*,#1097,.F.);
#327=ORIENTED_EDGE('',*,*,#1098,.F.);
#328=ORIENTED_EDGE('',*,*,#1099,.T.);
#329=ORIENTED_EDGE('',*,*,#1100,.F.);
#330=ORIENTED_EDGE('',*,*,#1101,.F.);
#331=ORIENTED_EDGE('',*,*,#1102,.F.);
#332=ORIENTED_EDGE('',*,*,#1103,.T.);
#333=ORIENTED_EDGE('',*,*,#1104,.F.);
#334=ORIENTED_EDGE('',*,*,#1105,.T.);
#335=ORIENTED_EDGE('',*,*,#1106,.T.);
#336=ORIENTED_EDGE('',*,*,#1107,.T.);
#337=ORIENTED_EDGE('',*,*,#1108,.F.);
#338=ORIENTED_EDGE('',*,*,#1109,.T.);
#339=ORIENTED_EDGE('',*,*,#1110,.T.);
#340=ORIENTED_EDGE('',*,*,#1108,.T.);
#341=ORIENTED_EDGE('',*,*,#1111,.T.);
#342=ORIENTED_EDGE('',*,*,#1093,.F.);
#343=ORIENTED_EDGE('',*,*,#1112,.T.);
#344=ORIENTED_EDGE('',*,*,#1104,.T.);
#345=ORIENTED_EDGE('',*,*,#1113,.T.);
#346=ORIENTED_EDGE('',*,*,#1114,.T.);
#347=ORIENTED_EDGE('',*,*,#1115,.F.);
#348=ORIENTED_EDGE('',*,*,#1100,.T.);
#349=ORIENTED_EDGE('',*,*,#1116,.T.);
#350=ORIENTED_EDGE('',*,*,#1117,.T.);
#351=ORIENTED_EDGE('',*,*,#1118,.F.);
#352=ORIENTED_EDGE('',*,*,#1096,.T.);
#353=ORIENTED_EDGE('',*,*,#1119,.T.);
#354=ORIENTED_EDGE('',*,*,#1110,.F.);
#355=ORIENTED_EDGE('',*,*,#1120,.T.);
#356=ORIENTED_EDGE('',*,*,#1105,.F.);
#357=ORIENTED_EDGE('',*,*,#1120,.F.);
#358=ORIENTED_EDGE('',*,*,#1109,.F.);
#359=ORIENTED_EDGE('',*,*,#1112,.F.);
#360=ORIENTED_EDGE('',*,*,#1119,.F.);
#361=ORIENTED_EDGE('',*,*,#1095,.F.);
#362=ORIENTED_EDGE('',*,*,#1121,.F.);
#363=ORIENTED_EDGE('',*,*,#1106,.F.);
#364=ORIENTED_EDGE('',*,*,#1094,.F.);
#365=ORIENTED_EDGE('',*,*,#1111,.F.);
#366=ORIENTED_EDGE('',*,*,#1107,.F.);
#367=ORIENTED_EDGE('',*,*,#1121,.T.);
#368=ORIENTED_EDGE('',*,*,#1116,.F.);
#369=ORIENTED_EDGE('',*,*,#1099,.F.);
#370=ORIENTED_EDGE('',*,*,#1122,.T.);
#371=ORIENTED_EDGE('',*,*,#1123,.T.);
#372=ORIENTED_EDGE('',*,*,#1118,.T.);
#373=ORIENTED_EDGE('',*,*,#1124,.F.);
#374=ORIENTED_EDGE('',*,*,#1125,.F.);
#375=ORIENTED_EDGE('',*,*,#1097,.T.);
#376=ORIENTED_EDGE('',*,*,#1117,.F.);
#377=ORIENTED_EDGE('',*,*,#1123,.F.);
#378=ORIENTED_EDGE('',*,*,#1126,.T.);
#379=ORIENTED_EDGE('',*,*,#1124,.T.);
#380=ORIENTED_EDGE('',*,*,#1122,.F.);
#381=ORIENTED_EDGE('',*,*,#1098,.T.);
#382=ORIENTED_EDGE('',*,*,#1125,.T.);
#383=ORIENTED_EDGE('',*,*,#1126,.F.);
#384=ORIENTED_EDGE('',*,*,#1113,.F.);
#385=ORIENTED_EDGE('',*,*,#1103,.F.);
#386=ORIENTED_EDGE('',*,*,#1127,.T.);
#387=ORIENTED_EDGE('',*,*,#1128,.T.);
#388=ORIENTED_EDGE('',*,*,#1115,.T.);
#389=ORIENTED_EDGE('',*,*,#1129,.F.);
#390=ORIENTED_EDGE('',*,*,#1130,.F.);
#391=ORIENTED_EDGE('',*,*,#1101,.T.);
#392=ORIENTED_EDGE('',*,*,#1114,.F.);
#393=ORIENTED_EDGE('',*,*,#1128,.F.);
#394=ORIENTED_EDGE('',*,*,#1131,.T.);
#395=ORIENTED_EDGE('',*,*,#1129,.T.);
#396=ORIENTED_EDGE('',*,*,#1127,.F.);
#397=ORIENTED_EDGE('',*,*,#1102,.T.);
#398=ORIENTED_EDGE('',*,*,#1130,.T.);
#399=ORIENTED_EDGE('',*,*,#1131,.F.);
#400=ORIENTED_EDGE('',*,*,#1132,.F.);
#401=ORIENTED_EDGE('',*,*,#1133,.F.);
#402=ORIENTED_EDGE('',*,*,#1134,.T.);
#403=ORIENTED_EDGE('',*,*,#1135,.T.);
#404=ORIENTED_EDGE('',*,*,#1136,.F.);
#405=ORIENTED_EDGE('',*,*,#1137,.F.);
#406=ORIENTED_EDGE('',*,*,#1138,.F.);
#407=ORIENTED_EDGE('',*,*,#1139,.F.);
#408=ORIENTED_EDGE('',*,*,#1140,.T.);
#409=ORIENTED_EDGE('',*,*,#1141,.F.);
#410=ORIENTED_EDGE('',*,*,#1142,.T.);
#411=ORIENTED_EDGE('',*,*,#1143,.F.);
#412=ORIENTED_EDGE('',*,*,#1144,.T.);
#413=ORIENTED_EDGE('',*,*,#1145,.T.);
#414=ORIENTED_EDGE('',*,*,#1146,.T.);
#415=ORIENTED_EDGE('',*,*,#1147,.F.);
#416=ORIENTED_EDGE('',*,*,#1148,.F.);
#417=ORIENTED_EDGE('',*,*,#1149,.T.);
#418=ORIENTED_EDGE('',*,*,#1150,.F.);
#419=ORIENTED_EDGE('',*,*,#1151,.F.);
#420=ORIENTED_EDGE('',*,*,#1152,.T.);
#421=ORIENTED_EDGE('',*,*,#1153,.T.);
#422=ORIENTED_EDGE('',*,*,#1154,.F.);
#423=ORIENTED_EDGE('',*,*,#1155,.T.);
#424=ORIENTED_EDGE('',*,*,#1156,.T.);
#425=ORIENTED_EDGE('',*,*,#1157,.F.);
#426=ORIENTED_EDGE('',*,*,#1158,.F.);
#427=ORIENTED_EDGE('',*,*,#1159,.T.);
#428=ORIENTED_EDGE('',*,*,#1160,.T.);
#429=ORIENTED_EDGE('',*,*,#1161,.T.);
#430=ORIENTED_EDGE('',*,*,#1162,.T.);
#431=ORIENTED_EDGE('',*,*,#1163,.F.);
#432=ORIENTED_EDGE('',*,*,#1164,.T.);
#433=ORIENTED_EDGE('',*,*,#1165,.F.);
#434=ORIENTED_EDGE('',*,*,#1166,.F.);
#435=ORIENTED_EDGE('',*,*,#1167,.T.);
#436=ORIENTED_EDGE('',*,*,#1168,.T.);
#437=ORIENTED_EDGE('',*,*,#1169,.F.);
#438=ORIENTED_EDGE('',*,*,#1170,.T.);
#439=ORIENTED_EDGE('',*,*,#1171,.T.);
#440=ORIENTED_EDGE('',*,*,#1172,.T.);
#441=ORIENTED_EDGE('',*,*,#1173,.T.);
#442=ORIENTED_EDGE('',*,*,#1174,.T.);
#443=ORIENTED_EDGE('',*,*,#1175,.T.);
#444=ORIENTED_EDGE('',*,*,#1176,.T.);
#445=ORIENTED_EDGE('',*,*,#1177,.T.);
#446=ORIENTED_EDGE('',*,*,#1178,.T.);
#447=ORIENTED_EDGE('',*,*,#1179,.T.);
#448=ORIENTED_EDGE('',*,*,#1149,.F.);
#449=ORIENTED_EDGE('',*,*,#1180,.F.);
#450=ORIENTED_EDGE('',*,*,#1181,.T.);
#451=ORIENTED_EDGE('',*,*,#1182,.T.);
#452=ORIENTED_EDGE('',*,*,#1183,.T.);
#453=ORIENTED_EDGE('',*,*,#1178,.F.);
#454=ORIENTED_EDGE('',*,*,#1184,.T.);
#455=ORIENTED_EDGE('',*,*,#1179,.F.);
#456=ORIENTED_EDGE('',*,*,#1181,.F.);
#457=ORIENTED_EDGE('',*,*,#1185,.F.);
#458=ORIENTED_EDGE('',*,*,#1186,.T.);
#459=ORIENTED_EDGE('',*,*,#1187,.T.);
#460=ORIENTED_EDGE('',*,*,#1182,.F.);
#461=ORIENTED_EDGE('',*,*,#1187,.F.);
#462=ORIENTED_EDGE('',*,*,#1188,.T.);
#463=ORIENTED_EDGE('',*,*,#1150,.T.);
#464=ORIENTED_EDGE('',*,*,#1189,.T.);
#465=ORIENTED_EDGE('',*,*,#1170,.F.);
#466=ORIENTED_EDGE('',*,*,#1190,.T.);
#467=ORIENTED_EDGE('',*,*,#1171,.F.);
#468=ORIENTED_EDGE('',*,*,#1191,.T.);
#469=ORIENTED_EDGE('',*,*,#1172,.F.);
#470=ORIENTED_EDGE('',*,*,#1192,.T.);
#471=ORIENTED_EDGE('',*,*,#1173,.F.);
#472=ORIENTED_EDGE('',*,*,#1193,.T.);
#473=ORIENTED_EDGE('',*,*,#1174,.F.);
#474=ORIENTED_EDGE('',*,*,#1194,.T.);
#475=ORIENTED_EDGE('',*,*,#1175,.F.);
#476=ORIENTED_EDGE('',*,*,#1195,.T.);
#477=ORIENTED_EDGE('',*,*,#1176,.F.);
#478=ORIENTED_EDGE('',*,*,#1196,.T.);
#479=ORIENTED_EDGE('',*,*,#1177,.F.);
#480=ORIENTED_EDGE('',*,*,#1197,.F.);
#481=ORIENTED_EDGE('',*,*,#1183,.F.);
#482=ORIENTED_EDGE('',*,*,#1198,.F.);
#483=ORIENTED_EDGE('',*,*,#1184,.F.);
#484=ORIENTED_EDGE('',*,*,#1132,.T.);
#485=ORIENTED_EDGE('',*,*,#1153,.F.);
#486=ORIENTED_EDGE('',*,*,#1198,.T.);
#487=ORIENTED_EDGE('',*,*,#1197,.T.);
#488=ORIENTED_EDGE('',*,*,#1141,.T.);
#489=ORIENTED_EDGE('',*,*,#1199,.F.);
#490=ORIENTED_EDGE('',*,*,#1200,.T.);
#491=ORIENTED_EDGE('',*,*,#1201,.T.);
#492=ORIENTED_EDGE('',*,*,#1137,.T.);
#493=ORIENTED_EDGE('',*,*,#1202,.F.);
#494=ORIENTED_EDGE('',*,*,#1203,.T.);
#495=ORIENTED_EDGE('',*,*,#1204,.T.);
#496=ORIENTED_EDGE('',*,*,#1133,.T.);
#497=ORIENTED_EDGE('',*,*,#1205,.T.);
#498=ORIENTED_EDGE('',*,*,#1206,.T.);
#499=ORIENTED_EDGE('',*,*,#1207,.F.);
#500=ORIENTED_EDGE('',*,*,#1208,.T.);
#501=ORIENTED_EDGE('',*,*,#1209,.T.);
#502=ORIENTED_EDGE('',*,*,#1210,.T.);
#503=ORIENTED_EDGE('',*,*,#1211,.T.);
#504=ORIENTED_EDGE('',*,*,#1160,.F.);
#505=ORIENTED_EDGE('',*,*,#1212,.F.);
#506=ORIENTED_EDGE('',*,*,#1213,.F.);
#507=ORIENTED_EDGE('',*,*,#1214,.T.);
#508=ORIENTED_EDGE('',*,*,#1168,.F.);
#509=ORIENTED_EDGE('',*,*,#1215,.F.);
#510=ORIENTED_EDGE('',*,*,#1216,.F.);
#511=ORIENTED_EDGE('',*,*,#1217,.T.);
#512=ORIENTED_EDGE('',*,*,#1164,.F.);
#513=ORIENTED_EDGE('',*,*,#1218,.F.);
#514=ORIENTED_EDGE('',*,*,#1196,.F.);
#515=ORIENTED_EDGE('',*,*,#1195,.F.);
#516=ORIENTED_EDGE('',*,*,#1194,.F.);
#517=ORIENTED_EDGE('',*,*,#1193,.F.);
#518=ORIENTED_EDGE('',*,*,#1192,.F.);
#519=ORIENTED_EDGE('',*,*,#1191,.F.);
#520=ORIENTED_EDGE('',*,*,#1190,.F.);
#521=ORIENTED_EDGE('',*,*,#1189,.F.);
#522=ORIENTED_EDGE('',*,*,#1144,.F.);
#523=ORIENTED_EDGE('',*,*,#1219,.T.);
#524=ORIENTED_EDGE('',*,*,#1220,.F.);
#525=ORIENTED_EDGE('',*,*,#1205,.F.);
#526=ORIENTED_EDGE('',*,*,#1163,.T.);
#527=ORIENTED_EDGE('',*,*,#1221,.T.);
#528=ORIENTED_EDGE('',*,*,#1142,.F.);
#529=ORIENTED_EDGE('',*,*,#1218,.T.);
#530=ORIENTED_EDGE('',*,*,#1222,.F.);
#531=ORIENTED_EDGE('',*,*,#1223,.T.);
#532=ORIENTED_EDGE('',*,*,#1161,.F.);
#533=ORIENTED_EDGE('',*,*,#1211,.F.);
#534=ORIENTED_EDGE('',*,*,#1224,.T.);
#535=ORIENTED_EDGE('',*,*,#1225,.T.);
#536=ORIENTED_EDGE('',*,*,#1206,.F.);
#537=ORIENTED_EDGE('',*,*,#1220,.T.);
#538=ORIENTED_EDGE('',*,*,#1226,.F.);
#539=ORIENTED_EDGE('',*,*,#1222,.T.);
#540=ORIENTED_EDGE('',*,*,#1210,.F.);
#541=ORIENTED_EDGE('',*,*,#1227,.F.);
#542=ORIENTED_EDGE('',*,*,#1180,.T.);
#543=ORIENTED_EDGE('',*,*,#1152,.F.);
#544=ORIENTED_EDGE('',*,*,#1228,.F.);
#545=ORIENTED_EDGE('',*,*,#1185,.T.);
#546=ORIENTED_EDGE('',*,*,#1229,.T.);
#547=ORIENTED_EDGE('',*,*,#1228,.T.);
#548=ORIENTED_EDGE('',*,*,#1151,.T.);
#549=ORIENTED_EDGE('',*,*,#1188,.F.);
#550=ORIENTED_EDGE('',*,*,#1186,.F.);
#551=ORIENTED_EDGE('',*,*,#1229,.F.);
#552=ORIENTED_EDGE('',*,*,#1230,.F.);
#553=ORIENTED_EDGE('',*,*,#1231,.T.);
#554=ORIENTED_EDGE('',*,*,#1232,.T.);
#555=ORIENTED_EDGE('',*,*,#1162,.F.);
#556=ORIENTED_EDGE('',*,*,#1223,.F.);
#557=ORIENTED_EDGE('',*,*,#1226,.T.);
#558=ORIENTED_EDGE('',*,*,#1219,.F.);
#559=ORIENTED_EDGE('',*,*,#1143,.T.);
#560=ORIENTED_EDGE('',*,*,#1221,.F.);
#561=ORIENTED_EDGE('',*,*,#1230,.T.);
#562=ORIENTED_EDGE('',*,*,#1233,.T.);
#563=ORIENTED_EDGE('',*,*,#1234,.T.);
#564=ORIENTED_EDGE('',*,*,#1235,.T.);
#565=ORIENTED_EDGE('',*,*,#1235,.F.);
#566=ORIENTED_EDGE('',*,*,#1232,.F.);
#567=ORIENTED_EDGE('',*,*,#1236,.T.);
#568=ORIENTED_EDGE('',*,*,#1236,.F.);
#569=ORIENTED_EDGE('',*,*,#1233,.F.);
#570=ORIENTED_EDGE('',*,*,#1237,.T.);
#571=ORIENTED_EDGE('',*,*,#1237,.F.);
#572=ORIENTED_EDGE('',*,*,#1231,.F.);
#573=ORIENTED_EDGE('',*,*,#1238,.T.);
#574=ORIENTED_EDGE('',*,*,#1238,.F.);
#575=ORIENTED_EDGE('',*,*,#1234,.F.);
#576=ORIENTED_EDGE('',*,*,#1167,.F.);
#577=ORIENTED_EDGE('',*,*,#1239,.F.);
#578=ORIENTED_EDGE('',*,*,#1240,.T.);
#579=ORIENTED_EDGE('',*,*,#1215,.T.);
#580=ORIENTED_EDGE('',*,*,#1166,.T.);
#581=ORIENTED_EDGE('',*,*,#1241,.F.);
#582=ORIENTED_EDGE('',*,*,#1242,.F.);
#583=ORIENTED_EDGE('',*,*,#1239,.T.);
#584=ORIENTED_EDGE('',*,*,#1165,.T.);
#585=ORIENTED_EDGE('',*,*,#1217,.F.);
#586=ORIENTED_EDGE('',*,*,#1243,.F.);
#587=ORIENTED_EDGE('',*,*,#1241,.T.);
#588=ORIENTED_EDGE('',*,*,#1240,.F.);
#589=ORIENTED_EDGE('',*,*,#1242,.T.);
#590=ORIENTED_EDGE('',*,*,#1243,.T.);
#591=ORIENTED_EDGE('',*,*,#1216,.T.);
#592=ORIENTED_EDGE('',*,*,#1159,.F.);
#593=ORIENTED_EDGE('',*,*,#1244,.F.);
#594=ORIENTED_EDGE('',*,*,#1245,.T.);
#595=ORIENTED_EDGE('',*,*,#1212,.T.);
#596=ORIENTED_EDGE('',*,*,#1158,.T.);
#597=ORIENTED_EDGE('',*,*,#1246,.F.);
#598=ORIENTED_EDGE('',*,*,#1247,.F.);
#599=ORIENTED_EDGE('',*,*,#1244,.T.);
#600=ORIENTED_EDGE('',*,*,#1169,.T.);
#601=ORIENTED_EDGE('',*,*,#1214,.F.);
#602=ORIENTED_EDGE('',*,*,#1248,.F.);
#603=ORIENTED_EDGE('',*,*,#1246,.T.);
#604=ORIENTED_EDGE('',*,*,#1245,.F.);
#605=ORIENTED_EDGE('',*,*,#1247,.T.);
#606=ORIENTED_EDGE('',*,*,#1248,.T.);
#607=ORIENTED_EDGE('',*,*,#1213,.T.);
#608=ORIENTED_EDGE('',*,*,#1140,.F.);
#609=ORIENTED_EDGE('',*,*,#1249,.F.);
#610=ORIENTED_EDGE('',*,*,#1250,.T.);
#611=ORIENTED_EDGE('',*,*,#1199,.T.);
#612=ORIENTED_EDGE('',*,*,#1139,.T.);
#613=ORIENTED_EDGE('',*,*,#1251,.F.);
#614=ORIENTED_EDGE('',*,*,#1252,.F.);
#615=ORIENTED_EDGE('',*,*,#1249,.T.);
#616=ORIENTED_EDGE('',*,*,#1138,.T.);
#617=ORIENTED_EDGE('',*,*,#1201,.F.);
#618=ORIENTED_EDGE('',*,*,#1253,.F.);
#619=ORIENTED_EDGE('',*,*,#1251,.T.);
#620=ORIENTED_EDGE('',*,*,#1250,.F.);
#621=ORIENTED_EDGE('',*,*,#1252,.T.);
#622=ORIENTED_EDGE('',*,*,#1253,.T.);
#623=ORIENTED_EDGE('',*,*,#1200,.F.);
#624=ORIENTED_EDGE('',*,*,#1134,.F.);
#625=ORIENTED_EDGE('',*,*,#1204,.F.);
#626=ORIENTED_EDGE('',*,*,#1254,.T.);
#627=ORIENTED_EDGE('',*,*,#1255,.T.);
#628=ORIENTED_EDGE('',*,*,#1136,.T.);
#629=ORIENTED_EDGE('',*,*,#1256,.F.);
#630=ORIENTED_EDGE('',*,*,#1257,.F.);
#631=ORIENTED_EDGE('',*,*,#1202,.T.);
#632=ORIENTED_EDGE('',*,*,#1135,.F.);
#633=ORIENTED_EDGE('',*,*,#1255,.F.);
#634=ORIENTED_EDGE('',*,*,#1258,.T.);
#635=ORIENTED_EDGE('',*,*,#1256,.T.);
#636=ORIENTED_EDGE('',*,*,#1254,.F.);
#637=ORIENTED_EDGE('',*,*,#1203,.F.);
#638=ORIENTED_EDGE('',*,*,#1257,.T.);
#639=ORIENTED_EDGE('',*,*,#1258,.F.);
#640=ORIENTED_EDGE('',*,*,#1224,.F.);
#641=ORIENTED_EDGE('',*,*,#1259,.F.);
#642=ORIENTED_EDGE('',*,*,#1260,.T.);
#643=ORIENTED_EDGE('',*,*,#1261,.T.);
#644=ORIENTED_EDGE('',*,*,#1227,.T.);
#645=ORIENTED_EDGE('',*,*,#1209,.F.);
#646=ORIENTED_EDGE('',*,*,#1262,.F.);
#647=ORIENTED_EDGE('',*,*,#1259,.T.);
#648=ORIENTED_EDGE('',*,*,#1225,.F.);
#649=ORIENTED_EDGE('',*,*,#1261,.F.);
#650=ORIENTED_EDGE('',*,*,#1263,.T.);
#651=ORIENTED_EDGE('',*,*,#1207,.T.);
#652=ORIENTED_EDGE('',*,*,#1260,.F.);
#653=ORIENTED_EDGE('',*,*,#1262,.T.);
#654=ORIENTED_EDGE('',*,*,#1208,.F.);
#655=ORIENTED_EDGE('',*,*,#1263,.F.);
#656=ORIENTED_EDGE('',*,*,#1154,.T.);
#657=ORIENTED_EDGE('',*,*,#1264,.T.);
#658=ORIENTED_EDGE('',*,*,#1145,.F.);
#659=ORIENTED_EDGE('',*,*,#1265,.F.);
#660=ORIENTED_EDGE('',*,*,#1265,.T.);
#661=ORIENTED_EDGE('',*,*,#1148,.T.);
#662=ORIENTED_EDGE('',*,*,#1266,.F.);
#663=ORIENTED_EDGE('',*,*,#1155,.F.);
#664=ORIENTED_EDGE('',*,*,#1266,.T.);
#665=ORIENTED_EDGE('',*,*,#1147,.T.);
#666=ORIENTED_EDGE('',*,*,#1267,.F.);
#667=ORIENTED_EDGE('',*,*,#1156,.F.);
#668=ORIENTED_EDGE('',*,*,#1157,.T.);
#669=ORIENTED_EDGE('',*,*,#1267,.T.);
#670=ORIENTED_EDGE('',*,*,#1146,.F.);
#671=ORIENTED_EDGE('',*,*,#1264,.F.);
#672=ORIENTED_EDGE('',*,*,#1268,.F.);
#673=ORIENTED_EDGE('',*,*,#1269,.F.);
#674=ORIENTED_EDGE('',*,*,#1270,.F.);
#675=ORIENTED_EDGE('',*,*,#1271,.T.);
#676=ORIENTED_EDGE('',*,*,#1272,.T.);
#677=ORIENTED_EDGE('',*,*,#1273,.F.);
#678=ORIENTED_EDGE('',*,*,#1274,.T.);
#679=ORIENTED_EDGE('',*,*,#1275,.F.);
#680=ORIENTED_EDGE('',*,*,#1276,.T.);
#681=ORIENTED_EDGE('',*,*,#1277,.F.);
#682=ORIENTED_EDGE('',*,*,#1278,.T.);
#683=ORIENTED_EDGE('',*,*,#1279,.T.);
#684=ORIENTED_EDGE('',*,*,#1280,.T.);
#685=ORIENTED_EDGE('',*,*,#1281,.T.);
#686=ORIENTED_EDGE('',*,*,#1282,.T.);
#687=ORIENTED_EDGE('',*,*,#1283,.T.);
#688=ORIENTED_EDGE('',*,*,#1284,.T.);
#689=ORIENTED_EDGE('',*,*,#1285,.T.);
#690=ORIENTED_EDGE('',*,*,#1286,.T.);
#691=ORIENTED_EDGE('',*,*,#1287,.T.);
#692=ORIENTED_EDGE('',*,*,#1288,.T.);
#693=ORIENTED_EDGE('',*,*,#1289,.T.);
#694=ORIENTED_EDGE('',*,*,#1290,.T.);
#695=ORIENTED_EDGE('',*,*,#1291,.T.);
#696=ORIENTED_EDGE('',*,*,#1292,.T.);
#697=ORIENTED_EDGE('',*,*,#1293,.T.);
#698=ORIENTED_EDGE('',*,*,#1294,.T.);
#699=ORIENTED_EDGE('',*,*,#1295,.T.);
#700=ORIENTED_EDGE('',*,*,#1296,.T.);
#701=ORIENTED_EDGE('',*,*,#1297,.T.);
#702=ORIENTED_EDGE('',*,*,#1298,.T.);
#703=ORIENTED_EDGE('',*,*,#1299,.T.);
#704=ORIENTED_EDGE('',*,*,#1300,.T.);
#705=ORIENTED_EDGE('',*,*,#1301,.T.);
#706=ORIENTED_EDGE('',*,*,#1302,.T.);
#707=ORIENTED_EDGE('',*,*,#1303,.T.);
#708=ORIENTED_EDGE('',*,*,#1304,.T.);
#709=ORIENTED_EDGE('',*,*,#1305,.T.);
#710=ORIENTED_EDGE('',*,*,#1306,.T.);
#711=ORIENTED_EDGE('',*,*,#1307,.T.);
#712=ORIENTED_EDGE('',*,*,#1308,.T.);
#713=ORIENTED_EDGE('',*,*,#1309,.T.);
#714=ORIENTED_EDGE('',*,*,#1310,.T.);
#715=ORIENTED_EDGE('',*,*,#1311,.T.);
#716=ORIENTED_EDGE('',*,*,#1312,.T.);
#717=ORIENTED_EDGE('',*,*,#1313,.T.);
#718=ORIENTED_EDGE('',*,*,#1314,.T.);
#719=ORIENTED_EDGE('',*,*,#1315,.T.);
#720=ORIENTED_EDGE('',*,*,#1316,.T.);
#721=ORIENTED_EDGE('',*,*,#1317,.T.);
#722=ORIENTED_EDGE('',*,*,#1318,.T.);
#723=ORIENTED_EDGE('',*,*,#1319,.T.);
#724=ORIENTED_EDGE('',*,*,#1320,.T.);
#725=ORIENTED_EDGE('',*,*,#1321,.T.);
#726=ORIENTED_EDGE('',*,*,#1322,.T.);
#727=ORIENTED_EDGE('',*,*,#1323,.T.);
#728=ORIENTED_EDGE('',*,*,#1324,.T.);
#729=ORIENTED_EDGE('',*,*,#1325,.T.);
#730=ORIENTED_EDGE('',*,*,#1277,.T.);
#731=ORIENTED_EDGE('',*,*,#1326,.T.);
#732=ORIENTED_EDGE('',*,*,#1327,.T.);
#733=ORIENTED_EDGE('',*,*,#1328,.T.);
#734=ORIENTED_EDGE('',*,*,#1329,.T.);
#735=ORIENTED_EDGE('',*,*,#1330,.F.);
#736=ORIENTED_EDGE('',*,*,#1331,.T.);
#737=ORIENTED_EDGE('',*,*,#1271,.F.);
#738=ORIENTED_EDGE('',*,*,#1332,.F.);
#739=ORIENTED_EDGE('',*,*,#1333,.F.);
#740=ORIENTED_EDGE('',*,*,#1332,.T.);
#741=ORIENTED_EDGE('',*,*,#1278,.F.);
#742=ORIENTED_EDGE('',*,*,#1325,.F.);
#743=ORIENTED_EDGE('',*,*,#1334,.T.);
#744=ORIENTED_EDGE('',*,*,#1275,.T.);
#745=ORIENTED_EDGE('',*,*,#1335,.T.);
#746=ORIENTED_EDGE('',*,*,#1336,.T.);
#747=ORIENTED_EDGE('',*,*,#1273,.T.);
#748=ORIENTED_EDGE('',*,*,#1337,.T.);
#749=ORIENTED_EDGE('',*,*,#1338,.T.);
#750=ORIENTED_EDGE('',*,*,#1270,.T.);
#751=ORIENTED_EDGE('',*,*,#1339,.T.);
#752=ORIENTED_EDGE('',*,*,#1269,.T.);
#753=ORIENTED_EDGE('',*,*,#1340,.T.);
#754=ORIENTED_EDGE('',*,*,#1341,.T.);
#755=ORIENTED_EDGE('',*,*,#1342,.T.);
#756=ORIENTED_EDGE('',*,*,#1268,.T.);
#757=ORIENTED_EDGE('',*,*,#1343,.F.);
#758=ORIENTED_EDGE('',*,*,#1326,.F.);
#759=ORIENTED_EDGE('',*,*,#1344,.F.);
#760=ORIENTED_EDGE('',*,*,#1331,.F.);
#761=ORIENTED_EDGE('',*,*,#1344,.T.);
#762=ORIENTED_EDGE('',*,*,#1329,.F.);
#763=ORIENTED_EDGE('',*,*,#1345,.F.);
#764=ORIENTED_EDGE('',*,*,#1276,.F.);
#765=ORIENTED_EDGE('',*,*,#1335,.F.);
#766=ORIENTED_EDGE('',*,*,#1274,.F.);
#767=ORIENTED_EDGE('',*,*,#1337,.F.);
#768=ORIENTED_EDGE('',*,*,#1272,.F.);
#769=ORIENTED_EDGE('',*,*,#1346,.F.);
#770=ORIENTED_EDGE('',*,*,#1323,.F.);
#771=ORIENTED_EDGE('',*,*,#1345,.T.);
#772=ORIENTED_EDGE('',*,*,#1328,.F.);
#773=ORIENTED_EDGE('',*,*,#1342,.F.);
#774=ORIENTED_EDGE('',*,*,#1341,.F.);
#775=ORIENTED_EDGE('',*,*,#1280,.F.);
#776=ORIENTED_EDGE('',*,*,#1347,.F.);
#777=ORIENTED_EDGE('',*,*,#1348,.T.);
#778=ORIENTED_EDGE('',*,*,#1349,.T.);
#779=ORIENTED_EDGE('',*,*,#1279,.F.);
#780=ORIENTED_EDGE('',*,*,#1350,.F.);
#781=ORIENTED_EDGE('',*,*,#1351,.T.);
#782=ORIENTED_EDGE('',*,*,#1347,.T.);
#783=ORIENTED_EDGE('',*,*,#1290,.F.);
#784=ORIENTED_EDGE('',*,*,#1352,.F.);
#785=ORIENTED_EDGE('',*,*,#1353,.T.);
#786=ORIENTED_EDGE('',*,*,#1350,.T.);
#787=ORIENTED_EDGE('',*,*,#1289,.F.);
#788=ORIENTED_EDGE('',*,*,#1354,.F.);
#789=ORIENTED_EDGE('',*,*,#1355,.T.);
#790=ORIENTED_EDGE('',*,*,#1352,.T.);
#791=ORIENTED_EDGE('',*,*,#1288,.F.);
#792=ORIENTED_EDGE('',*,*,#1356,.F.);
#793=ORIENTED_EDGE('',*,*,#1357,.T.);
#794=ORIENTED_EDGE('',*,*,#1354,.T.);
#795=ORIENTED_EDGE('',*,*,#1287,.F.);
#796=ORIENTED_EDGE('',*,*,#1358,.F.);
#797=ORIENTED_EDGE('',*,*,#1359,.T.);
#798=ORIENTED_EDGE('',*,*,#1356,.T.);
#799=ORIENTED_EDGE('',*,*,#1286,.F.);
#800=ORIENTED_EDGE('',*,*,#1360,.F.);
#801=ORIENTED_EDGE('',*,*,#1361,.T.);
#802=ORIENTED_EDGE('',*,*,#1358,.T.);
#803=ORIENTED_EDGE('',*,*,#1285,.F.);
#804=ORIENTED_EDGE('',*,*,#1362,.F.);
#805=ORIENTED_EDGE('',*,*,#1363,.T.);
#806=ORIENTED_EDGE('',*,*,#1360,.T.);
#807=ORIENTED_EDGE('',*,*,#1284,.F.);
#808=ORIENTED_EDGE('',*,*,#1364,.F.);
#809=ORIENTED_EDGE('',*,*,#1365,.T.);
#810=ORIENTED_EDGE('',*,*,#1362,.T.);
#811=ORIENTED_EDGE('',*,*,#1283,.F.);
#812=ORIENTED_EDGE('',*,*,#1366,.F.);
#813=ORIENTED_EDGE('',*,*,#1367,.T.);
#814=ORIENTED_EDGE('',*,*,#1364,.T.);
#815=ORIENTED_EDGE('',*,*,#1282,.F.);
#816=ORIENTED_EDGE('',*,*,#1368,.F.);
#817=ORIENTED_EDGE('',*,*,#1369,.T.);
#818=ORIENTED_EDGE('',*,*,#1366,.T.);
#819=ORIENTED_EDGE('',*,*,#1281,.F.);
#820=ORIENTED_EDGE('',*,*,#1349,.F.);
#821=ORIENTED_EDGE('',*,*,#1370,.T.);
#822=ORIENTED_EDGE('',*,*,#1368,.T.);
#823=ORIENTED_EDGE('',*,*,#1348,.F.);
#824=ORIENTED_EDGE('',*,*,#1351,.F.);
#825=ORIENTED_EDGE('',*,*,#1353,.F.);
#826=ORIENTED_EDGE('',*,*,#1355,.F.);
#827=ORIENTED_EDGE('',*,*,#1357,.F.);
#828=ORIENTED_EDGE('',*,*,#1359,.F.);
#829=ORIENTED_EDGE('',*,*,#1361,.F.);
#830=ORIENTED_EDGE('',*,*,#1363,.F.);
#831=ORIENTED_EDGE('',*,*,#1365,.F.);
#832=ORIENTED_EDGE('',*,*,#1367,.F.);
#833=ORIENTED_EDGE('',*,*,#1369,.F.);
#834=ORIENTED_EDGE('',*,*,#1370,.F.);
#835=ORIENTED_EDGE('',*,*,#1292,.F.);
#836=ORIENTED_EDGE('',*,*,#1371,.F.);
#837=ORIENTED_EDGE('',*,*,#1372,.T.);
#838=ORIENTED_EDGE('',*,*,#1373,.T.);
#839=ORIENTED_EDGE('',*,*,#1291,.F.);
#840=ORIENTED_EDGE('',*,*,#1374,.F.);
#841=ORIENTED_EDGE('',*,*,#1375,.T.);
#842=ORIENTED_EDGE('',*,*,#1371,.T.);
#843=ORIENTED_EDGE('',*,*,#1306,.F.);
#844=ORIENTED_EDGE('',*,*,#1376,.F.);
#845=ORIENTED_EDGE('',*,*,#1377,.T.);
#846=ORIENTED_EDGE('',*,*,#1374,.T.);
#847=ORIENTED_EDGE('',*,*,#1305,.F.);
#848=ORIENTED_EDGE('',*,*,#1378,.F.);
#849=ORIENTED_EDGE('',*,*,#1379,.T.);
#850=ORIENTED_EDGE('',*,*,#1376,.T.);
#851=ORIENTED_EDGE('',*,*,#1304,.F.);
#852=ORIENTED_EDGE('',*,*,#1380,.F.);
#853=ORIENTED_EDGE('',*,*,#1381,.T.);
#854=ORIENTED_EDGE('',*,*,#1378,.T.);
#855=ORIENTED_EDGE('',*,*,#1303,.F.);
#856=ORIENTED_EDGE('',*,*,#1382,.F.);
#857=ORIENTED_EDGE('',*,*,#1383,.T.);
#858=ORIENTED_EDGE('',*,*,#1380,.T.);
#859=ORIENTED_EDGE('',*,*,#1302,.F.);
#860=ORIENTED_EDGE('',*,*,#1384,.F.);
#861=ORIENTED_EDGE('',*,*,#1385,.T.);
#862=ORIENTED_EDGE('',*,*,#1382,.T.);
#863=ORIENTED_EDGE('',*,*,#1301,.F.);
#864=ORIENTED_EDGE('',*,*,#1386,.F.);
#865=ORIENTED_EDGE('',*,*,#1387,.T.);
#866=ORIENTED_EDGE('',*,*,#1384,.T.);
#867=ORIENTED_EDGE('',*,*,#1300,.F.);
#868=ORIENTED_EDGE('',*,*,#1388,.F.);
#869=ORIENTED_EDGE('',*,*,#1389,.T.);
#870=ORIENTED_EDGE('',*,*,#1386,.T.);
#871=ORIENTED_EDGE('',*,*,#1299,.F.);
#872=ORIENTED_EDGE('',*,*,#1390,.F.);
#873=ORIENTED_EDGE('',*,*,#1391,.T.);
#874=ORIENTED_EDGE('',*,*,#1388,.T.);
#875=ORIENTED_EDGE('',*,*,#1298,.F.);
#876=ORIENTED_EDGE('',*,*,#1392,.F.);
#877=ORIENTED_EDGE('',*,*,#1393,.T.);
#878=ORIENTED_EDGE('',*,*,#1390,.T.);
#879=ORIENTED_EDGE('',*,*,#1297,.F.);
#880=ORIENTED_EDGE('',*,*,#1394,.F.);
#881=ORIENTED_EDGE('',*,*,#1395,.T.);
#882=ORIENTED_EDGE('',*,*,#1392,.T.);
#883=ORIENTED_EDGE('',*,*,#1296,.F.);
#884=ORIENTED_EDGE('',*,*,#1396,.F.);
#885=ORIENTED_EDGE('',*,*,#1397,.T.);
#886=ORIENTED_EDGE('',*,*,#1394,.T.);
#887=ORIENTED_EDGE('',*,*,#1295,.F.);
#888=ORIENTED_EDGE('',*,*,#1398,.F.);
#889=ORIENTED_EDGE('',*,*,#1399,.T.);
#890=ORIENTED_EDGE('',*,*,#1396,.T.);
#891=ORIENTED_EDGE('',*,*,#1294,.F.);
#892=ORIENTED_EDGE('',*,*,#1400,.F.);
#893=ORIENTED_EDGE('',*,*,#1401,.T.);
#894=ORIENTED_EDGE('',*,*,#1398,.T.);
#895=ORIENTED_EDGE('',*,*,#1293,.F.);
#896=ORIENTED_EDGE('',*,*,#1373,.F.);
#897=ORIENTED_EDGE('',*,*,#1402,.T.);
#898=ORIENTED_EDGE('',*,*,#1400,.T.);
#899=ORIENTED_EDGE('',*,*,#1372,.F.);
#900=ORIENTED_EDGE('',*,*,#1375,.F.);
#901=ORIENTED_EDGE('',*,*,#1377,.F.);
#902=ORIENTED_EDGE('',*,*,#1379,.F.);
#903=ORIENTED_EDGE('',*,*,#1381,.F.);
#904=ORIENTED_EDGE('',*,*,#1383,.F.);
#905=ORIENTED_EDGE('',*,*,#1385,.F.);
#906=ORIENTED_EDGE('',*,*,#1387,.F.);
#907=ORIENTED_EDGE('',*,*,#1389,.F.);
#908=ORIENTED_EDGE('',*,*,#1391,.F.);
#909=ORIENTED_EDGE('',*,*,#1393,.F.);
#910=ORIENTED_EDGE('',*,*,#1395,.F.);
#911=ORIENTED_EDGE('',*,*,#1397,.F.);
#912=ORIENTED_EDGE('',*,*,#1399,.F.);
#913=ORIENTED_EDGE('',*,*,#1401,.F.);
#914=ORIENTED_EDGE('',*,*,#1402,.F.);
#915=ORIENTED_EDGE('',*,*,#1308,.F.);
#916=ORIENTED_EDGE('',*,*,#1403,.F.);
#917=ORIENTED_EDGE('',*,*,#1404,.T.);
#918=ORIENTED_EDGE('',*,*,#1405,.T.);
#919=ORIENTED_EDGE('',*,*,#1307,.F.);
#920=ORIENTED_EDGE('',*,*,#1406,.F.);
#921=ORIENTED_EDGE('',*,*,#1407,.T.);
#922=ORIENTED_EDGE('',*,*,#1403,.T.);
#923=ORIENTED_EDGE('',*,*,#1312,.F.);
#924=ORIENTED_EDGE('',*,*,#1408,.F.);
#925=ORIENTED_EDGE('',*,*,#1409,.T.);
#926=ORIENTED_EDGE('',*,*,#1406,.T.);
#927=ORIENTED_EDGE('',*,*,#1311,.F.);
#928=ORIENTED_EDGE('',*,*,#1410,.F.);
#929=ORIENTED_EDGE('',*,*,#1411,.T.);
#930=ORIENTED_EDGE('',*,*,#1408,.T.);
#931=ORIENTED_EDGE('',*,*,#1310,.F.);
#932=ORIENTED_EDGE('',*,*,#1412,.F.);
#933=ORIENTED_EDGE('',*,*,#1413,.T.);
#934=ORIENTED_EDGE('',*,*,#1410,.T.);
#935=ORIENTED_EDGE('',*,*,#1309,.F.);
#936=ORIENTED_EDGE('',*,*,#1405,.F.);
#937=ORIENTED_EDGE('',*,*,#1414,.T.);
#938=ORIENTED_EDGE('',*,*,#1412,.T.);
#939=ORIENTED_EDGE('',*,*,#1404,.F.);
#940=ORIENTED_EDGE('',*,*,#1407,.F.);
#941=ORIENTED_EDGE('',*,*,#1409,.F.);
#942=ORIENTED_EDGE('',*,*,#1411,.F.);
#943=ORIENTED_EDGE('',*,*,#1413,.F.);
#944=ORIENTED_EDGE('',*,*,#1414,.F.);
#945=ORIENTED_EDGE('',*,*,#1314,.F.);
#946=ORIENTED_EDGE('',*,*,#1415,.F.);
#947=ORIENTED_EDGE('',*,*,#1416,.T.);
#948=ORIENTED_EDGE('',*,*,#1417,.T.);
#949=ORIENTED_EDGE('',*,*,#1313,.F.);
#950=ORIENTED_EDGE('',*,*,#1418,.F.);
#951=ORIENTED_EDGE('',*,*,#1419,.T.);
#952=ORIENTED_EDGE('',*,*,#1415,.T.);
#953=ORIENTED_EDGE('',*,*,#1322,.F.);
#954=ORIENTED_EDGE('',*,*,#1420,.F.);
#955=ORIENTED_EDGE('',*,*,#1421,.T.);
#956=ORIENTED_EDGE('',*,*,#1418,.T.);
#957=ORIENTED_EDGE('',*,*,#1321,.F.);
#958=ORIENTED_EDGE('',*,*,#1422,.F.);
#959=ORIENTED_EDGE('',*,*,#1423,.T.);
#960=ORIENTED_EDGE('',*,*,#1420,.T.);
#961=ORIENTED_EDGE('',*,*,#1320,.F.);
#962=ORIENTED_EDGE('',*,*,#1424,.F.);
#963=ORIENTED_EDGE('',*,*,#1425,.T.);
#964=ORIENTED_EDGE('',*,*,#1422,.T.);
#965=ORIENTED_EDGE('',*,*,#1319,.F.);
#966=ORIENTED_EDGE('',*,*,#1426,.F.);
#967=ORIENTED_EDGE('',*,*,#1427,.T.);
#968=ORIENTED_EDGE('',*,*,#1424,.T.);
#969=ORIENTED_EDGE('',*,*,#1318,.F.);
#970=ORIENTED_EDGE('',*,*,#1428,.F.);
#971=ORIENTED_EDGE('',*,*,#1429,.T.);
#972=ORIENTED_EDGE('',*,*,#1426,.T.);
#973=ORIENTED_EDGE('',*,*,#1317,.F.);
#974=ORIENTED_EDGE('',*,*,#1430,.F.);
#975=ORIENTED_EDGE('',*,*,#1431,.T.);
#976=ORIENTED_EDGE('',*,*,#1428,.T.);
#977=ORIENTED_EDGE('',*,*,#1316,.F.);
#978=ORIENTED_EDGE('',*,*,#1432,.F.);
#979=ORIENTED_EDGE('',*,*,#1433,.T.);
#980=ORIENTED_EDGE('',*,*,#1430,.T.);
#981=ORIENTED_EDGE('',*,*,#1315,.F.);
#982=ORIENTED_EDGE('',*,*,#1417,.F.);
#983=ORIENTED_EDGE('',*,*,#1434,.T.);
#984=ORIENTED_EDGE('',*,*,#1432,.T.);
#985=ORIENTED_EDGE('',*,*,#1416,.F.);
#986=ORIENTED_EDGE('',*,*,#1419,.F.);
#987=ORIENTED_EDGE('',*,*,#1421,.F.);
#988=ORIENTED_EDGE('',*,*,#1423,.F.);
#989=ORIENTED_EDGE('',*,*,#1425,.F.);
#990=ORIENTED_EDGE('',*,*,#1427,.F.);
#991=ORIENTED_EDGE('',*,*,#1429,.F.);
#992=ORIENTED_EDGE('',*,*,#1431,.F.);
#993=ORIENTED_EDGE('',*,*,#1433,.F.);
#994=ORIENTED_EDGE('',*,*,#1434,.F.);
#995=ORIENTED_EDGE('',*,*,#1336,.F.);
#996=ORIENTED_EDGE('',*,*,#1339,.F.);
#997=ORIENTED_EDGE('',*,*,#1330,.T.);
#998=ORIENTED_EDGE('',*,*,#1333,.T.);
#999=ORIENTED_EDGE('',*,*,#1324,.F.);
#1000=ORIENTED_EDGE('',*,*,#1346,.T.);
#1001=ORIENTED_EDGE('',*,*,#1327,.F.);
#1002=ORIENTED_EDGE('',*,*,#1343,.T.);
#1003=ORIENTED_EDGE('',*,*,#1340,.F.);
#1004=ORIENTED_EDGE('',*,*,#1338,.F.);
#1005=ORIENTED_EDGE('',*,*,#1334,.F.);
#1006=EDGE_CURVE('',#1435,#1436,#1735,.T.);
#1007=EDGE_CURVE('',#1436,#1437,#1736,.T.);
#1008=EDGE_CURVE('',#1438,#1437,#1737,.T.);
#1009=EDGE_CURVE('',#1435,#1438,#1738,.T.);
#1010=EDGE_CURVE('',#1437,#1439,#1739,.T.);
#1011=EDGE_CURVE('',#1439,#1440,#1740,.T.);
#1012=EDGE_CURVE('',#1441,#1440,#1741,.T.);
#1013=EDGE_CURVE('',#1441,#1442,#1742,.T.);
#1014=EDGE_CURVE('',#1443,#1442,#1743,.T.);
#1015=EDGE_CURVE('',#1443,#1444,#1744,.T.);
#1016=EDGE_CURVE('',#1444,#1445,#1745,.T.);
#1017=EDGE_CURVE('',#1445,#1446,#1746,.T.);
#1018=EDGE_CURVE('',#1447,#1446,#1747,.T.);
#1019=EDGE_CURVE('',#1448,#1447,#1748,.T.);
#1020=EDGE_CURVE('',#1448,#1438,#1749,.T.);
#1021=EDGE_CURVE('',#1439,#1449,#1750,.F.);
#1022=EDGE_CURVE('',#1449,#1450,#1751,.F.);
#1023=EDGE_CURVE('',#1450,#1444,#1752,.F.);
#1024=EDGE_CURVE('',#1451,#1443,#1753,.F.);
#1025=EDGE_CURVE('',#1452,#1451,#1754,.F.);
#1026=EDGE_CURVE('',#1440,#1452,#1755,.F.);
#1027=EDGE_CURVE('',#1451,#1453,#1756,.T.);
#1028=EDGE_CURVE('',#1442,#1454,#1757,.F.);
#1029=EDGE_CURVE('',#1455,#1454,#1758,.T.);
#1030=EDGE_CURVE('',#1456,#1455,#1759,.T.);
#1031=EDGE_CURVE('',#1457,#1456,#1760,.T.);
#1032=EDGE_CURVE('',#1457,#1453,#1761,.T.);
#1033=EDGE_CURVE('',#1458,#1452,#1762,.T.);
#1034=EDGE_CURVE('',#1458,#1441,#1763,.F.);
#1035=EDGE_CURVE('',#1453,#1459,#1764,.T.);
#1036=EDGE_CURVE('',#1460,#1459,#1765,.T.);
#1037=EDGE_CURVE('',#1455,#1460,#1766,.T.);
#1038=EDGE_CURVE('',#1454,#1458,#1767,.F.);
#1039=EDGE_CURVE('',#1461,#1447,#1768,.T.);
#1040=EDGE_CURVE('',#1462,#1461,#1769,.T.);
#1041=EDGE_CURVE('',#1462,#1448,#1770,.T.);
#1042=EDGE_CURVE('',#1463,#1446,#1771,.T.);
#1043=EDGE_CURVE('',#1461,#1463,#1772,.T.);
#1044=EDGE_CURVE('',#1464,#1445,#1773,.T.);
#1045=EDGE_CURVE('',#1464,#1463,#1774,.T.);
#1046=EDGE_CURVE('',#1462,#1435,#1775,.T.);
#1047=EDGE_CURVE('',#1450,#1464,#1776,.T.);
#1048=EDGE_CURVE('',#1436,#1449,#1777,.T.);
#1049=EDGE_CURVE('',#1465,#1460,#1778,.T.);
#1050=EDGE_CURVE('',#1456,#1465,#1779,.T.);
#1051=EDGE_CURVE('',#1466,#1459,#1780,.T.);
#1052=EDGE_CURVE('',#1465,#1466,#1781,.T.);
#1053=EDGE_CURVE('',#1457,#1466,#1782,.T.);
#1054=EDGE_CURVE('',#1467,#1468,#78,.F.);
#1055=EDGE_CURVE('',#1468,#1469,#79,.F.);
#1056=EDGE_CURVE('',#1470,#1469,#1783,.T.);
#1057=EDGE_CURVE('',#1470,#1471,#1784,.F.);
#1058=EDGE_CURVE('',#1471,#1467,#1785,.T.);
#1059=EDGE_CURVE('',#1472,#1473,#1786,.T.);
#1060=EDGE_CURVE('',#1473,#1474,#80,.T.);
#1061=EDGE_CURVE('',#1474,#1475,#81,.T.);
#1062=EDGE_CURVE('',#1476,#1475,#1787,.T.);
#1063=EDGE_CURVE('',#1476,#1472,#1788,.F.);
#1064=EDGE_CURVE('',#1469,#1473,#1789,.T.);
#1065=EDGE_CURVE('',#1472,#1470,#1790,.T.);
#1066=EDGE_CURVE('',#1477,#1478,#1791,.T.);
#1067=EDGE_CURVE('',#1477,#1479,#1792,.T.);
#1068=EDGE_CURVE('',#1479,#1480,#1793,.T.);
#1069=EDGE_CURVE('',#1478,#1480,#1794,.T.);
#1070=EDGE_CURVE('',#1481,#1482,#1795,.T.);
#1071=EDGE_CURVE('',#1481,#1483,#1796,.T.);
#1072=EDGE_CURVE('',#1483,#1484,#1797,.T.);
#1073=EDGE_CURVE('',#1482,#1484,#1798,.T.);
#1074=EDGE_CURVE('',#1475,#1467,#1799,.F.);
#1075=EDGE_CURVE('',#1471,#1476,#1800,.F.);
#1076=EDGE_CURVE('',#1468,#1474,#1801,.T.);
#1077=EDGE_CURVE('',#1485,#1481,#1802,.T.);
#1078=EDGE_CURVE('',#1485,#1486,#1803,.T.);
#1079=EDGE_CURVE('',#1486,#1483,#1804,.T.);
#1080=EDGE_CURVE('',#1487,#1482,#1805,.T.);
#1081=EDGE_CURVE('',#1485,#1487,#1806,.T.);
#1082=EDGE_CURVE('',#1488,#1484,#1807,.T.);
#1083=EDGE_CURVE('',#1487,#1488,#1808,.T.);
#1084=EDGE_CURVE('',#1486,#1488,#1809,.T.);
#1085=EDGE_CURVE('',#1489,#1477,#1810,.T.);
#1086=EDGE_CURVE('',#1489,#1490,#1811,.T.);
#1087=EDGE_CURVE('',#1490,#1479,#1812,.T.);
#1088=EDGE_CURVE('',#1491,#1478,#1813,.T.);
#1089=EDGE_CURVE('',#1489,#1491,#1814,.T.);
#1090=EDGE_CURVE('',#1492,#1480,#1815,.T.);
#1091=EDGE_CURVE('',#1491,#1492,#1816,.T.);
#1092=EDGE_CURVE('',#1490,#1492,#1817,.T.);
#1093=EDGE_CURVE('',#1493,#1494,#1818,.T.);
#1094=EDGE_CURVE('',#1494,#1495,#82,.T.);
#1095=EDGE_CURVE('',#1495,#1496,#83,.T.);
#1096=EDGE_CURVE('',#1497,#1496,#1819,.T.);
#1097=EDGE_CURVE('',#1498,#1497,#1820,.T.);
#1098=EDGE_CURVE('',#1499,#1498,#1821,.T.);
#1099=EDGE_CURVE('',#1499,#1500,#1822,.T.);
#1100=EDGE_CURVE('',#1501,#1500,#1823,.T.);
#1101=EDGE_CURVE('',#1502,#1501,#1824,.T.);
#1102=EDGE_CURVE('',#1503,#1502,#1825,.T.);
#1103=EDGE_CURVE('',#1503,#1504,#1826,.T.);
#1104=EDGE_CURVE('',#1505,#1504,#1827,.T.);
#1105=EDGE_CURVE('',#1505,#1493,#1828,.T.);
#1106=EDGE_CURVE('',#1506,#1507,#84,.F.);
#1107=EDGE_CURVE('',#1507,#1508,#85,.F.);
#1108=EDGE_CURVE('',#1509,#1508,#1829,.T.);
#1109=EDGE_CURVE('',#1509,#1510,#1830,.T.);
#1110=EDGE_CURVE('',#1510,#1506,#1831,.T.);
#1111=EDGE_CURVE('',#1508,#1494,#1832,.F.);
#1112=EDGE_CURVE('',#1493,#1509,#1833,.T.);
#1113=EDGE_CURVE('',#1504,#1511,#1834,.T.);
#1114=EDGE_CURVE('',#1511,#1512,#1835,.T.);
#1115=EDGE_CURVE('',#1501,#1512,#1836,.T.);
#1116=EDGE_CURVE('',#1500,#1513,#1837,.T.);
#1117=EDGE_CURVE('',#1513,#1514,#1838,.T.);
#1118=EDGE_CURVE('',#1497,#1514,#1839,.T.);
#1119=EDGE_CURVE('',#1496,#1506,#1840,.T.);
#1120=EDGE_CURVE('',#1510,#1505,#1841,.T.);
#1121=EDGE_CURVE('',#1507,#1495,#1842,.T.);
#1122=EDGE_CURVE('',#1499,#1515,#1843,.T.);
#1123=EDGE_CURVE('',#1515,#1513,#1844,.T.);
#1124=EDGE_CURVE('',#1516,#1514,#1845,.T.);
#1125=EDGE_CURVE('',#1498,#1516,#1846,.T.);
#1126=EDGE_CURVE('',#1515,#1516,#1847,.T.);
#1127=EDGE_CURVE('',#1503,#1517,#1848,.T.);
#1128=EDGE_CURVE('',#1517,#1511,#1849,.T.);
#1129=EDGE_CURVE('',#1518,#1512,#1850,.T.);
#1130=EDGE_CURVE('',#1502,#1518,#1851,.T.);
#1131=EDGE_CURVE('',#1517,#1518,#1852,.T.);
#1132=EDGE_CURVE('',#1519,#1519,#86,.T.);
#1133=EDGE_CURVE('',#1520,#1521,#1853,.T.);
#1134=EDGE_CURVE('',#1520,#1522,#1854,.T.);
#1135=EDGE_CURVE('',#1522,#1523,#1855,.T.);
#1136=EDGE_CURVE('',#1524,#1523,#1856,.T.);
#1137=EDGE_CURVE('',#1525,#1524,#1857,.T.);
#1138=EDGE_CURVE('',#1526,#1525,#1858,.T.);
#1139=EDGE_CURVE('',#1527,#1526,#1859,.T.);
#1140=EDGE_CURVE('',#1527,#1528,#1860,.T.);
#1141=EDGE_CURVE('',#1529,#1528,#1861,.T.);
#1142=EDGE_CURVE('',#1529,#1530,#1862,.T.);
#1143=EDGE_CURVE('',#1531,#1530,#1863,.T.);
#1144=EDGE_CURVE('',#1531,#1521,#1864,.F.);
#1145=EDGE_CURVE('',#1532,#1533,#1865,.T.);
#1146=EDGE_CURVE('',#1533,#1534,#1866,.T.);
#1147=EDGE_CURVE('',#1535,#1534,#1867,.T.);
#1148=EDGE_CURVE('',#1532,#1535,#1868,.T.);
#1149=EDGE_CURVE('',#1536,#1537,#1869,.T.);
#1150=EDGE_CURVE('',#1538,#1537,#1870,.T.);
#1151=EDGE_CURVE('',#1539,#1538,#1871,.T.);
#1152=EDGE_CURVE('',#1539,#1536,#1872,.T.);
#1153=EDGE_CURVE('',#1540,#1540,#87,.T.);
#1154=EDGE_CURVE('',#1541,#1542,#1873,.T.);
#1155=EDGE_CURVE('',#1541,#1543,#1874,.T.);
#1156=EDGE_CURVE('',#1543,#1544,#1875,.T.);
#1157=EDGE_CURVE('',#1542,#1544,#1876,.T.);
#1158=EDGE_CURVE('',#1545,#1546,#1877,.T.);
#1159=EDGE_CURVE('',#1545,#1547,#1878,.T.);
#1160=EDGE_CURVE('',#1547,#1548,#1879,.T.);
#1161=EDGE_CURVE('',#1548,#1549,#1880,.T.);
#1162=EDGE_CURVE('',#1549,#1550,#1881,.T.);
#1163=EDGE_CURVE('',#1551,#1550,#1882,.T.);
#1164=EDGE_CURVE('',#1551,#1552,#1883,.T.);
#1165=EDGE_CURVE('',#1553,#1552,#1884,.T.);
#1166=EDGE_CURVE('',#1554,#1553,#1885,.T.);
#1167=EDGE_CURVE('',#1554,#1555,#1886,.T.);
#1168=EDGE_CURVE('',#1555,#1556,#1887,.T.);
#1169=EDGE_CURVE('',#1546,#1556,#1888,.T.);
#1170=EDGE_CURVE('',#1557,#1557,#88,.T.);
#1171=EDGE_CURVE('',#1558,#1558,#89,.T.);
#1172=EDGE_CURVE('',#1559,#1559,#90,.T.);
#1173=EDGE_CURVE('',#1560,#1560,#91,.T.);
#1174=EDGE_CURVE('',#1561,#1561,#92,.T.);
#1175=EDGE_CURVE('',#1562,#1562,#93,.T.);
#1176=EDGE_CURVE('',#1563,#1563,#94,.T.);
#1177=EDGE_CURVE('',#1564,#1564,#95,.T.);
#1178=EDGE_CURVE('',#1565,#1565,#96,.T.);
#1179=EDGE_CURVE('',#1566,#1566,#97,.T.);
#1180=EDGE_CURVE('',#1567,#1536,#1889,.T.);
#1181=EDGE_CURVE('',#1567,#1568,#1890,.T.);
#1182=EDGE_CURVE('',#1568,#1537,#1891,.T.);
#1183=EDGE_CURVE('',#1569,#1569,#98,.T.);
#1184=EDGE_CURVE('',#1570,#1570,#99,.T.);
#1185=EDGE_CURVE('',#1571,#1567,#1892,.T.);
#1186=EDGE_CURVE('',#1571,#1572,#1893,.T.);
#1187=EDGE_CURVE('',#1572,#1568,#1894,.T.);
#1188=EDGE_CURVE('',#1572,#1538,#1895,.T.);
#1189=EDGE_CURVE('',#1573,#1573,#100,.T.);
#1190=EDGE_CURVE('',#1574,#1574,#101,.T.);
#1191=EDGE_CURVE('',#1575,#1575,#102,.T.);
#1192=EDGE_CURVE('',#1576,#1576,#103,.T.);
#1193=EDGE_CURVE('',#1577,#1577,#104,.T.);
#1194=EDGE_CURVE('',#1578,#1578,#105,.T.);
#1195=EDGE_CURVE('',#1579,#1579,#106,.T.);
#1196=EDGE_CURVE('',#1580,#1580,#107,.T.);
#1197=EDGE_CURVE('',#1581,#1581,#108,.F.);
#1198=EDGE_CURVE('',#1582,#1582,#109,.F.);
#1199=EDGE_CURVE('',#1583,#1528,#1896,.T.);
#1200=EDGE_CURVE('',#1583,#1584,#1897,.T.);
#1201=EDGE_CURVE('',#1584,#1525,#1898,.T.);
#1202=EDGE_CURVE('',#1585,#1524,#1899,.T.);
#1203=EDGE_CURVE('',#1585,#1586,#1900,.T.);
#1204=EDGE_CURVE('',#1586,#1520,#1901,.T.);
#1205=EDGE_CURVE('',#1521,#1587,#110,.T.);
#1206=EDGE_CURVE('',#1587,#1588,#1902,.T.);
#1207=EDGE_CURVE('',#1589,#1588,#1903,.T.);
#1208=EDGE_CURVE('',#1589,#1590,#1904,.T.);
#1209=EDGE_CURVE('',#1590,#1591,#1905,.T.);
#1210=EDGE_CURVE('',#1591,#1592,#1906,.T.);
#1211=EDGE_CURVE('',#1592,#1548,#111,.T.);
#1212=EDGE_CURVE('',#1593,#1547,#1907,.T.);
#1213=EDGE_CURVE('',#1594,#1593,#1908,.T.);
#1214=EDGE_CURVE('',#1594,#1556,#1909,.T.);
#1215=EDGE_CURVE('',#1595,#1555,#1910,.T.);
#1216=EDGE_CURVE('',#1596,#1595,#1911,.T.);
#1217=EDGE_CURVE('',#1596,#1552,#1912,.T.);
#1218=EDGE_CURVE('',#1529,#1551,#1913,.T.);
#1219=EDGE_CURVE('',#1531,#1597,#112,.F.);
#1220=EDGE_CURVE('',#1587,#1597,#1914,.T.);
#1221=EDGE_CURVE('',#1550,#1530,#1915,.T.);
#1222=EDGE_CURVE('',#1598,#1592,#1916,.F.);
#1223=EDGE_CURVE('',#1598,#1549,#113,.F.);
#1224=EDGE_CURVE('',#1599,#1600,#1917,.T.);
#1225=EDGE_CURVE('',#1600,#1588,#1918,.T.);
#1226=EDGE_CURVE('',#1598,#1597,#1919,.T.);
#1227=EDGE_CURVE('',#1599,#1591,#1920,.T.);
#1228=EDGE_CURVE('',#1571,#1539,#1921,.T.);
#1229=EDGE_CURVE('',#1601,#1601,#114,.T.);
#1230=EDGE_CURVE('',#1602,#1602,#115,.F.);
#1231=EDGE_CURVE('',#1603,#1603,#116,.F.);
#1232=EDGE_CURVE('',#1604,#1604,#117,.F.);
#1233=EDGE_CURVE('',#1605,#1605,#118,.F.);
#1234=EDGE_CURVE('',#1606,#1606,#119,.F.);
#1235=EDGE_CURVE('',#1607,#1607,#120,.T.);
#1236=EDGE_CURVE('',#1608,#1608,#121,.T.);
#1237=EDGE_CURVE('',#1609,#1609,#122,.T.);
#1238=EDGE_CURVE('',#1610,#1610,#123,.T.);
#1239=EDGE_CURVE('',#1611,#1554,#1922,.T.);
#1240=EDGE_CURVE('',#1611,#1595,#1923,.T.);
#1241=EDGE_CURVE('',#1612,#1553,#1924,.T.);
#1242=EDGE_CURVE('',#1611,#1612,#1925,.T.);
#1243=EDGE_CURVE('',#1612,#1596,#1926,.T.);
#1244=EDGE_CURVE('',#1613,#1545,#1927,.T.);
#1245=EDGE_CURVE('',#1613,#1593,#1928,.T.);
#1246=EDGE_CURVE('',#1614,#1546,#1929,.T.);
#1247=EDGE_CURVE('',#1613,#1614,#1930,.T.);
#1248=EDGE_CURVE('',#1614,#1594,#1931,.T.);
#1249=EDGE_CURVE('',#1615,#1527,#1932,.T.);
#1250=EDGE_CURVE('',#1615,#1583,#1933,.T.);
#1251=EDGE_CURVE('',#1616,#1526,#1934,.T.);
#1252=EDGE_CURVE('',#1615,#1616,#1935,.T.);
#1253=EDGE_CURVE('',#1616,#1584,#1936,.T.);
#1254=EDGE_CURVE('',#1586,#1617,#1937,.T.);
#1255=EDGE_CURVE('',#1617,#1522,#1938,.T.);
#1256=EDGE_CURVE('',#1618,#1523,#1939,.T.);
#1257=EDGE_CURVE('',#1585,#1618,#1940,.T.);
#1258=EDGE_CURVE('',#1617,#1618,#1941,.T.);
#1259=EDGE_CURVE('',#1619,#1599,#1942,.T.);
#1260=EDGE_CURVE('',#1619,#1620,#1943,.T.);
#1261=EDGE_CURVE('',#1620,#1600,#1944,.T.);
#1262=EDGE_CURVE('',#1619,#1590,#1945,.T.);
#1263=EDGE_CURVE('',#1620,#1589,#1946,.T.);
#1264=EDGE_CURVE('',#1542,#1533,#1947,.T.);
#1265=EDGE_CURVE('',#1541,#1532,#1948,.T.);
#1266=EDGE_CURVE('',#1543,#1535,#1949,.T.);
#1267=EDGE_CURVE('',#1544,#1534,#1950,.T.);
#1268=EDGE_CURVE('',#1621,#1621,#124,.T.);
#1269=EDGE_CURVE('',#1622,#1622,#125,.T.);
#1270=EDGE_CURVE('',#1623,#1623,#126,.T.);
#1271=EDGE_CURVE('',#1624,#1625,#1951,.T.);
#1272=EDGE_CURVE('',#1625,#1626,#1952,.F.);
#1273=EDGE_CURVE('',#1627,#1626,#127,.T.);
#1274=EDGE_CURVE('',#1627,#1628,#1953,.F.);
#1275=EDGE_CURVE('',#1629,#1628,#128,.T.);
#1276=EDGE_CURVE('',#1629,#1630,#1954,.F.);
#1277=EDGE_CURVE('',#1631,#1630,#1955,.T.);
#1278=EDGE_CURVE('',#1631,#1624,#1956,.T.);
#1279=EDGE_CURVE('',#1632,#1633,#1957,.T.);
#1280=EDGE_CURVE('',#1633,#1634,#1958,.T.);
#1281=EDGE_CURVE('',#1634,#1635,#1959,.T.);
#1282=EDGE_CURVE('',#1635,#1636,#1960,.T.);
#1283=EDGE_CURVE('',#1636,#1637,#1961,.T.);
#1284=EDGE_CURVE('',#1637,#1638,#1962,.T.);
#1285=EDGE_CURVE('',#1638,#1639,#1963,.T.);
#1286=EDGE_CURVE('',#1639,#1640,#1964,.T.);
#1287=EDGE_CURVE('',#1640,#1641,#1965,.T.);
#1288=EDGE_CURVE('',#1641,#1642,#1966,.T.);
#1289=EDGE_CURVE('',#1642,#1643,#1967,.T.);
#1290=EDGE_CURVE('',#1643,#1632,#1968,.T.);
#1291=EDGE_CURVE('',#1644,#1645,#22,.T.);
#1292=EDGE_CURVE('',#1645,#1646,#23,.T.);
#1293=EDGE_CURVE('',#1646,#1647,#24,.T.);
#1294=EDGE_CURVE('',#1647,#1648,#25,.T.);
#1295=EDGE_CURVE('',#1648,#1649,#1969,.T.);
#1296=EDGE_CURVE('',#1649,#1650,#1970,.T.);
#1297=EDGE_CURVE('',#1650,#1651,#1971,.T.);
#1298=EDGE_CURVE('',#1651,#1652,#26,.T.);
#1299=EDGE_CURVE('',#1652,#1653,#27,.T.);
#1300=EDGE_CURVE('',#1653,#1654,#28,.T.);
#1301=EDGE_CURVE('',#1654,#1655,#29,.T.);
#1302=EDGE_CURVE('',#1655,#1656,#1972,.T.);
#1303=EDGE_CURVE('',#1656,#1657,#1973,.T.);
#1304=EDGE_CURVE('',#1657,#1658,#1974,.T.);
#1305=EDGE_CURVE('',#1658,#1659,#30,.T.);
#1306=EDGE_CURVE('',#1659,#1644,#31,.T.);
#1307=EDGE_CURVE('',#1660,#1661,#1975,.T.);
#1308=EDGE_CURVE('',#1661,#1662,#1976,.T.);
#1309=EDGE_CURVE('',#1662,#1663,#1977,.T.);
#1310=EDGE_CURVE('',#1663,#1664,#1978,.T.);
#1311=EDGE_CURVE('',#1664,#1665,#1979,.T.);
#1312=EDGE_CURVE('',#1665,#1660,#1980,.T.);
#1313=EDGE_CURVE('',#1666,#1667,#1981,.T.);
#1314=EDGE_CURVE('',#1667,#1668,#1982,.T.);
#1315=EDGE_CURVE('',#1668,#1669,#1983,.T.);
#1316=EDGE_CURVE('',#1669,#1670,#1984,.T.);
#1317=EDGE_CURVE('',#1670,#1671,#1985,.T.);
#1318=EDGE_CURVE('',#1671,#1672,#1986,.T.);
#1319=EDGE_CURVE('',#1672,#1673,#1987,.T.);
#1320=EDGE_CURVE('',#1673,#1674,#1988,.T.);
#1321=EDGE_CURVE('',#1674,#1675,#1989,.T.);
#1322=EDGE_CURVE('',#1675,#1666,#1990,.T.);
#1323=EDGE_CURVE('',#1630,#1676,#1991,.F.);
#1324=EDGE_CURVE('',#1676,#1677,#1992,.T.);
#1325=EDGE_CURVE('',#1677,#1631,#1993,.T.);
#1326=EDGE_CURVE('',#1678,#1679,#1994,.F.);
#1327=EDGE_CURVE('',#1679,#1680,#1995,.T.);
#1328=EDGE_CURVE('',#1680,#1681,#1996,.T.);
#1329=EDGE_CURVE('',#1681,#1678,#1997,.T.);
#1330=EDGE_CURVE('',#1682,#1683,#1998,.T.);
#1331=EDGE_CURVE('',#1682,#1625,#1999,.T.);
#1332=EDGE_CURVE('',#1683,#1624,#2000,.T.);
#1333=EDGE_CURVE('',#1683,#1677,#2001,.T.);
#1334=EDGE_CURVE('',#1684,#1684,#129,.F.);
#1335=EDGE_CURVE('',#1628,#1629,#32,.T.);
#1336=EDGE_CURVE('',#1685,#1685,#130,.F.);
#1337=EDGE_CURVE('',#1626,#1627,#33,.T.);
#1338=EDGE_CURVE('',#1686,#1686,#131,.F.);
#1339=EDGE_CURVE('',#1687,#1687,#132,.F.);
#1340=EDGE_CURVE('',#1688,#1688,#133,.F.);
#1341=EDGE_CURVE('',#1689,#1689,#134,.T.);
#1342=EDGE_CURVE('',#1690,#1690,#135,.F.);
#1343=EDGE_CURVE('',#1679,#1682,#136,.F.);
#1344=EDGE_CURVE('',#1625,#1678,#20,.F.);
#1345=EDGE_CURVE('',#1630,#1681,#21,.T.);
#1346=EDGE_CURVE('',#1676,#1680,#137,.F.);
#1347=EDGE_CURVE('',#1691,#1633,#2002,.T.);
#1348=EDGE_CURVE('',#1691,#1692,#2003,.T.);
#1349=EDGE_CURVE('',#1692,#1634,#2004,.T.);
#1350=EDGE_CURVE('',#1693,#1632,#2005,.T.);
#1351=EDGE_CURVE('',#1693,#1691,#2006,.T.);
#1352=EDGE_CURVE('',#1694,#1643,#2007,.T.);
#1353=EDGE_CURVE('',#1694,#1693,#2008,.T.);
#1354=EDGE_CURVE('',#1695,#1642,#2009,.T.);
#1355=EDGE_CURVE('',#1695,#1694,#2010,.T.);
#1356=EDGE_CURVE('',#1696,#1641,#2011,.T.);
#1357=EDGE_CURVE('',#1696,#1695,#2012,.T.);
#1358=EDGE_CURVE('',#1697,#1640,#2013,.T.);
#1359=EDGE_CURVE('',#1697,#1696,#2014,.T.);
#1360=EDGE_CURVE('',#1698,#1639,#2015,.T.);
#1361=EDGE_CURVE('',#1698,#1697,#2016,.T.);
#1362=EDGE_CURVE('',#1699,#1638,#2017,.T.);
#1363=EDGE_CURVE('',#1699,#1698,#2018,.T.);
#1364=EDGE_CURVE('',#1700,#1637,#2019,.T.);
#1365=EDGE_CURVE('',#1700,#1699,#2020,.T.);
#1366=EDGE_CURVE('',#1701,#1636,#2021,.T.);
#1367=EDGE_CURVE('',#1701,#1700,#2022,.T.);
#1368=EDGE_CURVE('',#1702,#1635,#2023,.T.);
#1369=EDGE_CURVE('',#1702,#1701,#2024,.T.);
#1370=EDGE_CURVE('',#1692,#1702,#2025,.T.);
#1371=EDGE_CURVE('',#1703,#1645,#2026,.T.);
#1372=EDGE_CURVE('',#1703,#1704,#34,.T.);
#1373=EDGE_CURVE('',#1704,#1646,#2027,.T.);
#1374=EDGE_CURVE('',#1705,#1644,#2028,.T.);
#1375=EDGE_CURVE('',#1705,#1703,#35,.T.);
#1376=EDGE_CURVE('',#1706,#1659,#2029,.T.);
#1377=EDGE_CURVE('',#1706,#1705,#36,.T.);
#1378=EDGE_CURVE('',#1707,#1658,#2030,.T.);
#1379=EDGE_CURVE('',#1707,#1706,#37,.T.);
#1380=EDGE_CURVE('',#1708,#1657,#2031,.T.);
#1381=EDGE_CURVE('',#1708,#1707,#2032,.T.);
#1382=EDGE_CURVE('',#1709,#1656,#2033,.T.);
#1383=EDGE_CURVE('',#1709,#1708,#2034,.T.);
#1384=EDGE_CURVE('',#1710,#1655,#2035,.T.);
#1385=EDGE_CURVE('',#1710,#1709,#2036,.T.);
#1386=EDGE_CURVE('',#1711,#1654,#2037,.T.);
#1387=EDGE_CURVE('',#1711,#1710,#38,.T.);
#1388=EDGE_CURVE('',#1712,#1653,#2038,.T.);
#1389=EDGE_CURVE('',#1712,#1711,#39,.T.);
#1390=EDGE_CURVE('',#1713,#1652,#2039,.T.);
#1391=EDGE_CURVE('',#1713,#1712,#40,.T.);
#1392=EDGE_CURVE('',#1714,#1651,#2040,.T.);
#1393=EDGE_CURVE('',#1714,#1713,#41,.T.);
#1394=EDGE_CURVE('',#1715,#1650,#2041,.T.);
#1395=EDGE_CURVE('',#1715,#1714,#2042,.T.);
#1396=EDGE_CURVE('',#1716,#1649,#2043,.T.);
#1397=EDGE_CURVE('',#1716,#1715,#2044,.T.);
#1398=EDGE_CURVE('',#1717,#1648,#2045,.T.);
#1399=EDGE_CURVE('',#1717,#1716,#2046,.T.);
#1400=EDGE_CURVE('',#1718,#1647,#2047,.T.);
#1401=EDGE_CURVE('',#1718,#1717,#42,.T.);
#1402=EDGE_CURVE('',#1704,#1718,#43,.T.);
#1403=EDGE_CURVE('',#1719,#1661,#2048,.T.);
#1404=EDGE_CURVE('',#1719,#1720,#2049,.T.);
#1405=EDGE_CURVE('',#1720,#1662,#2050,.T.);
#1406=EDGE_CURVE('',#1721,#1660,#2051,.T.);
#1407=EDGE_CURVE('',#1721,#1719,#2052,.T.);
#1408=EDGE_CURVE('',#1722,#1665,#2053,.T.);
#1409=EDGE_CURVE('',#1722,#1721,#2054,.T.);
#1410=EDGE_CURVE('',#1723,#1664,#2055,.T.);
#1411=EDGE_CURVE('',#1723,#1722,#2056,.T.);
#1412=EDGE_CURVE('',#1724,#1663,#2057,.T.);
#1413=EDGE_CURVE('',#1724,#1723,#2058,.T.);
#1414=EDGE_CURVE('',#1720,#1724,#2059,.T.);
#1415=EDGE_CURVE('',#1725,#1667,#2060,.T.);
#1416=EDGE_CURVE('',#1725,#1726,#2061,.T.);
#1417=EDGE_CURVE('',#1726,#1668,#2062,.T.);
#1418=EDGE_CURVE('',#1727,#1666,#2063,.T.);
#1419=EDGE_CURVE('',#1727,#1725,#2064,.T.);
#1420=EDGE_CURVE('',#1728,#1675,#2065,.T.);
#1421=EDGE_CURVE('',#1728,#1727,#2066,.T.);
#1422=EDGE_CURVE('',#1729,#1674,#2067,.T.);
#1423=EDGE_CURVE('',#1729,#1728,#2068,.T.);
#1424=EDGE_CURVE('',#1730,#1673,#2069,.T.);
#1425=EDGE_CURVE('',#1730,#1729,#2070,.T.);
#1426=EDGE_CURVE('',#1731,#1672,#2071,.T.);
#1427=EDGE_CURVE('',#1731,#1730,#2072,.T.);
#1428=EDGE_CURVE('',#1732,#1671,#2073,.T.);
#1429=EDGE_CURVE('',#1732,#1731,#2074,.T.);
#1430=EDGE_CURVE('',#1733,#1670,#2075,.T.);
#1431=EDGE_CURVE('',#1733,#1732,#2076,.T.);
#1432=EDGE_CURVE('',#1734,#1669,#2077,.T.);
#1433=EDGE_CURVE('',#1734,#1733,#2078,.T.);
#1434=EDGE_CURVE('',#1726,#1734,#2079,.T.);
#1435=VERTEX_POINT('',#4314);
#1436=VERTEX_POINT('',#4315);
#1437=VERTEX_POINT('',#4317);
#1438=VERTEX_POINT('',#4319);
#1439=VERTEX_POINT('',#4323);
#1440=VERTEX_POINT('',#4325);
#1441=VERTEX_POINT('',#4327);
#1442=VERTEX_POINT('',#4329);
#1443=VERTEX_POINT('',#4331);
#1444=VERTEX_POINT('',#4333);
#1445=VERTEX_POINT('',#4335);
#1446=VERTEX_POINT('',#4337);
#1447=VERTEX_POINT('',#4339);
#1448=VERTEX_POINT('',#4341);
#1449=VERTEX_POINT('',#4345);
#1450=VERTEX_POINT('',#4347);
#1451=VERTEX_POINT('',#4350);
#1452=VERTEX_POINT('',#4352);
#1453=VERTEX_POINT('',#4356);
#1454=VERTEX_POINT('',#4358);
#1455=VERTEX_POINT('',#4360);
#1456=VERTEX_POINT('',#4362);
#1457=VERTEX_POINT('',#4364);
#1458=VERTEX_POINT('',#4368);
#1459=VERTEX_POINT('',#4372);
#1460=VERTEX_POINT('',#4374);
#1461=VERTEX_POINT('',#4380);
#1462=VERTEX_POINT('',#4382);
#1463=VERTEX_POINT('',#4386);
#1464=VERTEX_POINT('',#4390);
#1465=VERTEX_POINT('',#4401);
#1466=VERTEX_POINT('',#4405);
#1467=VERTEX_POINT('',#4413);
#1468=VERTEX_POINT('',#4414);
#1469=VERTEX_POINT('',#4416);
#1470=VERTEX_POINT('',#4418);
#1471=VERTEX_POINT('',#4420);
#1472=VERTEX_POINT('',#4424);
#1473=VERTEX_POINT('',#4425);
#1474=VERTEX_POINT('',#4427);
#1475=VERTEX_POINT('',#4429);
#1476=VERTEX_POINT('',#4431);
#1477=VERTEX_POINT('',#4438);
#1478=VERTEX_POINT('',#4439);
#1479=VERTEX_POINT('',#4441);
#1480=VERTEX_POINT('',#4443);
#1481=VERTEX_POINT('',#4446);
#1482=VERTEX_POINT('',#4447);
#1483=VERTEX_POINT('',#4449);
#1484=VERTEX_POINT('',#4451);
#1485=VERTEX_POINT('',#4461);
#1486=VERTEX_POINT('',#4463);
#1487=VERTEX_POINT('',#4467);
#1488=VERTEX_POINT('',#4471);
#1489=VERTEX_POINT('',#4478);
#1490=VERTEX_POINT('',#4480);
#1491=VERTEX_POINT('',#4484);
#1492=VERTEX_POINT('',#4488);
#1493=VERTEX_POINT('',#4496);
#1494=VERTEX_POINT('',#4497);
#1495=VERTEX_POINT('',#4499);
#1496=VERTEX_POINT('',#4501);
#1497=VERTEX_POINT('',#4503);
#1498=VERTEX_POINT('',#4505);
#1499=VERTEX_POINT('',#4507);
#1500=VERTEX_POINT('',#4509);
#1501=VERTEX_POINT('',#4511);
#1502=VERTEX_POINT('',#4513);
#1503=VERTEX_POINT('',#4515);
#1504=VERTEX_POINT('',#4517);
#1505=VERTEX_POINT('',#4519);
#1506=VERTEX_POINT('',#4523);
#1507=VERTEX_POINT('',#4524);
#1508=VERTEX_POINT('',#4526);
#1509=VERTEX_POINT('',#4528);
#1510=VERTEX_POINT('',#4530);
#1511=VERTEX_POINT('',#4537);
#1512=VERTEX_POINT('',#4539);
#1513=VERTEX_POINT('',#4542);
#1514=VERTEX_POINT('',#4544);
#1515=VERTEX_POINT('',#4554);
#1516=VERTEX_POINT('',#4558);
#1517=VERTEX_POINT('',#4565);
#1518=VERTEX_POINT('',#4569);
#1519=VERTEX_POINT('',#4577);
#1520=VERTEX_POINT('',#4579);
#1521=VERTEX_POINT('',#4580);
#1522=VERTEX_POINT('',#4582);
#1523=VERTEX_POINT('',#4584);
#1524=VERTEX_POINT('',#4586);
#1525=VERTEX_POINT('',#4588);
#1526=VERTEX_POINT('',#4590);
#1527=VERTEX_POINT('',#4592);
#1528=VERTEX_POINT('',#4594);
#1529=VERTEX_POINT('',#4596);
#1530=VERTEX_POINT('',#4598);
#1531=VERTEX_POINT('',#4600);
#1532=VERTEX_POINT('',#4603);
#1533=VERTEX_POINT('',#4604);
#1534=VERTEX_POINT('',#4606);
#1535=VERTEX_POINT('',#4608);
#1536=VERTEX_POINT('',#4612);
#1537=VERTEX_POINT('',#4613);
#1538=VERTEX_POINT('',#4615);
#1539=VERTEX_POINT('',#4617);
#1540=VERTEX_POINT('',#4620);
#1541=VERTEX_POINT('',#4622);
#1542=VERTEX_POINT('',#4623);
#1543=VERTEX_POINT('',#4625);
#1544=VERTEX_POINT('',#4627);
#1545=VERTEX_POINT('',#4631);
#1546=VERTEX_POINT('',#4632);
#1547=VERTEX_POINT('',#4634);
#1548=VERTEX_POINT('',#4636);
#1549=VERTEX_POINT('',#4638);
#1550=VERTEX_POINT('',#4640);
#1551=VERTEX_POINT('',#4642);
#1552=VERTEX_POINT('',#4644);
#1553=VERTEX_POINT('',#4646);
#1554=VERTEX_POINT('',#4648);
#1555=VERTEX_POINT('',#4650);
#1556=VERTEX_POINT('',#4652);
#1557=VERTEX_POINT('',#4656);
#1558=VERTEX_POINT('',#4658);
#1559=VERTEX_POINT('',#4660);
#1560=VERTEX_POINT('',#4662);
#1561=VERTEX_POINT('',#4664);
#1562=VERTEX_POINT('',#4666);
#1563=VERTEX_POINT('',#4668);
#1564=VERTEX_POINT('',#4670);
#1565=VERTEX_POINT('',#4672);
#1566=VERTEX_POINT('',#4674);
#1567=VERTEX_POINT('',#4676);
#1568=VERTEX_POINT('',#4678);
#1569=VERTEX_POINT('',#4682);
#1570=VERTEX_POINT('',#4685);
#1571=VERTEX_POINT('',#4688);
#1572=VERTEX_POINT('',#4690);
#1573=VERTEX_POINT('',#4696);
#1574=VERTEX_POINT('',#4699);
#1575=VERTEX_POINT('',#4702);
#1576=VERTEX_POINT('',#4705);
#1577=VERTEX_POINT('',#4708);
#1578=VERTEX_POINT('',#4711);
#1579=VERTEX_POINT('',#4714);
#1580=VERTEX_POINT('',#4717);
#1581=VERTEX_POINT('',#4720);
#1582=VERTEX_POINT('',#4723);
#1583=VERTEX_POINT('',#4727);
#1584=VERTEX_POINT('',#4729);
#1585=VERTEX_POINT('',#4732);
#1586=VERTEX_POINT('',#4734);
#1587=VERTEX_POINT('',#4737);
#1588=VERTEX_POINT('',#4739);
#1589=VERTEX_POINT('',#4741);
#1590=VERTEX_POINT('',#4743);
#1591=VERTEX_POINT('',#4745);
#1592=VERTEX_POINT('',#4747);
#1593=VERTEX_POINT('',#4750);
#1594=VERTEX_POINT('',#4752);
#1595=VERTEX_POINT('',#4755);
#1596=VERTEX_POINT('',#4757);
#1597=VERTEX_POINT('',#4762);
#1598=VERTEX_POINT('',#4768);
#1599=VERTEX_POINT('',#4772);
#1600=VERTEX_POINT('',#4773);
#1601=VERTEX_POINT('',#4781);
#1602=VERTEX_POINT('',#4784);
#1603=VERTEX_POINT('',#4787);
#1604=VERTEX_POINT('',#4789);
#1605=VERTEX_POINT('',#4791);
#1606=VERTEX_POINT('',#4793);
#1607=VERTEX_POINT('',#4796);
#1608=VERTEX_POINT('',#4800);
#1609=VERTEX_POINT('',#4804);
#1610=VERTEX_POINT('',#4808);
#1611=VERTEX_POINT('',#4812);
#1612=VERTEX_POINT('',#4816);
#1613=VERTEX_POINT('',#4823);
#1614=VERTEX_POINT('',#4827);
#1615=VERTEX_POINT('',#4834);
#1616=VERTEX_POINT('',#4838);
#1617=VERTEX_POINT('',#4845);
#1618=VERTEX_POINT('',#4849);
#1619=VERTEX_POINT('',#4856);
#1620=VERTEX_POINT('',#4858);
#1621=VERTEX_POINT('',#4876);
#1622=VERTEX_POINT('',#4878);
#1623=VERTEX_POINT('',#4880);
#1624=VERTEX_POINT('',#4882);
#1625=VERTEX_POINT('',#4883);
#1626=VERTEX_POINT('',#4885);
#1627=VERTEX_POINT('',#4887);
#1628=VERTEX_POINT('',#4889);
#1629=VERTEX_POINT('',#4891);
#1630=VERTEX_POINT('',#4893);
#1631=VERTEX_POINT('',#4895);
#1632=VERTEX_POINT('',#4898);
#1633=VERTEX_POINT('',#4899);
#1634=VERTEX_POINT('',#4901);
#1635=VERTEX_POINT('',#4903);
#1636=VERTEX_POINT('',#4905);
#1637=VERTEX_POINT('',#4907);
#1638=VERTEX_POINT('',#4909);
#1639=VERTEX_POINT('',#4911);
#1640=VERTEX_POINT('',#4913);
#1641=VERTEX_POINT('',#4915);
#1642=VERTEX_POINT('',#4917);
#1643=VERTEX_POINT('',#4919);
#1644=VERTEX_POINT('',#4924);
#1645=VERTEX_POINT('',#4925);
#1646=VERTEX_POINT('',#4929);
#1647=VERTEX_POINT('',#4933);
#1648=VERTEX_POINT('',#4937);
#1649=VERTEX_POINT('',#4939);
#1650=VERTEX_POINT('',#4941);
#1651=VERTEX_POINT('',#4943);
#1652=VERTEX_POINT('',#4947);
#1653=VERTEX_POINT('',#4951);
#1654=VERTEX_POINT('',#4955);
#1655=VERTEX_POINT('',#4959);
#1656=VERTEX_POINT('',#4961);
#1657=VERTEX_POINT('',#4963);
#1658=VERTEX_POINT('',#4965);
#1659=VERTEX_POINT('',#4969);
#1660=VERTEX_POINT('',#4974);
#1661=VERTEX_POINT('',#4975);
#1662=VERTEX_POINT('',#4977);
#1663=VERTEX_POINT('',#4979);
#1664=VERTEX_POINT('',#4981);
#1665=VERTEX_POINT('',#4983);
#1666=VERTEX_POINT('',#4986);
#1667=VERTEX_POINT('',#4987);
#1668=VERTEX_POINT('',#4989);
#1669=VERTEX_POINT('',#4991);
#1670=VERTEX_POINT('',#4993);
#1671=VERTEX_POINT('',#4995);
#1672=VERTEX_POINT('',#4997);
#1673=VERTEX_POINT('',#4999);
#1674=VERTEX_POINT('',#5001);
#1675=VERTEX_POINT('',#5003);
#1676=VERTEX_POINT('',#5007);
#1677=VERTEX_POINT('',#5009);
#1678=VERTEX_POINT('',#5013);
#1679=VERTEX_POINT('',#5014);
#1680=VERTEX_POINT('',#5016);
#1681=VERTEX_POINT('',#5018);
#1682=VERTEX_POINT('',#5022);
#1683=VERTEX_POINT('',#5023);
#1684=VERTEX_POINT('',#5030);
#1685=VERTEX_POINT('',#5044);
#1686=VERTEX_POINT('',#5058);
#1687=VERTEX_POINT('',#5061);
#1688=VERTEX_POINT('',#5064);
#1689=VERTEX_POINT('',#5066);
#1690=VERTEX_POINT('',#5069);
#1691=VERTEX_POINT('',#5080);
#1692=VERTEX_POINT('',#5082);
#1693=VERTEX_POINT('',#5086);
#1694=VERTEX_POINT('',#5090);
#1695=VERTEX_POINT('',#5094);
#1696=VERTEX_POINT('',#5098);
#1697=VERTEX_POINT('',#5102);
#1698=VERTEX_POINT('',#5106);
#1699=VERTEX_POINT('',#5110);
#1700=VERTEX_POINT('',#5114);
#1701=VERTEX_POINT('',#5118);
#1702=VERTEX_POINT('',#5122);
#1703=VERTEX_POINT('',#5136);
#1704=VERTEX_POINT('',#5140);
#1705=VERTEX_POINT('',#5151);
#1706=VERTEX_POINT('',#5164);
#1707=VERTEX_POINT('',#5177);
#1708=VERTEX_POINT('',#5183);
#1709=VERTEX_POINT('',#5187);
#1710=VERTEX_POINT('',#5191);
#1711=VERTEX_POINT('',#5202);
#1712=VERTEX_POINT('',#5215);
#1713=VERTEX_POINT('',#5228);
#1714=VERTEX_POINT('',#5241);
#1715=VERTEX_POINT('',#5247);
#1716=VERTEX_POINT('',#5251);
#1717=VERTEX_POINT('',#5255);
#1718=VERTEX_POINT('',#5266);
#1719=VERTEX_POINT('',#5284);
#1720=VERTEX_POINT('',#5286);
#1721=VERTEX_POINT('',#5290);
#1722=VERTEX_POINT('',#5294);
#1723=VERTEX_POINT('',#5298);
#1724=VERTEX_POINT('',#5302);
#1725=VERTEX_POINT('',#5309);
#1726=VERTEX_POINT('',#5311);
#1727=VERTEX_POINT('',#5315);
#1728=VERTEX_POINT('',#5319);
#1729=VERTEX_POINT('',#5323);
#1730=VERTEX_POINT('',#5327);
#1731=VERTEX_POINT('',#5331);
#1732=VERTEX_POINT('',#5335);
#1733=VERTEX_POINT('',#5339);
#1734=VERTEX_POINT('',#5343);
#1735=LINE('',#4313,#2080);
#1736=LINE('',#4316,#2081);
#1737=LINE('',#4318,#2082);
#1738=LINE('',#4320,#2083);
#1739=LINE('',#4322,#2084);
#1740=LINE('',#4324,#2085);
#1741=LINE('',#4326,#2086);
#1742=LINE('',#4328,#2087);
#1743=LINE('',#4330,#2088);
#1744=LINE('',#4332,#2089);
#1745=LINE('',#4334,#2090);
#1746=LINE('',#4336,#2091);
#1747=LINE('',#4338,#2092);
#1748=LINE('',#4340,#2093);
#1749=LINE('',#4342,#2094);
#1750=LINE('',#4344,#2095);
#1751=LINE('',#4346,#2096);
#1752=LINE('',#4348,#2097);
#1753=LINE('',#4349,#2098);
#1754=LINE('',#4351,#2099);
#1755=LINE('',#4353,#2100);
#1756=LINE('',#4355,#2101);
#1757=LINE('',#4357,#2102);
#1758=LINE('',#4359,#2103);
#1759=LINE('',#4361,#2104);
#1760=LINE('',#4363,#2105);
#1761=LINE('',#4365,#2106);
#1762=LINE('',#4367,#2107);
#1763=LINE('',#4369,#2108);
#1764=LINE('',#4371,#2109);
#1765=LINE('',#4373,#2110);
#1766=LINE('',#4375,#2111);
#1767=LINE('',#4376,#2112);
#1768=LINE('',#4379,#2113);
#1769=LINE('',#4381,#2114);
#1770=LINE('',#4383,#2115);
#1771=LINE('',#4385,#2116);
#1772=LINE('',#4387,#2117);
#1773=LINE('',#4389,#2118);
#1774=LINE('',#4391,#2119);
#1775=LINE('',#4393,#2120);
#1776=LINE('',#4395,#2121);
#1777=LINE('',#4396,#2122);
#1778=LINE('',#4400,#2123);
#1779=LINE('',#4402,#2124);
#1780=LINE('',#4404,#2125);
#1781=LINE('',#4406,#2126);
#1782=LINE('',#4408,#2127);
#1783=LINE('',#4417,#2128);
#1784=LINE('',#4419,#2129);
#1785=LINE('',#4421,#2130);
#1786=LINE('',#4423,#2131);
#1787=LINE('',#4430,#2132);
#1788=LINE('',#4432,#2133);
#1789=LINE('',#4434,#2134);
#1790=LINE('',#4435,#2135);
#1791=LINE('',#4437,#2136);
#1792=LINE('',#4440,#2137);
#1793=LINE('',#4442,#2138);
#1794=LINE('',#4444,#2139);
#1795=LINE('',#4445,#2140);
#1796=LINE('',#4448,#2141);
#1797=LINE('',#4450,#2142);
#1798=LINE('',#4452,#2143);
#1799=LINE('',#4453,#2144);
#1800=LINE('',#4454,#2145);
#1801=LINE('',#4457,#2146);
#1802=LINE('',#4460,#2147);
#1803=LINE('',#4462,#2148);
#1804=LINE('',#4464,#2149);
#1805=LINE('',#4466,#2150);
#1806=LINE('',#4468,#2151);
#1807=LINE('',#4470,#2152);
#1808=LINE('',#4472,#2153);
#1809=LINE('',#4474,#2154);
#1810=LINE('',#4477,#2155);
#1811=LINE('',#4479,#2156);
#1812=LINE('',#4481,#2157);
#1813=LINE('',#4483,#2158);
#1814=LINE('',#4485,#2159);
#1815=LINE('',#4487,#2160);
#1816=LINE('',#4489,#2161);
#1817=LINE('',#4491,#2162);
#1818=LINE('',#4495,#2163);
#1819=LINE('',#4502,#2164);
#1820=LINE('',#4504,#2165);
#1821=LINE('',#4506,#2166);
#1822=LINE('',#4508,#2167);
#1823=LINE('',#4510,#2168);
#1824=LINE('',#4512,#2169);
#1825=LINE('',#4514,#2170);
#1826=LINE('',#4516,#2171);
#1827=LINE('',#4518,#2172);
#1828=LINE('',#4520,#2173);
#1829=LINE('',#4527,#2174);
#1830=LINE('',#4529,#2175);
#1831=LINE('',#4531,#2176);
#1832=LINE('',#4533,#2177);
#1833=LINE('',#4534,#2178);
#1834=LINE('',#4536,#2179);
#1835=LINE('',#4538,#2180);
#1836=LINE('',#4540,#2181);
#1837=LINE('',#4541,#2182);
#1838=LINE('',#4543,#2183);
#1839=LINE('',#4545,#2184);
#1840=LINE('',#4546,#2185);
#1841=LINE('',#4547,#2186);
#1842=LINE('',#4550,#2187);
#1843=LINE('',#4553,#2188);
#1844=LINE('',#4555,#2189);
#1845=LINE('',#4557,#2190);
#1846=LINE('',#4559,#2191);
#1847=LINE('',#4561,#2192);
#1848=LINE('',#4564,#2193);
#1849=LINE('',#4566,#2194);
#1850=LINE('',#4568,#2195);
#1851=LINE('',#4570,#2196);
#1852=LINE('',#4572,#2197);
#1853=LINE('',#4578,#2198);
#1854=LINE('',#4581,#2199);
#1855=LINE('',#4583,#2200);
#1856=LINE('',#4585,#2201);
#1857=LINE('',#4587,#2202);
#1858=LINE('',#4589,#2203);
#1859=LINE('',#4591,#2204);
#1860=LINE('',#4593,#2205);
#1861=LINE('',#4595,#2206);
#1862=LINE('',#4597,#2207);
#1863=LINE('',#4599,#2208);
#1864=LINE('',#4601,#2209);
#1865=LINE('',#4602,#2210);
#1866=LINE('',#4605,#2211);
#1867=LINE('',#4607,#2212);
#1868=LINE('',#4609,#2213);
#1869=LINE('',#4611,#2214);
#1870=LINE('',#4614,#2215);
#1871=LINE('',#4616,#2216);
#1872=LINE('',#4618,#2217);
#1873=LINE('',#4621,#2218);
#1874=LINE('',#4624,#2219);
#1875=LINE('',#4626,#2220);
#1876=LINE('',#4628,#2221);
#1877=LINE('',#4630,#2222);
#1878=LINE('',#4633,#2223);
#1879=LINE('',#4635,#2224);
#1880=LINE('',#4637,#2225);
#1881=LINE('',#4639,#2226);
#1882=LINE('',#4641,#2227);
#1883=LINE('',#4643,#2228);
#1884=LINE('',#4645,#2229);
#1885=LINE('',#4647,#2230);
#1886=LINE('',#4649,#2231);
#1887=LINE('',#4651,#2232);
#1888=LINE('',#4653,#2233);
#1889=LINE('',#4675,#2234);
#1890=LINE('',#4677,#2235);
#1891=LINE('',#4679,#2236);
#1892=LINE('',#4687,#2237);
#1893=LINE('',#4689,#2238);
#1894=LINE('',#4691,#2239);
#1895=LINE('',#4693,#2240);
#1896=LINE('',#4726,#2241);
#1897=LINE('',#4728,#2242);
#1898=LINE('',#4730,#2243);
#1899=LINE('',#4731,#2244);
#1900=LINE('',#4733,#2245);
#1901=LINE('',#4735,#2246);
#1902=LINE('',#4738,#2247);
#1903=LINE('',#4740,#2248);
#1904=LINE('',#4742,#2249);
#1905=LINE('',#4744,#2250);
#1906=LINE('',#4746,#2251);
#1907=LINE('',#4749,#2252);
#1908=LINE('',#4751,#2253);
#1909=LINE('',#4753,#2254);
#1910=LINE('',#4754,#2255);
#1911=LINE('',#4756,#2256);
#1912=LINE('',#4758,#2257);
#1913=LINE('',#4759,#2258);
#1914=LINE('',#4763,#2259);
#1915=LINE('',#4765,#2260);
#1916=LINE('',#4767,#2261);
#1917=LINE('',#4771,#2262);
#1918=LINE('',#4774,#2263);
#1919=LINE('',#4775,#2264);
#1920=LINE('',#4776,#2265);
#1921=LINE('',#4778,#2266);
#1922=LINE('',#4811,#2267);
#1923=LINE('',#4813,#2268);
#1924=LINE('',#4815,#2269);
#1925=LINE('',#4817,#2270);
#1926=LINE('',#4819,#2271);
#1927=LINE('',#4822,#2272);
#1928=LINE('',#4824,#2273);
#1929=LINE('',#4826,#2274);
#1930=LINE('',#4828,#2275);
#1931=LINE('',#4830,#2276);
#1932=LINE('',#4833,#2277);
#1933=LINE('',#4835,#2278);
#1934=LINE('',#4837,#2279);
#1935=LINE('',#4839,#2280);
#1936=LINE('',#4841,#2281);
#1937=LINE('',#4844,#2282);
#1938=LINE('',#4846,#2283);
#1939=LINE('',#4848,#2284);
#1940=LINE('',#4850,#2285);
#1941=LINE('',#4852,#2286);
#1942=LINE('',#4855,#2287);
#1943=LINE('',#4857,#2288);
#1944=LINE('',#4859,#2289);
#1945=LINE('',#4861,#2290);
#1946=LINE('',#4863,#2291);
#1947=LINE('',#4866,#2292);
#1948=LINE('',#4867,#2293);
#1949=LINE('',#4869,#2294);
#1950=LINE('',#4871,#2295);
#1951=LINE('',#4881,#2296);
#1952=LINE('',#4884,#2297);
#1953=LINE('',#4888,#2298);
#1954=LINE('',#4892,#2299);
#1955=LINE('',#4894,#2300);
#1956=LINE('',#4896,#2301);
#1957=LINE('',#4897,#2302);
#1958=LINE('',#4900,#2303);
#1959=LINE('',#4902,#2304);
#1960=LINE('',#4904,#2305);
#1961=LINE('',#4906,#2306);
#1962=LINE('',#4908,#2307);
#1963=LINE('',#4910,#2308);
#1964=LINE('',#4912,#2309);
#1965=LINE('',#4914,#2310);
#1966=LINE('',#4916,#2311);
#1967=LINE('',#4918,#2312);
#1968=LINE('',#4920,#2313);
#1969=LINE('',#4938,#2314);
#1970=LINE('',#4940,#2315);
#1971=LINE('',#4942,#2316);
#1972=LINE('',#4960,#2317);
#1973=LINE('',#4962,#2318);
#1974=LINE('',#4964,#2319);
#1975=LINE('',#4973,#2320);
#1976=LINE('',#4976,#2321);
#1977=LINE('',#4978,#2322);
#1978=LINE('',#4980,#2323);
#1979=LINE('',#4982,#2324);
#1980=LINE('',#4984,#2325);
#1981=LINE('',#4985,#2326);
#1982=LINE('',#4988,#2327);
#1983=LINE('',#4990,#2328);
#1984=LINE('',#4992,#2329);
#1985=LINE('',#4994,#2330);
#1986=LINE('',#4996,#2331);
#1987=LINE('',#4998,#2332);
#1988=LINE('',#5000,#2333);
#1989=LINE('',#5002,#2334);
#1990=LINE('',#5004,#2335);
#1991=LINE('',#5006,#2336);
#1992=LINE('',#5008,#2337);
#1993=LINE('',#5010,#2338);
#1994=LINE('',#5012,#2339);
#1995=LINE('',#5015,#2340);
#1996=LINE('',#5017,#2341);
#1997=LINE('',#5019,#2342);
#1998=LINE('',#5021,#2343);
#1999=LINE('',#5024,#2344);
#2000=LINE('',#5025,#2345);
#2001=LINE('',#5027,#2346);
#2002=LINE('',#5079,#2347);
#2003=LINE('',#5081,#2348);
#2004=LINE('',#5083,#2349);
#2005=LINE('',#5085,#2350);
#2006=LINE('',#5087,#2351);
#2007=LINE('',#5089,#2352);
#2008=LINE('',#5091,#2353);
#2009=LINE('',#5093,#2354);
#2010=LINE('',#5095,#2355);
#2011=LINE('',#5097,#2356);
#2012=LINE('',#5099,#2357);
#2013=LINE('',#5101,#2358);
#2014=LINE('',#5103,#2359);
#2015=LINE('',#5105,#2360);
#2016=LINE('',#5107,#2361);
#2017=LINE('',#5109,#2362);
#2018=LINE('',#5111,#2363);
#2019=LINE('',#5113,#2364);
#2020=LINE('',#5115,#2365);
#2021=LINE('',#5117,#2366);
#2022=LINE('',#5119,#2367);
#2023=LINE('',#5121,#2368);
#2024=LINE('',#5123,#2369);
#2025=LINE('',#5125,#2370);
#2026=LINE('',#5135,#2371);
#2027=LINE('',#5141,#2372);
#2028=LINE('',#5150,#2373);
#2029=LINE('',#5163,#2374);
#2030=LINE('',#5176,#2375);
#2031=LINE('',#5182,#2376);
#2032=LINE('',#5184,#2377);
#2033=LINE('',#5186,#2378);
#2034=LINE('',#5188,#2379);
#2035=LINE('',#5190,#2380);
#2036=LINE('',#5192,#2381);
#2037=LINE('',#5201,#2382);
#2038=LINE('',#5214,#2383);
#2039=LINE('',#5227,#2384);
#2040=LINE('',#5240,#2385);
#2041=LINE('',#5246,#2386);
#2042=LINE('',#5248,#2387);
#2043=LINE('',#5250,#2388);
#2044=LINE('',#5252,#2389);
#2045=LINE('',#5254,#2390);
#2046=LINE('',#5256,#2391);
#2047=LINE('',#5265,#2392);
#2048=LINE('',#5283,#2393);
#2049=LINE('',#5285,#2394);
#2050=LINE('',#5287,#2395);
#2051=LINE('',#5289,#2396);
#2052=LINE('',#5291,#2397);
#2053=LINE('',#5293,#2398);
#2054=LINE('',#5295,#2399);
#2055=LINE('',#5297,#2400);
#2056=LINE('',#5299,#2401);
#2057=LINE('',#5301,#2402);
#2058=LINE('',#5303,#2403);
#2059=LINE('',#5305,#2404);
#2060=LINE('',#5308,#2405);
#2061=LINE('',#5310,#2406);
#2062=LINE('',#5312,#2407);
#2063=LINE('',#5314,#2408);
#2064=LINE('',#5316,#2409);
#2065=LINE('',#5318,#2410);
#2066=LINE('',#5320,#2411);
#2067=LINE('',#5322,#2412);
#2068=LINE('',#5324,#2413);
#2069=LINE('',#5326,#2414);
#2070=LINE('',#5328,#2415);
#2071=LINE('',#5330,#2416);
#2072=LINE('',#5332,#2417);
#2073=LINE('',#5334,#2418);
#2074=LINE('',#5336,#2419);
#2075=LINE('',#5338,#2420);
#2076=LINE('',#5340,#2421);
#2077=LINE('',#5342,#2422);
#2078=LINE('',#5344,#2423);
#2079=LINE('',#5346,#2424);
#2080=VECTOR('',#3508,1.);
#2081=VECTOR('',#3509,1.);
#2082=VECTOR('',#3510,1.);
#2083=VECTOR('',#3511,1.);
#2084=VECTOR('',#3514,1.);
#2085=VECTOR('',#3515,1.);
#2086=VECTOR('',#3516,1.);
#2087=VECTOR('',#3517,1.);
#2088=VECTOR('',#3518,1.);
#2089=VECTOR('',#3519,1.);
#2090=VECTOR('',#3520,1.);
#2091=VECTOR('',#3521,1.);
#2092=VECTOR('',#3522,1.);
#2093=VECTOR('',#3523,1.);
#2094=VECTOR('',#3524,1.);
#2095=VECTOR('',#3527,1.);
#2096=VECTOR('',#3528,1.);
#2097=VECTOR('',#3529,1.);
#2098=VECTOR('',#3530,1.);
#2099=VECTOR('',#3531,1.);
#2100=VECTOR('',#3532,1.);
#2101=VECTOR('',#3535,1.);
#2102=VECTOR('',#3536,1.);
#2103=VECTOR('',#3537,1.);
#2104=VECTOR('',#3538,1.);
#2105=VECTOR('',#3539,1.);
#2106=VECTOR('',#3540,1.);
#2107=VECTOR('',#3543,1.);
#2108=VECTOR('',#3544,1.);
#2109=VECTOR('',#3547,1.);
#2110=VECTOR('',#3548,1.);
#2111=VECTOR('',#3549,1.);
#2112=VECTOR('',#3550,1.);
#2113=VECTOR('',#3555,1.);
#2114=VECTOR('',#3556,1.);
#2115=VECTOR('',#3557,1.);
#2116=VECTOR('',#3560,1.);
#2117=VECTOR('',#3561,1.);
#2118=VECTOR('',#3564,1.);
#2119=VECTOR('',#3565,1.);
#2120=VECTOR('',#3568,1.);
#2121=VECTOR('',#3571,1.);
#2122=VECTOR('',#3572,1.);
#2123=VECTOR('',#3579,1.);
#2124=VECTOR('',#3580,1.);
#2125=VECTOR('',#3583,1.);
#2126=VECTOR('',#3584,1.);
#2127=VECTOR('',#3587,1.);
#2128=VECTOR('',#3598,1.);
#2129=VECTOR('',#3599,1.);
#2130=VECTOR('',#3600,1.);
#2131=VECTOR('',#3603,1.);
#2132=VECTOR('',#3608,1.);
#2133=VECTOR('',#3609,1.);
#2134=VECTOR('',#3612,1.);
#2135=VECTOR('',#3613,1.);
#2136=VECTOR('',#3616,1.);
#2137=VECTOR('',#3617,1.);
#2138=VECTOR('',#3618,1.);
#2139=VECTOR('',#3619,1.);
#2140=VECTOR('',#3620,1.);
#2141=VECTOR('',#3621,1.);
#2142=VECTOR('',#3622,1.);
#2143=VECTOR('',#3623,1.);
#2144=VECTOR('',#3624,1.);
#2145=VECTOR('',#3625,1.);
#2146=VECTOR('',#3630,1.);
#2147=VECTOR('',#3635,1.);
#2148=VECTOR('',#3636,1.);
#2149=VECTOR('',#3637,1.);
#2150=VECTOR('',#3640,1.);
#2151=VECTOR('',#3641,1.);
#2152=VECTOR('',#3644,1.);
#2153=VECTOR('',#3645,1.);
#2154=VECTOR('',#3648,1.);
#2155=VECTOR('',#3653,1.);
#2156=VECTOR('',#3654,1.);
#2157=VECTOR('',#3655,1.);
#2158=VECTOR('',#3658,1.);
#2159=VECTOR('',#3659,1.);
#2160=VECTOR('',#3662,1.);
#2161=VECTOR('',#3663,1.);
#2162=VECTOR('',#3666,1.);
#2163=VECTOR('',#3673,1.);
#2164=VECTOR('',#3678,1.);
#2165=VECTOR('',#3679,1.);
#2166=VECTOR('',#3680,1.);
#2167=VECTOR('',#3681,1.);
#2168=VECTOR('',#3682,1.);
#2169=VECTOR('',#3683,1.);
#2170=VECTOR('',#3684,1.);
#2171=VECTOR('',#3685,1.);
#2172=VECTOR('',#3686,1.);
#2173=VECTOR('',#3687,1.);
#2174=VECTOR('',#3694,1.);
#2175=VECTOR('',#3695,1.);
#2176=VECTOR('',#3696,1.);
#2177=VECTOR('',#3699,1.);
#2178=VECTOR('',#3700,1.);
#2179=VECTOR('',#3703,1.);
#2180=VECTOR('',#3704,1.);
#2181=VECTOR('',#3705,1.);
#2182=VECTOR('',#3706,1.);
#2183=VECTOR('',#3707,1.);
#2184=VECTOR('',#3708,1.);
#2185=VECTOR('',#3709,1.);
#2186=VECTOR('',#3710,1.);
#2187=VECTOR('',#3715,1.);
#2188=VECTOR('',#3720,1.);
#2189=VECTOR('',#3721,1.);
#2190=VECTOR('',#3724,1.);
#2191=VECTOR('',#3725,1.);
#2192=VECTOR('',#3728,1.);
#2193=VECTOR('',#3733,1.);
#2194=VECTOR('',#3734,1.);
#2195=VECTOR('',#3737,1.);
#2196=VECTOR('',#3738,1.);
#2197=VECTOR('',#3741,1.);
#2198=VECTOR('',#3750,1.);
#2199=VECTOR('',#3751,1.);
#2200=VECTOR('',#3752,1.);
#2201=VECTOR('',#3753,1.);
#2202=VECTOR('',#3754,1.);
#2203=VECTOR('',#3755,1.);
#2204=VECTOR('',#3756,1.);
#2205=VECTOR('',#3757,1.);
#2206=VECTOR('',#3758,1.);
#2207=VECTOR('',#3759,1.);
#2208=VECTOR('',#3760,1.);
#2209=VECTOR('',#3761,1.);
#2210=VECTOR('',#3762,1.);
#2211=VECTOR('',#3763,1.);
#2212=VECTOR('',#3764,1.);
#2213=VECTOR('',#3765,1.);
#2214=VECTOR('',#3768,1.);
#2215=VECTOR('',#3769,1.);
#2216=VECTOR('',#3770,1.);
#2217=VECTOR('',#3771,1.);
#2218=VECTOR('',#3774,1.);
#2219=VECTOR('',#3775,1.);
#2220=VECTOR('',#3776,1.);
#2221=VECTOR('',#3777,1.);
#2222=VECTOR('',#3780,1.);
#2223=VECTOR('',#3781,1.);
#2224=VECTOR('',#3782,1.);
#2225=VECTOR('',#3783,1.);
#2226=VECTOR('',#3784,1.);
#2227=VECTOR('',#3785,1.);
#2228=VECTOR('',#3786,1.);
#2229=VECTOR('',#3787,1.);
#2230=VECTOR('',#3788,1.);
#2231=VECTOR('',#3789,1.);
#2232=VECTOR('',#3790,1.);
#2233=VECTOR('',#3791,1.);
#2234=VECTOR('',#3814,1.);
#2235=VECTOR('',#3815,1.);
#2236=VECTOR('',#3816,1.);
#2237=VECTOR('',#3827,1.);
#2238=VECTOR('',#3828,1.);
#2239=VECTOR('',#3829,1.);
#2240=VECTOR('',#3832,1.);
#2241=VECTOR('',#3877,1.);
#2242=VECTOR('',#3878,1.);
#2243=VECTOR('',#3879,1.);
#2244=VECTOR('',#3880,1.);
#2245=VECTOR('',#3881,1.);
#2246=VECTOR('',#3882,1.);
#2247=VECTOR('',#3885,1.);
#2248=VECTOR('',#3886,1.);
#2249=VECTOR('',#3887,1.);
#2250=VECTOR('',#3888,1.);
#2251=VECTOR('',#3889,1.);
#2252=VECTOR('',#3892,1.);
#2253=VECTOR('',#3893,1.);
#2254=VECTOR('',#3894,1.);
#2255=VECTOR('',#3895,1.);
#2256=VECTOR('',#3896,1.);
#2257=VECTOR('',#3897,1.);
#2258=VECTOR('',#3898,1.);
#2259=VECTOR('',#3903,1.);
#2260=VECTOR('',#3906,1.);
#2261=VECTOR('',#3909,1.);
#2262=VECTOR('',#3914,1.);
#2263=VECTOR('',#3915,1.);
#2264=VECTOR('',#3916,1.);
#2265=VECTOR('',#3917,1.);
#2266=VECTOR('',#3920,1.);
#2267=VECTOR('',#3965,1.);
#2268=VECTOR('',#3966,1.);
#2269=VECTOR('',#3969,1.);
#2270=VECTOR('',#3970,1.);
#2271=VECTOR('',#3973,1.);
#2272=VECTOR('',#3978,1.);
#2273=VECTOR('',#3979,1.);
#2274=VECTOR('',#3982,1.);
#2275=VECTOR('',#3983,1.);
#2276=VECTOR('',#3986,1.);
#2277=VECTOR('',#3991,1.);
#2278=VECTOR('',#3992,1.);
#2279=VECTOR('',#3995,1.);
#2280=VECTOR('',#3996,1.);
#2281=VECTOR('',#3999,1.);
#2282=VECTOR('',#4004,1.);
#2283=VECTOR('',#4005,1.);
#2284=VECTOR('',#4008,1.);
#2285=VECTOR('',#4009,1.);
#2286=VECTOR('',#4012,1.);
#2287=VECTOR('',#4017,1.);
#2288=VECTOR('',#4018,1.);
#2289=VECTOR('',#4019,1.);
#2290=VECTOR('',#4022,1.);
#2291=VECTOR('',#4025,1.);
#2292=VECTOR('',#4030,1.);
#2293=VECTOR('',#4031,1.);
#2294=VECTOR('',#4034,1.);
#2295=VECTOR('',#4037,1.);
#2296=VECTOR('',#4050,1.);
#2297=VECTOR('',#4051,1.);
#2298=VECTOR('',#4054,1.);
#2299=VECTOR('',#4057,1.);
#2300=VECTOR('',#4058,1.);
#2301=VECTOR('',#4059,1.);
#2302=VECTOR('',#4060,1.);
#2303=VECTOR('',#4061,1.);
#2304=VECTOR('',#4062,1.);
#2305=VECTOR('',#4063,1.);
#2306=VECTOR('',#4064,1.);
#2307=VECTOR('',#4065,1.);
#2308=VECTOR('',#4066,1.);
#2309=VECTOR('',#4067,1.);
#2310=VECTOR('',#4068,1.);
#2311=VECTOR('',#4069,1.);
#2312=VECTOR('',#4070,1.);
#2313=VECTOR('',#4071,1.);
#2314=VECTOR('',#4072,1.);
#2315=VECTOR('',#4073,1.);
#2316=VECTOR('',#4074,1.);
#2317=VECTOR('',#4075,1.);
#2318=VECTOR('',#4076,1.);
#2319=VECTOR('',#4077,1.);
#2320=VECTOR('',#4078,1.);
#2321=VECTOR('',#4079,1.);
#2322=VECTOR('',#4080,1.);
#2323=VECTOR('',#4081,1.);
#2324=VECTOR('',#4082,1.);
#2325=VECTOR('',#4083,1.);
#2326=VECTOR('',#4084,1.);
#2327=VECTOR('',#4085,1.);
#2328=VECTOR('',#4086,1.);
#2329=VECTOR('',#4087,1.);
#2330=VECTOR('',#4088,1.);
#2331=VECTOR('',#4089,1.);
#2332=VECTOR('',#4090,1.);
#2333=VECTOR('',#4091,1.);
#2334=VECTOR('',#4092,1.);
#2335=VECTOR('',#4093,1.);
#2336=VECTOR('',#4096,1.);
#2337=VECTOR('',#4097,1.);
#2338=VECTOR('',#4098,1.);
#2339=VECTOR('',#4101,1.);
#2340=VECTOR('',#4102,1.);
#2341=VECTOR('',#4103,1.);
#2342=VECTOR('',#4104,1.);
#2343=VECTOR('',#4107,1.);
#2344=VECTOR('',#4108,1.);
#2345=VECTOR('',#4109,1.);
#2346=VECTOR('',#4112,1.);
#2347=VECTOR('',#4157,1.);
#2348=VECTOR('',#4158,1.);
#2349=VECTOR('',#4159,1.);
#2350=VECTOR('',#4162,1.);
#2351=VECTOR('',#4163,1.);
#2352=VECTOR('',#4166,1.);
#2353=VECTOR('',#4167,1.);
#2354=VECTOR('',#4170,1.);
#2355=VECTOR('',#4171,1.);
#2356=VECTOR('',#4174,1.);
#2357=VECTOR('',#4175,1.);
#2358=VECTOR('',#4178,1.);
#2359=VECTOR('',#4179,1.);
#2360=VECTOR('',#4182,1.);
#2361=VECTOR('',#4183,1.);
#2362=VECTOR('',#4186,1.);
#2363=VECTOR('',#4187,1.);
#2364=VECTOR('',#4190,1.);
#2365=VECTOR('',#4191,1.);
#2366=VECTOR('',#4194,1.);
#2367=VECTOR('',#4195,1.);
#2368=VECTOR('',#4198,1.);
#2369=VECTOR('',#4199,1.);
#2370=VECTOR('',#4202,1.);
#2371=VECTOR('',#4205,1.);
#2372=VECTOR('',#4206,1.);
#2373=VECTOR('',#4207,1.);
#2374=VECTOR('',#4208,1.);
#2375=VECTOR('',#4209,1.);
#2376=VECTOR('',#4212,1.);
#2377=VECTOR('',#4213,1.);
#2378=VECTOR('',#4216,1.);
#2379=VECTOR('',#4217,1.);
#2380=VECTOR('',#4220,1.);
#2381=VECTOR('',#4221,1.);
#2382=VECTOR('',#4222,1.);
#2383=VECTOR('',#4223,1.);
#2384=VECTOR('',#4224,1.);
#2385=VECTOR('',#4225,1.);
#2386=VECTOR('',#4228,1.);
#2387=VECTOR('',#4229,1.);
#2388=VECTOR('',#4232,1.);
#2389=VECTOR('',#4233,1.);
#2390=VECTOR('',#4236,1.);
#2391=VECTOR('',#4237,1.);
#2392=VECTOR('',#4238,1.);
#2393=VECTOR('',#4243,1.);
#2394=VECTOR('',#4244,1.);
#2395=VECTOR('',#4245,1.);
#2396=VECTOR('',#4248,1.);
#2397=VECTOR('',#4249,1.);
#2398=VECTOR('',#4252,1.);
#2399=VECTOR('',#4253,1.);
#2400=VECTOR('',#4256,1.);
#2401=VECTOR('',#4257,1.);
#2402=VECTOR('',#4260,1.);
#2403=VECTOR('',#4261,1.);
#2404=VECTOR('',#4264,1.);
#2405=VECTOR('',#4269,1.);
#2406=VECTOR('',#4270,1.);
#2407=VECTOR('',#4271,1.);
#2408=VECTOR('',#4274,1.);
#2409=VECTOR('',#4275,1.);
#2410=VECTOR('',#4278,1.);
#2411=VECTOR('',#4279,1.);
#2412=VECTOR('',#4282,1.);
#2413=VECTOR('',#4283,1.);
#2414=VECTOR('',#4286,1.);
#2415=VECTOR('',#4287,1.);
#2416=VECTOR('',#4290,1.);
#2417=VECTOR('',#4291,1.);
#2418=VECTOR('',#4294,1.);
#2419=VECTOR('',#4295,1.);
#2420=VECTOR('',#4298,1.);
#2421=VECTOR('',#4299,1.);
#2422=VECTOR('',#4302,1.);
#2423=VECTOR('',#4303,1.);
#2424=VECTOR('',#4306,1.);
#2425=EDGE_LOOP('',(#148,#149,#150,#151));
#2426=EDGE_LOOP('',(#152,#153,#154,#155,#156,#157,#158,#159,#160,#161,#162,
#163));
#2427=EDGE_LOOP('',(#164,#165,#166,#167,#168,#169,#170,#171));
#2428=EDGE_LOOP('',(#172,#173,#174,#175,#176,#177,#178,#179));
#2429=EDGE_LOOP('',(#180,#181,#182,#183));
#2430=EDGE_LOOP('',(#184,#185,#186,#187,#188,#189,#190,#191));
#2431=EDGE_LOOP('',(#192,#193,#194,#195));
#2432=EDGE_LOOP('',(#196,#197,#198,#199));
#2433=EDGE_LOOP('',(#200,#201,#202,#203));
#2434=EDGE_LOOP('',(#204,#205,#206,#207));
#2435=EDGE_LOOP('',(#208,#209,#210,#211));
#2436=EDGE_LOOP('',(#212,#213,#214,#215,#216,#217,#218,#219));
#2437=EDGE_LOOP('',(#220,#221,#222,#223));
#2438=EDGE_LOOP('',(#224,#225,#226,#227));
#2439=EDGE_LOOP('',(#228,#229,#230,#231));
#2440=EDGE_LOOP('',(#232,#233,#234,#235));
#2441=EDGE_LOOP('',(#236,#237,#238,#239));
#2442=EDGE_LOOP('',(#240,#241,#242,#243));
#2443=EDGE_LOOP('',(#244,#245,#246,#247,#248));
#2444=EDGE_LOOP('',(#249,#250,#251,#252,#253));
#2445=EDGE_LOOP('',(#254,#255,#256,#257));
#2446=EDGE_LOOP('',(#258,#259,#260,#261));
#2447=EDGE_LOOP('',(#262,#263,#264,#265));
#2448=EDGE_LOOP('',(#266,#267,#268,#269));
#2449=EDGE_LOOP('',(#270,#271,#272,#273));
#2450=EDGE_LOOP('',(#274,#275,#276,#277));
#2451=EDGE_LOOP('',(#278,#279,#280,#281));
#2452=EDGE_LOOP('',(#282,#283,#284,#285));
#2453=EDGE_LOOP('',(#286,#287,#288,#289));
#2454=EDGE_LOOP('',(#290,#291,#292,#293));
#2455=EDGE_LOOP('',(#294,#295,#296,#297));
#2456=EDGE_LOOP('',(#298,#299,#300,#301));
#2457=EDGE_LOOP('',(#302,#303,#304,#305));
#2458=EDGE_LOOP('',(#306,#307,#308,#309));
#2459=EDGE_LOOP('',(#310,#311,#312,#313));
#2460=EDGE_LOOP('',(#314,#315,#316,#317));
#2461=EDGE_LOOP('',(#318,#319,#320,#321));
#2462=EDGE_LOOP('',(#322,#323,#324,#325,#326,#327,#328,#329,#330,#331,#332,
#333,#334));
#2463=EDGE_LOOP('',(#335,#336,#337,#338,#339));
#2464=EDGE_LOOP('',(#340,#341,#342,#343));
#2465=EDGE_LOOP('',(#344,#345,#346,#347,#348,#349,#350,#351,#352,#353,#354,
#355));
#2466=EDGE_LOOP('',(#356,#357,#358,#359));
#2467=EDGE_LOOP('',(#360,#361,#362,#363));
#2468=EDGE_LOOP('',(#364,#365,#366,#367));
#2469=EDGE_LOOP('',(#368,#369,#370,#371));
#2470=EDGE_LOOP('',(#372,#373,#374,#375));
#2471=EDGE_LOOP('',(#376,#377,#378,#379));
#2472=EDGE_LOOP('',(#380,#381,#382,#383));
#2473=EDGE_LOOP('',(#384,#385,#386,#387));
#2474=EDGE_LOOP('',(#388,#389,#390,#391));
#2475=EDGE_LOOP('',(#392,#393,#394,#395));
#2476=EDGE_LOOP('',(#396,#397,#398,#399));
#2477=EDGE_LOOP('',(#400));
#2478=EDGE_LOOP('',(#401,#402,#403,#404,#405,#406,#407,#408,#409,#410,#411,
#412));
#2479=EDGE_LOOP('',(#413,#414,#415,#416));
#2480=EDGE_LOOP('',(#417,#418,#419,#420));
#2481=EDGE_LOOP('',(#421));
#2482=EDGE_LOOP('',(#422,#423,#424,#425));
#2483=EDGE_LOOP('',(#426,#427,#428,#429,#430,#431,#432,#433,#434,#435,#436,
#437));
#2484=EDGE_LOOP('',(#438));
#2485=EDGE_LOOP('',(#439));
#2486=EDGE_LOOP('',(#440));
#2487=EDGE_LOOP('',(#441));
#2488=EDGE_LOOP('',(#442));
#2489=EDGE_LOOP('',(#443));
#2490=EDGE_LOOP('',(#444));
#2491=EDGE_LOOP('',(#445));
#2492=EDGE_LOOP('',(#446));
#2493=EDGE_LOOP('',(#447));
#2494=EDGE_LOOP('',(#448,#449,#450,#451));
#2495=EDGE_LOOP('',(#452));
#2496=EDGE_LOOP('',(#453));
#2497=EDGE_LOOP('',(#454));
#2498=EDGE_LOOP('',(#455));
#2499=EDGE_LOOP('',(#456,#457,#458,#459));
#2500=EDGE_LOOP('',(#460,#461,#462,#463));
#2501=EDGE_LOOP('',(#464));
#2502=EDGE_LOOP('',(#465));
#2503=EDGE_LOOP('',(#466));
#2504=EDGE_LOOP('',(#467));
#2505=EDGE_LOOP('',(#468));
#2506=EDGE_LOOP('',(#469));
#2507=EDGE_LOOP('',(#470));
#2508=EDGE_LOOP('',(#471));
#2509=EDGE_LOOP('',(#472));
#2510=EDGE_LOOP('',(#473));
#2511=EDGE_LOOP('',(#474));
#2512=EDGE_LOOP('',(#475));
#2513=EDGE_LOOP('',(#476));
#2514=EDGE_LOOP('',(#477));
#2515=EDGE_LOOP('',(#478));
#2516=EDGE_LOOP('',(#479));
#2517=EDGE_LOOP('',(#480));
#2518=EDGE_LOOP('',(#481));
#2519=EDGE_LOOP('',(#482));
#2520=EDGE_LOOP('',(#483));
#2521=EDGE_LOOP('',(#484));
#2522=EDGE_LOOP('',(#485));
#2523=EDGE_LOOP('',(#486));
#2524=EDGE_LOOP('',(#487));
#2525=EDGE_LOOP('',(#488,#489,#490,#491,#492,#493,#494,#495,#496,#497,#498,
#499,#500,#501,#502,#503,#504,#505,#506,#507,#508,#509,#510,#511,#512,#513));
#2526=EDGE_LOOP('',(#514));
#2527=EDGE_LOOP('',(#515));
#2528=EDGE_LOOP('',(#516));
#2529=EDGE_LOOP('',(#517));
#2530=EDGE_LOOP('',(#518));
#2531=EDGE_LOOP('',(#519));
#2532=EDGE_LOOP('',(#520));
#2533=EDGE_LOOP('',(#521));
#2534=EDGE_LOOP('',(#522,#523,#524,#525));
#2535=EDGE_LOOP('',(#526,#527,#528,#529));
#2536=EDGE_LOOP('',(#530,#531,#532,#533));
#2537=EDGE_LOOP('',(#534,#535,#536,#537,#538,#539,#540,#541));
#2538=EDGE_LOOP('',(#542,#543,#544,#545));
#2539=EDGE_LOOP('',(#546));
#2540=EDGE_LOOP('',(#547,#548,#549,#550));
#2541=EDGE_LOOP('',(#551));
#2542=EDGE_LOOP('',(#552));
#2543=EDGE_LOOP('',(#553));
#2544=EDGE_LOOP('',(#554));
#2545=EDGE_LOOP('',(#555,#556,#557,#558,#559,#560));
#2546=EDGE_LOOP('',(#561));
#2547=EDGE_LOOP('',(#562));
#2548=EDGE_LOOP('',(#563));
#2549=EDGE_LOOP('',(#564));
#2550=EDGE_LOOP('',(#565));
#2551=EDGE_LOOP('',(#566));
#2552=EDGE_LOOP('',(#567));
#2553=EDGE_LOOP('',(#568));
#2554=EDGE_LOOP('',(#569));
#2555=EDGE_LOOP('',(#570));
#2556=EDGE_LOOP('',(#571));
#2557=EDGE_LOOP('',(#572));
#2558=EDGE_LOOP('',(#573));
#2559=EDGE_LOOP('',(#574));
#2560=EDGE_LOOP('',(#575));
#2561=EDGE_LOOP('',(#576,#577,#578,#579));
#2562=EDGE_LOOP('',(#580,#581,#582,#583));
#2563=EDGE_LOOP('',(#584,#585,#586,#587));
#2564=EDGE_LOOP('',(#588,#589,#590,#591));
#2565=EDGE_LOOP('',(#592,#593,#594,#595));
#2566=EDGE_LOOP('',(#596,#597,#598,#599));
#2567=EDGE_LOOP('',(#600,#601,#602,#603));
#2568=EDGE_LOOP('',(#604,#605,#606,#607));
#2569=EDGE_LOOP('',(#608,#609,#610,#611));
#2570=EDGE_LOOP('',(#612,#613,#614,#615));
#2571=EDGE_LOOP('',(#616,#617,#618,#619));
#2572=EDGE_LOOP('',(#620,#621,#622,#623));
#2573=EDGE_LOOP('',(#624,#625,#626,#627));
#2574=EDGE_LOOP('',(#628,#629,#630,#631));
#2575=EDGE_LOOP('',(#632,#633,#634,#635));
#2576=EDGE_LOOP('',(#636,#637,#638,#639));
#2577=EDGE_LOOP('',(#640,#641,#642,#643));
#2578=EDGE_LOOP('',(#644,#645,#646,#647));
#2579=EDGE_LOOP('',(#648,#649,#650,#651));
#2580=EDGE_LOOP('',(#652,#653,#654,#655));
#2581=EDGE_LOOP('',(#656,#657,#658,#659));
#2582=EDGE_LOOP('',(#660,#661,#662,#663));
#2583=EDGE_LOOP('',(#664,#665,#666,#667));
#2584=EDGE_LOOP('',(#668,#669,#670,#671));
#2585=EDGE_LOOP('',(#672));
#2586=EDGE_LOOP('',(#673));
#2587=EDGE_LOOP('',(#674));
#2588=EDGE_LOOP('',(#675,#676,#677,#678,#679,#680,#681,#682));
#2589=EDGE_LOOP('',(#683,#684,#685,#686,#687,#688,#689,#690,#691,#692,#693,
#694));
#2590=EDGE_LOOP('',(#695,#696,#697,#698,#699,#700,#701,#702,#703,#704,#705,
#706,#707,#708,#709,#710));
#2591=EDGE_LOOP('',(#711,#712,#713,#714,#715,#716));
#2592=EDGE_LOOP('',(#717,#718,#719,#720,#721,#722,#723,#724,#725,#726));
#2593=EDGE_LOOP('',(#727,#728,#729,#730));
#2594=EDGE_LOOP('',(#731,#732,#733,#734));
#2595=EDGE_LOOP('',(#735,#736,#737,#738));
#2596=EDGE_LOOP('',(#739,#740,#741,#742));
#2597=EDGE_LOOP('',(#743));
#2598=EDGE_LOOP('',(#744,#745));
#2599=EDGE_LOOP('',(#746));
#2600=EDGE_LOOP('',(#747,#748));
#2601=EDGE_LOOP('',(#749));
#2602=EDGE_LOOP('',(#750));
#2603=EDGE_LOOP('',(#751));
#2604=EDGE_LOOP('',(#752));
#2605=EDGE_LOOP('',(#753));
#2606=EDGE_LOOP('',(#754));
#2607=EDGE_LOOP('',(#755));
#2608=EDGE_LOOP('',(#756));
#2609=EDGE_LOOP('',(#757,#758,#759,#760));
#2610=EDGE_LOOP('',(#761,#762,#763,#764,#765,#766,#767,#768));
#2611=EDGE_LOOP('',(#769,#770,#771,#772));
#2612=EDGE_LOOP('',(#773));
#2613=EDGE_LOOP('',(#774));
#2614=EDGE_LOOP('',(#775,#776,#777,#778));
#2615=EDGE_LOOP('',(#779,#780,#781,#782));
#2616=EDGE_LOOP('',(#783,#784,#785,#786));
#2617=EDGE_LOOP('',(#787,#788,#789,#790));
#2618=EDGE_LOOP('',(#791,#792,#793,#794));
#2619=EDGE_LOOP('',(#795,#796,#797,#798));
#2620=EDGE_LOOP('',(#799,#800,#801,#802));
#2621=EDGE_LOOP('',(#803,#804,#805,#806));
#2622=EDGE_LOOP('',(#807,#808,#809,#810));
#2623=EDGE_LOOP('',(#811,#812,#813,#814));
#2624=EDGE_LOOP('',(#815,#816,#817,#818));
#2625=EDGE_LOOP('',(#819,#820,#821,#822));
#2626=EDGE_LOOP('',(#823,#824,#825,#826,#827,#828,#829,#830,#831,#832,#833,
#834));
#2627=EDGE_LOOP('',(#835,#836,#837,#838));
#2628=EDGE_LOOP('',(#839,#840,#841,#842));
#2629=EDGE_LOOP('',(#843,#844,#845,#846));
#2630=EDGE_LOOP('',(#847,#848,#849,#850));
#2631=EDGE_LOOP('',(#851,#852,#853,#854));
#2632=EDGE_LOOP('',(#855,#856,#857,#858));
#2633=EDGE_LOOP('',(#859,#860,#861,#862));
#2634=EDGE_LOOP('',(#863,#864,#865,#866));
#2635=EDGE_LOOP('',(#867,#868,#869,#870));
#2636=EDGE_LOOP('',(#871,#872,#873,#874));
#2637=EDGE_LOOP('',(#875,#876,#877,#878));
#2638=EDGE_LOOP('',(#879,#880,#881,#882));
#2639=EDGE_LOOP('',(#883,#884,#885,#886));
#2640=EDGE_LOOP('',(#887,#888,#889,#890));
#2641=EDGE_LOOP('',(#891,#892,#893,#894));
#2642=EDGE_LOOP('',(#895,#896,#897,#898));
#2643=EDGE_LOOP('',(#899,#900,#901,#902,#903,#904,#905,#906,#907,#908,#909,
#910,#911,#912,#913,#914));
#2644=EDGE_LOOP('',(#915,#916,#917,#918));
#2645=EDGE_LOOP('',(#919,#920,#921,#922));
#2646=EDGE_LOOP('',(#923,#924,#925,#926));
#2647=EDGE_LOOP('',(#927,#928,#929,#930));
#2648=EDGE_LOOP('',(#931,#932,#933,#934));
#2649=EDGE_LOOP('',(#935,#936,#937,#938));
#2650=EDGE_LOOP('',(#939,#940,#941,#942,#943,#944));
#2651=EDGE_LOOP('',(#945,#946,#947,#948));
#2652=EDGE_LOOP('',(#949,#950,#951,#952));
#2653=EDGE_LOOP('',(#953,#954,#955,#956));
#2654=EDGE_LOOP('',(#957,#958,#959,#960));
#2655=EDGE_LOOP('',(#961,#962,#963,#964));
#2656=EDGE_LOOP('',(#965,#966,#967,#968));
#2657=EDGE_LOOP('',(#969,#970,#971,#972));
#2658=EDGE_LOOP('',(#973,#974,#975,#976));
#2659=EDGE_LOOP('',(#977,#978,#979,#980));
#2660=EDGE_LOOP('',(#981,#982,#983,#984));
#2661=EDGE_LOOP('',(#985,#986,#987,#988,#989,#990,#991,#992,#993,#994));
#2662=EDGE_LOOP('',(#995));
#2663=EDGE_LOOP('',(#996));
#2664=EDGE_LOOP('',(#997,#998,#999,#1000,#1001,#1002));
#2665=EDGE_LOOP('',(#1003));
#2666=EDGE_LOOP('',(#1004));
#2667=EDGE_LOOP('',(#1005));
#2668=FACE_BOUND('',#2425,.T.);
#2669=FACE_BOUND('',#2426,.T.);
#2670=FACE_BOUND('',#2427,.T.);
#2671=FACE_BOUND('',#2428,.T.);
#2672=FACE_BOUND('',#2429,.T.);
#2673=FACE_BOUND('',#2430,.T.);
#2674=FACE_BOUND('',#2431,.T.);
#2675=FACE_BOUND('',#2432,.T.);
#2676=FACE_BOUND('',#2433,.T.);
#2677=FACE_BOUND('',#2434,.T.);
#2678=FACE_BOUND('',#2435,.T.);
#2679=FACE_BOUND('',#2436,.T.);
#2680=FACE_BOUND('',#2437,.T.);
#2681=FACE_BOUND('',#2438,.T.);
#2682=FACE_BOUND('',#2439,.T.);
#2683=FACE_BOUND('',#2440,.T.);
#2684=FACE_BOUND('',#2441,.T.);
#2685=FACE_BOUND('',#2442,.T.);
#2686=FACE_BOUND('',#2443,.T.);
#2687=FACE_BOUND('',#2444,.T.);
#2688=FACE_BOUND('',#2445,.T.);
#2689=FACE_BOUND('',#2446,.T.);
#2690=FACE_BOUND('',#2447,.T.);
#2691=FACE_BOUND('',#2448,.T.);
#2692=FACE_BOUND('',#2449,.T.);
#2693=FACE_BOUND('',#2450,.T.);
#2694=FACE_BOUND('',#2451,.T.);
#2695=FACE_BOUND('',#2452,.T.);
#2696=FACE_BOUND('',#2453,.T.);
#2697=FACE_BOUND('',#2454,.T.);
#2698=FACE_BOUND('',#2455,.T.);
#2699=FACE_BOUND('',#2456,.T.);
#2700=FACE_BOUND('',#2457,.T.);
#2701=FACE_BOUND('',#2458,.T.);
#2702=FACE_BOUND('',#2459,.T.);
#2703=FACE_BOUND('',#2460,.T.);
#2704=FACE_BOUND('',#2461,.T.);
#2705=FACE_BOUND('',#2462,.T.);
#2706=FACE_BOUND('',#2463,.T.);
#2707=FACE_BOUND('',#2464,.T.);
#2708=FACE_BOUND('',#2465,.T.);
#2709=FACE_BOUND('',#2466,.T.);
#2710=FACE_BOUND('',#2467,.T.);
#2711=FACE_BOUND('',#2468,.T.);
#2712=FACE_BOUND('',#2469,.T.);
#2713=FACE_BOUND('',#2470,.T.);
#2714=FACE_BOUND('',#2471,.T.);
#2715=FACE_BOUND('',#2472,.T.);
#2716=FACE_BOUND('',#2473,.T.);
#2717=FACE_BOUND('',#2474,.T.);
#2718=FACE_BOUND('',#2475,.T.);
#2719=FACE_BOUND('',#2476,.T.);
#2720=FACE_BOUND('',#2477,.T.);
#2721=FACE_BOUND('',#2478,.T.);
#2722=FACE_BOUND('',#2479,.T.);
#2723=FACE_BOUND('',#2480,.T.);
#2724=FACE_BOUND('',#2481,.T.);
#2725=FACE_BOUND('',#2482,.T.);
#2726=FACE_BOUND('',#2483,.T.);
#2727=FACE_BOUND('',#2484,.T.);
#2728=FACE_BOUND('',#2485,.T.);
#2729=FACE_BOUND('',#2486,.T.);
#2730=FACE_BOUND('',#2487,.T.);
#2731=FACE_BOUND('',#2488,.T.);
#2732=FACE_BOUND('',#2489,.T.);
#2733=FACE_BOUND('',#2490,.T.);
#2734=FACE_BOUND('',#2491,.T.);
#2735=FACE_BOUND('',#2492,.T.);
#2736=FACE_BOUND('',#2493,.T.);
#2737=FACE_BOUND('',#2494,.T.);
#2738=FACE_BOUND('',#2495,.T.);
#2739=FACE_BOUND('',#2496,.T.);
#2740=FACE_BOUND('',#2497,.T.);
#2741=FACE_BOUND('',#2498,.T.);
#2742=FACE_BOUND('',#2499,.T.);
#2743=FACE_BOUND('',#2500,.T.);
#2744=FACE_BOUND('',#2501,.T.);
#2745=FACE_BOUND('',#2502,.T.);
#2746=FACE_BOUND('',#2503,.T.);
#2747=FACE_BOUND('',#2504,.T.);
#2748=FACE_BOUND('',#2505,.T.);
#2749=FACE_BOUND('',#2506,.T.);
#2750=FACE_BOUND('',#2507,.T.);
#2751=FACE_BOUND('',#2508,.T.);
#2752=FACE_BOUND('',#2509,.T.);
#2753=FACE_BOUND('',#2510,.T.);
#2754=FACE_BOUND('',#2511,.T.);
#2755=FACE_BOUND('',#2512,.T.);
#2756=FACE_BOUND('',#2513,.T.);
#2757=FACE_BOUND('',#2514,.T.);
#2758=FACE_BOUND('',#2515,.T.);
#2759=FACE_BOUND('',#2516,.T.);
#2760=FACE_BOUND('',#2517,.T.);
#2761=FACE_BOUND('',#2518,.T.);
#2762=FACE_BOUND('',#2519,.T.);
#2763=FACE_BOUND('',#2520,.T.);
#2764=FACE_BOUND('',#2521,.T.);
#2765=FACE_BOUND('',#2522,.T.);
#2766=FACE_BOUND('',#2523,.T.);
#2767=FACE_BOUND('',#2524,.T.);
#2768=FACE_BOUND('',#2525,.T.);
#2769=FACE_BOUND('',#2526,.T.);
#2770=FACE_BOUND('',#2527,.T.);
#2771=FACE_BOUND('',#2528,.T.);
#2772=FACE_BOUND('',#2529,.T.);
#2773=FACE_BOUND('',#2530,.T.);
#2774=FACE_BOUND('',#2531,.T.);
#2775=FACE_BOUND('',#2532,.T.);
#2776=FACE_BOUND('',#2533,.T.);
#2777=FACE_BOUND('',#2534,.T.);
#2778=FACE_BOUND('',#2535,.T.);
#2779=FACE_BOUND('',#2536,.T.);
#2780=FACE_BOUND('',#2537,.T.);
#2781=FACE_BOUND('',#2538,.T.);
#2782=FACE_BOUND('',#2539,.T.);
#2783=FACE_BOUND('',#2540,.T.);
#2784=FACE_BOUND('',#2541,.T.);
#2785=FACE_BOUND('',#2542,.T.);
#2786=FACE_BOUND('',#2543,.T.);
#2787=FACE_BOUND('',#2544,.T.);
#2788=FACE_BOUND('',#2545,.T.);
#2789=FACE_BOUND('',#2546,.T.);
#2790=FACE_BOUND('',#2547,.T.);
#2791=FACE_BOUND('',#2548,.T.);
#2792=FACE_BOUND('',#2549,.T.);
#2793=FACE_BOUND('',#2550,.T.);
#2794=FACE_BOUND('',#2551,.T.);
#2795=FACE_BOUND('',#2552,.T.);
#2796=FACE_BOUND('',#2553,.T.);
#2797=FACE_BOUND('',#2554,.T.);
#2798=FACE_BOUND('',#2555,.T.);
#2799=FACE_BOUND('',#2556,.T.);
#2800=FACE_BOUND('',#2557,.T.);
#2801=FACE_BOUND('',#2558,.T.);
#2802=FACE_BOUND('',#2559,.T.);
#2803=FACE_BOUND('',#2560,.T.);
#2804=FACE_BOUND('',#2561,.T.);
#2805=FACE_BOUND('',#2562,.T.);
#2806=FACE_BOUND('',#2563,.T.);
#2807=FACE_BOUND('',#2564,.T.);
#2808=FACE_BOUND('',#2565,.T.);
#2809=FACE_BOUND('',#2566,.T.);
#2810=FACE_BOUND('',#2567,.T.);
#2811=FACE_BOUND('',#2568,.T.);
#2812=FACE_BOUND('',#2569,.T.);
#2813=FACE_BOUND('',#2570,.T.);
#2814=FACE_BOUND('',#2571,.T.);
#2815=FACE_BOUND('',#2572,.T.);
#2816=FACE_BOUND('',#2573,.T.);
#2817=FACE_BOUND('',#2574,.T.);
#2818=FACE_BOUND('',#2575,.T.);
#2819=FACE_BOUND('',#2576,.T.);
#2820=FACE_BOUND('',#2577,.T.);
#2821=FACE_BOUND('',#2578,.T.);
#2822=FACE_BOUND('',#2579,.T.);
#2823=FACE_BOUND('',#2580,.T.);
#2824=FACE_BOUND('',#2581,.T.);
#2825=FACE_BOUND('',#2582,.T.);
#2826=FACE_BOUND('',#2583,.T.);
#2827=FACE_BOUND('',#2584,.T.);
#2828=FACE_BOUND('',#2585,.T.);
#2829=FACE_BOUND('',#2586,.T.);
#2830=FACE_BOUND('',#2587,.T.);
#2831=FACE_BOUND('',#2588,.T.);
#2832=FACE_BOUND('',#2589,.T.);
#2833=FACE_BOUND('',#2590,.T.);
#2834=FACE_BOUND('',#2591,.T.);
#2835=FACE_BOUND('',#2592,.T.);
#2836=FACE_BOUND('',#2593,.T.);
#2837=FACE_BOUND('',#2594,.T.);
#2838=FACE_BOUND('',#2595,.T.);
#2839=FACE_BOUND('',#2596,.T.);
#2840=FACE_BOUND('',#2597,.T.);
#2841=FACE_BOUND('',#2598,.T.);
#2842=FACE_BOUND('',#2599,.T.);
#2843=FACE_BOUND('',#2600,.T.);
#2844=FACE_BOUND('',#2601,.T.);
#2845=FACE_BOUND('',#2602,.T.);
#2846=FACE_BOUND('',#2603,.T.);
#2847=FACE_BOUND('',#2604,.T.);
#2848=FACE_BOUND('',#2605,.T.);
#2849=FACE_BOUND('',#2606,.T.);
#2850=FACE_BOUND('',#2607,.T.);
#2851=FACE_BOUND('',#2608,.T.);
#2852=FACE_BOUND('',#2609,.T.);
#2853=FACE_BOUND('',#2610,.T.);
#2854=FACE_BOUND('',#2611,.T.);
#2855=FACE_BOUND('',#2612,.T.);
#2856=FACE_BOUND('',#2613,.T.);
#2857=FACE_BOUND('',#2614,.T.);
#2858=FACE_BOUND('',#2615,.T.);
#2859=FACE_BOUND('',#2616,.T.);
#2860=FACE_BOUND('',#2617,.T.);
#2861=FACE_BOUND('',#2618,.T.);
#2862=FACE_BOUND('',#2619,.T.);
#2863=FACE_BOUND('',#2620,.T.);
#2864=FACE_BOUND('',#2621,.T.);
#2865=FACE_BOUND('',#2622,.T.);
#2866=FACE_BOUND('',#2623,.T.);
#2867=FACE_BOUND('',#2624,.T.);
#2868=FACE_BOUND('',#2625,.T.);
#2869=FACE_BOUND('',#2626,.T.);
#2870=FACE_BOUND('',#2627,.T.);
#2871=FACE_BOUND('',#2628,.T.);
#2872=FACE_BOUND('',#2629,.T.);
#2873=FACE_BOUND('',#2630,.T.);
#2874=FACE_BOUND('',#2631,.T.);
#2875=FACE_BOUND('',#2632,.T.);
#2876=FACE_BOUND('',#2633,.T.);
#2877=FACE_BOUND('',#2634,.T.);
#2878=FACE_BOUND('',#2635,.T.);
#2879=FACE_BOUND('',#2636,.T.);
#2880=FACE_BOUND('',#2637,.T.);
#2881=FACE_BOUND('',#2638,.T.);
#2882=FACE_BOUND('',#2639,.T.);
#2883=FACE_BOUND('',#2640,.T.);
#2884=FACE_BOUND('',#2641,.T.);
#2885=FACE_BOUND('',#2642,.T.);
#2886=FACE_BOUND('',#2643,.T.);
#2887=FACE_BOUND('',#2644,.T.);
#2888=FACE_BOUND('',#2645,.T.);
#2889=FACE_BOUND('',#2646,.T.);
#2890=FACE_BOUND('',#2647,.T.);
#2891=FACE_BOUND('',#2648,.T.);
#2892=FACE_BOUND('',#2649,.T.);
#2893=FACE_BOUND('',#2650,.T.);
#2894=FACE_BOUND('',#2651,.T.);
#2895=FACE_BOUND('',#2652,.T.);
#2896=FACE_BOUND('',#2653,.T.);
#2897=FACE_BOUND('',#2654,.T.);
#2898=FACE_BOUND('',#2655,.T.);
#2899=FACE_BOUND('',#2656,.T.);
#2900=FACE_BOUND('',#2657,.T.);
#2901=FACE_BOUND('',#2658,.T.);
#2902=FACE_BOUND('',#2659,.T.);
#2903=FACE_BOUND('',#2660,.T.);
#2904=FACE_BOUND('',#2661,.T.);
#2905=FACE_BOUND('',#2662,.T.);
#2906=FACE_BOUND('',#2663,.T.);
#2907=FACE_BOUND('',#2664,.T.);
#2908=FACE_BOUND('',#2665,.T.);
#2909=FACE_BOUND('',#2666,.T.);
#2910=FACE_BOUND('',#2667,.T.);
#2911=PLANE('',#3274);
#2912=PLANE('',#3275);
#2913=PLANE('',#3276);
#2914=PLANE('',#3277);
#2915=PLANE('',#3278);
#2916=PLANE('',#3279);
#2917=PLANE('',#3280);
#2918=PLANE('',#3281);
#2919=PLANE('',#3282);
#2920=PLANE('',#3283);
#2921=PLANE('',#3284);
#2922=PLANE('',#3285);
#2923=PLANE('',#3286);
#2924=PLANE('',#3287);
#2925=PLANE('',#3288);
#2926=PLANE('',#3289);
#2927=PLANE('',#3290);
#2928=PLANE('',#3291);
#2929=PLANE('',#3293);
#2930=PLANE('',#3296);
#2931=PLANE('',#3299);
#2932=PLANE('',#3300);
#2933=PLANE('',#3301);
#2934=PLANE('',#3304);
#2935=PLANE('',#3305);
#2936=PLANE('',#3306);
#2937=PLANE('',#3307);
#2938=PLANE('',#3308);
#2939=PLANE('',#3309);
#2940=PLANE('',#3310);
#2941=PLANE('',#3311);
#2942=PLANE('',#3312);
#2943=PLANE('',#3313);
#2944=PLANE('',#3315);
#2945=PLANE('',#3318);
#2946=PLANE('',#3321);
#2947=PLANE('',#3322);
#2948=PLANE('',#3323);
#2949=PLANE('',#3326);
#2950=PLANE('',#3327);
#2951=PLANE('',#3328);
#2952=PLANE('',#3329);
#2953=PLANE('',#3330);
#2954=PLANE('',#3331);
#2955=PLANE('',#3332);
#2956=PLANE('',#3333);
#2957=PLANE('',#3335);
#2958=PLANE('',#3337);
#2959=PLANE('',#3339);
#2960=PLANE('',#3340);
#2961=PLANE('',#3355);
#2962=PLANE('',#3356);
#2963=PLANE('',#3378);
#2964=PLANE('',#3383);
#2965=PLANE('',#3386);
#2966=PLANE('',#3387);
#2967=PLANE('',#3388);
#2968=PLANE('',#3392);
#2969=PLANE('',#3397);
#2970=PLANE('',#3400);
#2971=PLANE('',#3403);
#2972=PLANE('',#3406);
#2973=PLANE('',#3409);
#2974=PLANE('',#3410);
#2975=PLANE('',#3411);
#2976=PLANE('',#3412);
#2977=PLANE('',#3413);
#2978=PLANE('',#3414);
#2979=PLANE('',#3415);
#2980=PLANE('',#3416);
#2981=PLANE('',#3417);
#2982=PLANE('',#3418);
#2983=PLANE('',#3419);
#2984=PLANE('',#3420);
#2985=PLANE('',#3421);
#2986=PLANE('',#3422);
#2987=PLANE('',#3423);
#2988=PLANE('',#3424);
#2989=PLANE('',#3425);
#2990=PLANE('',#3426);
#2991=PLANE('',#3427);
#2992=PLANE('',#3428);
#2993=PLANE('',#3429);
#2994=PLANE('',#3430);
#2995=PLANE('',#3431);
#2996=PLANE('',#3432);
#2997=PLANE('',#3434);
#2998=PLANE('',#3440);
#2999=PLANE('',#3441);
#3000=PLANE('',#3442);
#3001=PLANE('',#3443);
#3002=PLANE('',#3465);
#3003=PLANE('',#3466);
#3004=PLANE('',#3467);
#3005=PLANE('',#3468);
#3006=PLANE('',#3469);
#3007=PLANE('',#3470);
#3008=PLANE('',#3471);
#3009=PLANE('',#3472);
#3010=PLANE('',#3473);
#3011=PLANE('',#3474);
#3012=PLANE('',#3475);
#3013=PLANE('',#3476);
#3014=PLANE('',#3477);
#3015=PLANE('',#3478);
#3016=PLANE('',#3479);
#3017=PLANE('',#3480);
#3018=PLANE('',#3481);
#3019=PLANE('',#3482);
#3020=PLANE('',#3483);
#3021=PLANE('',#3484);
#3022=PLANE('',#3485);
#3023=PLANE('',#3486);
#3024=PLANE('',#3487);
#3025=PLANE('',#3488);
#3026=PLANE('',#3489);
#3027=PLANE('',#3490);
#3028=PLANE('',#3491);
#3029=PLANE('',#3492);
#3030=PLANE('',#3493);
#3031=PLANE('',#3494);
#3032=PLANE('',#3495);
#3033=PLANE('',#3496);
#3034=PLANE('',#3497);
#3035=PLANE('',#3498);
#3036=PLANE('',#3499);
#3037=PLANE('',#3500);
#3038=PLANE('',#3501);
#3039=PLANE('',#3502);
#3040=PLANE('',#3503);
#3041=ADVANCED_FACE('',(#2668),#2911,.T.);
#3042=ADVANCED_FACE('',(#2669),#2912,.T.);
#3043=ADVANCED_FACE('',(#2670),#2913,.F.);
#3044=ADVANCED_FACE('',(#2671),#2914,.T.);
#3045=ADVANCED_FACE('',(#2672),#2915,.T.);
#3046=ADVANCED_FACE('',(#2673),#2916,.F.);
#3047=ADVANCED_FACE('',(#2674),#2917,.F.);
#3048=ADVANCED_FACE('',(#2675),#2918,.F.);
#3049=ADVANCED_FACE('',(#2676),#2919,.F.);
#3050=ADVANCED_FACE('',(#2677),#2920,.T.);
#3051=ADVANCED_FACE('',(#2678),#2921,.T.);
#3052=ADVANCED_FACE('',(#2679),#2922,.T.);
#3053=ADVANCED_FACE('',(#2680),#2923,.T.);
#3054=ADVANCED_FACE('',(#2681),#2924,.T.);
#3055=ADVANCED_FACE('',(#2682),#2925,.F.);
#3056=ADVANCED_FACE('',(#2683),#2926,.F.);
#3057=ADVANCED_FACE('',(#2684),#2927,.T.);
#3058=ADVANCED_FACE('',(#2685),#2928,.T.);
#3059=ADVANCED_FACE('',(#2686),#2929,.F.);
#3060=ADVANCED_FACE('',(#2687),#2930,.T.);
#3061=ADVANCED_FACE('',(#2688),#2931,.T.);
#3062=ADVANCED_FACE('',(#2689,#2690,#2691),#2932,.F.);
#3063=ADVANCED_FACE('',(#2692),#2933,.F.);
#3064=ADVANCED_FACE('',(#2693),#47,.T.);
#3065=ADVANCED_FACE('',(#2694),#48,.T.);
#3066=ADVANCED_FACE('',(#2695),#2934,.T.);
#3067=ADVANCED_FACE('',(#2696),#2935,.F.);
#3068=ADVANCED_FACE('',(#2697),#2936,.F.);
#3069=ADVANCED_FACE('',(#2698),#2937,.T.);
#3070=ADVANCED_FACE('',(#2699),#2938,.T.);
#3071=ADVANCED_FACE('',(#2700),#2939,.T.);
#3072=ADVANCED_FACE('',(#2701),#2940,.F.);
#3073=ADVANCED_FACE('',(#2702),#2941,.F.);
#3074=ADVANCED_FACE('',(#2703),#2942,.T.);
#3075=ADVANCED_FACE('',(#2704),#2943,.T.);
#3076=ADVANCED_FACE('',(#2705),#2944,.T.);
#3077=ADVANCED_FACE('',(#2706),#2945,.F.);
#3078=ADVANCED_FACE('',(#2707),#2946,.T.);
#3079=ADVANCED_FACE('',(#2708),#2947,.F.);
#3080=ADVANCED_FACE('',(#2709),#2948,.T.);
#3081=ADVANCED_FACE('',(#2710),#49,.T.);
#3082=ADVANCED_FACE('',(#2711),#50,.T.);
#3083=ADVANCED_FACE('',(#2712),#2949,.T.);
#3084=ADVANCED_FACE('',(#2713),#2950,.F.);
#3085=ADVANCED_FACE('',(#2714),#2951,.T.);
#3086=ADVANCED_FACE('',(#2715),#2952,.T.);
#3087=ADVANCED_FACE('',(#2716),#2953,.T.);
#3088=ADVANCED_FACE('',(#2717),#2954,.F.);
#3089=ADVANCED_FACE('',(#2718),#2955,.T.);
#3090=ADVANCED_FACE('',(#2719),#2956,.T.);
#3091=ADVANCED_FACE('',(#2720,#2721,#2722),#2957,.F.);
#3092=ADVANCED_FACE('',(#2723,#2724,#2725),#2958,.F.);
#3093=ADVANCED_FACE('',(#2726),#2959,.T.);
#3094=ADVANCED_FACE('',(#2727,#2728,#2729,#2730,#2731,#2732,#2733,#2734,
#2735,#2736,#2737),#2960,.F.);
#3095=ADVANCED_FACE('',(#2738,#2739),#51,.F.);
#3096=ADVANCED_FACE('',(#2740,#2741),#52,.F.);
#3097=ADVANCED_FACE('',(#2742),#2961,.T.);
#3098=ADVANCED_FACE('',(#2743),#2962,.T.);
#3099=ADVANCED_FACE('',(#2744,#2745),#53,.F.);
#3100=ADVANCED_FACE('',(#2746,#2747),#54,.F.);
#3101=ADVANCED_FACE('',(#2748,#2749),#55,.F.);
#3102=ADVANCED_FACE('',(#2750,#2751),#56,.F.);
#3103=ADVANCED_FACE('',(#2752,#2753),#57,.F.);
#3104=ADVANCED_FACE('',(#2754,#2755),#58,.F.);
#3105=ADVANCED_FACE('',(#2756,#2757),#59,.F.);
#3106=ADVANCED_FACE('',(#2758,#2759),#60,.F.);
#3107=ADVANCED_FACE('',(#2760,#2761),#44,.T.);
#3108=ADVANCED_FACE('',(#2762,#2763),#45,.T.);
#3109=ADVANCED_FACE('',(#2764,#2765),#61,.F.);
#3110=ADVANCED_FACE('',(#2766,#2767,#2768,#2769,#2770,#2771,#2772,#2773,
#2774,#2775,#2776),#2963,.T.);
#3111=ADVANCED_FACE('',(#2777),#62,.T.);
#3112=ADVANCED_FACE('',(#2778),#2964,.T.);
#3113=ADVANCED_FACE('',(#2779),#63,.T.);
#3114=ADVANCED_FACE('',(#2780),#2965,.F.);
#3115=ADVANCED_FACE('',(#2781),#2966,.F.);
#3116=ADVANCED_FACE('',(#2782,#2783),#2967,.F.);
#3117=ADVANCED_FACE('',(#2784,#2785),#64,.F.);
#3118=ADVANCED_FACE('',(#2786,#2787,#2788,#2789,#2790,#2791),#2968,.T.);
#3119=ADVANCED_FACE('',(#2792),#2969,.T.);
#3120=ADVANCED_FACE('',(#2793,#2794),#65,.F.);
#3121=ADVANCED_FACE('',(#2795),#2970,.T.);
#3122=ADVANCED_FACE('',(#2796,#2797),#66,.F.);
#3123=ADVANCED_FACE('',(#2798),#2971,.T.);
#3124=ADVANCED_FACE('',(#2799,#2800),#67,.F.);
#3125=ADVANCED_FACE('',(#2801),#2972,.T.);
#3126=ADVANCED_FACE('',(#2802,#2803),#68,.F.);
#3127=ADVANCED_FACE('',(#2804),#2973,.T.);
#3128=ADVANCED_FACE('',(#2805),#2974,.F.);
#3129=ADVANCED_FACE('',(#2806),#2975,.F.);
#3130=ADVANCED_FACE('',(#2807),#2976,.T.);
#3131=ADVANCED_FACE('',(#2808),#2977,.T.);
#3132=ADVANCED_FACE('',(#2809),#2978,.F.);
#3133=ADVANCED_FACE('',(#2810),#2979,.F.);
#3134=ADVANCED_FACE('',(#2811),#2980,.T.);
#3135=ADVANCED_FACE('',(#2812),#2981,.T.);
#3136=ADVANCED_FACE('',(#2813),#2982,.F.);
#3137=ADVANCED_FACE('',(#2814),#2983,.F.);
#3138=ADVANCED_FACE('',(#2815),#2984,.T.);
#3139=ADVANCED_FACE('',(#2816),#2985,.T.);
#3140=ADVANCED_FACE('',(#2817),#2986,.F.);
#3141=ADVANCED_FACE('',(#2818),#2987,.T.);
#3142=ADVANCED_FACE('',(#2819),#2988,.T.);
#3143=ADVANCED_FACE('',(#2820),#2989,.T.);
#3144=ADVANCED_FACE('',(#2821),#2990,.F.);
#3145=ADVANCED_FACE('',(#2822),#2991,.T.);
#3146=ADVANCED_FACE('',(#2823),#2992,.T.);
#3147=ADVANCED_FACE('',(#2824),#2993,.T.);
#3148=ADVANCED_FACE('',(#2825),#2994,.F.);
#3149=ADVANCED_FACE('',(#2826),#2995,.F.);
#3150=ADVANCED_FACE('',(#2827),#2996,.T.);
#3151=ADVANCED_FACE('',(#2828,#2829,#2830,#2831,#2832,#2833,#2834,#2835),
#2997,.T.);
#3152=ADVANCED_FACE('',(#2836),#2998,.F.);
#3153=ADVANCED_FACE('',(#2837),#2999,.F.);
#3154=ADVANCED_FACE('',(#2838),#3000,.T.);
#3155=ADVANCED_FACE('',(#2839),#3001,.T.);
#3156=ADVANCED_FACE('',(#2840,#2841),#69,.F.);
#3157=ADVANCED_FACE('',(#2842,#2843),#70,.F.);
#3158=ADVANCED_FACE('',(#2844,#2845),#71,.F.);
#3159=ADVANCED_FACE('',(#2846,#2847),#72,.F.);
#3160=ADVANCED_FACE('',(#2848,#2849),#73,.F.);
#3161=ADVANCED_FACE('',(#2850,#2851),#74,.T.);
#3162=ADVANCED_FACE('',(#2852),#75,.T.);
#3163=ADVANCED_FACE('',(#2853),#76,.T.);
#3164=ADVANCED_FACE('',(#2854),#77,.T.);
#3165=ADVANCED_FACE('',(#2855,#2856),#46,.T.);
#3166=ADVANCED_FACE('',(#2857),#3002,.T.);
#3167=ADVANCED_FACE('',(#2858),#3003,.T.);
#3168=ADVANCED_FACE('',(#2859),#3004,.T.);
#3169=ADVANCED_FACE('',(#2860),#3005,.T.);
#3170=ADVANCED_FACE('',(#2861),#3006,.T.);
#3171=ADVANCED_FACE('',(#2862),#3007,.T.);
#3172=ADVANCED_FACE('',(#2863),#3008,.T.);
#3173=ADVANCED_FACE('',(#2864),#3009,.T.);
#3174=ADVANCED_FACE('',(#2865),#3010,.T.);
#3175=ADVANCED_FACE('',(#2866),#3011,.T.);
#3176=ADVANCED_FACE('',(#2867),#3012,.T.);
#3177=ADVANCED_FACE('',(#2868),#3013,.T.);
#3178=ADVANCED_FACE('',(#2869),#3014,.T.);
#3179=ADVANCED_FACE('',(#2870),#10,.T.);
#3180=ADVANCED_FACE('',(#2871),#11,.T.);
#3181=ADVANCED_FACE('',(#2872),#12,.T.);
#3182=ADVANCED_FACE('',(#2873),#13,.T.);
#3183=ADVANCED_FACE('',(#2874),#3015,.T.);
#3184=ADVANCED_FACE('',(#2875),#3016,.T.);
#3185=ADVANCED_FACE('',(#2876),#3017,.T.);
#3186=ADVANCED_FACE('',(#2877),#14,.T.);
#3187=ADVANCED_FACE('',(#2878),#15,.T.);
#3188=ADVANCED_FACE('',(#2879),#16,.T.);
#3189=ADVANCED_FACE('',(#2880),#17,.T.);
#3190=ADVANCED_FACE('',(#2881),#3018,.T.);
#3191=ADVANCED_FACE('',(#2882),#3019,.T.);
#3192=ADVANCED_FACE('',(#2883),#3020,.T.);
#3193=ADVANCED_FACE('',(#2884),#18,.T.);
#3194=ADVANCED_FACE('',(#2885),#19,.T.);
#3195=ADVANCED_FACE('',(#2886),#3021,.T.);
#3196=ADVANCED_FACE('',(#2887),#3022,.T.);
#3197=ADVANCED_FACE('',(#2888),#3023,.T.);
#3198=ADVANCED_FACE('',(#2889),#3024,.T.);
#3199=ADVANCED_FACE('',(#2890),#3025,.T.);
#3200=ADVANCED_FACE('',(#2891),#3026,.T.);
#3201=ADVANCED_FACE('',(#2892),#3027,.T.);
#3202=ADVANCED_FACE('',(#2893),#3028,.T.);
#3203=ADVANCED_FACE('',(#2894),#3029,.T.);
#3204=ADVANCED_FACE('',(#2895),#3030,.T.);
#3205=ADVANCED_FACE('',(#2896),#3031,.T.);
#3206=ADVANCED_FACE('',(#2897),#3032,.T.);
#3207=ADVANCED_FACE('',(#2898),#3033,.T.);
#3208=ADVANCED_FACE('',(#2899),#3034,.T.);
#3209=ADVANCED_FACE('',(#2900),#3035,.T.);
#3210=ADVANCED_FACE('',(#2901),#3036,.T.);
#3211=ADVANCED_FACE('',(#2902),#3037,.T.);
#3212=ADVANCED_FACE('',(#2903),#3038,.T.);
#3213=ADVANCED_FACE('',(#2904),#3039,.T.);
#3214=ADVANCED_FACE('',(#2905,#2906,#2907,#2908,#2909,#2910),#3040,.F.);
#3215=CLOSED_SHELL('',(#3041,#3042,#3043,#3044,#3045,#3046,#3047,#3048,
#3049,#3050,#3051,#3052,#3053,#3054,#3055,#3056,#3057,#3058));
#3216=CLOSED_SHELL('',(#3059,#3060,#3061,#3062,#3063,#3064,#3065,#3066,
#3067,#3068,#3069,#3070,#3071,#3072,#3073,#3074,#3075));
#3217=CLOSED_SHELL('',(#3076,#3077,#3078,#3079,#3080,#3081,#3082,#3083,
#3084,#3085,#3086,#3087,#3088,#3089,#3090));
#3218=CLOSED_SHELL('',(#3091,#3092,#3093,#3094,#3095,#3096,#3097,#3098,
#3099,#3100,#3101,#3102,#3103,#3104,#3105,#3106,#3107,#3108,#3109,#3110,
#3111,#3112,#3113,#3114,#3115,#3116,#3117,#3118,#3119,#3120,#3121,#3122,
#3123,#3124,#3125,#3126,#3127,#3128,#3129,#3130,#3131,#3132,#3133,#3134,
#3135,#3136,#3137,#3138,#3139,#3140,#3141,#3142,#3143,#3144,#3145,#3146,
#3147,#3148,#3149,#3150));
#3219=CLOSED_SHELL('',(#3151,#3152,#3153,#3154,#3155,#3156,#3157,#3158,
#3159,#3160,#3161,#3162,#3163,#3164,#3165,#3166,#3167,#3168,#3169,#3170,
#3171,#3172,#3173,#3174,#3175,#3176,#3177,#3178,#3179,#3180,#3181,#3182,
#3183,#3184,#3185,#3186,#3187,#3188,#3189,#3190,#3191,#3192,#3193,#3194,
#3195,#3196,#3197,#3198,#3199,#3200,#3201,#3202,#3203,#3204,#3205,#3206,
#3207,#3208,#3209,#3210,#3211,#3212,#3213,#3214));
#3220=STYLED_ITEM('',(#3225),#3258);
#3221=STYLED_ITEM('',(#3226),#3259);
#3222=STYLED_ITEM('',(#3227),#3260);
#3223=STYLED_ITEM('',(#3228),#3261);
#3224=STYLED_ITEM('',(#3229),#3262);
#3225=PRESENTATION_STYLE_ASSIGNMENT((#3230));
#3226=PRESENTATION_STYLE_ASSIGNMENT((#3231));
#3227=PRESENTATION_STYLE_ASSIGNMENT((#3232));
#3228=PRESENTATION_STYLE_ASSIGNMENT((#3233));
#3229=PRESENTATION_STYLE_ASSIGNMENT((#3234));
#3230=SURFACE_STYLE_USAGE(.BOTH.,#3235);
#3231=SURFACE_STYLE_USAGE(.BOTH.,#3236);
#3232=SURFACE_STYLE_USAGE(.BOTH.,#3237);
#3233=SURFACE_STYLE_USAGE(.BOTH.,#3238);
#3234=SURFACE_STYLE_USAGE(.BOTH.,#3239);
#3235=SURFACE_SIDE_STYLE('',(#3240));
#3236=SURFACE_SIDE_STYLE('',(#3241));
#3237=SURFACE_SIDE_STYLE('',(#3242));
#3238=SURFACE_SIDE_STYLE('',(#3243));
#3239=SURFACE_SIDE_STYLE('',(#3244));
#3240=SURFACE_STYLE_FILL_AREA(#3245);
#3241=SURFACE_STYLE_FILL_AREA(#3246);
#3242=SURFACE_STYLE_FILL_AREA(#3247);
#3243=SURFACE_STYLE_FILL_AREA(#3248);
#3244=SURFACE_STYLE_FILL_AREA(#3249);
#3245=FILL_AREA_STYLE('',(#3250));
#3246=FILL_AREA_STYLE('',(#3251));
#3247=FILL_AREA_STYLE('',(#3252));
#3248=FILL_AREA_STYLE('',(#3253));
#3249=FILL_AREA_STYLE('',(#3254));
#3250=FILL_AREA_STYLE_COLOUR('',#3255);
#3251=FILL_AREA_STYLE_COLOUR('',#3256);
#3252=FILL_AREA_STYLE_COLOUR('',#3256);
#3253=FILL_AREA_STYLE_COLOUR('',#3257);
#3254=FILL_AREA_STYLE_COLOUR('',#3257);
#3255=COLOUR_RGB('',0.917647058823529,0.917647058823529,0.917647058823529);
#3256=COLOUR_RGB('',0.647058823529412,0.647058823529412,0.647058823529412);
#3257=COLOUR_RGB('',0.615686274509804,0.811764705882353,0.929411764705882);
#3258=MANIFOLD_SOLID_BREP('Part 3',#3215);
#3259=MANIFOLD_SOLID_BREP('Part 1',#3216);
#3260=MANIFOLD_SOLID_BREP('Part 2',#3217);
#3261=MANIFOLD_SOLID_BREP('Part 5',#3218);
#3262=MANIFOLD_SOLID_BREP('Part 6',#3219);
#3263=SHAPE_DEFINITION_REPRESENTATION(#5379,#3268);
#3264=SHAPE_DEFINITION_REPRESENTATION(#5380,#3269);
#3265=SHAPE_DEFINITION_REPRESENTATION(#5381,#3270);
#3266=SHAPE_DEFINITION_REPRESENTATION(#5382,#3271);
#3267=SHAPE_DEFINITION_REPRESENTATION(#5383,#3272);
#3268=SHAPE_REPRESENTATION('Part 3',(#3273),#5354);
#3269=SHAPE_REPRESENTATION('Part 1',(#3292),#5355);
#3270=SHAPE_REPRESENTATION('Part 2',(#3314),#5356);
#3271=SHAPE_REPRESENTATION('Part 5',(#3334),#5357);
#3272=SHAPE_REPRESENTATION('Part 6',(#3433),#5358);
#3273=AXIS2_PLACEMENT_3D('',#4311,#3504,#3505);
#3274=AXIS2_PLACEMENT_3D('',#4312,#3506,#3507);
#3275=AXIS2_PLACEMENT_3D('',#4321,#3512,#3513);
#3276=AXIS2_PLACEMENT_3D('',#4343,#3525,#3526);
#3277=AXIS2_PLACEMENT_3D('',#4354,#3533,#3534);
#3278=AXIS2_PLACEMENT_3D('',#4366,#3541,#3542);
#3279=AXIS2_PLACEMENT_3D('',#4370,#3545,#3546);
#3280=AXIS2_PLACEMENT_3D('',#4377,#3551,#3552);
#3281=AXIS2_PLACEMENT_3D('',#4378,#3553,#3554);
#3282=AXIS2_PLACEMENT_3D('',#4384,#3558,#3559);
#3283=AXIS2_PLACEMENT_3D('',#4388,#3562,#3563);
#3284=AXIS2_PLACEMENT_3D('',#4392,#3566,#3567);
#3285=AXIS2_PLACEMENT_3D('',#4394,#3569,#3570);
#3286=AXIS2_PLACEMENT_3D('',#4397,#3573,#3574);
#3287=AXIS2_PLACEMENT_3D('',#4398,#3575,#3576);
#3288=AXIS2_PLACEMENT_3D('',#4399,#3577,#3578);
#3289=AXIS2_PLACEMENT_3D('',#4403,#3581,#3582);
#3290=AXIS2_PLACEMENT_3D('',#4407,#3585,#3586);
#3291=AXIS2_PLACEMENT_3D('',#4409,#3588,#3589);
#3292=AXIS2_PLACEMENT_3D('',#4410,#3590,#3591);
#3293=AXIS2_PLACEMENT_3D('',#4411,#3592,#3593);
#3294=AXIS2_PLACEMENT_3D('',#4412,#3594,#3595);
#3295=AXIS2_PLACEMENT_3D('',#4415,#3596,#3597);
#3296=AXIS2_PLACEMENT_3D('',#4422,#3601,#3602);
#3297=AXIS2_PLACEMENT_3D('',#4426,#3604,#3605);
#3298=AXIS2_PLACEMENT_3D('',#4428,#3606,#3607);
#3299=AXIS2_PLACEMENT_3D('',#4433,#3610,#3611);
#3300=AXIS2_PLACEMENT_3D('',#4436,#3614,#3615);
#3301=AXIS2_PLACEMENT_3D('',#4455,#3626,#3627);
#3302=AXIS2_PLACEMENT_3D('',#4456,#3628,#3629);
#3303=AXIS2_PLACEMENT_3D('',#4458,#3631,#3632);
#3304=AXIS2_PLACEMENT_3D('',#4459,#3633,#3634);
#3305=AXIS2_PLACEMENT_3D('',#4465,#3638,#3639);
#3306=AXIS2_PLACEMENT_3D('',#4469,#3642,#3643);
#3307=AXIS2_PLACEMENT_3D('',#4473,#3646,#3647);
#3308=AXIS2_PLACEMENT_3D('',#4475,#3649,#3650);
#3309=AXIS2_PLACEMENT_3D('',#4476,#3651,#3652);
#3310=AXIS2_PLACEMENT_3D('',#4482,#3656,#3657);
#3311=AXIS2_PLACEMENT_3D('',#4486,#3660,#3661);
#3312=AXIS2_PLACEMENT_3D('',#4490,#3664,#3665);
#3313=AXIS2_PLACEMENT_3D('',#4492,#3667,#3668);
#3314=AXIS2_PLACEMENT_3D('',#4493,#3669,#3670);
#3315=AXIS2_PLACEMENT_3D('',#4494,#3671,#3672);
#3316=AXIS2_PLACEMENT_3D('',#4498,#3674,#3675);
#3317=AXIS2_PLACEMENT_3D('',#4500,#3676,#3677);
#3318=AXIS2_PLACEMENT_3D('',#4521,#3688,#3689);
#3319=AXIS2_PLACEMENT_3D('',#4522,#3690,#3691);
#3320=AXIS2_PLACEMENT_3D('',#4525,#3692,#3693);
#3321=AXIS2_PLACEMENT_3D('',#4532,#3697,#3698);
#3322=AXIS2_PLACEMENT_3D('',#4535,#3701,#3702);
#3323=AXIS2_PLACEMENT_3D('',#4548,#3711,#3712);
#3324=AXIS2_PLACEMENT_3D('',#4549,#3713,#3714);
#3325=AXIS2_PLACEMENT_3D('',#4551,#3716,#3717);
#3326=AXIS2_PLACEMENT_3D('',#4552,#3718,#3719);
#3327=AXIS2_PLACEMENT_3D('',#4556,#3722,#3723);
#3328=AXIS2_PLACEMENT_3D('',#4560,#3726,#3727);
#3329=AXIS2_PLACEMENT_3D('',#4562,#3729,#3730);
#3330=AXIS2_PLACEMENT_3D('',#4563,#3731,#3732);
#3331=AXIS2_PLACEMENT_3D('',#4567,#3735,#3736);
#3332=AXIS2_PLACEMENT_3D('',#4571,#3739,#3740);
#3333=AXIS2_PLACEMENT_3D('',#4573,#3742,#3743);
#3334=AXIS2_PLACEMENT_3D('',#4574,#3744,#3745);
#3335=AXIS2_PLACEMENT_3D('',#4575,#3746,#3747);
#3336=AXIS2_PLACEMENT_3D('',#4576,#3748,#3749);
#3337=AXIS2_PLACEMENT_3D('',#4610,#3766,#3767);
#3338=AXIS2_PLACEMENT_3D('',#4619,#3772,#3773);
#3339=AXIS2_PLACEMENT_3D('',#4629,#3778,#3779);
#3340=AXIS2_PLACEMENT_3D('',#4654,#3792,#3793);
#3341=AXIS2_PLACEMENT_3D('',#4655,#3794,#3795);
#3342=AXIS2_PLACEMENT_3D('',#4657,#3796,#3797);
#3343=AXIS2_PLACEMENT_3D('',#4659,#3798,#3799);
#3344=AXIS2_PLACEMENT_3D('',#4661,#3800,#3801);
#3345=AXIS2_PLACEMENT_3D('',#4663,#3802,#3803);
#3346=AXIS2_PLACEMENT_3D('',#4665,#3804,#3805);
#3347=AXIS2_PLACEMENT_3D('',#4667,#3806,#3807);
#3348=AXIS2_PLACEMENT_3D('',#4669,#3808,#3809);
#3349=AXIS2_PLACEMENT_3D('',#4671,#3810,#3811);
#3350=AXIS2_PLACEMENT_3D('',#4673,#3812,#3813);
#3351=AXIS2_PLACEMENT_3D('',#4680,#3817,#3818);
#3352=AXIS2_PLACEMENT_3D('',#4681,#3819,#3820);
#3353=AXIS2_PLACEMENT_3D('',#4683,#3821,#3822);
#3354=AXIS2_PLACEMENT_3D('',#4684,#3823,#3824);
#3355=AXIS2_PLACEMENT_3D('',#4686,#3825,#3826);
#3356=AXIS2_PLACEMENT_3D('',#4692,#3830,#3831);
#3357=AXIS2_PLACEMENT_3D('',#4694,#3833,#3834);
#3358=AXIS2_PLACEMENT_3D('',#4695,#3835,#3836);
#3359=AXIS2_PLACEMENT_3D('',#4697,#3837,#3838);
#3360=AXIS2_PLACEMENT_3D('',#4698,#3839,#3840);
#3361=AXIS2_PLACEMENT_3D('',#4700,#3841,#3842);
#3362=AXIS2_PLACEMENT_3D('',#4701,#3843,#3844);
#3363=AXIS2_PLACEMENT_3D('',#4703,#3845,#3846);
#3364=AXIS2_PLACEMENT_3D('',#4704,#3847,#3848);
#3365=AXIS2_PLACEMENT_3D('',#4706,#3849,#3850);
#3366=AXIS2_PLACEMENT_3D('',#4707,#3851,#3852);
#3367=AXIS2_PLACEMENT_3D('',#4709,#3853,#3854);
#3368=AXIS2_PLACEMENT_3D('',#4710,#3855,#3856);
#3369=AXIS2_PLACEMENT_3D('',#4712,#3857,#3858);
#3370=AXIS2_PLACEMENT_3D('',#4713,#3859,#3860);
#3371=AXIS2_PLACEMENT_3D('',#4715,#3861,#3862);
#3372=AXIS2_PLACEMENT_3D('',#4716,#3863,#3864);
#3373=AXIS2_PLACEMENT_3D('',#4718,#3865,#3866);
#3374=AXIS2_PLACEMENT_3D('',#4719,#3867,#3868);
#3375=AXIS2_PLACEMENT_3D('',#4721,#3869,#3870);
#3376=AXIS2_PLACEMENT_3D('',#4722,#3871,#3872);
#3377=AXIS2_PLACEMENT_3D('',#4724,#3873,#3874);
#3378=AXIS2_PLACEMENT_3D('',#4725,#3875,#3876);
#3379=AXIS2_PLACEMENT_3D('',#4736,#3883,#3884);
#3380=AXIS2_PLACEMENT_3D('',#4748,#3890,#3891);
#3381=AXIS2_PLACEMENT_3D('',#4760,#3899,#3900);
#3382=AXIS2_PLACEMENT_3D('',#4761,#3901,#3902);
#3383=AXIS2_PLACEMENT_3D('',#4764,#3904,#3905);
#3384=AXIS2_PLACEMENT_3D('',#4766,#3907,#3908);
#3385=AXIS2_PLACEMENT_3D('',#4769,#3910,#3911);
#3386=AXIS2_PLACEMENT_3D('',#4770,#3912,#3913);
#3387=AXIS2_PLACEMENT_3D('',#4777,#3918,#3919);
#3388=AXIS2_PLACEMENT_3D('',#4779,#3921,#3922);
#3389=AXIS2_PLACEMENT_3D('',#4780,#3923,#3924);
#3390=AXIS2_PLACEMENT_3D('',#4782,#3925,#3926);
#3391=AXIS2_PLACEMENT_3D('',#4783,#3927,#3928);
#3392=AXIS2_PLACEMENT_3D('',#4785,#3929,#3930);
#3393=AXIS2_PLACEMENT_3D('',#4786,#3931,#3932);
#3394=AXIS2_PLACEMENT_3D('',#4788,#3933,#3934);
#3395=AXIS2_PLACEMENT_3D('',#4790,#3935,#3936);
#3396=AXIS2_PLACEMENT_3D('',#4792,#3937,#3938);
#3397=AXIS2_PLACEMENT_3D('',#4794,#3939,#3940);
#3398=AXIS2_PLACEMENT_3D('',#4795,#3941,#3942);
#3399=AXIS2_PLACEMENT_3D('',#4797,#3943,#3944);
#3400=AXIS2_PLACEMENT_3D('',#4798,#3945,#3946);
#3401=AXIS2_PLACEMENT_3D('',#4799,#3947,#3948);
#3402=AXIS2_PLACEMENT_3D('',#4801,#3949,#3950);
#3403=AXIS2_PLACEMENT_3D('',#4802,#3951,#3952);
#3404=AXIS2_PLACEMENT_3D('',#4803,#3953,#3954);
#3405=AXIS2_PLACEMENT_3D('',#4805,#3955,#3956);
#3406=AXIS2_PLACEMENT_3D('',#4806,#3957,#3958);
#3407=AXIS2_PLACEMENT_3D('',#4807,#3959,#3960);
#3408=AXIS2_PLACEMENT_3D('',#4809,#3961,#3962);
#3409=AXIS2_PLACEMENT_3D('',#4810,#3963,#3964);
#3410=AXIS2_PLACEMENT_3D('',#4814,#3967,#3968);
#3411=AXIS2_PLACEMENT_3D('',#4818,#3971,#3972);
#3412=AXIS2_PLACEMENT_3D('',#4820,#3974,#3975);
#3413=AXIS2_PLACEMENT_3D('',#4821,#3976,#3977);
#3414=AXIS2_PLACEMENT_3D('',#4825,#3980,#3981);
#3415=AXIS2_PLACEMENT_3D('',#4829,#3984,#3985);
#3416=AXIS2_PLACEMENT_3D('',#4831,#3987,#3988);
#3417=AXIS2_PLACEMENT_3D('',#4832,#3989,#3990);
#3418=AXIS2_PLACEMENT_3D('',#4836,#3993,#3994);
#3419=AXIS2_PLACEMENT_3D('',#4840,#3997,#3998);
#3420=AXIS2_PLACEMENT_3D('',#4842,#4000,#4001);
#3421=AXIS2_PLACEMENT_3D('',#4843,#4002,#4003);
#3422=AXIS2_PLACEMENT_3D('',#4847,#4006,#4007);
#3423=AXIS2_PLACEMENT_3D('',#4851,#4010,#4011);
#3424=AXIS2_PLACEMENT_3D('',#4853,#4013,#4014);
#3425=AXIS2_PLACEMENT_3D('',#4854,#4015,#4016);
#3426=AXIS2_PLACEMENT_3D('',#4860,#4020,#4021);
#3427=AXIS2_PLACEMENT_3D('',#4862,#4023,#4024);
#3428=AXIS2_PLACEMENT_3D('',#4864,#4026,#4027);
#3429=AXIS2_PLACEMENT_3D('',#4865,#4028,#4029);
#3430=AXIS2_PLACEMENT_3D('',#4868,#4032,#4033);
#3431=AXIS2_PLACEMENT_3D('',#4870,#4035,#4036);
#3432=AXIS2_PLACEMENT_3D('',#4872,#4038,#4039);
#3433=AXIS2_PLACEMENT_3D('',#4873,#4040,#4041);
#3434=AXIS2_PLACEMENT_3D('',#4874,#4042,#4043);
#3435=AXIS2_PLACEMENT_3D('',#4875,#4044,#4045);
#3436=AXIS2_PLACEMENT_3D('',#4877,#4046,#4047);
#3437=AXIS2_PLACEMENT_3D('',#4879,#4048,#4049);
#3438=AXIS2_PLACEMENT_3D('',#4886,#4052,#4053);
#3439=AXIS2_PLACEMENT_3D('',#4890,#4055,#4056);
#3440=AXIS2_PLACEMENT_3D('',#5005,#4094,#4095);
#3441=AXIS2_PLACEMENT_3D('',#5011,#4099,#4100);
#3442=AXIS2_PLACEMENT_3D('',#5020,#4105,#4106);
#3443=AXIS2_PLACEMENT_3D('',#5026,#4110,#4111);
#3444=AXIS2_PLACEMENT_3D('',#5028,#4113,#4114);
#3445=AXIS2_PLACEMENT_3D('',#5029,#4115,#4116);
#3446=AXIS2_PLACEMENT_3D('',#5042,#4117,#4118);
#3447=AXIS2_PLACEMENT_3D('',#5043,#4119,#4120);
#3448=AXIS2_PLACEMENT_3D('',#5056,#4121,#4122);
#3449=AXIS2_PLACEMENT_3D('',#5057,#4123,#4124);
#3450=AXIS2_PLACEMENT_3D('',#5059,#4125,#4126);
#3451=AXIS2_PLACEMENT_3D('',#5060,#4127,#4128);
#3452=AXIS2_PLACEMENT_3D('',#5062,#4129,#4130);
#3453=AXIS2_PLACEMENT_3D('',#5063,#4131,#4132);
#3454=AXIS2_PLACEMENT_3D('',#5065,#4133,#4134);
#3455=AXIS2_PLACEMENT_3D('',#5067,#4135,#4136);
#3456=AXIS2_PLACEMENT_3D('',#5068,#4137,#4138);
#3457=AXIS2_PLACEMENT_3D('',#5070,#4139,#4140);
#3458=AXIS2_PLACEMENT_3D('',#5071,#4141,#4142);
#3459=AXIS2_PLACEMENT_3D('',#5072,#4143,#4144);
#3460=AXIS2_PLACEMENT_3D('',#5073,#4145,#4146);
#3461=AXIS2_PLACEMENT_3D('',#5074,#4147,#4148);
#3462=AXIS2_PLACEMENT_3D('',#5075,#4149,#4150);
#3463=AXIS2_PLACEMENT_3D('',#5076,#4151,#4152);
#3464=AXIS2_PLACEMENT_3D('',#5077,#4153,#4154);
#3465=AXIS2_PLACEMENT_3D('',#5078,#4155,#4156);
#3466=AXIS2_PLACEMENT_3D('',#5084,#4160,#4161);
#3467=AXIS2_PLACEMENT_3D('',#5088,#4164,#4165);
#3468=AXIS2_PLACEMENT_3D('',#5092,#4168,#4169);
#3469=AXIS2_PLACEMENT_3D('',#5096,#4172,#4173);
#3470=AXIS2_PLACEMENT_3D('',#5100,#4176,#4177);
#3471=AXIS2_PLACEMENT_3D('',#5104,#4180,#4181);
#3472=AXIS2_PLACEMENT_3D('',#5108,#4184,#4185);
#3473=AXIS2_PLACEMENT_3D('',#5112,#4188,#4189);
#3474=AXIS2_PLACEMENT_3D('',#5116,#4192,#4193);
#3475=AXIS2_PLACEMENT_3D('',#5120,#4196,#4197);
#3476=AXIS2_PLACEMENT_3D('',#5124,#4200,#4201);
#3477=AXIS2_PLACEMENT_3D('',#5126,#4203,#4204);
#3478=AXIS2_PLACEMENT_3D('',#5181,#4210,#4211);
#3479=AXIS2_PLACEMENT_3D('',#5185,#4214,#4215);
#3480=AXIS2_PLACEMENT_3D('',#5189,#4218,#4219);
#3481=AXIS2_PLACEMENT_3D('',#5245,#4226,#4227);
#3482=AXIS2_PLACEMENT_3D('',#5249,#4230,#4231);
#3483=AXIS2_PLACEMENT_3D('',#5253,#4234,#4235);
#3484=AXIS2_PLACEMENT_3D('',#5281,#4239,#4240);
#3485=AXIS2_PLACEMENT_3D('',#5282,#4241,#4242);
#3486=AXIS2_PLACEMENT_3D('',#5288,#4246,#4247);
#3487=AXIS2_PLACEMENT_3D('',#5292,#4250,#4251);
#3488=AXIS2_PLACEMENT_3D('',#5296,#4254,#4255);
#3489=AXIS2_PLACEMENT_3D('',#5300,#4258,#4259);
#3490=AXIS2_PLACEMENT_3D('',#5304,#4262,#4263);
#3491=AXIS2_PLACEMENT_3D('',#5306,#4265,#4266);
#3492=AXIS2_PLACEMENT_3D('',#5307,#4267,#4268);
#3493=AXIS2_PLACEMENT_3D('',#5313,#4272,#4273);
#3494=AXIS2_PLACEMENT_3D('',#5317,#4276,#4277);
#3495=AXIS2_PLACEMENT_3D('',#5321,#4280,#4281);
#3496=AXIS2_PLACEMENT_3D('',#5325,#4284,#4285);
#3497=AXIS2_PLACEMENT_3D('',#5329,#4288,#4289);
#3498=AXIS2_PLACEMENT_3D('',#5333,#4292,#4293);
#3499=AXIS2_PLACEMENT_3D('',#5337,#4296,#4297);
#3500=AXIS2_PLACEMENT_3D('',#5341,#4300,#4301);
#3501=AXIS2_PLACEMENT_3D('',#5345,#4304,#4305);
#3502=AXIS2_PLACEMENT_3D('',#5347,#4307,#4308);
#3503=AXIS2_PLACEMENT_3D('',#5348,#4309,#4310);
#3504=DIRECTION('',(0.,0.,1.));
#3505=DIRECTION('',(1.,0.,0.));
#3506=DIRECTION('',(-0.702943272720956,-0.711245917623681,4.35512518212231E-17));
#3507=DIRECTION('',(0.711245917623681,-0.702943272720956,0.));
#3508=DIRECTION('',(-0.711245917623681,0.702943272720956,-4.30428614459942E-17));
#3509=DIRECTION('',(0.,-6.12323399573677E-17,-1.));
#3510=DIRECTION('',(-0.711245917623681,0.702943272720956,-4.30428614459942E-17));
#3511=DIRECTION('',(0.,-6.12323399573677E-17,-1.));
#3512=DIRECTION('',(0.,-6.12323399573677E-17,-1.));
#3513=DIRECTION('',(1.,0.,0.));
#3514=DIRECTION('',(1.,0.,0.));
#3515=DIRECTION('',(0.707083407313861,-0.707130154286621,4.32992340013842E-17));
#3516=DIRECTION('',(0.999999991427338,-0.000130940151363934,8.01777186238559E-21));
#3517=DIRECTION('',(0.707399451092366,0.706813990095145,-4.32798745281294E-17));
#3518=DIRECTION('',(-1.,0.,0.));
#3519=DIRECTION('',(0.707083407313861,-0.707130154286621,4.32992340013842E-17));
#3520=DIRECTION('',(-1.,0.,0.));
#3521=DIRECTION('',(-0.711245917623681,0.702943272720956,-4.30428614459942E-17));
#3522=DIRECTION('',(1.,0.,0.));
#3523=DIRECTION('',(0.711068673370727,0.703122565240794,-4.30538399465207E-17));
#3524=DIRECTION('',(1.,0.,0.));
#3525=DIRECTION('',(-0.50001652727756,-0.499983472176122,0.707106781186547));
#3526=DIRECTION('',(-0.707083407313861,0.707130154286621,-4.32992340013842E-17));
#3527=DIRECTION('',(-0.816487584617315,-3.53532869855702E-17,-0.577362991683553));
#3528=DIRECTION('',(0.707083407313861,-0.707130154286621,4.32992340013842E-17));
#3529=DIRECTION('',(0.816487584617315,3.53532869855702E-17,0.577362991683553));
#3530=DIRECTION('',(0.816487584617315,3.53532869855702E-17,0.577362991683553));
#3531=DIRECTION('',(0.707083407313861,-0.707130154286621,4.32992340013842E-17));
#3532=DIRECTION('',(-0.81652321616802,0.000106915674433755,-0.577312589528127));
#3533=DIRECTION('',(0.,1.,-6.12323399573677E-17));
#3534=DIRECTION('',(-1.,0.,0.));
#3535=DIRECTION('',(-1.,0.,0.));
#3536=DIRECTION('',(0.816609276267058,-3.53427470153446E-17,-0.577190860907024));
#3537=DIRECTION('',(-1.,0.,0.));
#3538=DIRECTION('',(0.,-6.12323399573677E-17,-1.));
#3539=DIRECTION('',(-1.,0.,0.));
#3540=DIRECTION('',(0.,-6.12323399573677E-17,-1.));
#3541=DIRECTION('',(-0.000130940151363934,-0.999999991427338,6.12323394324435E-17));
#3542=DIRECTION('',(0.999999991427338,-0.000130940151363934,8.01777186238559E-21));
#3543=DIRECTION('',(0.999999991427338,-0.000130940151363934,8.01777186238559E-21));
#3544=DIRECTION('',(-0.816573619456452,0.000106922274248067,0.577241294932558));
#3545=DIRECTION('',(0.,-6.12323399573677E-17,-1.));
#3546=DIRECTION('',(1.,0.,0.));
#3547=DIRECTION('',(0.,-1.,6.12323399573677E-17));
#3548=DIRECTION('',(1.,0.,0.));
#3549=DIRECTION('',(0.,-1.,6.12323399573677E-17));
#3550=DIRECTION('',(0.707399451092366,0.706813990095145,-4.32798745281294E-17));
#3551=DIRECTION('',(0.499792965433797,-0.500206948875051,0.70710678118655));
#3552=DIRECTION('',(-0.707399451092366,-0.706813990095145,4.32798745281294E-17));
#3553=DIRECTION('',(-0.703122565240794,0.711068673370727,-4.35403987408708E-17));
#3554=DIRECTION('',(-0.711068673370727,-0.703122565240794,0.));
#3555=DIRECTION('',(0.,-6.12323399573677E-17,-1.));
#3556=DIRECTION('',(0.711068673370727,0.703122565240794,-4.30538399465207E-17));
#3557=DIRECTION('',(0.,-6.12323399573677E-17,-1.));
#3558=DIRECTION('',(0.,1.,-6.12323399573677E-17));
#3559=DIRECTION('',(0.,6.12323399573677E-17,1.));
#3560=DIRECTION('',(0.,-6.12323399573677E-17,-1.));
#3561=DIRECTION('',(1.,0.,0.));
#3562=DIRECTION('',(-0.702943272720956,-0.711245917623681,4.35512518212231E-17));
#3563=DIRECTION('',(0.711245917623681,-0.702943272720956,0.));
#3564=DIRECTION('',(0.,-6.12323399573677E-17,-1.));
#3565=DIRECTION('',(-0.711245917623681,0.702943272720956,-4.30428614459942E-17));
#3566=DIRECTION('',(0.,1.,-6.12323399573677E-17));
#3567=DIRECTION('',(0.,6.12323399573677E-17,1.));
#3568=DIRECTION('',(1.,0.,0.));
#3569=DIRECTION('',(0.,-6.12323399573677E-17,-1.));
#3570=DIRECTION('',(1.,0.,0.));
#3571=DIRECTION('',(-1.,0.,0.));
#3572=DIRECTION('',(1.,0.,0.));
#3573=DIRECTION('',(0.,1.,-6.12323399573677E-17));
#3574=DIRECTION('',(0.,6.12323399573677E-17,1.));
#3575=DIRECTION('',(0.,-1.,6.12323399573677E-17));
#3576=DIRECTION('',(0.,-6.12323399573677E-17,-1.));
#3577=DIRECTION('',(1.,0.,0.));
#3578=DIRECTION('',(0.,0.,-1.));
#3579=DIRECTION('',(0.,-6.12323399573677E-17,-1.));
#3580=DIRECTION('',(0.,-1.,6.12323399573677E-17));
#3581=DIRECTION('',(0.,1.,-6.12323399573677E-17));
#3582=DIRECTION('',(0.,6.12323399573677E-17,1.));
#3583=DIRECTION('',(0.,-6.12323399573677E-17,-1.));
#3584=DIRECTION('',(1.,0.,0.));
#3585=DIRECTION('',(1.,0.,0.));
#3586=DIRECTION('',(0.,0.,-1.));
#3587=DIRECTION('',(0.,-1.,6.12323399573677E-17));
#3588=DIRECTION('',(0.,6.12323399573677E-17,1.));
#3589=DIRECTION('',(1.,0.,0.));
#3590=DIRECTION('',(0.,0.,1.));
#3591=DIRECTION('',(1.,0.,0.));
#3592=DIRECTION('',(0.707106781186547,-0.707106781186548,0.));
#3593=DIRECTION('',(0.,0.,-1.));
#3594=DIRECTION('',(0.707106781186547,-0.707106781186548,0.));
#3595=DIRECTION('',(0.707106781186548,0.707106781186547,0.));
#3596=DIRECTION('',(0.707106781186547,-0.707106781186548,0.));
#3597=DIRECTION('',(0.707106781186548,0.707106781186547,0.));
#3598=DIRECTION('',(0.,0.,-1.));
#3599=DIRECTION('',(-0.5,-0.5,-0.707106781186549));
#3600=DIRECTION('',(0.,0.,-1.));
#3601=DIRECTION('',(0.707106781186547,-0.707106781186548,0.));
#3602=DIRECTION('',(0.,0.,-1.));
#3603=DIRECTION('',(0.,0.,-1.));
#3604=DIRECTION('',(0.707106781186547,-0.707106781186548,0.));
#3605=DIRECTION('',(0.707106781186548,0.707106781186547,0.));
#3606=DIRECTION('',(0.707106781186547,-0.707106781186548,0.));
#3607=DIRECTION('',(0.707106781186548,0.707106781186547,0.));
#3608=DIRECTION('',(0.,0.,-1.));
#3609=DIRECTION('',(0.5,0.5,0.707106781186549));
#3610=DIRECTION('',(-0.707106781186548,-0.707106781186547,0.));
#3611=DIRECTION('',(0.707106781186547,-0.707106781186548,0.));
#3612=DIRECTION('',(0.707106781186547,-0.707106781186548,0.));
#3613=DIRECTION('',(-0.707106781186547,0.707106781186548,0.));
#3614=DIRECTION('',(-0.707106781186548,-0.707106781186547,0.));
#3615=DIRECTION('',(0.707106781186547,-0.707106781186548,0.));
#3616=DIRECTION('',(0.707106781186547,-0.707106781186548,0.));
#3617=DIRECTION('',(0.,0.,-1.));
#3618=DIRECTION('',(0.707106781186547,-0.707106781186548,0.));
#3619=DIRECTION('',(0.,0.,-1.));
#3620=DIRECTION('',(0.707106781186547,-0.707106781186548,0.));
#3621=DIRECTION('',(0.,0.,-1.));
#3622=DIRECTION('',(0.707106781186547,-0.707106781186548,0.));
#3623=DIRECTION('',(0.,0.,-1.));
#3624=DIRECTION('',(0.707106781186547,-0.707106781186548,0.));
#3625=DIRECTION('',(-0.707106781186547,0.707106781186548,-1.61771349781076E-16));
#3626=DIRECTION('',(0.5,0.5,-0.707106781186547));
#3627=DIRECTION('',(0.707106781186547,-0.707106781186548,0.));
#3628=DIRECTION('',(0.707106781186547,-0.707106781186548,0.));
#3629=DIRECTION('',(0.707106781186548,0.707106781186547,0.));
#3630=DIRECTION('',(0.707106781186547,-0.707106781186548,0.));
#3631=DIRECTION('',(-0.707106781186547,0.707106781186548,0.));
#3632=DIRECTION('',(-0.707106781186548,-0.707106781186547,0.));
#3633=DIRECTION('',(-0.707106781186547,0.707106781186548,0.));
#3634=DIRECTION('',(-0.707106781186548,-0.707106781186547,0.));
#3635=DIRECTION('',(-0.707106781186548,-0.707106781186547,0.));
#3636=DIRECTION('',(0.,0.,-1.));
#3637=DIRECTION('',(-0.707106781186548,-0.707106781186547,0.));
#3638=DIRECTION('',(0.,0.,-1.));
#3639=DIRECTION('',(-1.,0.,0.));
#3640=DIRECTION('',(-0.707106781186548,-0.707106781186547,0.));
#3641=DIRECTION('',(0.707106781186547,-0.707106781186548,0.));
#3642=DIRECTION('',(-0.707106781186547,0.707106781186548,0.));
#3643=DIRECTION('',(-0.707106781186548,-0.707106781186547,0.));
#3644=DIRECTION('',(-0.707106781186548,-0.707106781186547,0.));
#3645=DIRECTION('',(0.,0.,-1.));
#3646=DIRECTION('',(0.,0.,-1.));
#3647=DIRECTION('',(-1.,0.,0.));
#3648=DIRECTION('',(0.707106781186547,-0.707106781186548,0.));
#3649=DIRECTION('',(0.707106781186548,0.707106781186547,0.));
#3650=DIRECTION('',(-0.707106781186547,0.707106781186548,0.));
#3651=DIRECTION('',(-0.707106781186547,0.707106781186548,0.));
#3652=DIRECTION('',(-0.707106781186548,-0.707106781186547,0.));
#3653=DIRECTION('',(-0.707106781186548,-0.707106781186547,0.));
#3654=DIRECTION('',(0.,0.,-1.));
#3655=DIRECTION('',(-0.707106781186548,-0.707106781186547,0.));
#3656=DIRECTION('',(0.,0.,-1.));
#3657=DIRECTION('',(-1.,0.,0.));
#3658=DIRECTION('',(-0.707106781186548,-0.707106781186547,0.));
#3659=DIRECTION('',(0.707106781186547,-0.707106781186548,0.));
#3660=DIRECTION('',(-0.707106781186547,0.707106781186548,0.));
#3661=DIRECTION('',(-0.707106781186548,-0.707106781186547,0.));
#3662=DIRECTION('',(-0.707106781186548,-0.707106781186547,0.));
#3663=DIRECTION('',(0.,0.,-1.));
#3664=DIRECTION('',(0.,0.,-1.));
#3665=DIRECTION('',(-1.,0.,0.));
#3666=DIRECTION('',(0.707106781186547,-0.707106781186548,0.));
#3667=DIRECTION('',(0.707106781186548,0.707106781186547,0.));
#3668=DIRECTION('',(-0.707106781186547,0.707106781186548,0.));
#3669=DIRECTION('',(0.,0.,1.));
#3670=DIRECTION('',(1.,0.,0.));
#3671=DIRECTION('',(0.707106781186547,0.707106781186548,3.88875159240464E-16));
#3672=DIRECTION('',(2.7497626213393E-16,2.74976262133931E-16,-1.));
#3673=DIRECTION('',(2.7497626213393E-16,2.74976262133931E-16,-1.));
#3674=DIRECTION('',(0.707106781186547,0.707106781186548,3.88875159240464E-16));
#3675=DIRECTION('',(-0.707106781186548,0.707106781186547,0.));
#3676=DIRECTION('',(0.707106781186547,0.707106781186548,3.88875159240464E-16));
#3677=DIRECTION('',(-0.707106781186548,0.707106781186547,0.));
#3678=DIRECTION('',(2.7497626213393E-16,2.74976262133931E-16,-1.));
#3679=DIRECTION('',(0.707106781186548,-0.707106781186547,0.));
#3680=DIRECTION('',(2.7497626213393E-16,2.74976262133931E-16,-1.));
#3681=DIRECTION('',(0.707106781186548,-0.707106781186547,0.));
#3682=DIRECTION('',(2.7497626213393E-16,2.74976262133931E-16,-1.));
#3683=DIRECTION('',(0.707106781186548,-0.707106781186547,0.));
#3684=DIRECTION('',(2.7497626213393E-16,2.74976262133931E-16,-1.));
#3685=DIRECTION('',(0.707106781186548,-0.707106781186547,0.));
#3686=DIRECTION('',(2.7497626213393E-16,2.74976262133931E-16,-1.));
#3687=DIRECTION('',(0.5,-0.5,-0.707106781186547));
#3688=DIRECTION('',(0.707106781186547,0.707106781186548,0.));
#3689=DIRECTION('',(0.,0.,-1.));
#3690=DIRECTION('',(0.707106781186547,0.707106781186548,0.));
#3691=DIRECTION('',(-0.707106781186548,0.707106781186547,0.));
#3692=DIRECTION('',(0.707106781186547,0.707106781186548,0.));
#3693=DIRECTION('',(-0.707106781186548,0.707106781186547,0.));
#3694=DIRECTION('',(0.,0.,-1.));
#3695=DIRECTION('',(-0.5,0.5,0.707106781186547));
#3696=DIRECTION('',(0.,0.,-1.));
#3697=DIRECTION('',(0.707106781186548,-0.707106781186547,0.));
#3698=DIRECTION('',(0.707106781186547,0.707106781186548,0.));
#3699=DIRECTION('',(-0.707106781186547,-0.707106781186548,0.));
#3700=DIRECTION('',(-0.707106781186547,-0.707106781186548,0.));
#3701=DIRECTION('',(0.707106781186548,-0.707106781186547,0.));
#3702=DIRECTION('',(0.707106781186547,0.707106781186548,0.));
#3703=DIRECTION('',(-0.707106781186547,-0.707106781186548,0.));
#3704=DIRECTION('',(0.,0.,-1.));
#3705=DIRECTION('',(-0.707106781186547,-0.707106781186548,0.));
#3706=DIRECTION('',(-0.707106781186547,-0.707106781186548,0.));
#3707=DIRECTION('',(0.,0.,-1.));
#3708=DIRECTION('',(-0.707106781186547,-0.707106781186548,0.));
#3709=DIRECTION('',(-0.707106781186547,-0.707106781186548,0.));
#3710=DIRECTION('',(0.707106781186547,0.707106781186548,0.));
#3711=DIRECTION('',(0.5,-0.5,0.707106781186549));
#3712=DIRECTION('',(0.707106781186547,0.707106781186548,0.));
#3713=DIRECTION('',(0.707106781186547,0.707106781186548,0.));
#3714=DIRECTION('',(-0.707106781186548,0.707106781186547,0.));
#3715=DIRECTION('',(0.707106781186547,0.707106781186548,0.));
#3716=DIRECTION('',(-0.707106781186547,-0.707106781186548,0.));
#3717=DIRECTION('',(0.707106781186548,-0.707106781186547,0.));
#3718=DIRECTION('',(0.,0.,1.));
#3719=DIRECTION('',(1.,0.,0.));
#3720=DIRECTION('',(-0.707106781186547,-0.707106781186548,0.));
#3721=DIRECTION('',(0.707106781186548,-0.707106781186547,0.));
#3722=DIRECTION('',(0.,0.,1.));
#3723=DIRECTION('',(1.,0.,0.));
#3724=DIRECTION('',(0.707106781186548,-0.707106781186547,0.));
#3725=DIRECTION('',(-0.707106781186547,-0.707106781186548,0.));
#3726=DIRECTION('',(-0.707106781186547,-0.707106781186548,0.));
#3727=DIRECTION('',(0.707106781186548,-0.707106781186547,0.));
#3728=DIRECTION('',(0.,0.,-1.));
#3729=DIRECTION('',(-0.707106781186548,0.707106781186547,0.));
#3730=DIRECTION('',(-0.707106781186547,-0.707106781186548,0.));
#3731=DIRECTION('',(0.,0.,1.));
#3732=DIRECTION('',(1.,0.,0.));
#3733=DIRECTION('',(-0.707106781186547,-0.707106781186548,0.));
#3734=DIRECTION('',(0.707106781186548,-0.707106781186547,0.));
#3735=DIRECTION('',(0.,0.,1.));
#3736=DIRECTION('',(1.,0.,0.));
#3737=DIRECTION('',(0.707106781186548,-0.707106781186547,0.));
#3738=DIRECTION('',(-0.707106781186547,-0.707106781186548,0.));
#3739=DIRECTION('',(-0.707106781186547,-0.707106781186548,0.));
#3740=DIRECTION('',(0.707106781186548,-0.707106781186547,0.));
#3741=DIRECTION('',(0.,0.,-1.));
#3742=DIRECTION('',(-0.707106781186548,0.707106781186547,0.));
#3743=DIRECTION('',(-0.707106781186547,-0.707106781186548,0.));
#3744=DIRECTION('',(0.,0.,1.));
#3745=DIRECTION('',(1.,0.,0.));
#3746=DIRECTION('',(-1.,0.,0.));
#3747=DIRECTION('',(0.,0.,1.));
#3748=DIRECTION('',(1.,0.,0.));
#3749=DIRECTION('',(0.,0.,-1.));
#3750=DIRECTION('',(0.,0.,1.));
#3751=DIRECTION('',(0.,1.,0.));
#3752=DIRECTION('',(0.,0.,-1.));
#3753=DIRECTION('',(0.,1.,0.));
#3754=DIRECTION('',(0.,0.,1.));
#3755=DIRECTION('',(0.,-1.,0.));
#3756=DIRECTION('',(0.,0.,1.));
#3757=DIRECTION('',(0.,-1.,0.));
#3758=DIRECTION('',(0.,0.,1.));
#3759=DIRECTION('',(0.,1.,0.));
#3760=DIRECTION('',(0.,0.,-1.));
#3761=DIRECTION('',(0.,1.,0.));
#3762=DIRECTION('',(0.,1.,0.));
#3763=DIRECTION('',(0.,0.,-1.));
#3764=DIRECTION('',(0.,1.,0.));
#3765=DIRECTION('',(0.,0.,-1.));
#3766=DIRECTION('',(1.,0.,0.));
#3767=DIRECTION('',(0.,0.,-1.));
#3768=DIRECTION('',(0.,0.,1.));
#3769=DIRECTION('',(0.,-1.,0.));
#3770=DIRECTION('',(0.,0.,1.));
#3771=DIRECTION('',(0.,-1.,0.));
#3772=DIRECTION('',(1.,0.,0.));
#3773=DIRECTION('',(0.,0.,-1.));
#3774=DIRECTION('',(0.,1.,0.));
#3775=DIRECTION('',(0.,0.,-1.));
#3776=DIRECTION('',(0.,1.,0.));
#3777=DIRECTION('',(0.,0.,-1.));
#3778=DIRECTION('',(-1.,0.,0.));
#3779=DIRECTION('',(0.,0.,1.));
#3780=DIRECTION('',(0.,0.,-1.));
#3781=DIRECTION('',(0.,-1.,0.));
#3782=DIRECTION('',(0.,0.,1.));
#3783=DIRECTION('',(0.,1.,0.));
#3784=DIRECTION('',(0.,0.,-1.));
#3785=DIRECTION('',(0.,1.,0.));
#3786=DIRECTION('',(0.,0.,1.));
#3787=DIRECTION('',(0.,-1.,0.));
#3788=DIRECTION('',(0.,0.,-1.));
#3789=DIRECTION('',(0.,-1.,0.));
#3790=DIRECTION('',(0.,0.,1.));
#3791=DIRECTION('',(0.,-1.,0.));
#3792=DIRECTION('',(0.,-1.,0.));
#3793=DIRECTION('',(1.,0.,0.));
#3794=DIRECTION('',(0.,-1.,0.));
#3795=DIRECTION('',(0.,0.,-1.));
#3796=DIRECTION('',(0.,-1.,0.));
#3797=DIRECTION('',(0.,0.,-1.));
#3798=DIRECTION('',(0.,-1.,0.));
#3799=DIRECTION('',(0.,0.,-1.));
#3800=DIRECTION('',(0.,-1.,0.));
#3801=DIRECTION('',(0.,0.,-1.));
#3802=DIRECTION('',(0.,-1.,0.));
#3803=DIRECTION('',(0.,0.,-1.));
#3804=DIRECTION('',(0.,-1.,0.));
#3805=DIRECTION('',(0.,0.,-1.));
#3806=DIRECTION('',(0.,-1.,0.));
#3807=DIRECTION('',(0.,0.,-1.));
#3808=DIRECTION('',(0.,-1.,0.));
#3809=DIRECTION('',(0.,0.,-1.));
#3810=DIRECTION('',(0.,-1.,0.));
#3811=DIRECTION('',(0.,0.,-1.));
#3812=DIRECTION('',(0.,-1.,0.));
#3813=DIRECTION('',(0.,0.,-1.));
#3814=DIRECTION('',(1.,0.,0.));
#3815=DIRECTION('',(0.,0.,1.));
#3816=DIRECTION('',(1.,0.,0.));
#3817=DIRECTION('',(0.,1.,0.));
#3818=DIRECTION('',(0.,0.,1.));
#3819=DIRECTION('',(0.,-1.,0.));
#3820=DIRECTION('',(0.,0.,-1.));
#3821=DIRECTION('',(0.,1.,0.));
#3822=DIRECTION('',(0.,0.,1.));
#3823=DIRECTION('',(0.,-1.,0.));
#3824=DIRECTION('',(0.,0.,-1.));
#3825=DIRECTION('',(1.,0.,0.));
#3826=DIRECTION('',(0.,0.,-1.));
#3827=DIRECTION('',(0.,-1.,0.));
#3828=DIRECTION('',(0.,0.,1.));
#3829=DIRECTION('',(0.,-1.,0.));
#3830=DIRECTION('',(0.,0.,-1.));
#3831=DIRECTION('',(-1.,0.,0.));
#3832=DIRECTION('',(1.,0.,0.));
#3833=DIRECTION('',(0.,1.,0.));
#3834=DIRECTION('',(0.,0.,1.));
#3835=DIRECTION('',(0.,-1.,0.));
#3836=DIRECTION('',(0.,0.,-1.));
#3837=DIRECTION('',(0.,1.,0.));
#3838=DIRECTION('',(0.,0.,1.));
#3839=DIRECTION('',(0.,-1.,0.));
#3840=DIRECTION('',(0.,0.,-1.));
#3841=DIRECTION('',(0.,1.,0.));
#3842=DIRECTION('',(0.,0.,1.));
#3843=DIRECTION('',(0.,-1.,0.));
#3844=DIRECTION('',(0.,0.,-1.));
#3845=DIRECTION('',(0.,1.,0.));
#3846=DIRECTION('',(0.,0.,1.));
#3847=DIRECTION('',(0.,-1.,0.));
#3848=DIRECTION('',(0.,0.,-1.));
#3849=DIRECTION('',(0.,1.,0.));
#3850=DIRECTION('',(0.,0.,1.));
#3851=DIRECTION('',(0.,-1.,0.));
#3852=DIRECTION('',(0.,0.,-1.));
#3853=DIRECTION('',(0.,1.,0.));
#3854=DIRECTION('',(0.,0.,1.));
#3855=DIRECTION('',(0.,-1.,0.));
#3856=DIRECTION('',(0.,0.,-1.));
#3857=DIRECTION('',(0.,1.,0.));
#3858=DIRECTION('',(0.,0.,1.));
#3859=DIRECTION('',(0.,-1.,0.));
#3860=DIRECTION('',(0.,0.,-1.));
#3861=DIRECTION('',(0.,1.,0.));
#3862=DIRECTION('',(0.,0.,1.));
#3863=DIRECTION('',(0.,-1.,0.));
#3864=DIRECTION('',(0.,0.,-1.));
#3865=DIRECTION('',(0.,-1.,0.));
#3866=DIRECTION('',(0.,0.,-1.));
#3867=DIRECTION('',(0.,-1.,0.));
#3868=DIRECTION('',(0.,0.,-1.));
#3869=DIRECTION('',(0.,-1.,0.));
#3870=DIRECTION('',(0.,0.,-1.));
#3871=DIRECTION('',(0.,-1.,0.));
#3872=DIRECTION('',(0.,0.,-1.));
#3873=DIRECTION('',(1.,0.,0.));
#3874=DIRECTION('',(0.,0.,-1.));
#3875=DIRECTION('',(0.,-1.,0.));
#3876=DIRECTION('',(1.,0.,0.));
#3877=DIRECTION('',(-1.,0.,0.));
#3878=DIRECTION('',(0.,0.,1.));
#3879=DIRECTION('',(-1.,0.,0.));
#3880=DIRECTION('',(-1.,0.,0.));
#3881=DIRECTION('',(0.,0.,1.));
#3882=DIRECTION('',(-1.,0.,0.));
#3883=DIRECTION('',(0.,-1.,0.));
#3884=DIRECTION('',(0.,0.,-1.));
#3885=DIRECTION('',(-1.,0.,0.));
#3886=DIRECTION('',(0.,0.,-1.));
#3887=DIRECTION('',(-1.,0.,0.));
#3888=DIRECTION('',(0.,0.,-1.));
#3889=DIRECTION('',(-1.,0.,0.));
#3890=DIRECTION('',(0.,-1.,0.));
#3891=DIRECTION('',(0.,0.,-1.));
#3892=DIRECTION('',(1.,0.,0.));
#3893=DIRECTION('',(0.,0.,1.));
#3894=DIRECTION('',(1.,0.,0.));
#3895=DIRECTION('',(1.,0.,0.));
#3896=DIRECTION('',(0.,0.,1.));
#3897=DIRECTION('',(1.,0.,0.));
#3898=DIRECTION('',(-1.,0.,0.));
#3899=DIRECTION('',(0.,1.,0.));
#3900=DIRECTION('',(0.,0.,1.));
#3901=DIRECTION('',(0.,1.,0.));
#3902=DIRECTION('',(0.,0.,1.));
#3903=DIRECTION('',(0.,1.,0.));
#3904=DIRECTION('',(0.,0.,-1.));
#3905=DIRECTION('',(-1.,0.,0.));
#3906=DIRECTION('',(1.,0.,0.));
#3907=DIRECTION('',(0.,-1.,0.));
#3908=DIRECTION('',(0.,0.,-1.));
#3909=DIRECTION('',(0.,1.,0.));
#3910=DIRECTION('',(0.,1.,0.));
#3911=DIRECTION('',(0.,0.,1.));
#3912=DIRECTION('',(0.,0.,-1.));
#3913=DIRECTION('',(-1.,0.,0.));
#3914=DIRECTION('',(1.,0.,0.));
#3915=DIRECTION('',(0.,-1.,0.));
#3916=DIRECTION('',(1.,0.,0.));
#3917=DIRECTION('',(0.,-1.,0.));
#3918=DIRECTION('',(0.,0.,-1.));
#3919=DIRECTION('',(-1.,0.,0.));
#3920=DIRECTION('',(1.,0.,0.));
#3921=DIRECTION('',(0.,1.,0.));
#3922=DIRECTION('',(-1.,0.,0.));
#3923=DIRECTION('',(0.,1.,0.));
#3924=DIRECTION('',(0.,0.,1.));
#3925=DIRECTION('',(0.,1.,0.));
#3926=DIRECTION('',(0.,0.,1.));
#3927=DIRECTION('',(0.,1.,0.));
#3928=DIRECTION('',(0.,0.,1.));
#3929=DIRECTION('',(0.,1.,0.));
#3930=DIRECTION('',(-1.,0.,0.));
#3931=DIRECTION('',(0.,1.,0.));
#3932=DIRECTION('',(0.,0.,1.));
#3933=DIRECTION('',(0.,1.,0.));
#3934=DIRECTION('',(0.,0.,1.));
#3935=DIRECTION('',(0.,1.,0.));
#3936=DIRECTION('',(0.,0.,1.));
#3937=DIRECTION('',(0.,1.,0.));
#3938=DIRECTION('',(0.,0.,1.));
#3939=DIRECTION('',(0.,1.,0.));
#3940=DIRECTION('',(-1.,0.,0.));
#3941=DIRECTION('',(0.,1.,0.));
#3942=DIRECTION('',(0.,0.,1.));
#3943=DIRECTION('',(0.,1.,0.));
#3944=DIRECTION('',(0.,0.,1.));
#3945=DIRECTION('',(0.,1.,0.));
#3946=DIRECTION('',(-1.,0.,0.));
#3947=DIRECTION('',(0.,1.,0.));
#3948=DIRECTION('',(0.,0.,1.));
#3949=DIRECTION('',(0.,1.,0.));
#3950=DIRECTION('',(0.,0.,1.));
#3951=DIRECTION('',(0.,1.,0.));
#3952=DIRECTION('',(-1.,0.,0.));
#3953=DIRECTION('',(0.,1.,0.));
#3954=DIRECTION('',(0.,0.,1.));
#3955=DIRECTION('',(0.,1.,0.));
#3956=DIRECTION('',(0.,0.,1.));
#3957=DIRECTION('',(0.,1.,0.));
#3958=DIRECTION('',(-1.,0.,0.));
#3959=DIRECTION('',(0.,1.,0.));
#3960=DIRECTION('',(0.,0.,1.));
#3961=DIRECTION('',(0.,1.,0.));
#3962=DIRECTION('',(0.,0.,1.));
#3963=DIRECTION('',(0.,0.,1.));
#3964=DIRECTION('',(1.,0.,0.));
#3965=DIRECTION('',(1.,0.,0.));
#3966=DIRECTION('',(0.,-1.,0.));
#3967=DIRECTION('',(0.,-1.,0.));
#3968=DIRECTION('',(0.,0.,-1.));
#3969=DIRECTION('',(1.,0.,0.));
#3970=DIRECTION('',(0.,0.,-1.));
#3971=DIRECTION('',(0.,0.,1.));
#3972=DIRECTION('',(1.,0.,0.));
#3973=DIRECTION('',(0.,-1.,0.));
#3974=DIRECTION('',(-1.,0.,0.));
#3975=DIRECTION('',(0.,-1.,0.));
#3976=DIRECTION('',(0.,0.,1.));
#3977=DIRECTION('',(1.,0.,0.));
#3978=DIRECTION('',(1.,0.,0.));
#3979=DIRECTION('',(0.,-1.,0.));
#3980=DIRECTION('',(0.,-1.,0.));
#3981=DIRECTION('',(0.,0.,-1.));
#3982=DIRECTION('',(1.,0.,0.));
#3983=DIRECTION('',(0.,0.,-1.));
#3984=DIRECTION('',(0.,0.,1.));
#3985=DIRECTION('',(1.,0.,0.));
#3986=DIRECTION('',(0.,-1.,0.));
#3987=DIRECTION('',(-1.,0.,0.));
#3988=DIRECTION('',(0.,-1.,0.));
#3989=DIRECTION('',(0.,0.,-1.));
#3990=DIRECTION('',(-1.,0.,0.));
#3991=DIRECTION('',(-1.,0.,0.));
#3992=DIRECTION('',(0.,-1.,0.));
#3993=DIRECTION('',(0.,-1.,0.));
#3994=DIRECTION('',(0.,0.,-1.));
#3995=DIRECTION('',(-1.,0.,0.));
#3996=DIRECTION('',(0.,0.,1.));
#3997=DIRECTION('',(0.,0.,-1.));
#3998=DIRECTION('',(-1.,0.,0.));
#3999=DIRECTION('',(0.,-1.,0.));
#4000=DIRECTION('',(1.,0.,0.));
#4001=DIRECTION('',(0.,1.,0.));
#4002=DIRECTION('',(0.,0.,1.));
#4003=DIRECTION('',(1.,0.,0.));
#4004=DIRECTION('',(0.,1.,0.));
#4005=DIRECTION('',(-1.,0.,0.));
#4006=DIRECTION('',(0.,0.,1.));
#4007=DIRECTION('',(1.,0.,0.));
#4008=DIRECTION('',(-1.,0.,0.));
#4009=DIRECTION('',(0.,1.,0.));
#4010=DIRECTION('',(0.,1.,0.));
#4011=DIRECTION('',(0.,0.,1.));
#4012=DIRECTION('',(0.,0.,-1.));
#4013=DIRECTION('',(1.,0.,0.));
#4014=DIRECTION('',(0.,1.,0.));
#4015=DIRECTION('',(0.,1.,0.));
#4016=DIRECTION('',(0.,0.,1.));
#4017=DIRECTION('',(0.,0.,-1.));
#4018=DIRECTION('',(1.,0.,0.));
#4019=DIRECTION('',(0.,0.,-1.));
#4020=DIRECTION('',(1.,0.,0.));
#4021=DIRECTION('',(0.,0.,-1.));
#4022=DIRECTION('',(0.,-1.,0.));
#4023=DIRECTION('',(1.,0.,0.));
#4024=DIRECTION('',(0.,0.,-1.));
#4025=DIRECTION('',(0.,-1.,0.));
#4026=DIRECTION('',(0.,0.,1.));
#4027=DIRECTION('',(1.,0.,0.));
#4028=DIRECTION('',(0.,0.,-1.));
#4029=DIRECTION('',(-1.,0.,0.));
#4030=DIRECTION('',(1.,0.,0.));
#4031=DIRECTION('',(1.,0.,0.));
#4032=DIRECTION('',(0.,-1.,0.));
#4033=DIRECTION('',(0.,0.,-1.));
#4034=DIRECTION('',(1.,0.,0.));
#4035=DIRECTION('',(0.,0.,-1.));
#4036=DIRECTION('',(-1.,0.,0.));
#4037=DIRECTION('',(1.,0.,0.));
#4038=DIRECTION('',(0.,-1.,0.));
#4039=DIRECTION('',(0.,0.,-1.));
#4040=DIRECTION('',(0.,0.,1.));
#4041=DIRECTION('',(1.,0.,0.));
#4042=DIRECTION('',(0.,1.,0.));
#4043=DIRECTION('',(-1.,0.,0.));
#4044=DIRECTION('',(0.,1.,0.));
#4045=DIRECTION('',(0.,0.,1.));
#4046=DIRECTION('',(0.,1.,0.));
#4047=DIRECTION('',(0.,0.,1.));
#4048=DIRECTION('',(0.,1.,0.));
#4049=DIRECTION('',(0.,0.,1.));
#4050=DIRECTION('',(0.,0.,1.));
#4051=DIRECTION('',(-1.,0.,0.));
#4052=DIRECTION('',(0.,1.,0.));
#4053=DIRECTION('',(0.,0.,1.));
#4054=DIRECTION('',(-1.,0.,0.));
#4055=DIRECTION('',(0.,1.,0.));
#4056=DIRECTION('',(0.,0.,1.));
#4057=DIRECTION('',(-1.,0.,0.));
#4058=DIRECTION('',(0.,0.,1.));
#4059=DIRECTION('',(-1.,0.,0.));
#4060=DIRECTION('',(1.,0.,0.));
#4061=DIRECTION('',(0.566110749872388,0.,0.824329193271064));
#4062=DIRECTION('',(0.574175743182164,0.,-0.818732078241234));
#4063=DIRECTION('',(1.,0.,0.));
#4064=DIRECTION('',(-0.590706051179799,0.,0.806886832895152));
#4065=DIRECTION('',(0.590370554981622,0.,0.807132335996206));
#4066=DIRECTION('',(-1.,0.,0.));
#4067=DIRECTION('',(-0.578331672351847,0.,-0.81580173863183));
#4068=DIRECTION('',(-0.567499103600913,0.,0.823374014292509));
#4069=DIRECTION('',(-1.,0.,0.));
#4070=DIRECTION('',(0.583875682533143,0.,-0.811843080494289));
#4071=DIRECTION('',(-0.577654361976577,0.,-0.816281469892239));
#4072=DIRECTION('',(0.,0.,1.));
#4073=DIRECTION('',(-1.,0.,0.));
#4074=DIRECTION('',(0.,0.,-1.));
#4075=DIRECTION('',(0.,0.,1.));
#4076=DIRECTION('',(-1.,0.,0.));
#4077=DIRECTION('',(0.,0.,-1.));
#4078=DIRECTION('',(1.,0.,0.));
#4079=DIRECTION('',(0.,0.,1.));
#4080=DIRECTION('',(-1.,0.,0.));
#4081=DIRECTION('',(0.,0.,-1.));
#4082=DIRECTION('',(-1.,0.,0.));
#4083=DIRECTION('',(0.,0.,-1.));
#4084=DIRECTION('',(1.,0.,0.));
#4085=DIRECTION('',(0.,0.,-1.));
#4086=DIRECTION('',(-1.,0.,0.));
#4087=DIRECTION('',(0.,0.,-1.));
#4088=DIRECTION('',(1.,0.,0.));
#4089=DIRECTION('',(0.,0.,-1.));
#4090=DIRECTION('',(1.,0.,0.));
#4091=DIRECTION('',(0.,0.,1.));
#4092=DIRECTION('',(-1.,0.,0.));
#4093=DIRECTION('',(0.,0.,-1.));
#4094=DIRECTION('',(-1.,0.,0.));
#4095=DIRECTION('',(0.,0.,1.));
#4096=DIRECTION('',(0.,1.,0.));
#4097=DIRECTION('',(0.,0.,-1.));
#4098=DIRECTION('',(0.,1.,0.));
#4099=DIRECTION('',(0.,0.,-1.));
#4100=DIRECTION('',(-1.,0.,0.));
#4101=DIRECTION('',(0.,1.,0.));
#4102=DIRECTION('',(1.,0.,0.));
#4103=DIRECTION('',(0.,1.,0.));
#4104=DIRECTION('',(-1.,0.,0.));
#4105=DIRECTION('',(-1.,0.,0.));
#4106=DIRECTION('',(0.,0.,1.));
#4107=DIRECTION('',(0.,0.,-1.));
#4108=DIRECTION('',(0.,1.,0.));
#4109=DIRECTION('',(0.,1.,0.));
#4110=DIRECTION('',(0.,0.,-1.));
#4111=DIRECTION('',(-1.,0.,0.));
#4112=DIRECTION('',(1.,0.,0.));
#4113=DIRECTION('',(0.,1.,0.));
#4114=DIRECTION('',(0.,0.,1.));
#4115=DIRECTION('',(0.,1.,0.));
#4116=DIRECTION('',(0.,0.,1.));
#4117=DIRECTION('',(0.,1.,0.));
#4118=DIRECTION('',(0.,0.,1.));
#4119=DIRECTION('',(0.,1.,0.));
#4120=DIRECTION('',(0.,0.,1.));
#4121=DIRECTION('',(0.,1.,0.));
#4122=DIRECTION('',(0.,0.,1.));
#4123=DIRECTION('',(0.,1.,0.));
#4124=DIRECTION('',(0.,0.,1.));
#4125=DIRECTION('',(0.,1.,0.));
#4126=DIRECTION('',(0.,0.,1.));
#4127=DIRECTION('',(0.,1.,0.));
#4128=DIRECTION('',(0.,0.,1.));
#4129=DIRECTION('',(0.,1.,0.));
#4130=DIRECTION('',(0.,0.,1.));
#4131=DIRECTION('',(0.,1.,0.));
#4132=DIRECTION('',(0.,0.,1.));
#4133=DIRECTION('',(0.,1.,0.));
#4134=DIRECTION('',(0.,0.,1.));
#4135=DIRECTION('',(0.,-1.,0.));
#4136=DIRECTION('',(0.,0.,-1.));
#4137=DIRECTION('',(0.,1.,0.));
#4138=DIRECTION('',(0.,0.,1.));
#4139=DIRECTION('',(0.,-1.,0.));
#4140=DIRECTION('',(0.,0.,-1.));
#4141=DIRECTION('',(0.,1.,0.));
#4142=DIRECTION('',(0.,0.,1.));
#4143=DIRECTION('',(-0.707106781186548,-0.707106781186548,0.));
#4144=DIRECTION('',(0.707106781186548,-0.707106781186548,0.));
#4145=DIRECTION('',(1.,0.,0.));
#4146=DIRECTION('',(0.,0.,-1.));
#4147=DIRECTION('',(0.707106781186548,-0.707106781186548,0.));
#4148=DIRECTION('',(0.707106781186548,0.707106781186548,0.));
#4149=DIRECTION('',(0.,1.,0.));
#4150=DIRECTION('',(0.,0.,1.));
#4151=DIRECTION('',(0.,1.,0.));
#4152=DIRECTION('',(0.,0.,1.));
#4153=DIRECTION('',(0.,1.,0.));
#4154=DIRECTION('',(0.,0.,1.));
#4155=DIRECTION('',(-0.824329193271064,0.,0.566110749872388));
#4156=DIRECTION('',(0.566110749872388,0.,0.824329193271064));
#4157=DIRECTION('',(0.,1.,0.));
#4158=DIRECTION('',(0.566110749872388,0.,0.824329193271064));
#4159=DIRECTION('',(0.,1.,0.));
#4160=DIRECTION('',(0.,0.,1.));
#4161=DIRECTION('',(1.,0.,0.));
#4162=DIRECTION('',(0.,1.,0.));
#4163=DIRECTION('',(1.,0.,0.));
#4164=DIRECTION('',(0.816281469892239,0.,-0.577654361976577));
#4165=DIRECTION('',(-0.577654361976577,0.,-0.816281469892239));
#4166=DIRECTION('',(0.,1.,0.));
#4167=DIRECTION('',(-0.577654361976577,0.,-0.816281469892239));
#4168=DIRECTION('',(0.811843080494289,0.,0.583875682533143));
#4169=DIRECTION('',(0.583875682533143,0.,-0.811843080494289));
#4170=DIRECTION('',(0.,1.,0.));
#4171=DIRECTION('',(0.583875682533143,0.,-0.811843080494289));
#4172=DIRECTION('',(0.,0.,-1.));
#4173=DIRECTION('',(-1.,0.,0.));
#4174=DIRECTION('',(0.,1.,0.));
#4175=DIRECTION('',(-1.,0.,0.));
#4176=DIRECTION('',(-0.823374014292509,0.,-0.567499103600912));
#4177=DIRECTION('',(-0.567499103600912,0.,0.823374014292509));
#4178=DIRECTION('',(0.,1.,0.));
#4179=DIRECTION('',(-0.567499103600913,0.,0.823374014292509));
#4180=DIRECTION('',(0.81580173863183,0.,-0.578331672351847));
#4181=DIRECTION('',(-0.578331672351847,0.,-0.81580173863183));
#4182=DIRECTION('',(0.,1.,0.));
#4183=DIRECTION('',(-0.578331672351847,0.,-0.81580173863183));
#4184=DIRECTION('',(0.,0.,-1.));
#4185=DIRECTION('',(-1.,0.,0.));
#4186=DIRECTION('',(0.,1.,0.));
#4187=DIRECTION('',(-1.,0.,0.));
#4188=DIRECTION('',(-0.807132335996206,0.,0.590370554981622));
#4189=DIRECTION('',(0.590370554981622,0.,0.807132335996206));
#4190=DIRECTION('',(0.,1.,0.));
#4191=DIRECTION('',(0.590370554981622,0.,0.807132335996206));
#4192=DIRECTION('',(-0.806886832895152,0.,-0.590706051179799));
#4193=DIRECTION('',(-0.590706051179799,0.,0.806886832895152));
#4194=DIRECTION('',(0.,1.,0.));
#4195=DIRECTION('',(-0.590706051179799,0.,0.806886832895152));
#4196=DIRECTION('',(0.,0.,1.));
#4197=DIRECTION('',(1.,0.,0.));
#4198=DIRECTION('',(0.,1.,0.));
#4199=DIRECTION('',(1.,0.,0.));
#4200=DIRECTION('',(0.818732078241234,0.,0.574175743182164));
#4201=DIRECTION('',(0.574175743182164,0.,-0.818732078241234));
#4202=DIRECTION('',(0.574175743182164,0.,-0.818732078241234));
#4203=DIRECTION('',(0.,1.,0.));
#4204=DIRECTION('',(-1.,0.,0.));
#4205=DIRECTION('',(0.,1.,0.));
#4206=DIRECTION('',(0.,1.,0.));
#4207=DIRECTION('',(0.,1.,0.));
#4208=DIRECTION('',(0.,1.,0.));
#4209=DIRECTION('',(0.,1.,0.));
#4210=DIRECTION('',(1.,0.,0.));
#4211=DIRECTION('',(0.,0.,-1.));
#4212=DIRECTION('',(0.,1.,0.));
#4213=DIRECTION('',(0.,0.,-1.));
#4214=DIRECTION('',(0.,0.,-1.));
#4215=DIRECTION('',(-1.,0.,0.));
#4216=DIRECTION('',(0.,1.,0.));
#4217=DIRECTION('',(-1.,0.,0.));
#4218=DIRECTION('',(-1.,0.,0.));
#4219=DIRECTION('',(0.,0.,1.));
#4220=DIRECTION('',(0.,1.,0.));
#4221=DIRECTION('',(0.,0.,1.));
#4222=DIRECTION('',(0.,1.,0.));
#4223=DIRECTION('',(0.,1.,0.));
#4224=DIRECTION('',(0.,1.,0.));
#4225=DIRECTION('',(0.,1.,0.));
#4226=DIRECTION('',(1.,0.,0.));
#4227=DIRECTION('',(0.,0.,-1.));
#4228=DIRECTION('',(0.,1.,0.));
#4229=DIRECTION('',(0.,0.,-1.));
#4230=DIRECTION('',(0.,0.,-1.));
#4231=DIRECTION('',(-1.,0.,0.));
#4232=DIRECTION('',(0.,1.,0.));
#4233=DIRECTION('',(-1.,0.,0.));
#4234=DIRECTION('',(-1.,0.,0.));
#4235=DIRECTION('',(0.,0.,1.));
#4236=DIRECTION('',(0.,1.,0.));
#4237=DIRECTION('',(0.,0.,1.));
#4238=DIRECTION('',(0.,1.,0.));
#4239=DIRECTION('',(0.,1.,0.));
#4240=DIRECTION('',(-1.,0.,0.));
#4241=DIRECTION('',(-1.,0.,0.));
#4242=DIRECTION('',(0.,0.,1.));
#4243=DIRECTION('',(0.,1.,0.));
#4244=DIRECTION('',(0.,0.,1.));
#4245=DIRECTION('',(0.,1.,0.));
#4246=DIRECTION('',(0.,0.,1.));
#4247=DIRECTION('',(1.,0.,0.));
#4248=DIRECTION('',(0.,1.,0.));
#4249=DIRECTION('',(1.,0.,0.));
#4250=DIRECTION('',(1.,0.,0.));
#4251=DIRECTION('',(0.,0.,-1.));
#4252=DIRECTION('',(0.,1.,0.));
#4253=DIRECTION('',(0.,0.,-1.));
#4254=DIRECTION('',(0.,0.,-1.));
#4255=DIRECTION('',(-1.,0.,0.));
#4256=DIRECTION('',(0.,1.,0.));
#4257=DIRECTION('',(-1.,0.,0.));
#4258=DIRECTION('',(1.,0.,0.));
#4259=DIRECTION('',(0.,0.,-1.));
#4260=DIRECTION('',(0.,1.,0.));
#4261=DIRECTION('',(0.,0.,-1.));
#4262=DIRECTION('',(0.,0.,-1.));
#4263=DIRECTION('',(-1.,0.,0.));
#4264=DIRECTION('',(-1.,0.,0.));
#4265=DIRECTION('',(0.,1.,0.));
#4266=DIRECTION('',(-1.,0.,0.));
#4267=DIRECTION('',(1.,0.,0.));
#4268=DIRECTION('',(0.,0.,-1.));
#4269=DIRECTION('',(0.,1.,0.));
#4270=DIRECTION('',(0.,0.,-1.));
#4271=DIRECTION('',(0.,1.,0.));
#4272=DIRECTION('',(0.,0.,1.));
#4273=DIRECTION('',(1.,0.,0.));
#4274=DIRECTION('',(0.,1.,0.));
#4275=DIRECTION('',(1.,0.,0.));
#4276=DIRECTION('',(1.,0.,0.));
#4277=DIRECTION('',(0.,0.,-1.));
#4278=DIRECTION('',(0.,1.,0.));
#4279=DIRECTION('',(0.,0.,-1.));
#4280=DIRECTION('',(0.,0.,-1.));
#4281=DIRECTION('',(-1.,0.,0.));
#4282=DIRECTION('',(0.,1.,0.));
#4283=DIRECTION('',(-1.,0.,0.));
#4284=DIRECTION('',(-1.,0.,0.));
#4285=DIRECTION('',(0.,0.,1.));
#4286=DIRECTION('',(0.,1.,0.));
#4287=DIRECTION('',(0.,0.,1.));
#4288=DIRECTION('',(0.,0.,1.));
#4289=DIRECTION('',(1.,0.,0.));
#4290=DIRECTION('',(0.,1.,0.));
#4291=DIRECTION('',(1.,0.,0.));
#4292=DIRECTION('',(1.,0.,0.));
#4293=DIRECTION('',(0.,0.,-1.));
#4294=DIRECTION('',(0.,1.,0.));
#4295=DIRECTION('',(0.,0.,-1.));
#4296=DIRECTION('',(0.,0.,1.));
#4297=DIRECTION('',(1.,0.,0.));
#4298=DIRECTION('',(0.,1.,0.));
#4299=DIRECTION('',(1.,0.,0.));
#4300=DIRECTION('',(1.,0.,0.));
#4301=DIRECTION('',(0.,0.,-1.));
#4302=DIRECTION('',(0.,1.,0.));
#4303=DIRECTION('',(0.,0.,-1.));
#4304=DIRECTION('',(0.,0.,-1.));
#4305=DIRECTION('',(-1.,0.,0.));
#4306=DIRECTION('',(-1.,0.,0.));
#4307=DIRECTION('',(0.,1.,0.));
#4308=DIRECTION('',(-1.,0.,0.));
#4309=DIRECTION('',(0.,1.,0.));
#4310=DIRECTION('',(-1.,0.,0.));
#4311=CARTESIAN_POINT('',(0.,0.,0.));
#4312=CARTESIAN_POINT('',(0.14951967818359,-0.10409924961288,0.144903178769513));
#4313=CARTESIAN_POINT('',(0.14951967818359,-0.10409924961288,0.144903178769513));
#4314=CARTESIAN_POINT('',(0.159199663188331,-0.113666236460209,0.144903178769513));
#4315=CARTESIAN_POINT('',(0.156717747921859,-0.111213293537374,0.144903178769513));
#4316=CARTESIAN_POINT('',(0.156717747921859,-0.111213293537374,0.144903178769513));
#4317=CARTESIAN_POINT('',(0.156717747921859,-0.111213293537374,0.142413978769513));
#4318=CARTESIAN_POINT('',(0.14951967818359,-0.10409924961288,0.142413978769513));
#4319=CARTESIAN_POINT('',(0.159199663188331,-0.113666236460209,0.142413978769513));
#4320=CARTESIAN_POINT('',(0.159199663188331,-0.113666236460209,0.144903178769513));
#4321=CARTESIAN_POINT('',(0.00158612430095667,0.0776035206695203,0.142413978769513));
#4322=CARTESIAN_POINT('',(0.159094515173275,-0.111213293537374,0.142413978769513));
#4323=CARTESIAN_POINT('',(0.16147128242469,-0.111213293537374,0.142413978769513));
#4324=CARTESIAN_POINT('',(-0.0128744185141977,0.0631439338121864,0.142413978769513));
#4325=CARTESIAN_POINT('',(0.168319965591215,-0.118062429486699,0.142413978769513));
#4326=CARTESIAN_POINT('',(-2.18247392695242E-5,-0.118040386787004,0.142413978769513));
#4327=CARTESIAN_POINT('',(-0.168362284094591,-0.118018344261586,0.142413978769513));
#4328=CARTESIAN_POINT('',(0.0144931748635277,0.0646857790697041,0.142413978769513));
#4329=CARTESIAN_POINT('',(-0.0655128191133904,-0.015254,0.142413978769513));
#4330=CARTESIAN_POINT('',(0.00635,-0.015254,0.142413978769513));
#4331=CARTESIAN_POINT('',(0.0655183325659922,-0.015254,0.142413978769513));
#4332=CARTESIAN_POINT('',(-0.0128744185141977,0.0631439338121864,0.142413978769513));
#4333=CARTESIAN_POINT('',(0.155790627214551,-0.105532262765551,0.142413978769513));
#4334=CARTESIAN_POINT('',(0.153380122119997,-0.105532262765551,0.142413978769513));
#4335=CARTESIAN_POINT('',(0.150969617025445,-0.105532262765551,0.142413978769513));
#4336=CARTESIAN_POINT('',(0.14951967818359,-0.10409924961288,0.142413978769513));
#4337=CARTESIAN_POINT('',(0.148069739341736,-0.102666236460209,0.142413978769513));
#4338=CARTESIAN_POINT('',(-3.77520918846131E-5,-0.102666236460209,0.142413978769513));
#4339=CARTESIAN_POINT('',(-0.148145243525505,-0.102666236460209,0.142413978769513));
#4340=CARTESIAN_POINT('',(-0.153707399964333,-0.108166236460209,0.142413978769513));
#4341=CARTESIAN_POINT('',(-0.15926955640316,-0.113666236460209,0.142413978769513));
#4342=CARTESIAN_POINT('',(-3.49466074146543E-5,-0.113666236460209,0.142413978769513));
#4343=CARTESIAN_POINT('',(0.0777021347217612,-0.0202541652727756,0.147493978769513));
#4344=CARTESIAN_POINT('',(0.108021175944382,-0.111213293537374,0.104617796727456));
#4345=CARTESIAN_POINT('',(0.164991426467355,-0.111213293537374,0.144903178769513));
#4346=CARTESIAN_POINT('',(0.0758701019180355,-0.0220860769644444,0.144903178769513));
#4347=CARTESIAN_POINT('',(0.159310771257214,-0.105532262765551,0.144903178769513));
#4348=CARTESIAN_POINT('',(0.106127540754115,-0.105532262765551,0.107295712778396));
#4349=CARTESIAN_POINT('',(0.0260736467540575,-0.015254,0.114521452005532));
#4350=CARTESIAN_POINT('',(0.0725891666545826,-0.015254,0.147413978769513));
#4351=CARTESIAN_POINT('',(0.0776455643094183,-0.0203107319453607,0.147413978769513));
#4352=CARTESIAN_POINT('',(0.175391725595924,-0.118063355464033,0.147413978769513));
#4353=CARTESIAN_POINT('',(0.0560847812731644,-0.11804773339455,0.0630594869292137));
#4354=CARTESIAN_POINT('',(0.00635,-0.015254,0.142413978769513));
#4355=CARTESIAN_POINT('',(0.00635,-0.015254,0.147413978769513));
#4356=CARTESIAN_POINT('',(0.0223121209949255,-0.015254,0.147413978769513));
#4357=CARTESIAN_POINT('',(-0.0175910471588867,-0.015254,0.108542199921921));
#4358=CARTESIAN_POINT('',(-0.0725868160490297,-0.015254,0.147413978769513));
#4359=CARTESIAN_POINT('',(0.00635,-0.015254,0.147413978769513));
#4360=CARTESIAN_POINT('',(-0.0157878790050745,-0.015254,0.147413978769513));
#4361=CARTESIAN_POINT('',(-0.0157878790050745,-0.015254,0.149953978769513));
#4362=CARTESIAN_POINT('',(-0.0157878790050745,-0.015254,0.149953978769513));
#4363=CARTESIAN_POINT('',(0.00635,-0.015254,0.149953978769513));
#4364=CARTESIAN_POINT('',(0.0223121209949255,-0.015254,0.149953978769513));
#4365=CARTESIAN_POINT('',(0.0223121209949255,-0.015254,0.149953978769513));
#4366=CARTESIAN_POINT('',(-2.18247392695242E-5,-0.118040386787004,0.142413978769513));
#4367=CARTESIAN_POINT('',(-2.18247392695242E-5,-0.118040386787004,0.147413978769513));
#4368=CARTESIAN_POINT('',(-0.175435354114225,-0.118017418112719,0.147413978769513));
#4369=CARTESIAN_POINT('',(-0.056114130466859,-0.118033042051938,0.0630650162142567));
#4370=CARTESIAN_POINT('',(0.00158612430095667,0.0776035206695203,0.147413978769513));
#4371=CARTESIAN_POINT('',(0.0223121209949255,-0.020334,0.147413978769513));
#4372=CARTESIAN_POINT('',(0.0223121209949255,-0.025414,0.147413978769513));
#4373=CARTESIAN_POINT('',(0.0032621209949255,-0.025414,0.147413978769513));
#4374=CARTESIAN_POINT('',(-0.0157878790050745,-0.025414,0.147413978769513));
#4375=CARTESIAN_POINT('',(-0.0157878790050745,-0.020334,0.147413978769513));
#4376=CARTESIAN_POINT('',(-0.129071789475144,-0.07169222508779,0.147413978769513));
#4377=CARTESIAN_POINT('',(-0.129128334594351,-0.0716356331317026,0.147493978769513));
#4378=CARTESIAN_POINT('',(-0.153707399964333,-0.108166236460209,0.144903178769513));
#4379=CARTESIAN_POINT('',(-0.148145243525505,-0.102666236460209,0.144903178769513));
#4380=CARTESIAN_POINT('',(-0.148145243525505,-0.102666236460209,0.144903178769513));
#4381=CARTESIAN_POINT('',(-0.153707399964333,-0.108166236460209,0.144903178769513));
#4382=CARTESIAN_POINT('',(-0.15926955640316,-0.113666236460209,0.144903178769513));
#4383=CARTESIAN_POINT('',(-0.15926955640316,-0.113666236460209,0.144903178769513));
#4384=CARTESIAN_POINT('',(-3.77520918846131E-5,-0.102666236460209,0.144903178769513));
#4385=CARTESIAN_POINT('',(0.148069739341736,-0.102666236460209,0.144903178769513));
#4386=CARTESIAN_POINT('',(0.148069739341736,-0.102666236460209,0.144903178769513));
#4387=CARTESIAN_POINT('',(-3.77520918846131E-5,-0.102666236460209,0.144903178769513));
#4388=CARTESIAN_POINT('',(0.14951967818359,-0.10409924961288,0.144903178769513));
#4389=CARTESIAN_POINT('',(0.150969617025445,-0.105532262765551,0.144903178769513));
#4390=CARTESIAN_POINT('',(0.150969617025445,-0.105532262765551,0.144903178769513));
#4391=CARTESIAN_POINT('',(0.14951967818359,-0.10409924961288,0.144903178769513));
#4392=CARTESIAN_POINT('',(-3.49466074146543E-5,-0.113666236460209,0.144903178769513));
#4393=CARTESIAN_POINT('',(-3.49466074146543E-5,-0.113666236460209,0.144903178769513));
#4394=CARTESIAN_POINT('',(0.00742293120622628,-0.0666582147433497,0.144903178769513));
#4395=CARTESIAN_POINT('',(0.153380122119997,-0.105532262765551,0.144903178769513));
#4396=CARTESIAN_POINT('',(0.159094515173275,-0.111213293537374,0.144903178769513));
#4397=CARTESIAN_POINT('',(0.159094515173275,-0.111213293537374,0.144903178769513));
#4398=CARTESIAN_POINT('',(0.153380122119997,-0.105532262765551,0.144903178769513));
#4399=CARTESIAN_POINT('',(-0.0157878790050745,-0.020334,0.149953978769513));
#4400=CARTESIAN_POINT('',(-0.0157878790050745,-0.025414,0.149953978769513));
#4401=CARTESIAN_POINT('',(-0.0157878790050745,-0.025414,0.149953978769513));
#4402=CARTESIAN_POINT('',(-0.0157878790050745,-0.020334,0.149953978769513));
#4403=CARTESIAN_POINT('',(0.0032621209949255,-0.025414,0.149953978769513));
#4404=CARTESIAN_POINT('',(0.0223121209949255,-0.025414,0.149953978769513));
#4405=CARTESIAN_POINT('',(0.0223121209949255,-0.025414,0.149953978769513));
#4406=CARTESIAN_POINT('',(0.0032621209949255,-0.025414,0.149953978769513));
#4407=CARTESIAN_POINT('',(0.0223121209949255,-0.020334,0.149953978769513));
#4408=CARTESIAN_POINT('',(0.0223121209949255,-0.020334,0.149953978769513));
#4409=CARTESIAN_POINT('',(-2.18142591501547E-5,-0.0666586777320163,0.149953978769513));
#4410=CARTESIAN_POINT('',(0.,0.,0.));
#4411=CARTESIAN_POINT('',(0.0680209061408115,-0.0173919739526771,0.00502914366531373));
#4412=CARTESIAN_POINT('',(0.0690958498695713,-0.0163170302239173,-0.134239056334686));
#4413=CARTESIAN_POINT('',(0.0715564400467443,-0.0138564400467444,-0.134239056334686));
#4414=CARTESIAN_POINT('',(0.0697886730937779,-0.0156242069997108,-0.137578068164554));
#4415=CARTESIAN_POINT('',(0.0704814963179845,-0.0149313837755042,-0.134239056334686));
#4416=CARTESIAN_POINT('',(0.0680209061408115,-0.0173919739526771,-0.134239056334686));
#4417=CARTESIAN_POINT('',(0.0680209061408115,-0.0173919739526771,0.00502914366531373));
#4418=CARTESIAN_POINT('',(0.0680209061408115,-0.0173919739526771,0.142697143665314));
#4419=CARTESIAN_POINT('',(0.0716130085892392,-0.0137998715042494,0.147777143665314));
#4420=CARTESIAN_POINT('',(0.0715564400467443,-0.0138564400467444,0.147697143665314));
#4421=CARTESIAN_POINT('',(0.0715564400467443,-0.0138564400467444,0.00502914366531373));
#4422=CARTESIAN_POINT('',(0.170826878214811,-0.120197946026677,0.00502914366531373));
#4423=CARTESIAN_POINT('',(0.170826878214811,-0.120197946026677,0.00502914366531373));
#4424=CARTESIAN_POINT('',(0.170826878214811,-0.120197946026677,0.142697143665314));
#4425=CARTESIAN_POINT('',(0.170826878214811,-0.120197946026677,-0.134239056334686));
#4426=CARTESIAN_POINT('',(0.173287468391984,-0.117737355849504,-0.134239056334686));
#4427=CARTESIAN_POINT('',(0.172594645167778,-0.11843017907371,-0.137578068164554));
#4428=CARTESIAN_POINT('',(0.171901821943571,-0.119123002297917,-0.134239056334686));
#4429=CARTESIAN_POINT('',(0.174362412120744,-0.116662412120744,-0.134239056334686));
#4430=CARTESIAN_POINT('',(0.174362412120744,-0.116662412120744,0.00502914366531373));
#4431=CARTESIAN_POINT('',(0.174362412120744,-0.116662412120744,0.147697143665314));
#4432=CARTESIAN_POINT('',(0.122153890038616,-0.168870934202871,0.0738631436653136));
#4433=CARTESIAN_POINT('',(-0.0258246376491834,0.0764535698373181,0.054828238099993));
#4434=CARTESIAN_POINT('',(0.170826878214811,-0.120197946026677,-0.134239056334686));
#4435=CARTESIAN_POINT('',(-0.0258246376491834,0.0764535698373181,0.142697143665314));
#4436=CARTESIAN_POINT('',(-0.0222891037432507,0.0799891037432508,0.054828238099993));
#4437=CARTESIAN_POINT('',(0.0803948839150569,-0.0226948839150569,0.0554405674338341));
#4438=CARTESIAN_POINT('',(0.0739564031233657,-0.0162564031233658,0.0554405674338341));
#4439=CARTESIAN_POINT('',(0.0868333647067481,-0.0291333647067482,0.0554405674338341));
#4440=CARTESIAN_POINT('',(0.0739564031233657,-0.0162564031233658,0.0447787027806043));
#4441=CARTESIAN_POINT('',(0.0739564031233657,-0.0162564031233658,0.0341168381273746));
#4442=CARTESIAN_POINT('',(0.0803948839150569,-0.0226948839150569,0.0341168381273746));
#4443=CARTESIAN_POINT('',(0.0868333647067481,-0.0291333647067482,0.0341168381273746));
#4444=CARTESIAN_POINT('',(0.0868333647067481,-0.0291333647067482,0.0447787027806043));
#4445=CARTESIAN_POINT('',(0.0798307430207729,-0.022130743020773,-0.00993145070970058));
#4446=CARTESIAN_POINT('',(0.0742865760087967,-0.0165865760087968,-0.00993145070970058));
#4447=CARTESIAN_POINT('',(0.0853749100327491,-0.0276749100327493,-0.00993145070970058));
#4448=CARTESIAN_POINT('',(0.0742865760087967,-0.0165865760087968,-0.0211937157437206));
#4449=CARTESIAN_POINT('',(0.0742865760087967,-0.0165865760087968,-0.0324559807777405));
#4450=CARTESIAN_POINT('',(0.0798307430207729,-0.022130743020773,-0.0324559807777405));
#4451=CARTESIAN_POINT('',(0.0853749100327491,-0.0276749100327493,-0.0324559807777405));
#4452=CARTESIAN_POINT('',(0.0853749100327491,-0.0276749100327493,-0.0211937157437206));
#4453=CARTESIAN_POINT('',(-0.0222891037432507,0.0799891037432508,-0.134239056334686));
#4454=CARTESIAN_POINT('',(0.122959426083744,-0.0652594260837442,0.147697143665314));
#4455=CARTESIAN_POINT('',(0.123015994626239,-0.0652028575412493,0.147777143665314));
#4456=CARTESIAN_POINT('',(0.120498835906571,-0.0677200162609172,-0.134239056334686));
#4457=CARTESIAN_POINT('',(0.121191659130778,-0.0670271930367107,-0.137578068164554));
#4458=CARTESIAN_POINT('',(-0.0233640474720105,0.078914160014491,-0.134239056334686));
#4459=CARTESIAN_POINT('',(0.0760826272330105,-0.0147905247845829,-0.0211937157437206));
#4460=CARTESIAN_POINT('',(0.0760826272330105,-0.0147905247845829,-0.00993145070970058));
#4461=CARTESIAN_POINT('',(0.0760826272330105,-0.0147905247845829,-0.00993145070970058));
#4462=CARTESIAN_POINT('',(0.0760826272330105,-0.0147905247845829,-0.0211937157437206));
#4463=CARTESIAN_POINT('',(0.0760826272330105,-0.0147905247845829,-0.0324559807777405));
#4464=CARTESIAN_POINT('',(0.0760826272330105,-0.0147905247845829,-0.0324559807777405));
#4465=CARTESIAN_POINT('',(0.0816267942449867,-0.0203346917965592,-0.00993145070970058));
#4466=CARTESIAN_POINT('',(0.087170961256963,-0.0258788588085354,-0.00993145070970058));
#4467=CARTESIAN_POINT('',(0.087170961256963,-0.0258788588085354,-0.00993145070970058));
#4468=CARTESIAN_POINT('',(0.0816267942449867,-0.0203346917965592,-0.00993145070970058));
#4469=CARTESIAN_POINT('',(0.087170961256963,-0.0258788588085354,-0.0211937157437206));
#4470=CARTESIAN_POINT('',(0.087170961256963,-0.0258788588085354,-0.0324559807777405));
#4471=CARTESIAN_POINT('',(0.087170961256963,-0.0258788588085354,-0.0324559807777405));
#4472=CARTESIAN_POINT('',(0.087170961256963,-0.0258788588085354,-0.0211937157437206));
#4473=CARTESIAN_POINT('',(0.0816267942449867,-0.0203346917965592,-0.0324559807777405));
#4474=CARTESIAN_POINT('',(0.0816267942449867,-0.0203346917965592,-0.0324559807777405));
#4475=CARTESIAN_POINT('',(0.124755477307958,-0.0634633748595304,0.00672904366531377));
#4476=CARTESIAN_POINT('',(0.0757524543475795,-0.0144603518991519,0.0447787027806043));
#4477=CARTESIAN_POINT('',(0.0757524543475795,-0.0144603518991519,0.0554405674338341));
#4478=CARTESIAN_POINT('',(0.0757524543475795,-0.0144603518991519,0.0554405674338341));
#4479=CARTESIAN_POINT('',(0.0757524543475795,-0.0144603518991519,0.0447787027806043));
#4480=CARTESIAN_POINT('',(0.0757524543475795,-0.0144603518991519,0.0341168381273746));
#4481=CARTESIAN_POINT('',(0.0757524543475795,-0.0144603518991519,0.0341168381273746));
#4482=CARTESIAN_POINT('',(0.0821909351392707,-0.0208988326908431,0.0554405674338341));
#4483=CARTESIAN_POINT('',(0.0886294159309619,-0.0273373134825344,0.0554405674338341));
#4484=CARTESIAN_POINT('',(0.0886294159309619,-0.0273373134825344,0.0554405674338341));
#4485=CARTESIAN_POINT('',(0.0821909351392707,-0.0208988326908431,0.0554405674338341));
#4486=CARTESIAN_POINT('',(0.0886294159309619,-0.0273373134825344,0.0447787027806043));
#4487=CARTESIAN_POINT('',(0.0886294159309619,-0.0273373134825344,0.0341168381273746));
#4488=CARTESIAN_POINT('',(0.0886294159309619,-0.0273373134825344,0.0341168381273746));
#4489=CARTESIAN_POINT('',(0.0886294159309619,-0.0273373134825344,0.0447787027806043));
#4490=CARTESIAN_POINT('',(0.0821909351392707,-0.0208988326908431,0.0341168381273746));
#4491=CARTESIAN_POINT('',(0.0821909351392707,-0.0208988326908431,0.0341168381273746));
#4492=CARTESIAN_POINT('',(0.124755477307958,-0.0634633748595304,0.00672904366531377));
#4493=CARTESIAN_POINT('',(0.,0.,0.));
#4494=CARTESIAN_POINT('',(-0.0695563198309235,-0.0183803910783855,0.00190934715080262));
#4495=CARTESIAN_POINT('',(-0.0695563198309235,-0.0183803910783855,0.00190934715080262));
#4496=CARTESIAN_POINT('',(-0.0695563198309235,-0.0183803910783856,0.139577347150803));
#4497=CARTESIAN_POINT('',(-0.0695563198309235,-0.0183803910783855,-0.137358852849197));
#4498=CARTESIAN_POINT('',(-0.0720169100080964,-0.0159198009012126,-0.137358852849197));
#4499=CARTESIAN_POINT('',(-0.0713240867838898,-0.016612624125419,-0.140697864679066));
#4500=CARTESIAN_POINT('',(-0.0706312635596832,-0.0173054473496256,-0.137358852849197));
#4501=CARTESIAN_POINT('',(-0.0730918537368562,-0.0148448571724527,-0.137358852849197));
#4502=CARTESIAN_POINT('',(-0.0730918537368562,-0.0148448571724527,0.00190934715080262));
#4503=CARTESIAN_POINT('',(-0.0730918537368562,-0.0148448571724527,-0.0325253084301948));
#4504=CARTESIAN_POINT('',(-0.07488790496107,-0.0130488059482389,-0.0325253084301948));
#4505=CARTESIAN_POINT('',(-0.07488790496107,-0.0130488059482389,-0.0325253084301948));
#4506=CARTESIAN_POINT('',(-0.07488790496107,-0.0130488059482389,0.00190934715080262));
#4507=CARTESIAN_POINT('',(-0.07488790496107,-0.0130488059482389,-0.00980947818607092));
#4508=CARTESIAN_POINT('',(-0.07488790496107,-0.0130488059482389,-0.00980947818607092));
#4509=CARTESIAN_POINT('',(-0.0730918537368562,-0.0148448571724527,-0.00980947818607092));
#4510=CARTESIAN_POINT('',(-0.0730918537368562,-0.0148448571724527,0.00190934715080262));
#4511=CARTESIAN_POINT('',(-0.0730918537368562,-0.0148448571724528,0.0342807434499264));
#4512=CARTESIAN_POINT('',(-0.0748879049610701,-0.0130488059482389,0.0342807434499264));
#4513=CARTESIAN_POINT('',(-0.0748879049610701,-0.0130488059482389,0.0342807434499264));
#4514=CARTESIAN_POINT('',(-0.07488790496107,-0.0130488059482389,0.00190934715080262));
#4515=CARTESIAN_POINT('',(-0.0748879049610701,-0.0130488059482389,0.0556044690310955));
#4516=CARTESIAN_POINT('',(-0.0748879049610701,-0.0130488059482389,0.0556044690310955));
#4517=CARTESIAN_POINT('',(-0.0730918537368562,-0.0148448571724528,0.0556044690310955));
#4518=CARTESIAN_POINT('',(-0.0730918537368562,-0.0148448571724527,0.00190934715080262));
#4519=CARTESIAN_POINT('',(-0.0730918537368562,-0.0148448571724528,0.144577347150803));
#4520=CARTESIAN_POINT('',(-0.0208833316547287,-0.0670533792545803,0.0707433471508028));
#4521=CARTESIAN_POINT('',(-0.172362291904923,-0.121186363152385,0.00190934715080262));
#4522=CARTESIAN_POINT('',(-0.173437235633683,-0.120111419423625,-0.137358852849197));
#4523=CARTESIAN_POINT('',(-0.175897825810856,-0.117650829246452,-0.137358852849197));
#4524=CARTESIAN_POINT('',(-0.174130058857889,-0.119418596199419,-0.140697864679066));
#4525=CARTESIAN_POINT('',(-0.174822882082096,-0.118725772975212,-0.137358852849197));
#4526=CARTESIAN_POINT('',(-0.172362291904923,-0.121186363152385,-0.137358852849197));
#4527=CARTESIAN_POINT('',(-0.172362291904923,-0.121186363152385,0.00190934715080262));
#4528=CARTESIAN_POINT('',(-0.172362291904923,-0.121186363152385,0.139577347150803));
#4529=CARTESIAN_POINT('',(-0.172362291904923,-0.121186363152385,0.139577347150803));
#4530=CARTESIAN_POINT('',(-0.175897825810856,-0.117650829246452,0.144577347150803));
#4531=CARTESIAN_POINT('',(-0.175897825810856,-0.117650829246452,0.00190934715080262));
#4532=CARTESIAN_POINT('',(0.0242892239590714,0.0754651527116096,0.054828238099993));
#4533=CARTESIAN_POINT('',(0.0242892239590714,0.0754651527116096,-0.137358852849197));
#4534=CARTESIAN_POINT('',(-0.172362291904923,-0.121186363152385,0.139577347150803));
#4535=CARTESIAN_POINT('',(0.0207536900531387,0.0790006866175423,0.054828238099993));
#4536=CARTESIAN_POINT('',(-0.0775450562792948,-0.0192980597148914,0.0556044690310955));
#4537=CARTESIAN_POINT('',(-0.0819982588217334,-0.02375126225733,0.0556044690310955));
#4538=CARTESIAN_POINT('',(-0.0819982588217334,-0.02375126225733,0.0449426062405109));
#4539=CARTESIAN_POINT('',(-0.0819982588217334,-0.02375126225733,0.0342807434499264));
#4540=CARTESIAN_POINT('',(-0.0775450562792948,-0.0192980597148914,0.0342807434499264));
#4541=CARTESIAN_POINT('',(-0.0778536781130526,-0.0196066815486492,-0.00980947818607092));
#4542=CARTESIAN_POINT('',(-0.082615502489249,-0.0243685059248455,-0.00980947818607092));
#4543=CARTESIAN_POINT('',(-0.082615502489249,-0.0243685059248455,-0.0211673933081329));
#4544=CARTESIAN_POINT('',(-0.082615502489249,-0.0243685059248455,-0.0325253084301948));
#4545=CARTESIAN_POINT('',(-0.0778536781130526,-0.0196066815486492,-0.0325253084301948));
#4546=CARTESIAN_POINT('',(-0.175897825810856,-0.117650829246452,-0.137358852849197));
#4547=CARTESIAN_POINT('',(0.0207536900531387,0.0790006866175423,0.144577347150803));
#4548=CARTESIAN_POINT('',(0.0242892239590714,0.0754651527116096,0.139577347150803));
#4549=CARTESIAN_POINT('',(0.0232142802303116,0.0765400964403694,-0.137358852849197));
#4550=CARTESIAN_POINT('',(-0.12272707282089,-0.068015610162419,-0.140697864679066));
#4551=CARTESIAN_POINT('',(-0.123419896045096,-0.0673227869382124,-0.137358852849197));
#4552=CARTESIAN_POINT('',(-0.0796497293372664,-0.0178106303244354,-0.00980947818607092));
#4553=CARTESIAN_POINT('',(-0.0796497293372664,-0.0178106303244354,-0.00980947818607092));
#4554=CARTESIAN_POINT('',(-0.0844115537134628,-0.0225724547006318,-0.00980947818607092));
#4555=CARTESIAN_POINT('',(-0.0844115537134628,-0.0225724547006318,-0.00980947818607092));
#4556=CARTESIAN_POINT('',(-0.0796497293372664,-0.0178106303244353,-0.0325253084301948));
#4557=CARTESIAN_POINT('',(-0.0844115537134628,-0.0225724547006318,-0.0325253084301948));
#4558=CARTESIAN_POINT('',(-0.0844115537134628,-0.0225724547006318,-0.0325253084301948));
#4559=CARTESIAN_POINT('',(-0.0796497293372664,-0.0178106303244353,-0.0325253084301948));
#4560=CARTESIAN_POINT('',(-0.0844115537134628,-0.0225724547006318,-0.0211673933081329));
#4561=CARTESIAN_POINT('',(-0.0844115537134628,-0.0225724547006318,-0.0211673933081329));
#4562=CARTESIAN_POINT('',(-0.12629089099807,-0.0644517919852388,0.00360924715080261));
#4563=CARTESIAN_POINT('',(-0.0793411075035087,-0.0175020084906775,0.0556044690310955));
#4564=CARTESIAN_POINT('',(-0.0793411075035087,-0.0175020084906775,0.0556044690310955));
#4565=CARTESIAN_POINT('',(-0.0837943100459473,-0.0219552110331162,0.0556044690310955));
#4566=CARTESIAN_POINT('',(-0.0837943100459473,-0.0219552110331162,0.0556044690310955));
#4567=CARTESIAN_POINT('',(-0.0793411075035087,-0.0175020084906775,0.0342807434499264));
#4568=CARTESIAN_POINT('',(-0.0837943100459473,-0.0219552110331162,0.0342807434499264));
#4569=CARTESIAN_POINT('',(-0.0837943100459473,-0.0219552110331162,0.0342807434499264));
#4570=CARTESIAN_POINT('',(-0.0793411075035087,-0.0175020084906775,0.0342807434499264));
#4571=CARTESIAN_POINT('',(-0.0837943100459473,-0.0219552110331162,0.0449426062405109));
#4572=CARTESIAN_POINT('',(-0.0837943100459473,-0.0219552110331162,0.0449426062405109));
#4573=CARTESIAN_POINT('',(-0.12629089099807,-0.0644517919852388,0.00360924715080261));
#4574=CARTESIAN_POINT('',(0.,0.,0.));
#4575=CARTESIAN_POINT('',(0.0727,-0.015,0.00531425915900674));
#4576=CARTESIAN_POINT('',(0.0727,0.110736459493637,-0.1220572404515));
#4577=CARTESIAN_POINT('',(0.0727,0.110736459493637,-0.1260572404515));
#4578=CARTESIAN_POINT('',(0.0727,-0.015,0.00531425915900674));
#4579=CARTESIAN_POINT('',(0.0727,-0.015,0.0556258484721184));
#4580=CARTESIAN_POINT('',(0.0727,-0.015,0.144205958769513));
#4581=CARTESIAN_POINT('',(0.0727,-0.0075,0.0556258484721184));
#4582=CARTESIAN_POINT('',(0.0727,0.,0.0556258484721184));
#4583=CARTESIAN_POINT('',(0.0727,0.,0.044847248122096));
#4584=CARTESIAN_POINT('',(0.0727,0.,0.0340686477720738));
#4585=CARTESIAN_POINT('',(0.0727,-0.0075,0.0340686477720738));
#4586=CARTESIAN_POINT('',(0.0727,-0.015,0.0340686477720738));
#4587=CARTESIAN_POINT('',(0.0727,-0.015,0.00531425915900674));
#4588=CARTESIAN_POINT('',(0.0727,-0.015,-0.00980168953537941));
#4589=CARTESIAN_POINT('',(0.0727,-0.0075,-0.00980168953537941));
#4590=CARTESIAN_POINT('',(0.0727,0.,-0.00980168953537941));
#4591=CARTESIAN_POINT('',(0.0727,0.,-0.0210861451923847));
#4592=CARTESIAN_POINT('',(0.0727,0.,-0.0323706008493901));
#4593=CARTESIAN_POINT('',(0.0727,-0.0075,-0.0323706008493901));
#4594=CARTESIAN_POINT('',(0.0727,-0.015,-0.0323706008493901));
#4595=CARTESIAN_POINT('',(0.0727,-0.015,0.00531425915900674));
#4596=CARTESIAN_POINT('',(0.0727,-0.015,-0.1370572404515));
#4597=CARTESIAN_POINT('',(0.0727,-0.015,-0.1370572404515));
#4598=CARTESIAN_POINT('',(0.0727,0.12938,-0.1370572404515));
#4599=CARTESIAN_POINT('',(0.0727,0.12938,0.00531425915900674));
#4600=CARTESIAN_POINT('',(0.0727,0.12938,0.144205958769513));
#4601=CARTESIAN_POINT('',(0.0727,-0.015,0.144205958769513));
#4602=CARTESIAN_POINT('',(0.0727,0.0965549473166466,-0.114883928060532));
#4603=CARTESIAN_POINT('',(0.0727,0.0923049473166466,-0.114883928060532));
#4604=CARTESIAN_POINT('',(0.0727,0.100804947316647,-0.114883928060532));
#4605=CARTESIAN_POINT('',(0.0727,0.100804947316647,-0.121883928060532));
#4606=CARTESIAN_POINT('',(0.0727,0.100804947316647,-0.128883928060532));
#4607=CARTESIAN_POINT('',(0.0727,0.0965549473166466,-0.128883928060532));
#4608=CARTESIAN_POINT('',(0.0727,0.0923049473166466,-0.128883928060532));
#4609=CARTESIAN_POINT('',(0.0727,0.0923049473166466,-0.121883928060532));
#4610=CARTESIAN_POINT('',(0.0677,0.127,0.00532124163800937));
#4611=CARTESIAN_POINT('',(0.0677,0.,0.00532124163800937));
#4612=CARTESIAN_POINT('',(0.0677,0.,-0.1320572404515));
#4613=CARTESIAN_POINT('',(0.0677,0.,0.142699723727518));
#4614=CARTESIAN_POINT('',(0.0677,0.127,0.142699723727518));
#4615=CARTESIAN_POINT('',(0.0677,0.127,0.142699723727518));
#4616=CARTESIAN_POINT('',(0.0677,0.127,0.00532124163800937));
#4617=CARTESIAN_POINT('',(0.0677,0.127,-0.1320572404515));
#4618=CARTESIAN_POINT('',(0.0677,0.127,-0.1320572404515));
#4619=CARTESIAN_POINT('',(0.0677,0.110736459493637,-0.1220572404515));
#4620=CARTESIAN_POINT('',(0.0677,0.110736459493637,-0.1260572404515));
#4621=CARTESIAN_POINT('',(0.0677,0.127,-0.114883928060532));
#4622=CARTESIAN_POINT('',(0.0677,0.0923049473166466,-0.114883928060532));
#4623=CARTESIAN_POINT('',(0.0677,0.100804947316647,-0.114883928060532));
#4624=CARTESIAN_POINT('',(0.0677,0.0923049473166466,0.00532124163800937));
#4625=CARTESIAN_POINT('',(0.0677,0.0923049473166466,-0.128883928060532));
#4626=CARTESIAN_POINT('',(0.0677,0.127,-0.128883928060532));
#4627=CARTESIAN_POINT('',(0.0677,0.100804947316647,-0.128883928060532));
#4628=CARTESIAN_POINT('',(0.0677,0.100804947316647,0.00532124163800937));
#4629=CARTESIAN_POINT('',(-0.0727,-0.015,0.00531425915900674));
#4630=CARTESIAN_POINT('',(-0.0727,0.,0.0447771567851305));
#4631=CARTESIAN_POINT('',(-0.0727,0.,0.0555128008127213));
#4632=CARTESIAN_POINT('',(-0.0727,0.,0.0340415127575397));
#4633=CARTESIAN_POINT('',(-0.0727,-0.0075,0.0555128008127213));
#4634=CARTESIAN_POINT('',(-0.0727,-0.015,0.0555128008127213));
#4635=CARTESIAN_POINT('',(-0.0727,-0.015,0.00531425915900674));
#4636=CARTESIAN_POINT('',(-0.0727,-0.015,0.144205958769513));
#4637=CARTESIAN_POINT('',(-0.0727,0.137,0.144205958769513));
#4638=CARTESIAN_POINT('',(-0.0727,0.12938,0.144205958769513));
#4639=CARTESIAN_POINT('',(-0.0727,0.12938,0.00531425915900674));
#4640=CARTESIAN_POINT('',(-0.0727,0.12938,-0.1370572404515));
#4641=CARTESIAN_POINT('',(-0.0727,-0.015,-0.1370572404515));
#4642=CARTESIAN_POINT('',(-0.0727,-0.015,-0.1370572404515));
#4643=CARTESIAN_POINT('',(-0.0727,-0.015,0.00531425915900674));
#4644=CARTESIAN_POINT('',(-0.0727,-0.015,-0.0326348018714717));
#4645=CARTESIAN_POINT('',(-0.0727,-0.0075,-0.0326348018714717));
#4646=CARTESIAN_POINT('',(-0.0727,0.,-0.0326348018714717));
#4647=CARTESIAN_POINT('',(-0.0727,0.,-0.021173004253248));
#4648=CARTESIAN_POINT('',(-0.0727,0.,-0.0097112066350243));
#4649=CARTESIAN_POINT('',(-0.0727,-0.0075,-0.0097112066350243));
#4650=CARTESIAN_POINT('',(-0.0727,-0.015,-0.0097112066350243));
#4651=CARTESIAN_POINT('',(-0.0727,-0.015,0.00531425915900674));
#4652=CARTESIAN_POINT('',(-0.0727,-0.015,0.0340415127575397));
#4653=CARTESIAN_POINT('',(-0.0727,-0.0075,0.0340415127575397));
#4654=CARTESIAN_POINT('',(0.,0.,0.00531425915900674));
#4655=CARTESIAN_POINT('',(0.0525,0.,-0.0118572404514998));
#4656=CARTESIAN_POINT('',(0.0525,0.,-0.0140572404514998));
#4657=CARTESIAN_POINT('',(0.0525,0.,-0.1168572404515));
#4658=CARTESIAN_POINT('',(0.0525,0.,-0.1190572404515));
#4659=CARTESIAN_POINT('',(-0.0525,0.,-0.1168572404515));
#4660=CARTESIAN_POINT('',(-0.0525,0.,-0.1190572404515));
#4661=CARTESIAN_POINT('',(-0.0525,0.,-0.0118572404514998));
#4662=CARTESIAN_POINT('',(-0.0525,0.,-0.0140572404514998));
#4663=CARTESIAN_POINT('',(0.0525,0.,0.127477021664381));
#4664=CARTESIAN_POINT('',(0.0525,0.,0.125277021664381));
#4665=CARTESIAN_POINT('',(0.0525,0.,0.022477021664381));
#4666=CARTESIAN_POINT('',(0.0525,0.,0.020277021664381));
#4667=CARTESIAN_POINT('',(-0.0525,0.,0.022477021664381));
#4668=CARTESIAN_POINT('',(-0.0525,0.,0.020277021664381));
#4669=CARTESIAN_POINT('',(-0.0525,0.,0.127477021664381));
#4670=CARTESIAN_POINT('',(-0.0525,0.,0.125277021664381));
#4671=CARTESIAN_POINT('',(4.16333634234433E-17,0.,0.074977021664381));
#4672=CARTESIAN_POINT('',(4.16333634234433E-17,0.,0.014977021664381));
#4673=CARTESIAN_POINT('',(-3.24610635090336E-18,0.,-0.0643572404514999));
#4674=CARTESIAN_POINT('',(-3.24610635090336E-18,0.,-0.1243572404515));
#4675=CARTESIAN_POINT('',(0.,0.,-0.1320572404515));
#4676=CARTESIAN_POINT('',(-0.0677,0.,-0.1320572404515));
#4677=CARTESIAN_POINT('',(-0.0677,0.,0.00532124163800937));
#4678=CARTESIAN_POINT('',(-0.0677,0.,0.142699723727519));
#4679=CARTESIAN_POINT('',(4.16333634234433E-17,0.,0.142699723727519));
#4680=CARTESIAN_POINT('',(4.16333634234433E-17,-0.015,0.074977021664381));
#4681=CARTESIAN_POINT('',(4.16333634234433E-17,-0.0115202,0.074977021664381));
#4682=CARTESIAN_POINT('',(4.16333634234433E-17,-0.0115202,0.014977021664381));
#4683=CARTESIAN_POINT('',(-3.24610635090336E-18,-0.015,-0.0643572404514999));
#4684=CARTESIAN_POINT('',(-3.24610635090336E-18,-0.0115202,-0.0643572404514999));
#4685=CARTESIAN_POINT('',(-3.24610635090336E-18,-0.0115202,-0.1243572404515));
#4686=CARTESIAN_POINT('',(-0.0677,0.127,0.00532124163800937));
#4687=CARTESIAN_POINT('',(-0.0677,0.127,-0.1320572404515));
#4688=CARTESIAN_POINT('',(-0.0677,0.127,-0.1320572404515));
#4689=CARTESIAN_POINT('',(-0.0677,0.127,0.00532124163800937));
#4690=CARTESIAN_POINT('',(-0.0677,0.127,0.142699723727519));
#4691=CARTESIAN_POINT('',(-0.0677,0.127,0.142699723727519));
#4692=CARTESIAN_POINT('',(4.16333634234433E-17,0.127,0.142699723727519));
#4693=CARTESIAN_POINT('',(4.16333634234433E-17,0.127,0.142699723727519));
#4694=CARTESIAN_POINT('',(0.0525,-0.015,-0.0118572404514998));
#4695=CARTESIAN_POINT('',(0.0525,-0.015,-0.0118572404514998));
#4696=CARTESIAN_POINT('',(0.0525,-0.015,-0.0140572404514998));
#4697=CARTESIAN_POINT('',(0.0525,-0.015,-0.1168572404515));
#4698=CARTESIAN_POINT('',(0.0525,-0.015,-0.1168572404515));
#4699=CARTESIAN_POINT('',(0.0525,-0.015,-0.1190572404515));
#4700=CARTESIAN_POINT('',(-0.0525,-0.015,-0.1168572404515));
#4701=CARTESIAN_POINT('',(-0.0525,-0.015,-0.1168572404515));
#4702=CARTESIAN_POINT('',(-0.0525,-0.015,-0.1190572404515));
#4703=CARTESIAN_POINT('',(-0.0525,-0.015,-0.0118572404514998));
#4704=CARTESIAN_POINT('',(-0.0525,-0.015,-0.0118572404514998));
#4705=CARTESIAN_POINT('',(-0.0525,-0.015,-0.0140572404514998));
#4706=CARTESIAN_POINT('',(0.0525,-0.015,0.127477021664381));
#4707=CARTESIAN_POINT('',(0.0525,-0.015,0.127477021664381));
#4708=CARTESIAN_POINT('',(0.0525,-0.015,0.125277021664381));
#4709=CARTESIAN_POINT('',(0.0525,-0.015,0.022477021664381));
#4710=CARTESIAN_POINT('',(0.0525,-0.015,0.022477021664381));
#4711=CARTESIAN_POINT('',(0.0525,-0.015,0.020277021664381));
#4712=CARTESIAN_POINT('',(-0.0525,-0.015,0.022477021664381));
#4713=CARTESIAN_POINT('',(-0.0525,-0.015,0.022477021664381));
#4714=CARTESIAN_POINT('',(-0.0525,-0.015,0.020277021664381));
#4715=CARTESIAN_POINT('',(-0.0525,-0.015,0.127477021664381));
#4716=CARTESIAN_POINT('',(-0.0525,-0.015,0.127477021664381));
#4717=CARTESIAN_POINT('',(-0.0525,-0.015,0.125277021664381));
#4718=CARTESIAN_POINT('',(4.16333634234433E-17,-0.0115202,0.074977021664381));
#4719=CARTESIAN_POINT('',(4.16333634234433E-17,-0.015,0.074977021664381));
#4720=CARTESIAN_POINT('',(4.16333634234433E-17,-0.015,0.011497221664381));
#4721=CARTESIAN_POINT('',(-3.24610635090336E-18,-0.0115202,-0.0643572404514999));
#4722=CARTESIAN_POINT('',(-3.24610635090336E-18,-0.015,-0.0643572404514999));
#4723=CARTESIAN_POINT('',(-3.24610635090336E-18,-0.015,-0.1278370404515));
#4724=CARTESIAN_POINT('',(0.0473,0.110736459493637,-0.1220572404515));
#4725=CARTESIAN_POINT('',(0.,-0.015,0.00531425915900674));
#4726=CARTESIAN_POINT('',(0.07524,-0.015,-0.0323706008493901));
#4727=CARTESIAN_POINT('',(0.07524,-0.015,-0.0323706008493901));
#4728=CARTESIAN_POINT('',(0.07524,-0.015,0.00531425915900674));
#4729=CARTESIAN_POINT('',(0.07524,-0.015,-0.00980168953537941));
#4730=CARTESIAN_POINT('',(0.07524,-0.015,-0.00980168953537941));
#4731=CARTESIAN_POINT('',(0.07524,-0.015,0.0340686477720738));
#4732=CARTESIAN_POINT('',(0.07524,-0.015,0.0340686477720738));
#4733=CARTESIAN_POINT('',(0.07524,-0.015,0.00531425915900674));
#4734=CARTESIAN_POINT('',(0.07524,-0.015,0.0556258484721184));
#4735=CARTESIAN_POINT('',(0.07524,-0.015,0.0556258484721184));
#4736=CARTESIAN_POINT('',(0.0692202,-0.015,0.144205958769513));
#4737=CARTESIAN_POINT('',(0.0692202,-0.015,0.147685758769513));
#4738=CARTESIAN_POINT('',(0.00635,-0.015,0.147685758769513));
#4739=CARTESIAN_POINT('',(0.0220221760630608,-0.015,0.147685758769513));
#4740=CARTESIAN_POINT('',(0.0220221760630608,-0.015,0.150225758769513));
#4741=CARTESIAN_POINT('',(0.0220221760630608,-0.015,0.150225758769513));
#4742=CARTESIAN_POINT('',(0.00635,-0.015,0.150225758769513));
#4743=CARTESIAN_POINT('',(-0.0160778239369392,-0.015,0.150225758769513));
#4744=CARTESIAN_POINT('',(-0.0160778239369392,-0.015,0.150225758769513));
#4745=CARTESIAN_POINT('',(-0.0160778239369392,-0.015,0.147685758769513));
#4746=CARTESIAN_POINT('',(0.00635,-0.015,0.147685758769513));
#4747=CARTESIAN_POINT('',(-0.0692202,-0.015,0.147685758769513));
#4748=CARTESIAN_POINT('',(-0.0692202,-0.015,0.144205958769513));
#4749=CARTESIAN_POINT('',(-0.07524,-0.015,0.0555128008127213));
#4750=CARTESIAN_POINT('',(-0.07524,-0.015,0.0555128008127213));
#4751=CARTESIAN_POINT('',(-0.07524,-0.015,0.00531425915900674));
#4752=CARTESIAN_POINT('',(-0.07524,-0.015,0.0340415127575397));
#4753=CARTESIAN_POINT('',(-0.07524,-0.015,0.0340415127575397));
#4754=CARTESIAN_POINT('',(-0.07524,-0.015,-0.0097112066350243));
#4755=CARTESIAN_POINT('',(-0.07524,-0.015,-0.0097112066350243));
#4756=CARTESIAN_POINT('',(-0.07524,-0.015,0.00531425915900674));
#4757=CARTESIAN_POINT('',(-0.07524,-0.015,-0.0326348018714717));
#4758=CARTESIAN_POINT('',(-0.07524,-0.015,-0.0326348018714717));
#4759=CARTESIAN_POINT('',(-0.00635,-0.015,-0.1370572404515));
#4760=CARTESIAN_POINT('',(0.0692202,-0.015,0.144205958769513));
#4761=CARTESIAN_POINT('',(0.0692202,0.12938,0.144205958769513));
#4762=CARTESIAN_POINT('',(0.0692202,0.12938,0.147685758769513));
#4763=CARTESIAN_POINT('',(0.0692202,-0.015,0.147685758769513));
#4764=CARTESIAN_POINT('',(-0.00635,-0.015,-0.1370572404515));
#4765=CARTESIAN_POINT('',(-0.00635,0.12938,-0.1370572404515));
#4766=CARTESIAN_POINT('',(-0.0692202,-0.015,0.144205958769513));
#4767=CARTESIAN_POINT('',(-0.0692202,-0.015,0.147685758769513));
#4768=CARTESIAN_POINT('',(-0.0692202,0.12938,0.147685758769513));
#4769=CARTESIAN_POINT('',(-0.0692202,0.12938,0.144205958769513));
#4770=CARTESIAN_POINT('',(0.00635,-0.015,0.147685758769513));
#4771=CARTESIAN_POINT('',(0.00297217606306076,-0.00484,0.147685758769513));
#4772=CARTESIAN_POINT('',(-0.0160778239369392,-0.00484,0.147685758769513));
#4773=CARTESIAN_POINT('',(0.0220221760630608,-0.00484,0.147685758769513));
#4774=CARTESIAN_POINT('',(0.0220221760630608,-0.00992,0.147685758769513));
#4775=CARTESIAN_POINT('',(0.00635,0.12938,0.147685758769513));
#4776=CARTESIAN_POINT('',(-0.0160778239369392,-0.00992,0.147685758769513));
#4777=CARTESIAN_POINT('',(0.,0.127,-0.1320572404515));
#4778=CARTESIAN_POINT('',(0.,0.127,-0.1320572404515));
#4779=CARTESIAN_POINT('',(0.,0.127,0.00531425915900674));
#4780=CARTESIAN_POINT('',(8.3826352495973E-18,0.127,-0.0759697109460831));
#4781=CARTESIAN_POINT('',(8.3826352495973E-18,0.127,-0.0384697109460831));
#4782=CARTESIAN_POINT('',(8.3826352495973E-18,0.1116,-0.0759697109460831));
#4783=CARTESIAN_POINT('',(8.3826352495973E-18,0.12938,-0.0759697109460831));
#4784=CARTESIAN_POINT('',(8.3826352495973E-18,0.12938,-0.0384697109460831));
#4785=CARTESIAN_POINT('',(6.93889390390723E-18,0.12938,0.00357435915900674));
#4786=CARTESIAN_POINT('',(-0.0702000111341476,0.12938,0.145192742347717));
#4787=CARTESIAN_POINT('',(-0.0702000111341476,0.12938,0.146792742347717));
#4788=CARTESIAN_POINT('',(0.0702000036835671,0.12938,-0.134557247161865));
#4789=CARTESIAN_POINT('',(0.0702000036835671,0.12938,-0.132957247161865));
#4790=CARTESIAN_POINT('',(-0.0702005475759506,0.12938,-0.134556472301483));
#4791=CARTESIAN_POINT('',(-0.0702005475759506,0.12938,-0.132956472301483));
#4792=CARTESIAN_POINT('',(0.0702000036835671,0.12938,0.145192742347717));
#4793=CARTESIAN_POINT('',(0.0702000036835671,0.12938,0.146792742347717));
#4794=CARTESIAN_POINT('',(0.,0.127,0.00531425915900674));
#4795=CARTESIAN_POINT('',(0.0702000036835671,0.127,-0.134557247161865));
#4796=CARTESIAN_POINT('',(0.0702000036835671,0.127,-0.132957247161865));
#4797=CARTESIAN_POINT('',(0.0702000036835671,0.127,-0.134557247161865));
#4798=CARTESIAN_POINT('',(0.,0.127,0.00531425915900674));
#4799=CARTESIAN_POINT('',(-0.0702005475759506,0.127,-0.134556472301483));
#4800=CARTESIAN_POINT('',(-0.0702005475759506,0.127,-0.132956472301483));
#4801=CARTESIAN_POINT('',(-0.0702005475759506,0.127,-0.134556472301483));
#4802=CARTESIAN_POINT('',(0.,0.127,0.00531425915900674));
#4803=CARTESIAN_POINT('',(-0.0702000111341476,0.127,0.145192742347717));
#4804=CARTESIAN_POINT('',(-0.0702000111341476,0.127,0.146792742347717));
#4805=CARTESIAN_POINT('',(-0.0702000111341476,0.127,0.145192742347717));
#4806=CARTESIAN_POINT('',(0.,0.127,0.00531425915900674));
#4807=CARTESIAN_POINT('',(0.0702000036835671,0.127,0.145192742347717));
#4808=CARTESIAN_POINT('',(0.0702000036835671,0.127,0.146792742347717));
#4809=CARTESIAN_POINT('',(0.0702000036835671,0.127,0.145192742347717));
#4810=CARTESIAN_POINT('',(-0.07524,-0.0075,-0.0097112066350243));
#4811=CARTESIAN_POINT('',(-0.07524,0.,-0.0097112066350243));
#4812=CARTESIAN_POINT('',(-0.07524,0.,-0.0097112066350243));
#4813=CARTESIAN_POINT('',(-0.07524,-0.0075,-0.0097112066350243));
#4814=CARTESIAN_POINT('',(-0.07524,0.,-0.021173004253248));
#4815=CARTESIAN_POINT('',(-0.07524,0.,-0.0326348018714717));
#4816=CARTESIAN_POINT('',(-0.07524,0.,-0.0326348018714717));
#4817=CARTESIAN_POINT('',(-0.07524,0.,-0.021173004253248));
#4818=CARTESIAN_POINT('',(-0.07524,-0.0075,-0.0326348018714717));
#4819=CARTESIAN_POINT('',(-0.07524,-0.0075,-0.0326348018714717));
#4820=CARTESIAN_POINT('',(-0.07524,0.05719,0.00357435915900672));
#4821=CARTESIAN_POINT('',(-0.07524,-0.0075,0.0555128008127213));
#4822=CARTESIAN_POINT('',(-0.07524,0.,0.0555128008127213));
#4823=CARTESIAN_POINT('',(-0.07524,0.,0.0555128008127213));
#4824=CARTESIAN_POINT('',(-0.07524,-0.0075,0.0555128008127213));
#4825=CARTESIAN_POINT('',(-0.07524,0.,0.0447771567851305));
#4826=CARTESIAN_POINT('',(-0.07524,0.,0.0340415127575397));
#4827=CARTESIAN_POINT('',(-0.07524,0.,0.0340415127575397));
#4828=CARTESIAN_POINT('',(-0.07524,0.,0.0447771567851305));
#4829=CARTESIAN_POINT('',(-0.07524,-0.0075,0.0340415127575397));
#4830=CARTESIAN_POINT('',(-0.07524,-0.0075,0.0340415127575397));
#4831=CARTESIAN_POINT('',(-0.07524,0.05719,0.00357435915900672));
#4832=CARTESIAN_POINT('',(0.07524,-0.0075,-0.0323706008493901));
#4833=CARTESIAN_POINT('',(0.07524,0.,-0.0323706008493901));
#4834=CARTESIAN_POINT('',(0.07524,0.,-0.0323706008493901));
#4835=CARTESIAN_POINT('',(0.07524,-0.0075,-0.0323706008493901));
#4836=CARTESIAN_POINT('',(0.07524,0.,-0.0210861451923847));
#4837=CARTESIAN_POINT('',(0.07524,0.,-0.00980168953537941));
#4838=CARTESIAN_POINT('',(0.07524,0.,-0.00980168953537941));
#4839=CARTESIAN_POINT('',(0.07524,0.,-0.0210861451923847));
#4840=CARTESIAN_POINT('',(0.07524,-0.0075,-0.00980168953537941));
#4841=CARTESIAN_POINT('',(0.07524,-0.0075,-0.00980168953537941));
#4842=CARTESIAN_POINT('',(0.07524,0.05719,0.00357435915900672));
#4843=CARTESIAN_POINT('',(0.07524,-0.0075,0.0556258484721184));
#4844=CARTESIAN_POINT('',(0.07524,-0.0075,0.0556258484721184));
#4845=CARTESIAN_POINT('',(0.07524,0.,0.0556258484721184));
#4846=CARTESIAN_POINT('',(0.07524,0.,0.0556258484721184));
#4847=CARTESIAN_POINT('',(0.07524,-0.0075,0.0340686477720738));
#4848=CARTESIAN_POINT('',(0.07524,0.,0.0340686477720738));
#4849=CARTESIAN_POINT('',(0.07524,0.,0.0340686477720738));
#4850=CARTESIAN_POINT('',(0.07524,-0.0075,0.0340686477720738));
#4851=CARTESIAN_POINT('',(0.07524,0.,0.044847248122096));
#4852=CARTESIAN_POINT('',(0.07524,0.,0.044847248122096));
#4853=CARTESIAN_POINT('',(0.07524,0.05719,0.00357435915900672));
#4854=CARTESIAN_POINT('',(0.00297217606306076,-0.00484,0.150225758769513));
#4855=CARTESIAN_POINT('',(-0.0160778239369392,-0.00484,0.150225758769513));
#4856=CARTESIAN_POINT('',(-0.0160778239369392,-0.00484,0.150225758769513));
#4857=CARTESIAN_POINT('',(0.00297217606306076,-0.00484,0.150225758769513));
#4858=CARTESIAN_POINT('',(0.0220221760630608,-0.00484,0.150225758769513));
#4859=CARTESIAN_POINT('',(0.0220221760630608,-0.00484,0.150225758769513));
#4860=CARTESIAN_POINT('',(-0.0160778239369392,-0.00992,0.150225758769513));
#4861=CARTESIAN_POINT('',(-0.0160778239369392,-0.00992,0.150225758769513));
#4862=CARTESIAN_POINT('',(0.0220221760630608,-0.00992,0.150225758769513));
#4863=CARTESIAN_POINT('',(0.0220221760630608,-0.00992,0.150225758769513));
#4864=CARTESIAN_POINT('',(1.38777878078145E-17,0.05719,0.150225758769513));
#4865=CARTESIAN_POINT('',(0.0473,0.0965549473166466,-0.114883928060532));
#4866=CARTESIAN_POINT('',(0.0473,0.100804947316647,-0.114883928060532));
#4867=CARTESIAN_POINT('',(0.0473,0.0923049473166466,-0.114883928060532));
#4868=CARTESIAN_POINT('',(0.0473,0.0923049473166466,-0.121883928060532));
#4869=CARTESIAN_POINT('',(0.0473,0.0923049473166466,-0.128883928060532));
#4870=CARTESIAN_POINT('',(0.0473,0.0965549473166466,-0.128883928060532));
#4871=CARTESIAN_POINT('',(0.0473,0.100804947316647,-0.128883928060532));
#4872=CARTESIAN_POINT('',(0.0473,0.100804947316647,-0.121883928060532));
#4873=CARTESIAN_POINT('',(0.,0.,0.));
#4874=CARTESIAN_POINT('',(0.,0.137,0.00531425915900674));
#4875=CARTESIAN_POINT('',(4.31114741718901E-18,0.137,-0.0759697109460831));
#4876=CARTESIAN_POINT('',(4.31114741718901E-18,0.137,-0.0369697109460831));
#4877=CARTESIAN_POINT('',(0.0702000036835671,0.137,-0.134557247161865));
#4878=CARTESIAN_POINT('',(0.0702000036835671,0.137,-0.132957247161865));
#4879=CARTESIAN_POINT('',(-0.0702005475759506,0.137,-0.134556472301483));
#4880=CARTESIAN_POINT('',(-0.0702005475759506,0.137,-0.132956472301483));
#4881=CARTESIAN_POINT('',(-0.0727,0.137,0.00531425915900674));
#4882=CARTESIAN_POINT('',(-0.0727,0.137,-0.1370572404515));
#4883=CARTESIAN_POINT('',(-0.0727,0.137,0.144205958769513));
#4884=CARTESIAN_POINT('',(0.0727,0.137,0.144205958769513));
#4885=CARTESIAN_POINT('',(-0.0714594785492827,0.137,0.144205958769513));
#4886=CARTESIAN_POINT('',(-0.0702000111341476,0.137,0.145192742347717));
#4887=CARTESIAN_POINT('',(-0.0689405437190126,0.137,0.144205958769513));
#4888=CARTESIAN_POINT('',(0.0727,0.137,0.144205958769513));
#4889=CARTESIAN_POINT('',(0.068940536268432,0.137,0.144205958769513));
#4890=CARTESIAN_POINT('',(0.0702000036835671,0.137,0.145192742347717));
#4891=CARTESIAN_POINT('',(0.0714594710987021,0.137,0.144205958769513));
#4892=CARTESIAN_POINT('',(0.0727,0.137,0.144205958769513));
#4893=CARTESIAN_POINT('',(0.0727,0.137,0.144205958769513));
#4894=CARTESIAN_POINT('',(0.0727,0.137,0.00531425915900674));
#4895=CARTESIAN_POINT('',(0.0727,0.137,-0.1370572404515));
#4896=CARTESIAN_POINT('',(-0.00635,0.137,-0.1370572404515));
#4897=CARTESIAN_POINT('',(-0.0659525257979361,0.137,0.0835091600227905));
#4898=CARTESIAN_POINT('',(-0.0688268538516918,0.137,0.0835091600227905));
#4899=CARTESIAN_POINT('',(-0.0630781977441804,0.137,0.0835091600227905));
#4900=CARTESIAN_POINT('',(-0.0573120950323974,0.137,0.0919053383285261));
#4901=CARTESIAN_POINT('',(-0.0515459923206143,0.137,0.100301516634262));
#4902=CARTESIAN_POINT('',(-0.0456577633789297,0.137,0.0919053383285261));
#4903=CARTESIAN_POINT('',(-0.039769534437245,0.137,0.0835091600227905));
#4904=CARTESIAN_POINT('',(-0.0368952063834893,0.137,0.0835091600227905));
#4905=CARTESIAN_POINT('',(-0.0340208783297336,0.137,0.0835091600227905));
#4906=CARTESIAN_POINT('',(-0.0413266438684905,0.137,0.0934886176661791));
#4907=CARTESIAN_POINT('',(-0.0486324094072474,0.137,0.103468075309568));
#4908=CARTESIAN_POINT('',(-0.0418849352051835,0.137,0.112692967318207));
#4909=CARTESIAN_POINT('',(-0.0351374610031197,0.137,0.121917859326846));
#4910=CARTESIAN_POINT('',(-0.0380117890568754,0.137,0.121917859326846));
#4911=CARTESIAN_POINT('',(-0.0408861171106311,0.137,0.121917859326846));
#4912=CARTESIAN_POINT('',(-0.0462291396688265,0.137,0.11438092628149));
#4913=CARTESIAN_POINT('',(-0.0515721622270218,0.137,0.106843993236133));
#4914=CARTESIAN_POINT('',(-0.0567668886489081,0.137,0.11438092628149));
#4915=CARTESIAN_POINT('',(-0.0619616150707943,0.137,0.121917859326846));
#4916=CARTESIAN_POINT('',(-0.06483594312455,0.137,0.121917859326846));
#4917=CARTESIAN_POINT('',(-0.0677102711783057,0.137,0.121917859326846));
#4918=CARTESIAN_POINT('',(-0.0611416246700264,0.137,0.112784561990633));
#4919=CARTESIAN_POINT('',(-0.054572978161747,0.137,0.10365126465442));
#4920=CARTESIAN_POINT('',(-0.0616999160067194,0.137,0.0935802123386053));
#4921=CARTESIAN_POINT('',(-0.0208923086153107,0.137,0.0847478689260783));
#4922=CARTESIAN_POINT('',(-0.0172808615310775,0.137,0.0829595919882333));
#4923=CARTESIAN_POINT('',(-0.0123696424286057,0.137,0.0829595919882333));
#4924=CARTESIAN_POINT('',(-0.0208923086153107,0.137,0.0847478689260783));
#4925=CARTESIAN_POINT('',(-0.0123696424286057,0.137,0.0829595919882333));
#4926=CARTESIAN_POINT('',(-0.0123696424286057,0.137,0.0829595919882333));
#4927=CARTESIAN_POINT('',(-0.00765905927525798,0.137,0.0829595919882333));
#4928=CARTESIAN_POINT('',(-0.00414356851451885,0.137,0.0846780825089916));
#4929=CARTESIAN_POINT('',(-0.00414356851451885,0.137,0.0846780825089916));
#4930=CARTESIAN_POINT('',(-0.00414356851451885,0.137,0.0846780825089916));
#4931=CARTESIAN_POINT('',(-0.00062807775377971,0.137,0.08639657302975));
#4932=CARTESIAN_POINT('',(0.00130849532037436,0.137,0.0896678113306859));
#4933=CARTESIAN_POINT('',(0.00130849532037436,0.137,0.0896678113306859));
#4934=CARTESIAN_POINT('',(0.00130849532037436,0.137,0.0896678113306859));
#4935=CARTESIAN_POINT('',(0.00324506839452843,0.137,0.0929390496316218));
#4936=CARTESIAN_POINT('',(0.00324506839452843,0.137,0.0974664434401171));
#4937=CARTESIAN_POINT('',(0.00324506839452843,0.137,0.0974664434401171));
#4938=CARTESIAN_POINT('',(0.00324506839452843,0.137,0.109692151383482));
#4939=CARTESIAN_POINT('',(0.00324506839452843,0.137,0.121917859326846));
#4940=CARTESIAN_POINT('',(0.000641162706983431,0.137,0.121917859326846));
#4941=CARTESIAN_POINT('',(-0.00196274298056157,0.137,0.121917859326846));
#4942=CARTESIAN_POINT('',(-0.00196274298056157,0.137,0.109910233936877));
#4943=CARTESIAN_POINT('',(-0.00196274298056157,0.137,0.0979026085469086));
#4944=CARTESIAN_POINT('',(-0.00196274298056157,0.137,0.0979026085469086));
#4945=CARTESIAN_POINT('',(-0.00196274298056157,0.137,0.0926424573590036));
#4946=CARTESIAN_POINT('',(-0.00463207343412528,0.137,0.089916425441557));
#4947=CARTESIAN_POINT('',(-0.00463207343412528,0.137,0.089916425441557));
#4948=CARTESIAN_POINT('',(-0.00463207343412528,0.137,0.089916425441557));
#4949=CARTESIAN_POINT('',(-0.00730140388768899,0.137,0.0871903935241104));
#4950=CARTESIAN_POINT('',(-0.0123434725221982,0.137,0.0871903935241104));
#4951=CARTESIAN_POINT('',(-0.0123434725221982,0.137,0.0871903935241104));
#4952=CARTESIAN_POINT('',(-0.0123434725221982,0.137,0.0871903935241104));
#4953=CARTESIAN_POINT('',(-0.0175251139908807,0.137,0.0871903935241104));
#4954=CARTESIAN_POINT('',(-0.0203994420446364,0.137,0.0900123817650512));
#4955=CARTESIAN_POINT('',(-0.0203994420446364,0.137,0.0900123817650512));
#4956=CARTESIAN_POINT('',(-0.0203994420446364,0.137,0.0900123817650512));
#4957=CARTESIAN_POINT('',(-0.0232737700983921,0.137,0.0928343700059919));
#4958=CARTESIAN_POINT('',(-0.0232737700983921,0.137,0.0982602639344776));
#4959=CARTESIAN_POINT('',(-0.0232737700983921,0.137,0.0982602639344776));
#4960=CARTESIAN_POINT('',(-0.0232737700983921,0.137,0.110089061630662));
#4961=CARTESIAN_POINT('',(-0.0232737700983921,0.137,0.121917859326846));
#4962=CARTESIAN_POINT('',(-0.0258645908327334,0.137,0.121917859326846));
#4963=CARTESIAN_POINT('',(-0.0284554115670747,0.137,0.121917859326846));
#4964=CARTESIAN_POINT('',(-0.0284554115670747,0.137,0.109936403843285));
#4965=CARTESIAN_POINT('',(-0.0284554115670747,0.137,0.0979549483597236));
#4966=CARTESIAN_POINT('',(-0.0284554115670747,0.137,0.0979549483597236));
#4967=CARTESIAN_POINT('',(-0.0284554115670747,0.137,0.0932967050191908));
#4968=CARTESIAN_POINT('',(-0.0264795836333093,0.137,0.089916425441557));
#4969=CARTESIAN_POINT('',(-0.0264795836333093,0.137,0.089916425441557));
#4970=CARTESIAN_POINT('',(-0.0264795836333093,0.137,0.089916425441557));
#4971=CARTESIAN_POINT('',(-0.024503755699544,0.137,0.0865361458639232));
#4972=CARTESIAN_POINT('',(-0.0208923086153107,0.137,0.0847478689260783));
#4973=CARTESIAN_POINT('',(0.0217122990160787,0.137,0.0835091600227905));
#4974=CARTESIAN_POINT('',(0.00940371970242379,0.137,0.0835091600227905));
#4975=CARTESIAN_POINT('',(0.0340208783297336,0.137,0.0835091600227905));
#4976=CARTESIAN_POINT('',(0.0340208783297336,0.137,0.102713509674818));
#4977=CARTESIAN_POINT('',(0.0340208783297336,0.137,0.121917859326846));
#4978=CARTESIAN_POINT('',(0.0314169726421886,0.137,0.121917859326846));
#4979=CARTESIAN_POINT('',(0.0288130669546436,0.137,0.121917859326846));
#4980=CARTESIAN_POINT('',(0.0288130669546436,0.137,0.104841995395961));
#4981=CARTESIAN_POINT('',(0.0288130669546436,0.137,0.0877661314650751));
#4982=CARTESIAN_POINT('',(0.0191083933285337,0.137,0.0877661314650751));
#4983=CARTESIAN_POINT('',(0.00940371970242379,0.137,0.0877661314650752));
#4984=CARTESIAN_POINT('',(0.00940371970242379,0.137,0.0856376457439328));
#4985=CARTESIAN_POINT('',(0.0518731161507079,0.137,0.117669611186697));
#4986=CARTESIAN_POINT('',(0.0408337772978161,0.137,0.117669611186697));
#4987=CARTESIAN_POINT('',(0.0629124550035997,0.137,0.117669611186697));
#4988=CARTESIAN_POINT('',(0.0629124550035997,0.137,0.110525226737453));
#4989=CARTESIAN_POINT('',(0.0629124550035997,0.137,0.103380842288209));
#4990=CARTESIAN_POINT('',(0.0522002399808015,0.137,0.103380842288209));
#4991=CARTESIAN_POINT('',(0.0414880249580033,0.137,0.103380842288209));
#4992=CARTESIAN_POINT('',(0.0414880249580033,0.137,0.101226186660659));
#4993=CARTESIAN_POINT('',(0.0414880249580033,0.137,0.0990715310331097));
#4994=CARTESIAN_POINT('',(0.0522002399808015,0.137,0.0990715310331097));
#4995=CARTESIAN_POINT('',(0.0629124550035997,0.137,0.0990715310331097));
#4996=CARTESIAN_POINT('',(0.0629124550035997,0.137,0.0912903455279501));
#4997=CARTESIAN_POINT('',(0.0629124550035997,0.137,0.0835091600227905));
#4998=CARTESIAN_POINT('',(0.0655163606911447,0.137,0.0835091600227905));
#4999=CARTESIAN_POINT('',(0.0681202663786896,0.137,0.0835091600227905));
#5000=CARTESIAN_POINT('',(0.0681202663786896,0.137,0.102713509674818));
#5001=CARTESIAN_POINT('',(0.0681202663786896,0.137,0.121917859326846));
#5002=CARTESIAN_POINT('',(0.0544770218382529,0.137,0.121917859326846));
#5003=CARTESIAN_POINT('',(0.0408337772978161,0.137,0.121917859326846));
#5004=CARTESIAN_POINT('',(0.0408337772978161,0.137,0.119793735256772));
#5005=CARTESIAN_POINT('',(0.0727,-0.015,0.00531425915900674));
#5006=CARTESIAN_POINT('',(0.0727,-0.015,0.144205958769513));
#5007=CARTESIAN_POINT('',(0.0727,0.12938,0.144205958769513));
#5008=CARTESIAN_POINT('',(0.0727,0.12938,0.00531425915900674));
#5009=CARTESIAN_POINT('',(0.0727,0.12938,-0.1370572404515));
#5010=CARTESIAN_POINT('',(0.0727,-0.015,-0.1370572404515));
#5011=CARTESIAN_POINT('',(0.00635,-0.015,0.147685758769513));
#5012=CARTESIAN_POINT('',(-0.0692202,-0.015,0.147685758769513));
#5013=CARTESIAN_POINT('',(-0.0692202,0.1335202,0.147685758769513));
#5014=CARTESIAN_POINT('',(-0.0692202,0.12938,0.147685758769513));
#5015=CARTESIAN_POINT('',(0.00635,0.12938,0.147685758769513));
#5016=CARTESIAN_POINT('',(0.0692202,0.12938,0.147685758769513));
#5017=CARTESIAN_POINT('',(0.0692202,-0.015,0.147685758769513));
#5018=CARTESIAN_POINT('',(0.0692202,0.1335202,0.147685758769513));
#5019=CARTESIAN_POINT('',(-0.0727,0.1335202,0.147685758769513));
#5020=CARTESIAN_POINT('',(-0.0727,-0.015,0.00531425915900674));
#5021=CARTESIAN_POINT('',(-0.0727,0.12938,0.00531425915900674));
#5022=CARTESIAN_POINT('',(-0.0727,0.12938,0.144205958769513));
#5023=CARTESIAN_POINT('',(-0.0727,0.12938,-0.1370572404515));
#5024=CARTESIAN_POINT('',(-0.0727,0.137,0.144205958769513));
#5025=CARTESIAN_POINT('',(-0.0727,-0.015,-0.1370572404515));
#5026=CARTESIAN_POINT('',(-0.00635,-0.015,-0.1370572404515));
#5027=CARTESIAN_POINT('',(-0.00635,0.12938,-0.1370572404515));
#5028=CARTESIAN_POINT('',(0.0702000036835671,0.127,0.145192742347717));
#5029=CARTESIAN_POINT('',(0.0702000036835671,0.12938,0.145192742347717));
#5030=CARTESIAN_POINT('',(0.0702000036835671,0.12938,0.146792742347717));
#5031=CARTESIAN_POINT('',(0.068940536268432,0.137,0.144205958769513));
#5032=CARTESIAN_POINT('',(0.0687432214939716,0.137,0.144457798721501));
#5033=CARTESIAN_POINT('',(0.0685122825168029,0.136937339566266,0.145076525562217));
#5034=CARTESIAN_POINT('',(0.0687199713692449,0.13656370330336,0.145972246126058));
#5035=CARTESIAN_POINT('',(0.069278065574792,0.136075872473564,0.146595794481029));
#5036=CARTESIAN_POINT('',(0.070199386670104,0.135733843994645,0.146891000568671));
#5037=CARTESIAN_POINT('',(0.0711215482614797,0.136075341932021,0.146596656904098));
#5038=CARTESIAN_POINT('',(0.0716799955439404,0.13656417876075,0.145970615602295));
#5039=CARTESIAN_POINT('',(0.0718880415125967,0.136935705295205,0.145082647404744));
#5040=CARTESIAN_POINT('',(0.071657095534176,0.137,0.144458193953004));
#5041=CARTESIAN_POINT('',(0.0714594710987021,0.137,0.144205958769513));
#5042=CARTESIAN_POINT('',(-0.0702000111341476,0.127,0.145192742347717));
#5043=CARTESIAN_POINT('',(-0.0702000111341476,0.12938,0.145192742347717));
#5044=CARTESIAN_POINT('',(-0.0702000111341476,0.12938,0.146792742347717));
#5045=CARTESIAN_POINT('',(-0.0714594785492827,0.137,0.144205958769513));
#5046=CARTESIAN_POINT('',(-0.0716567933237431,0.137,0.144457798721501));
#5047=CARTESIAN_POINT('',(-0.0718877323009118,0.136937339566266,0.145076525562217));
#5048=CARTESIAN_POINT('',(-0.0716800434484699,0.13656370330336,0.145972246126058));
#5049=CARTESIAN_POINT('',(-0.0711219492429227,0.136075872473564,0.146595794481029));
#5050=CARTESIAN_POINT('',(-0.0702006281476108,0.135733843994645,0.146891000568671));
#5051=CARTESIAN_POINT('',(-0.069278466556235,0.136075341932021,0.146596656904098));
#5052=CARTESIAN_POINT('',(-0.0687200192737743,0.13656417876075,0.145970615602295));
#5053=CARTESIAN_POINT('',(-0.0685119733051181,0.136935705295205,0.145082647404744));
#5054=CARTESIAN_POINT('',(-0.0687429192835387,0.137,0.144458193953004));
#5055=CARTESIAN_POINT('',(-0.0689405437190126,0.137,0.144205958769513));
#5056=CARTESIAN_POINT('',(-0.0702005475759506,0.127,-0.134556472301483));
#5057=CARTESIAN_POINT('',(-0.0702005475759506,0.12938,-0.134556472301483));
#5058=CARTESIAN_POINT('',(-0.0702005475759506,0.12938,-0.132956472301483));
#5059=CARTESIAN_POINT('',(0.0702000036835671,0.127,-0.134557247161865));
#5060=CARTESIAN_POINT('',(0.0702000036835671,0.12938,-0.134557247161865));
#5061=CARTESIAN_POINT('',(0.0702000036835671,0.12938,-0.132957247161865));
#5062=CARTESIAN_POINT('',(8.3826352495973E-18,0.1116,-0.0759697109460831));
#5063=CARTESIAN_POINT('',(8.3826352495973E-18,0.12938,-0.0759697109460831));
#5064=CARTESIAN_POINT('',(8.3826352495973E-18,0.12938,-0.0384697109460831));
#5065=CARTESIAN_POINT('',(8.3826352495973E-18,0.161781912773847,-0.0759697109460831));
#5066=CARTESIAN_POINT('',(8.3826352495973E-18,0.161781912773847,-0.0384697109460831));
#5067=CARTESIAN_POINT('',(4.31114741718901E-18,0.1624,-0.0759697109460831));
#5068=CARTESIAN_POINT('',(4.31114741718901E-18,0.1589202,-0.0759697109460831));
#5069=CARTESIAN_POINT('',(4.31114741718901E-18,0.1589202,-0.0369697109460831));
#5070=CARTESIAN_POINT('',(-0.0692202,-0.015,0.144205958769513));
#5071=CARTESIAN_POINT('',(-0.0692202,0.12938,0.144205958769513));
#5072=CARTESIAN_POINT('',(-0.0692202,0.1335202,0.144205958769513));
#5073=CARTESIAN_POINT('',(0.00635,0.1335202,0.144205958769513));
#5074=CARTESIAN_POINT('',(0.0692202,0.1335202,0.144205958769513));
#5075=CARTESIAN_POINT('',(0.0692202,-0.015,0.144205958769513));
#5076=CARTESIAN_POINT('',(0.0692202,0.12938,0.144205958769513));
#5077=CARTESIAN_POINT('',(4.31114741718901E-18,0.1589202,-0.0759697109460831));
#5078=CARTESIAN_POINT('',(-0.0573120950323974,0.134206,0.0919053383285261));
#5079=CARTESIAN_POINT('',(-0.0630781977441804,0.134206,0.0835091600227905));
#5080=CARTESIAN_POINT('',(-0.0630781977441804,0.134206,0.0835091600227905));
#5081=CARTESIAN_POINT('',(-0.0573120950323974,0.134206,0.0919053383285261));
#5082=CARTESIAN_POINT('',(-0.0515459923206143,0.134206,0.100301516634262));
#5083=CARTESIAN_POINT('',(-0.0515459923206143,0.134206,0.100301516634262));
#5084=CARTESIAN_POINT('',(-0.0659525257979361,0.134206,0.0835091600227905));
#5085=CARTESIAN_POINT('',(-0.0688268538516918,0.134206,0.0835091600227905));
#5086=CARTESIAN_POINT('',(-0.0688268538516918,0.134206,0.0835091600227905));
#5087=CARTESIAN_POINT('',(-0.0659525257979361,0.134206,0.0835091600227905));
#5088=CARTESIAN_POINT('',(-0.0616999160067194,0.134206,0.0935802123386053));
#5089=CARTESIAN_POINT('',(-0.054572978161747,0.134206,0.10365126465442));
#5090=CARTESIAN_POINT('',(-0.054572978161747,0.134206,0.10365126465442));
#5091=CARTESIAN_POINT('',(-0.0616999160067194,0.134206,0.0935802123386053));
#5092=CARTESIAN_POINT('',(-0.0611416246700264,0.134206,0.112784561990633));
#5093=CARTESIAN_POINT('',(-0.0677102711783057,0.134206,0.121917859326846));
#5094=CARTESIAN_POINT('',(-0.0677102711783057,0.134206,0.121917859326846));
#5095=CARTESIAN_POINT('',(-0.0611416246700264,0.134206,0.112784561990633));
#5096=CARTESIAN_POINT('',(-0.06483594312455,0.134206,0.121917859326846));
#5097=CARTESIAN_POINT('',(-0.0619616150707943,0.134206,0.121917859326846));
#5098=CARTESIAN_POINT('',(-0.0619616150707943,0.134206,0.121917859326846));
#5099=CARTESIAN_POINT('',(-0.06483594312455,0.134206,0.121917859326846));
#5100=CARTESIAN_POINT('',(-0.0567668886489081,0.134206,0.11438092628149));
#5101=CARTESIAN_POINT('',(-0.0515721622270218,0.134206,0.106843993236133));
#5102=CARTESIAN_POINT('',(-0.0515721622270218,0.134206,0.106843993236133));
#5103=CARTESIAN_POINT('',(-0.0567668886489081,0.134206,0.11438092628149));
#5104=CARTESIAN_POINT('',(-0.0462291396688265,0.134206,0.11438092628149));
#5105=CARTESIAN_POINT('',(-0.0408861171106311,0.134206,0.121917859326846));
#5106=CARTESIAN_POINT('',(-0.0408861171106311,0.134206,0.121917859326846));
#5107=CARTESIAN_POINT('',(-0.0462291396688265,0.134206,0.11438092628149));
#5108=CARTESIAN_POINT('',(-0.0380117890568754,0.134206,0.121917859326846));
#5109=CARTESIAN_POINT('',(-0.0351374610031197,0.134206,0.121917859326846));
#5110=CARTESIAN_POINT('',(-0.0351374610031197,0.134206,0.121917859326846));
#5111=CARTESIAN_POINT('',(-0.0380117890568754,0.134206,0.121917859326846));
#5112=CARTESIAN_POINT('',(-0.0418849352051835,0.134206,0.112692967318207));
#5113=CARTESIAN_POINT('',(-0.0486324094072474,0.134206,0.103468075309568));
#5114=CARTESIAN_POINT('',(-0.0486324094072474,0.134206,0.103468075309568));
#5115=CARTESIAN_POINT('',(-0.0418849352051835,0.134206,0.112692967318207));
#5116=CARTESIAN_POINT('',(-0.0413266438684905,0.134206,0.0934886176661791));
#5117=CARTESIAN_POINT('',(-0.0340208783297336,0.134206,0.0835091600227905));
#5118=CARTESIAN_POINT('',(-0.0340208783297336,0.134206,0.0835091600227905));
#5119=CARTESIAN_POINT('',(-0.0413266438684905,0.134206,0.0934886176661791));
#5120=CARTESIAN_POINT('',(-0.0368952063834893,0.134206,0.0835091600227905));
#5121=CARTESIAN_POINT('',(-0.039769534437245,0.134206,0.0835091600227905));
#5122=CARTESIAN_POINT('',(-0.039769534437245,0.134206,0.0835091600227905));
#5123=CARTESIAN_POINT('',(-0.0368952063834893,0.134206,0.0835091600227905));
#5124=CARTESIAN_POINT('',(-0.0456577633789297,0.134206,0.0919053383285261));
#5125=CARTESIAN_POINT('',(-0.0456577633789297,0.134206,0.0919053383285261));
#5126=CARTESIAN_POINT('',(0.,0.134206,0.00357435915900672));
#5127=CARTESIAN_POINT('',(-0.0123696424286057,0.134206,0.0829595919882333));
#5128=CARTESIAN_POINT('',(-0.0123696424286057,0.137,0.0829595919882333));
#5129=CARTESIAN_POINT('',(-0.00922925365970722,0.134206,0.0829595919882333));
#5130=CARTESIAN_POINT('',(-0.00922925365970722,0.137,0.0829595919882333));
#5131=CARTESIAN_POINT('',(-0.00648722902167827,0.134206,0.0835324221618194));
#5132=CARTESIAN_POINT('',(-0.00648722902167827,0.137,0.0835324221618194));
#5133=CARTESIAN_POINT('',(-0.00414356851451885,0.134206,0.0846780825089916));
#5134=CARTESIAN_POINT('',(-0.00414356851451885,0.137,0.0846780825089916));
#5135=CARTESIAN_POINT('',(-0.0123696424286057,0.134206,0.0829595919882333));
#5136=CARTESIAN_POINT('',(-0.0123696424286057,0.134206,0.0829595919882333));
#5137=CARTESIAN_POINT('',(-0.0123696424286057,0.134206,0.0829595919882333));
#5138=CARTESIAN_POINT('',(-0.00765905927525798,0.134206,0.0829595919882333));
#5139=CARTESIAN_POINT('',(-0.00414356851451885,0.134206,0.0846780825089916));
#5140=CARTESIAN_POINT('',(-0.00414356851451885,0.134206,0.0846780825089916));
#5141=CARTESIAN_POINT('',(-0.00414356851451885,0.134206,0.0846780825089916));
#5142=CARTESIAN_POINT('',(-0.0208923086153107,0.134206,0.0847478689260783));
#5143=CARTESIAN_POINT('',(-0.0208923086153107,0.137,0.0847478689260783));
#5144=CARTESIAN_POINT('',(-0.0184846772258219,0.134206,0.0835556843008483));
#5145=CARTESIAN_POINT('',(-0.0184846772258219,0.137,0.0835556843008483));
#5146=CARTESIAN_POINT('',(-0.0156437884969202,0.134206,0.0829595919882333));
#5147=CARTESIAN_POINT('',(-0.0156437884969202,0.137,0.0829595919882333));
#5148=CARTESIAN_POINT('',(-0.0123696424286057,0.134206,0.0829595919882333));
#5149=CARTESIAN_POINT('',(-0.0123696424286057,0.137,0.0829595919882333));
#5150=CARTESIAN_POINT('',(-0.0208923086153107,0.134206,0.0847478689260783));
#5151=CARTESIAN_POINT('',(-0.0208923086153107,0.134206,0.0847478689260783));
#5152=CARTESIAN_POINT('',(-0.0208923086153107,0.134206,0.0847478689260783));
#5153=CARTESIAN_POINT('',(-0.0172808615310775,0.134206,0.0829595919882333));
#5154=CARTESIAN_POINT('',(-0.0123696424286057,0.134206,0.0829595919882333));
#5155=CARTESIAN_POINT('',(-0.0264795836333093,0.134206,0.089916425441557));
#5156=CARTESIAN_POINT('',(-0.0264795836333093,0.137,0.089916425441557));
#5157=CARTESIAN_POINT('',(-0.0251623650107991,0.134206,0.0876629057231345));
#5158=CARTESIAN_POINT('',(-0.0251623650107991,0.137,0.0876629057231345));
#5159=CARTESIAN_POINT('',(-0.0232999400047996,0.134206,0.0859400535513082));
#5160=CARTESIAN_POINT('',(-0.0232999400047996,0.137,0.0859400535513082));
#5161=CARTESIAN_POINT('',(-0.0208923086153107,0.134206,0.0847478689260783));
#5162=CARTESIAN_POINT('',(-0.0208923086153107,0.137,0.0847478689260783));
#5163=CARTESIAN_POINT('',(-0.0264795836333093,0.134206,0.089916425441557));
#5164=CARTESIAN_POINT('',(-0.0264795836333093,0.134206,0.089916425441557));
#5165=CARTESIAN_POINT('',(-0.0264795836333093,0.134206,0.089916425441557));
#5166=CARTESIAN_POINT('',(-0.024503755699544,0.134206,0.0865361458639232));
#5167=CARTESIAN_POINT('',(-0.0208923086153107,0.134206,0.0847478689260783));
#5168=CARTESIAN_POINT('',(-0.0284554115670747,0.134206,0.0979549483597236));
#5169=CARTESIAN_POINT('',(-0.0284554115670747,0.137,0.0979549483597236));
#5170=CARTESIAN_POINT('',(-0.0284554115670747,0.134206,0.0948494527993684));
#5171=CARTESIAN_POINT('',(-0.0284554115670747,0.137,0.0948494527993684));
#5172=CARTESIAN_POINT('',(-0.0277968022558196,0.134206,0.0921699451599795));
#5173=CARTESIAN_POINT('',(-0.0277968022558196,0.137,0.0921699451599795));
#5174=CARTESIAN_POINT('',(-0.0264795836333093,0.134206,0.089916425441557));
#5175=CARTESIAN_POINT('',(-0.0264795836333093,0.137,0.089916425441557));
#5176=CARTESIAN_POINT('',(-0.0284554115670747,0.134206,0.0979549483597236));
#5177=CARTESIAN_POINT('',(-0.0284554115670747,0.134206,0.0979549483597236));
#5178=CARTESIAN_POINT('',(-0.0284554115670747,0.134206,0.0979549483597236));
#5179=CARTESIAN_POINT('',(-0.0284554115670747,0.134206,0.0932967050191908));
#5180=CARTESIAN_POINT('',(-0.0264795836333093,0.134206,0.089916425441557));
#5181=CARTESIAN_POINT('',(-0.0284554115670747,0.134206,0.109936403843285));
#5182=CARTESIAN_POINT('',(-0.0284554115670747,0.134206,0.121917859326846));
#5183=CARTESIAN_POINT('',(-0.0284554115670747,0.134206,0.121917859326846));
#5184=CARTESIAN_POINT('',(-0.0284554115670747,0.134206,0.109936403843285));
#5185=CARTESIAN_POINT('',(-0.0258645908327334,0.134206,0.121917859326846));
#5186=CARTESIAN_POINT('',(-0.0232737700983921,0.134206,0.121917859326846));
#5187=CARTESIAN_POINT('',(-0.0232737700983921,0.134206,0.121917859326846));
#5188=CARTESIAN_POINT('',(-0.0258645908327334,0.134206,0.121917859326846));
#5189=CARTESIAN_POINT('',(-0.0232737700983921,0.134206,0.110089061630662));
#5190=CARTESIAN_POINT('',(-0.0232737700983921,0.134206,0.0982602639344776));
#5191=CARTESIAN_POINT('',(-0.0232737700983921,0.134206,0.0982602639344776));
#5192=CARTESIAN_POINT('',(-0.0232737700983921,0.134206,0.110089061630662));
#5193=CARTESIAN_POINT('',(-0.0203994420446364,0.134206,0.0900123817650512));
#5194=CARTESIAN_POINT('',(-0.0203994420446364,0.137,0.0900123817650512));
#5195=CARTESIAN_POINT('',(-0.0223156607471402,0.134206,0.0918937072590117));
#5196=CARTESIAN_POINT('',(-0.0223156607471402,0.137,0.0918937072590117));
#5197=CARTESIAN_POINT('',(-0.0232737700983921,0.134206,0.0946430013154871));
#5198=CARTESIAN_POINT('',(-0.0232737700983921,0.137,0.0946430013154871));
#5199=CARTESIAN_POINT('',(-0.0232737700983921,0.134206,0.0982602639344776));
#5200=CARTESIAN_POINT('',(-0.0232737700983921,0.137,0.0982602639344776));
#5201=CARTESIAN_POINT('',(-0.0203994420446364,0.134206,0.0900123817650512));
#5202=CARTESIAN_POINT('',(-0.0203994420446364,0.134206,0.0900123817650512));
#5203=CARTESIAN_POINT('',(-0.0203994420446364,0.134206,0.0900123817650512));
#5204=CARTESIAN_POINT('',(-0.0232737700983921,0.134206,0.0928343700059919));
#5205=CARTESIAN_POINT('',(-0.0232737700983921,0.134206,0.0982602639344776));
#5206=CARTESIAN_POINT('',(-0.0123434725221982,0.134206,0.0871903935241104));
#5207=CARTESIAN_POINT('',(-0.0123434725221982,0.137,0.0871903935241104));
#5208=CARTESIAN_POINT('',(-0.0157979001679865,0.134206,0.0871903935241104));
#5209=CARTESIAN_POINT('',(-0.0157979001679865,0.137,0.0871903935241104));
#5210=CARTESIAN_POINT('',(-0.0184832233421326,0.134206,0.0881310562710907));
#5211=CARTESIAN_POINT('',(-0.0184832233421326,0.137,0.0881310562710907));
#5212=CARTESIAN_POINT('',(-0.0203994420446364,0.134206,0.0900123817650512));
#5213=CARTESIAN_POINT('',(-0.0203994420446364,0.137,0.0900123817650512));
#5214=CARTESIAN_POINT('',(-0.0123434725221982,0.134206,0.0871903935241104));
#5215=CARTESIAN_POINT('',(-0.0123434725221982,0.134206,0.0871903935241104));
#5216=CARTESIAN_POINT('',(-0.0123434725221982,0.134206,0.0871903935241104));
#5217=CARTESIAN_POINT('',(-0.0175251139908807,0.134206,0.0871903935241104));
#5218=CARTESIAN_POINT('',(-0.0203994420446364,0.134206,0.0900123817650512));
#5219=CARTESIAN_POINT('',(-0.00463207343412528,0.134206,0.089916425441557));
#5220=CARTESIAN_POINT('',(-0.00463207343412528,0.137,0.089916425441557));
#5221=CARTESIAN_POINT('',(-0.00641162706983442,0.134206,0.0880990708299259));
#5222=CARTESIAN_POINT('',(-0.00641162706983442,0.137,0.0880990708299259));
#5223=CARTESIAN_POINT('',(-0.0089820934325254,0.134206,0.0871903935241104));
#5224=CARTESIAN_POINT('',(-0.0089820934325254,0.137,0.0871903935241104));
#5225=CARTESIAN_POINT('',(-0.0123434725221982,0.134206,0.0871903935241104));
#5226=CARTESIAN_POINT('',(-0.0123434725221982,0.137,0.0871903935241104));
#5227=CARTESIAN_POINT('',(-0.00463207343412528,0.134206,0.089916425441557));
#5228=CARTESIAN_POINT('',(-0.00463207343412528,0.134206,0.089916425441557));
#5229=CARTESIAN_POINT('',(-0.00463207343412528,0.134206,0.089916425441557));
#5230=CARTESIAN_POINT('',(-0.00730140388768899,0.134206,0.0871903935241104));
#5231=CARTESIAN_POINT('',(-0.0123434725221982,0.134206,0.0871903935241104));
#5232=CARTESIAN_POINT('',(-0.00196274298056157,0.134206,0.0979026085469086));
#5233=CARTESIAN_POINT('',(-0.00196274298056157,0.137,0.0979026085469086));
#5234=CARTESIAN_POINT('',(-0.00196274298056157,0.134206,0.0943958410883053));
#5235=CARTESIAN_POINT('',(-0.00196274298056157,0.137,0.0943958410883053));
#5236=CARTESIAN_POINT('',(-0.00285251979841614,0.134206,0.0917337800531881));
#5237=CARTESIAN_POINT('',(-0.00285251979841614,0.137,0.0917337800531881));
#5238=CARTESIAN_POINT('',(-0.00463207343412528,0.134206,0.089916425441557));
#5239=CARTESIAN_POINT('',(-0.00463207343412528,0.137,0.089916425441557));
#5240=CARTESIAN_POINT('',(-0.00196274298056157,0.134206,0.0979026085469086));
#5241=CARTESIAN_POINT('',(-0.00196274298056157,0.134206,0.0979026085469086));
#5242=CARTESIAN_POINT('',(-0.00196274298056157,0.134206,0.0979026085469086));
#5243=CARTESIAN_POINT('',(-0.00196274298056157,0.134206,0.0926424573590036));
#5244=CARTESIAN_POINT('',(-0.00463207343412528,0.134206,0.089916425441557));
#5245=CARTESIAN_POINT('',(-0.00196274298056157,0.134206,0.109910233936877));
#5246=CARTESIAN_POINT('',(-0.00196274298056157,0.134206,0.121917859326846));
#5247=CARTESIAN_POINT('',(-0.00196274298056157,0.134206,0.121917859326846));
#5248=CARTESIAN_POINT('',(-0.00196274298056157,0.134206,0.109910233936877));
#5249=CARTESIAN_POINT('',(0.000641162706983431,0.134206,0.121917859326846));
#5250=CARTESIAN_POINT('',(0.00324506839452843,0.134206,0.121917859326846));
#5251=CARTESIAN_POINT('',(0.00324506839452843,0.134206,0.121917859326846));
#5252=CARTESIAN_POINT('',(0.000641162706983431,0.134206,0.121917859326846));
#5253=CARTESIAN_POINT('',(0.00324506839452843,0.134206,0.109692151383482));
#5254=CARTESIAN_POINT('',(0.00324506839452843,0.134206,0.0974664434401171));
#5255=CARTESIAN_POINT('',(0.00324506839452843,0.134206,0.0974664434401171));
#5256=CARTESIAN_POINT('',(0.00324506839452843,0.134206,0.109692151383482));
#5257=CARTESIAN_POINT('',(0.00130849532037436,0.134206,0.0896678113306859));
#5258=CARTESIAN_POINT('',(0.00130849532037436,0.137,0.0896678113306859));
#5259=CARTESIAN_POINT('',(0.00259954403647707,0.134206,0.0918486368646432));
#5260=CARTESIAN_POINT('',(0.00259954403647707,0.137,0.0918486368646432));
#5261=CARTESIAN_POINT('',(0.00324506839452843,0.134206,0.0944481809011202));
#5262=CARTESIAN_POINT('',(0.00324506839452843,0.137,0.0944481809011202));
#5263=CARTESIAN_POINT('',(0.00324506839452843,0.134206,0.0974664434401171));
#5264=CARTESIAN_POINT('',(0.00324506839452843,0.137,0.0974664434401171));
#5265=CARTESIAN_POINT('',(0.00130849532037436,0.134206,0.0896678113306859));
#5266=CARTESIAN_POINT('',(0.00130849532037436,0.134206,0.0896678113306859));
#5267=CARTESIAN_POINT('',(0.00130849532037436,0.134206,0.0896678113306859));
#5268=CARTESIAN_POINT('',(0.00324506839452843,0.134206,0.0929390496316218));
#5269=CARTESIAN_POINT('',(0.00324506839452843,0.134206,0.0974664434401171));
#5270=CARTESIAN_POINT('',(-0.00414356851451885,0.134206,0.0846780825089916));
#5271=CARTESIAN_POINT('',(-0.00414356851451885,0.137,0.0846780825089916));
#5272=CARTESIAN_POINT('',(-0.00179990800735942,0.134206,0.0858237428561639));
#5273=CARTESIAN_POINT('',(-0.00179990800735942,0.137,0.0858237428561639));
#5274=CARTESIAN_POINT('',(1.74466042716466E-5,0.134206,0.0874869857967286));
#5275=CARTESIAN_POINT('',(1.74466042716466E-5,0.137,0.0874869857967286));
#5276=CARTESIAN_POINT('',(0.00130849532037436,0.134206,0.0896678113306859));
#5277=CARTESIAN_POINT('',(0.00130849532037436,0.137,0.0896678113306859));
#5278=CARTESIAN_POINT('',(-0.00414356851451885,0.134206,0.0846780825089916));
#5279=CARTESIAN_POINT('',(-0.00062807775377971,0.134206,0.08639657302975));
#5280=CARTESIAN_POINT('',(0.00130849532037436,0.134206,0.0896678113306859));
#5281=CARTESIAN_POINT('',(0.,0.134206,0.00357435915900672));
#5282=CARTESIAN_POINT('',(0.0340208783297336,0.134206,0.102713509674818));
#5283=CARTESIAN_POINT('',(0.0340208783297336,0.134206,0.0835091600227905));
#5284=CARTESIAN_POINT('',(0.0340208783297336,0.134206,0.0835091600227905));
#5285=CARTESIAN_POINT('',(0.0340208783297336,0.134206,0.102713509674818));
#5286=CARTESIAN_POINT('',(0.0340208783297336,0.134206,0.121917859326846));
#5287=CARTESIAN_POINT('',(0.0340208783297336,0.134206,0.121917859326846));
#5288=CARTESIAN_POINT('',(0.0217122990160787,0.134206,0.0835091600227905));
#5289=CARTESIAN_POINT('',(0.00940371970242379,0.134206,0.0835091600227905));
#5290=CARTESIAN_POINT('',(0.00940371970242379,0.134206,0.0835091600227905));
#5291=CARTESIAN_POINT('',(0.0217122990160787,0.134206,0.0835091600227905));
#5292=CARTESIAN_POINT('',(0.00940371970242379,0.134206,0.0856376457439328));
#5293=CARTESIAN_POINT('',(0.00940371970242379,0.134206,0.0877661314650752));
#5294=CARTESIAN_POINT('',(0.00940371970242379,0.134206,0.0877661314650752));
#5295=CARTESIAN_POINT('',(0.00940371970242379,0.134206,0.0856376457439328));
#5296=CARTESIAN_POINT('',(0.0191083933285337,0.134206,0.0877661314650751));
#5297=CARTESIAN_POINT('',(0.0288130669546436,0.134206,0.0877661314650751));
#5298=CARTESIAN_POINT('',(0.0288130669546436,0.134206,0.0877661314650751));
#5299=CARTESIAN_POINT('',(0.0191083933285337,0.134206,0.0877661314650751));
#5300=CARTESIAN_POINT('',(0.0288130669546436,0.134206,0.104841995395961));
#5301=CARTESIAN_POINT('',(0.0288130669546436,0.134206,0.121917859326846));
#5302=CARTESIAN_POINT('',(0.0288130669546436,0.134206,0.121917859326846));
#5303=CARTESIAN_POINT('',(0.0288130669546436,0.134206,0.104841995395961));
#5304=CARTESIAN_POINT('',(0.0314169726421886,0.134206,0.121917859326846));
#5305=CARTESIAN_POINT('',(0.0314169726421886,0.134206,0.121917859326846));
#5306=CARTESIAN_POINT('',(0.,0.134206,0.00357435915900672));
#5307=CARTESIAN_POINT('',(0.0629124550035997,0.134206,0.110525226737453));
#5308=CARTESIAN_POINT('',(0.0629124550035997,0.134206,0.117669611186697));
#5309=CARTESIAN_POINT('',(0.0629124550035997,0.134206,0.117669611186697));
#5310=CARTESIAN_POINT('',(0.0629124550035997,0.134206,0.110525226737453));
#5311=CARTESIAN_POINT('',(0.0629124550035997,0.134206,0.103380842288209));
#5312=CARTESIAN_POINT('',(0.0629124550035997,0.134206,0.103380842288209));
#5313=CARTESIAN_POINT('',(0.0518731161507079,0.134206,0.117669611186697));
#5314=CARTESIAN_POINT('',(0.0408337772978161,0.134206,0.117669611186697));
#5315=CARTESIAN_POINT('',(0.0408337772978161,0.134206,0.117669611186697));
#5316=CARTESIAN_POINT('',(0.0518731161507079,0.134206,0.117669611186697));
#5317=CARTESIAN_POINT('',(0.0408337772978161,0.134206,0.119793735256772));
#5318=CARTESIAN_POINT('',(0.0408337772978161,0.134206,0.121917859326846));
#5319=CARTESIAN_POINT('',(0.0408337772978161,0.134206,0.121917859326846));
#5320=CARTESIAN_POINT('',(0.0408337772978161,0.134206,0.119793735256772));
#5321=CARTESIAN_POINT('',(0.0544770218382529,0.134206,0.121917859326846));
#5322=CARTESIAN_POINT('',(0.0681202663786896,0.134206,0.121917859326846));
#5323=CARTESIAN_POINT('',(0.0681202663786896,0.134206,0.121917859326846));
#5324=CARTESIAN_POINT('',(0.0544770218382529,0.134206,0.121917859326846));
#5325=CARTESIAN_POINT('',(0.0681202663786896,0.134206,0.102713509674818));
#5326=CARTESIAN_POINT('',(0.0681202663786896,0.134206,0.0835091600227905));
#5327=CARTESIAN_POINT('',(0.0681202663786896,0.134206,0.0835091600227905));
#5328=CARTESIAN_POINT('',(0.0681202663786896,0.134206,0.102713509674818));
#5329=CARTESIAN_POINT('',(0.0655163606911447,0.134206,0.0835091600227905));
#5330=CARTESIAN_POINT('',(0.0629124550035997,0.134206,0.0835091600227905));
#5331=CARTESIAN_POINT('',(0.0629124550035997,0.134206,0.0835091600227905));
#5332=CARTESIAN_POINT('',(0.0655163606911447,0.134206,0.0835091600227905));
#5333=CARTESIAN_POINT('',(0.0629124550035997,0.134206,0.0912903455279501));
#5334=CARTESIAN_POINT('',(0.0629124550035997,0.134206,0.0990715310331097));
#5335=CARTESIAN_POINT('',(0.0629124550035997,0.134206,0.0990715310331097));
#5336=CARTESIAN_POINT('',(0.0629124550035997,0.134206,0.0912903455279501));
#5337=CARTESIAN_POINT('',(0.0522002399808015,0.134206,0.0990715310331097));
#5338=CARTESIAN_POINT('',(0.0414880249580033,0.134206,0.0990715310331097));
#5339=CARTESIAN_POINT('',(0.0414880249580033,0.134206,0.0990715310331097));
#5340=CARTESIAN_POINT('',(0.0522002399808015,0.134206,0.0990715310331097));
#5341=CARTESIAN_POINT('',(0.0414880249580033,0.134206,0.101226186660659));
#5342=CARTESIAN_POINT('',(0.0414880249580033,0.134206,0.103380842288209));
#5343=CARTESIAN_POINT('',(0.0414880249580033,0.134206,0.103380842288209));
#5344=CARTESIAN_POINT('',(0.0414880249580033,0.134206,0.101226186660659));
#5345=CARTESIAN_POINT('',(0.0522002399808015,0.134206,0.103380842288209));
#5346=CARTESIAN_POINT('',(0.0522002399808015,0.134206,0.103380842288209));
#5347=CARTESIAN_POINT('',(0.,0.134206,0.00357435915900672));
#5348=CARTESIAN_POINT('',(6.93889390390723E-18,0.12938,0.00357435915900674));
#5349=MECHANICAL_DESIGN_GEOMETRIC_PRESENTATION_REPRESENTATION('',(#3220),
#5354);
#5350=MECHANICAL_DESIGN_GEOMETRIC_PRESENTATION_REPRESENTATION('',(#3221),
#5355);
#5351=MECHANICAL_DESIGN_GEOMETRIC_PRESENTATION_REPRESENTATION('',(#3222),
#5356);
#5352=MECHANICAL_DESIGN_GEOMETRIC_PRESENTATION_REPRESENTATION('',(#3223),
#5357);
#5353=MECHANICAL_DESIGN_GEOMETRIC_PRESENTATION_REPRESENTATION('',(#3224),
#5358);
#5354=(
GEOMETRIC_REPRESENTATION_CONTEXT(3)
GLOBAL_UNCERTAINTY_ASSIGNED_CONTEXT((#5359))
GLOBAL_UNIT_ASSIGNED_CONTEXT((#5374,#5369,#5364))
REPRESENTATION_CONTEXT('Part 3','TOP_LEVEL_ASSEMBLY_PART')
);
#5355=(
GEOMETRIC_REPRESENTATION_CONTEXT(3)
GLOBAL_UNCERTAINTY_ASSIGNED_CONTEXT((#5360))
GLOBAL_UNIT_ASSIGNED_CONTEXT((#5375,#5370,#5365))
REPRESENTATION_CONTEXT('Part 1','TOP_LEVEL_ASSEMBLY_PART')
);
#5356=(
GEOMETRIC_REPRESENTATION_CONTEXT(3)
GLOBAL_UNCERTAINTY_ASSIGNED_CONTEXT((#5361))
GLOBAL_UNIT_ASSIGNED_CONTEXT((#5376,#5371,#5366))
REPRESENTATION_CONTEXT('Part 2','TOP_LEVEL_ASSEMBLY_PART')
);
#5357=(
GEOMETRIC_REPRESENTATION_CONTEXT(3)
GLOBAL_UNCERTAINTY_ASSIGNED_CONTEXT((#5362))
GLOBAL_UNIT_ASSIGNED_CONTEXT((#5377,#5372,#5367))
REPRESENTATION_CONTEXT('Part 5','TOP_LEVEL_ASSEMBLY_PART')
);
#5358=(
GEOMETRIC_REPRESENTATION_CONTEXT(3)
GLOBAL_UNCERTAINTY_ASSIGNED_CONTEXT((#5363))
GLOBAL_UNIT_ASSIGNED_CONTEXT((#5378,#5373,#5368))
REPRESENTATION_CONTEXT('Part 6','TOP_LEVEL_ASSEMBLY_PART')
);
#5359=UNCERTAINTY_MEASURE_WITH_UNIT(LENGTH_MEASURE(1.E-8),#5374,
'DISTANCE_ACCURACY_VALUE','Maximum Tolerance applied to model');
#5360=UNCERTAINTY_MEASURE_WITH_UNIT(LENGTH_MEASURE(1.E-8),#5375,
'DISTANCE_ACCURACY_VALUE','Maximum Tolerance applied to model');
#5361=UNCERTAINTY_MEASURE_WITH_UNIT(LENGTH_MEASURE(1.E-8),#5376,
'DISTANCE_ACCURACY_VALUE','Maximum Tolerance applied to model');
#5362=UNCERTAINTY_MEASURE_WITH_UNIT(LENGTH_MEASURE(1.E-8),#5377,
'DISTANCE_ACCURACY_VALUE','Maximum Tolerance applied to model');
#5363=UNCERTAINTY_MEASURE_WITH_UNIT(LENGTH_MEASURE(2.E-5),#5378,
'DISTANCE_ACCURACY_VALUE','Maximum Tolerance applied to model');
#5364=(
NAMED_UNIT(*)
SI_UNIT($,.STERADIAN.)
SOLID_ANGLE_UNIT()
);
#5365=(
NAMED_UNIT(*)
SI_UNIT($,.STERADIAN.)
SOLID_ANGLE_UNIT()
);
#5366=(
NAMED_UNIT(*)
SI_UNIT($,.STERADIAN.)
SOLID_ANGLE_UNIT()
);
#5367=(
NAMED_UNIT(*)
SI_UNIT($,.STERADIAN.)
SOLID_ANGLE_UNIT()
);
#5368=(
NAMED_UNIT(*)
SI_UNIT($,.STERADIAN.)
SOLID_ANGLE_UNIT()
);
#5369=(
NAMED_UNIT(*)
PLANE_ANGLE_UNIT()
SI_UNIT($,.RADIAN.)
);
#5370=(
NAMED_UNIT(*)
PLANE_ANGLE_UNIT()
SI_UNIT($,.RADIAN.)
);
#5371=(
NAMED_UNIT(*)
PLANE_ANGLE_UNIT()
SI_UNIT($,.RADIAN.)
);
#5372=(
NAMED_UNIT(*)
PLANE_ANGLE_UNIT()
SI_UNIT($,.RADIAN.)
);
#5373=(
NAMED_UNIT(*)
PLANE_ANGLE_UNIT()
SI_UNIT($,.RADIAN.)
);
#5374=(
LENGTH_UNIT()
NAMED_UNIT(*)
SI_UNIT($,.METRE.)
);
#5375=(
LENGTH_UNIT()
NAMED_UNIT(*)
SI_UNIT($,.METRE.)
);
#5376=(
LENGTH_UNIT()
NAMED_UNIT(*)
SI_UNIT($,.METRE.)
);
#5377=(
LENGTH_UNIT()
NAMED_UNIT(*)
SI_UNIT($,.METRE.)
);
#5378=(
LENGTH_UNIT()
NAMED_UNIT(*)
SI_UNIT($,.METRE.)
);
#5379=PRODUCT_DEFINITION_SHAPE('','',#5384);
#5380=PRODUCT_DEFINITION_SHAPE('','',#5385);
#5381=PRODUCT_DEFINITION_SHAPE('','',#5386);
#5382=PRODUCT_DEFINITION_SHAPE('','',#5387);
#5383=PRODUCT_DEFINITION_SHAPE('','',#5388);
#5384=PRODUCT_DEFINITION('','',#5394,#5389);
#5385=PRODUCT_DEFINITION('','',#5395,#5390);
#5386=PRODUCT_DEFINITION('','',#5396,#5391);
#5387=PRODUCT_DEFINITION('','',#5397,#5392);
#5388=PRODUCT_DEFINITION('','',#5398,#5393);
#5389=PRODUCT_DEFINITION_CONTEXT('',#5424,'design');
#5390=PRODUCT_DEFINITION_CONTEXT('',#5425,'design');
#5391=PRODUCT_DEFINITION_CONTEXT('',#5426,'design');
#5392=PRODUCT_DEFINITION_CONTEXT('',#5427,'design');
#5393=PRODUCT_DEFINITION_CONTEXT('',#5428,'design');
#5394=PRODUCT_DEFINITION_FORMATION_WITH_SPECIFIED_SOURCE('','',#5404,
 .NOT_KNOWN.);
#5395=PRODUCT_DEFINITION_FORMATION_WITH_SPECIFIED_SOURCE('','',#5405,
 .NOT_KNOWN.);
#5396=PRODUCT_DEFINITION_FORMATION_WITH_SPECIFIED_SOURCE('','',#5406,
 .NOT_KNOWN.);
#5397=PRODUCT_DEFINITION_FORMATION_WITH_SPECIFIED_SOURCE('','',#5407,
 .NOT_KNOWN.);
#5398=PRODUCT_DEFINITION_FORMATION_WITH_SPECIFIED_SOURCE('','',#5408,
 .NOT_KNOWN.);
#5399=PRODUCT_RELATED_PRODUCT_CATEGORY('','',(#5404));
#5400=PRODUCT_RELATED_PRODUCT_CATEGORY('','',(#5405));
#5401=PRODUCT_RELATED_PRODUCT_CATEGORY('','',(#5406));
#5402=PRODUCT_RELATED_PRODUCT_CATEGORY('','',(#5407));
#5403=PRODUCT_RELATED_PRODUCT_CATEGORY('','',(#5408));
#5404=PRODUCT('Part 3','Part 3','Part 3',(#5414));
#5405=PRODUCT('Part 1','Part 1','Part 1',(#5415));
#5406=PRODUCT('Part 2','Part 2','Part 2',(#5416));
#5407=PRODUCT('Part 5','Part 5','Part 5',(#5417));
#5408=PRODUCT('Part 6','Part 6','Part 6',(#5418));
#5409=PRODUCT_CATEGORY('','');
#5410=PRODUCT_CATEGORY('','');
#5411=PRODUCT_CATEGORY('','');
#5412=PRODUCT_CATEGORY('','');
#5413=PRODUCT_CATEGORY('','');
#5414=PRODUCT_CONTEXT('',#5424,'mechanical');
#5415=PRODUCT_CONTEXT('',#5425,'mechanical');
#5416=PRODUCT_CONTEXT('',#5426,'mechanical');
#5417=PRODUCT_CONTEXT('',#5427,'mechanical');
#5418=PRODUCT_CONTEXT('',#5428,'mechanical');
#5419=APPLICATION_PROTOCOL_DEFINITION('international standard',
'ap242_managed_model_based_3d_engineering',2020,#5424);
#5420=APPLICATION_PROTOCOL_DEFINITION('international standard',
'ap242_managed_model_based_3d_engineering',2020,#5425);
#5421=APPLICATION_PROTOCOL_DEFINITION('international standard',
'ap242_managed_model_based_3d_engineering',2020,#5426);
#5422=APPLICATION_PROTOCOL_DEFINITION('international standard',
'ap242_managed_model_based_3d_engineering',2020,#5427);
#5423=APPLICATION_PROTOCOL_DEFINITION('international standard',
'ap242_managed_model_based_3d_engineering',2020,#5428);
#5424=APPLICATION_CONTEXT('managed model based 3d engineering');
#5425=APPLICATION_CONTEXT('managed model based 3d engineering');
#5426=APPLICATION_CONTEXT('managed model based 3d engineering');
#5427=APPLICATION_CONTEXT('managed model based 3d engineering');
#5428=APPLICATION_CONTEXT('managed model based 3d engineering');
ENDSEC;
END-ISO-10303-21;
