ISO-10303-21;
HEADER;
/* Generated by software containing ST-Developer
 * from STEP Tools, Inc. (www.steptools.com) 
 */
/* OPTION: using custom renumber hook */

FILE_DESCRIPTION(
/* description */ ('STEP AP242 Edition 2',
'CAx-IF Rec.Pracs.---Representation and Presentation of Product Manufa
cturing Information (PMI)---4.0---2014-10-13',
'CAx-IF Rec.Pracs.---3D Tessellated Geometry---0.4---2014-09-14','2;1',
'CAx-IF Rec.Pracs.---User Defined Attributes---1.5---2016-08-15'),
/* implementation_level */ '2;1');

FILE_NAME(
/* name */ 'Part Studio 1',
/* time_stamp */ '2026-05-27T21:20:09Z',
/* author */ (''),
/* organization */ (''),
/* preprocessor_version */ 'ST-DEVELOPER v20',
/* originating_system */ 'ONSHAPE BY PTC INC, 1.215',
/* authorisation */ '  ');

FILE_SCHEMA (('AP242_MANAGED_MODEL_BASED_3D_ENGINEERING_MIM_LF { 1 0 10303 442 3 1 4 }'));
ENDSEC;

DATA;
#10=B_SPLINE_SURFACE_WITH_KNOTS('',3,1,((#3341,#3342),(#3343,#3344),(#3345,
#3346),(#3347,#3348)),.SURF_OF_LINEAR_EXTRUSION.,.F.,.F.,.F.,(4,4),(2,2),
(0.,1.),(0.,1.),.PIECEWISE_BEZIER_KNOTS.);
#11=B_SPLINE_SURFACE_WITH_KNOTS('',3,1,((#3356,#3357),(#3358,#3359),(#3360,
#3361),(#3362,#3363)),.SURF_OF_LINEAR_EXTRUSION.,.F.,.F.,.F.,(4,4),(2,2),
(0.,1.),(0.,1.),.PIECEWISE_BEZIER_KNOTS.);
#12=B_SPLINE_SURFACE_WITH_KNOTS('',3,1,((#3369,#3370),(#3371,#3372),(#3373,
#3374),(#3375,#3376)),.SURF_OF_LINEAR_EXTRUSION.,.F.,.F.,.F.,(4,4),(2,2),
(0.,1.),(0.,1.),.PIECEWISE_BEZIER_KNOTS.);
#13=B_SPLINE_SURFACE_WITH_KNOTS('',3,1,((#3382,#3383),(#3384,#3385),(#3386,
#3387),(#3388,#3389)),.SURF_OF_LINEAR_EXTRUSION.,.F.,.F.,.F.,(4,4),(2,2),
(0.,1.),(0.,1.),.PIECEWISE_BEZIER_KNOTS.);
#14=B_SPLINE_SURFACE_WITH_KNOTS('',3,1,((#3407,#3408),(#3409,#3410),(#3411,
#3412),(#3413,#3414)),.SURF_OF_LINEAR_EXTRUSION.,.F.,.F.,.F.,(4,4),(2,2),
(0.,1.),(0.,1.),.PIECEWISE_BEZIER_KNOTS.);
#15=B_SPLINE_SURFACE_WITH_KNOTS('',3,1,((#3420,#3421),(#3422,#3423),(#3424,
#3425),(#3426,#3427)),.SURF_OF_LINEAR_EXTRUSION.,.F.,.F.,.F.,(4,4),(2,2),
(0.,1.),(0.,1.),.PIECEWISE_BEZIER_KNOTS.);
#16=B_SPLINE_SURFACE_WITH_KNOTS('',3,1,((#3433,#3434),(#3435,#3436),(#3437,
#3438),(#3439,#3440)),.SURF_OF_LINEAR_EXTRUSION.,.F.,.F.,.F.,(4,4),(2,2),
(0.,1.),(0.,1.),.PIECEWISE_BEZIER_KNOTS.);
#17=B_SPLINE_SURFACE_WITH_KNOTS('',3,1,((#3446,#3447),(#3448,#3449),(#3450,
#3451),(#3452,#3453)),.SURF_OF_LINEAR_EXTRUSION.,.F.,.F.,.F.,(4,4),(2,2),
(0.,1.),(0.,1.),.PIECEWISE_BEZIER_KNOTS.);
#18=B_SPLINE_SURFACE_WITH_KNOTS('',3,1,((#3471,#3472),(#3473,#3474),(#3475,
#3476),(#3477,#3478)),.SURF_OF_LINEAR_EXTRUSION.,.F.,.F.,.F.,(4,4),(2,2),
(0.,1.),(0.,1.),.PIECEWISE_BEZIER_KNOTS.);
#19=B_SPLINE_SURFACE_WITH_KNOTS('',3,1,((#3484,#3485),(#3486,#3487),(#3488,
#3489),(#3490,#3491)),.SURF_OF_LINEAR_EXTRUSION.,.F.,.F.,.F.,(4,4),(2,2),
(0.,1.),(0.,1.),.PIECEWISE_BEZIER_KNOTS.);
#20=ELLIPSE('',#2324,0.0049211803543459,0.0034798);
#21=ELLIPSE('',#2326,0.0049211803543459,0.0034798);
#22=TOROIDAL_SURFACE('',#2321,0.0634798,0.0034798);
#23=TOROIDAL_SURFACE('',#2322,0.0634798,0.0034798);
#24=TOROIDAL_SURFACE('',#2329,0.0355202,0.0034798);
#25=B_SPLINE_CURVE_WITH_KNOTS('',2,(#3043,#3044,#3045),.UNSPECIFIED.,.F.,
 .F.,(3,3),(0.,1.),.PIECEWISE_BEZIER_KNOTS.);
#26=B_SPLINE_CURVE_WITH_KNOTS('',2,(#3048,#3049,#3050),.UNSPECIFIED.,.F.,
 .F.,(3,3),(0.,1.),.PIECEWISE_BEZIER_KNOTS.);
#27=B_SPLINE_CURVE_WITH_KNOTS('',2,(#3052,#3053,#3054),.UNSPECIFIED.,.F.,
 .F.,(3,3),(0.,1.),.PIECEWISE_BEZIER_KNOTS.);
#28=B_SPLINE_CURVE_WITH_KNOTS('',2,(#3056,#3057,#3058),.UNSPECIFIED.,.F.,
 .F.,(3,3),(0.,1.),.PIECEWISE_BEZIER_KNOTS.);
#29=B_SPLINE_CURVE_WITH_KNOTS('',2,(#3066,#3067,#3068),.UNSPECIFIED.,.F.,
 .F.,(3,3),(0.,1.),.PIECEWISE_BEZIER_KNOTS.);
#30=B_SPLINE_CURVE_WITH_KNOTS('',2,(#3070,#3071,#3072),.UNSPECIFIED.,.F.,
 .F.,(3,3),(0.,1.),.PIECEWISE_BEZIER_KNOTS.);
#31=B_SPLINE_CURVE_WITH_KNOTS('',2,(#3074,#3075,#3076),.UNSPECIFIED.,.F.,
 .F.,(3,3),(0.,1.),.PIECEWISE_BEZIER_KNOTS.);
#32=B_SPLINE_CURVE_WITH_KNOTS('',2,(#3078,#3079,#3080),.UNSPECIFIED.,.F.,
 .F.,(3,3),(0.,1.),.PIECEWISE_BEZIER_KNOTS.);
#33=B_SPLINE_CURVE_WITH_KNOTS('',2,(#3088,#3089,#3090),.UNSPECIFIED.,.F.,
 .F.,(3,3),(0.,1.),.PIECEWISE_BEZIER_KNOTS.);
#34=B_SPLINE_CURVE_WITH_KNOTS('',2,(#3092,#3093,#3094),.UNSPECIFIED.,.F.,
 .F.,(3,3),(0.,1.),.PIECEWISE_BEZIER_KNOTS.);
#35=B_SPLINE_CURVE_WITH_KNOTS('',3,(#3242,#3243,#3244,#3245,#3246,#3247,
#3248,#3249,#3250,#3251,#3252),.UNSPECIFIED.,.F.,.F.,(4,1,1,1,1,1,1,1,4),
(0.,0.000946485786232245,0.00189297157246449,0.00283945735869673,0.00378594314492898,
0.00473242893116122,0.00567891471739347,0.00662540050362571,0.00757188628985796),
 .UNSPECIFIED.);
#36=B_SPLINE_CURVE_WITH_KNOTS('',3,(#3257,#3258,#3259,#3260,#3261,#3262,
#3263,#3264,#3265,#3266,#3267),.UNSPECIFIED.,.F.,.F.,(4,1,1,1,1,1,1,1,4),
(0.,0.00094648578623224,0.00189297157246448,0.00283945735869672,0.00378594314492896,
0.0047324289311612,0.00567891471739344,0.00662540050362568,0.00757188628985792),
 .UNSPECIFIED.);
#37=B_SPLINE_CURVE_WITH_KNOTS('',2,(#3351,#3352,#3353),.UNSPECIFIED.,.F.,
 .F.,(3,3),(0.,1.),.PIECEWISE_BEZIER_KNOTS.);
#38=B_SPLINE_CURVE_WITH_KNOTS('',2,(#3366,#3367,#3368),.UNSPECIFIED.,.F.,
 .F.,(3,3),(0.,1.),.PIECEWISE_BEZIER_KNOTS.);
#39=B_SPLINE_CURVE_WITH_KNOTS('',2,(#3379,#3380,#3381),.UNSPECIFIED.,.F.,
 .F.,(3,3),(0.,1.),.PIECEWISE_BEZIER_KNOTS.);
#40=B_SPLINE_CURVE_WITH_KNOTS('',2,(#3392,#3393,#3394),.UNSPECIFIED.,.F.,
 .F.,(3,3),(0.,1.),.PIECEWISE_BEZIER_KNOTS.);
#41=B_SPLINE_CURVE_WITH_KNOTS('',2,(#3417,#3418,#3419),.UNSPECIFIED.,.F.,
 .F.,(3,3),(0.,1.),.PIECEWISE_BEZIER_KNOTS.);
#42=B_SPLINE_CURVE_WITH_KNOTS('',2,(#3430,#3431,#3432),.UNSPECIFIED.,.F.,
 .F.,(3,3),(0.,1.),.PIECEWISE_BEZIER_KNOTS.);
#43=B_SPLINE_CURVE_WITH_KNOTS('',2,(#3443,#3444,#3445),.UNSPECIFIED.,.F.,
 .F.,(3,3),(0.,1.),.PIECEWISE_BEZIER_KNOTS.);
#44=B_SPLINE_CURVE_WITH_KNOTS('',2,(#3456,#3457,#3458),.UNSPECIFIED.,.F.,
 .F.,(3,3),(0.,1.),.PIECEWISE_BEZIER_KNOTS.);
#45=B_SPLINE_CURVE_WITH_KNOTS('',2,(#3481,#3482,#3483),.UNSPECIFIED.,.F.,
 .F.,(3,3),(0.,1.),.PIECEWISE_BEZIER_KNOTS.);
#46=B_SPLINE_CURVE_WITH_KNOTS('',2,(#3492,#3493,#3494),.UNSPECIFIED.,.F.,
 .F.,(3,3),(0.,1.),.PIECEWISE_BEZIER_KNOTS.);
#47=SHAPE_REPRESENTATION_RELATIONSHIP('','',#2233,#52);
#48=SHAPE_REPRESENTATION_RELATIONSHIP('','',#2234,#53);
#49=SHAPE_REPRESENTATION_RELATIONSHIP('','',#2235,#54);
#50=SHAPE_REPRESENTATION_RELATIONSHIP('','',#2236,#55);
#51=SHAPE_REPRESENTATION_RELATIONSHIP('','',#2237,#56);
#52=ADVANCED_BREP_SHAPE_REPRESENTATION('',(#2223),#3713);
#53=ADVANCED_BREP_SHAPE_REPRESENTATION('',(#2224),#3714);
#54=ADVANCED_BREP_SHAPE_REPRESENTATION('',(#2225),#3715);
#55=ADVANCED_BREP_SHAPE_REPRESENTATION('',(#2226),#3716);
#56=ADVANCED_BREP_SHAPE_REPRESENTATION('',(#2227),#3717);
#57=CYLINDRICAL_SURFACE('',#2248,0.0034798);
#58=CYLINDRICAL_SURFACE('',#2249,0.0034798);
#59=CYLINDRICAL_SURFACE('',#2272,0.0022);
#60=CYLINDRICAL_SURFACE('',#2274,0.0022);
#61=CYLINDRICAL_SURFACE('',#2276,0.0022);
#62=CYLINDRICAL_SURFACE('',#2278,0.0022);
#63=CYLINDRICAL_SURFACE('',#2280,0.0022);
#64=CYLINDRICAL_SURFACE('',#2282,0.0022);
#65=CYLINDRICAL_SURFACE('',#2284,0.0022);
#66=CYLINDRICAL_SURFACE('',#2287,0.06);
#67=CYLINDRICAL_SURFACE('',#2289,0.06);
#68=CYLINDRICAL_SURFACE('',#2291,0.0022);
#69=CYLINDRICAL_SURFACE('',#2305,0.0016);
#70=CYLINDRICAL_SURFACE('',#2308,0.0016);
#71=CYLINDRICAL_SURFACE('',#2311,0.0016);
#72=CYLINDRICAL_SURFACE('',#2314,0.0016);
#73=CYLINDRICAL_SURFACE('',#2317,0.0375);
#74=CYLINDRICAL_SURFACE('',#2319,0.039);
#75=CYLINDRICAL_SURFACE('',#2323,0.0034798);
#76=CYLINDRICAL_SURFACE('',#2325,0.0034798);
#77=CYLINDRICAL_SURFACE('',#2327,0.0034798);
#78=CYLINDRICAL_SURFACE('',#2328,0.004);
#79=CYLINDRICAL_SURFACE('',#2378,0.0034798);
#80=CYLINDRICAL_SURFACE('',#2379,0.0034798);
#81=CYLINDRICAL_SURFACE('',#2399,0.0375);
#82=CYLINDRICAL_SURFACE('',#2406,0.039);
#83=CIRCLE('',#2240,0.0034798);
#84=CIRCLE('',#2241,0.0034798);
#85=CIRCLE('',#2243,0.0034798);
#86=CIRCLE('',#2244,0.0034798);
#87=CIRCLE('',#2252,0.039);
#88=CIRCLE('',#2253,0.0016);
#89=CIRCLE('',#2254,0.0016);
#90=CIRCLE('',#2255,0.0016);
#91=CIRCLE('',#2256,0.0016);
#92=CIRCLE('',#2258,0.0022);
#93=CIRCLE('',#2259,0.0022);
#94=CIRCLE('',#2260,0.0022);
#95=CIRCLE('',#2261,0.0022);
#96=CIRCLE('',#2262,0.0022);
#97=CIRCLE('',#2263,0.0022);
#98=CIRCLE('',#2264,0.0022);
#99=CIRCLE('',#2265,0.0022);
#100=CIRCLE('',#2266,0.06);
#101=CIRCLE('',#2267,0.06);
#102=CIRCLE('',#2269,0.004);
#103=CIRCLE('',#2273,0.0022);
#104=CIRCLE('',#2275,0.0022);
#105=CIRCLE('',#2277,0.0022);
#106=CIRCLE('',#2279,0.0022);
#107=CIRCLE('',#2281,0.0022);
#108=CIRCLE('',#2283,0.0022);
#109=CIRCLE('',#2285,0.0022);
#110=CIRCLE('',#2288,0.06);
#111=CIRCLE('',#2290,0.06);
#112=CIRCLE('',#2292,0.0022);
#113=CIRCLE('',#2294,0.0634798);
#114=CIRCLE('',#2295,0.0634798);
#115=CIRCLE('',#2296,0.0034798);
#116=CIRCLE('',#2297,0.0034798);
#117=CIRCLE('',#2299,0.004);
#118=CIRCLE('',#2304,0.0375);
#119=CIRCLE('',#2306,0.0016);
#120=CIRCLE('',#2309,0.0016);
#121=CIRCLE('',#2312,0.0016);
#122=CIRCLE('',#2315,0.0016);
#123=CIRCLE('',#2318,0.0375);
#124=CIRCLE('',#2320,0.039);
#125=CIRCLE('',#2370,0.0034798);
#126=CIRCLE('',#2371,0.0034798);
#127=CIRCLE('',#2373,0.0034798);
#128=CIRCLE('',#2374,0.0034798);
#129=CIRCLE('',#2400,0.0375);
#130=CIRCLE('',#2401,0.0375);
#131=CIRCLE('',#2405,0.039);
#132=CIRCLE('',#2407,0.039);
#133=ORIENTED_EDGE('',*,*,#703,.T.);
#134=ORIENTED_EDGE('',*,*,#704,.T.);
#135=ORIENTED_EDGE('',*,*,#705,.T.);
#136=ORIENTED_EDGE('',*,*,#706,.F.);
#137=ORIENTED_EDGE('',*,*,#707,.T.);
#138=ORIENTED_EDGE('',*,*,#708,.T.);
#139=ORIENTED_EDGE('',*,*,#709,.T.);
#140=ORIENTED_EDGE('',*,*,#710,.F.);
#141=ORIENTED_EDGE('',*,*,#711,.T.);
#142=ORIENTED_EDGE('',*,*,#712,.T.);
#143=ORIENTED_EDGE('',*,*,#710,.T.);
#144=ORIENTED_EDGE('',*,*,#713,.T.);
#145=ORIENTED_EDGE('',*,*,#703,.F.);
#146=ORIENTED_EDGE('',*,*,#714,.T.);
#147=ORIENTED_EDGE('',*,*,#706,.T.);
#148=ORIENTED_EDGE('',*,*,#715,.T.);
#149=ORIENTED_EDGE('',*,*,#712,.F.);
#150=ORIENTED_EDGE('',*,*,#716,.T.);
#151=ORIENTED_EDGE('',*,*,#707,.F.);
#152=ORIENTED_EDGE('',*,*,#716,.F.);
#153=ORIENTED_EDGE('',*,*,#711,.F.);
#154=ORIENTED_EDGE('',*,*,#714,.F.);
#155=ORIENTED_EDGE('',*,*,#715,.F.);
#156=ORIENTED_EDGE('',*,*,#705,.F.);
#157=ORIENTED_EDGE('',*,*,#717,.F.);
#158=ORIENTED_EDGE('',*,*,#708,.F.);
#159=ORIENTED_EDGE('',*,*,#704,.F.);
#160=ORIENTED_EDGE('',*,*,#713,.F.);
#161=ORIENTED_EDGE('',*,*,#709,.F.);
#162=ORIENTED_EDGE('',*,*,#717,.T.);
#163=ORIENTED_EDGE('',*,*,#718,.F.);
#164=ORIENTED_EDGE('',*,*,#719,.F.);
#165=ORIENTED_EDGE('',*,*,#720,.F.);
#166=ORIENTED_EDGE('',*,*,#721,.T.);
#167=ORIENTED_EDGE('',*,*,#722,.T.);
#168=ORIENTED_EDGE('',*,*,#723,.F.);
#169=ORIENTED_EDGE('',*,*,#724,.T.);
#170=ORIENTED_EDGE('',*,*,#725,.F.);
#171=ORIENTED_EDGE('',*,*,#726,.T.);
#172=ORIENTED_EDGE('',*,*,#727,.F.);
#173=ORIENTED_EDGE('',*,*,#728,.T.);
#174=ORIENTED_EDGE('',*,*,#729,.T.);
#175=ORIENTED_EDGE('',*,*,#730,.T.);
#176=ORIENTED_EDGE('',*,*,#731,.T.);
#177=ORIENTED_EDGE('',*,*,#732,.T.);
#178=ORIENTED_EDGE('',*,*,#733,.T.);
#179=ORIENTED_EDGE('',*,*,#734,.T.);
#180=ORIENTED_EDGE('',*,*,#735,.T.);
#181=ORIENTED_EDGE('',*,*,#736,.T.);
#182=ORIENTED_EDGE('',*,*,#737,.T.);
#183=ORIENTED_EDGE('',*,*,#738,.T.);
#184=ORIENTED_EDGE('',*,*,#739,.T.);
#185=ORIENTED_EDGE('',*,*,#740,.T.);
#186=ORIENTED_EDGE('',*,*,#741,.T.);
#187=ORIENTED_EDGE('',*,*,#742,.T.);
#188=ORIENTED_EDGE('',*,*,#743,.T.);
#189=ORIENTED_EDGE('',*,*,#744,.T.);
#190=ORIENTED_EDGE('',*,*,#745,.T.);
#191=ORIENTED_EDGE('',*,*,#746,.T.);
#192=ORIENTED_EDGE('',*,*,#747,.T.);
#193=ORIENTED_EDGE('',*,*,#748,.T.);
#194=ORIENTED_EDGE('',*,*,#749,.T.);
#195=ORIENTED_EDGE('',*,*,#750,.T.);
#196=ORIENTED_EDGE('',*,*,#751,.T.);
#197=ORIENTED_EDGE('',*,*,#752,.T.);
#198=ORIENTED_EDGE('',*,*,#753,.T.);
#199=ORIENTED_EDGE('',*,*,#754,.T.);
#200=ORIENTED_EDGE('',*,*,#755,.T.);
#201=ORIENTED_EDGE('',*,*,#756,.T.);
#202=ORIENTED_EDGE('',*,*,#757,.T.);
#203=ORIENTED_EDGE('',*,*,#758,.T.);
#204=ORIENTED_EDGE('',*,*,#759,.T.);
#205=ORIENTED_EDGE('',*,*,#760,.T.);
#206=ORIENTED_EDGE('',*,*,#761,.T.);
#207=ORIENTED_EDGE('',*,*,#762,.T.);
#208=ORIENTED_EDGE('',*,*,#763,.T.);
#209=ORIENTED_EDGE('',*,*,#764,.T.);
#210=ORIENTED_EDGE('',*,*,#765,.T.);
#211=ORIENTED_EDGE('',*,*,#766,.T.);
#212=ORIENTED_EDGE('',*,*,#767,.T.);
#213=ORIENTED_EDGE('',*,*,#768,.T.);
#214=ORIENTED_EDGE('',*,*,#769,.T.);
#215=ORIENTED_EDGE('',*,*,#770,.T.);
#216=ORIENTED_EDGE('',*,*,#771,.T.);
#217=ORIENTED_EDGE('',*,*,#772,.T.);
#218=ORIENTED_EDGE('',*,*,#773,.T.);
#219=ORIENTED_EDGE('',*,*,#774,.T.);
#220=ORIENTED_EDGE('',*,*,#775,.T.);
#221=ORIENTED_EDGE('',*,*,#776,.T.);
#222=ORIENTED_EDGE('',*,*,#777,.T.);
#223=ORIENTED_EDGE('',*,*,#778,.T.);
#224=ORIENTED_EDGE('',*,*,#779,.T.);
#225=ORIENTED_EDGE('',*,*,#780,.T.);
#226=ORIENTED_EDGE('',*,*,#781,.T.);
#227=ORIENTED_EDGE('',*,*,#782,.T.);
#228=ORIENTED_EDGE('',*,*,#783,.F.);
#229=ORIENTED_EDGE('',*,*,#784,.F.);
#230=ORIENTED_EDGE('',*,*,#785,.T.);
#231=ORIENTED_EDGE('',*,*,#786,.T.);
#232=ORIENTED_EDGE('',*,*,#787,.F.);
#233=ORIENTED_EDGE('',*,*,#727,.T.);
#234=ORIENTED_EDGE('',*,*,#788,.T.);
#235=ORIENTED_EDGE('',*,*,#789,.F.);
#236=ORIENTED_EDGE('',*,*,#790,.T.);
#237=ORIENTED_EDGE('',*,*,#791,.F.);
#238=ORIENTED_EDGE('',*,*,#792,.T.);
#239=ORIENTED_EDGE('',*,*,#793,.T.);
#240=ORIENTED_EDGE('',*,*,#794,.T.);
#241=ORIENTED_EDGE('',*,*,#795,.T.);
#242=ORIENTED_EDGE('',*,*,#796,.T.);
#243=ORIENTED_EDGE('',*,*,#721,.F.);
#244=ORIENTED_EDGE('',*,*,#797,.F.);
#245=ORIENTED_EDGE('',*,*,#798,.T.);
#246=ORIENTED_EDGE('',*,*,#774,.F.);
#247=ORIENTED_EDGE('',*,*,#799,.T.);
#248=ORIENTED_EDGE('',*,*,#775,.F.);
#249=ORIENTED_EDGE('',*,*,#800,.T.);
#250=ORIENTED_EDGE('',*,*,#776,.F.);
#251=ORIENTED_EDGE('',*,*,#801,.T.);
#252=ORIENTED_EDGE('',*,*,#777,.F.);
#253=ORIENTED_EDGE('',*,*,#802,.T.);
#254=ORIENTED_EDGE('',*,*,#778,.F.);
#255=ORIENTED_EDGE('',*,*,#803,.T.);
#256=ORIENTED_EDGE('',*,*,#779,.F.);
#257=ORIENTED_EDGE('',*,*,#804,.T.);
#258=ORIENTED_EDGE('',*,*,#780,.F.);
#259=ORIENTED_EDGE('',*,*,#797,.T.);
#260=ORIENTED_EDGE('',*,*,#728,.F.);
#261=ORIENTED_EDGE('',*,*,#790,.F.);
#262=ORIENTED_EDGE('',*,*,#805,.T.);
#263=ORIENTED_EDGE('',*,*,#806,.T.);
#264=ORIENTED_EDGE('',*,*,#781,.F.);
#265=ORIENTED_EDGE('',*,*,#807,.T.);
#266=ORIENTED_EDGE('',*,*,#782,.F.);
#267=ORIENTED_EDGE('',*,*,#808,.T.);
#268=ORIENTED_EDGE('',*,*,#773,.F.);
#269=ORIENTED_EDGE('',*,*,#809,.T.);
#270=ORIENTED_EDGE('',*,*,#810,.T.);
#271=ORIENTED_EDGE('',*,*,#789,.T.);
#272=ORIENTED_EDGE('',*,*,#811,.T.);
#273=ORIENTED_EDGE('',*,*,#791,.T.);
#274=ORIENTED_EDGE('',*,*,#812,.T.);
#275=ORIENTED_EDGE('',*,*,#795,.F.);
#276=ORIENTED_EDGE('',*,*,#805,.F.);
#277=ORIENTED_EDGE('',*,*,#804,.F.);
#278=ORIENTED_EDGE('',*,*,#803,.F.);
#279=ORIENTED_EDGE('',*,*,#802,.F.);
#280=ORIENTED_EDGE('',*,*,#801,.F.);
#281=ORIENTED_EDGE('',*,*,#800,.F.);
#282=ORIENTED_EDGE('',*,*,#799,.F.);
#283=ORIENTED_EDGE('',*,*,#798,.F.);
#284=ORIENTED_EDGE('',*,*,#808,.F.);
#285=ORIENTED_EDGE('',*,*,#813,.T.);
#286=ORIENTED_EDGE('',*,*,#783,.T.);
#287=ORIENTED_EDGE('',*,*,#814,.F.);
#288=ORIENTED_EDGE('',*,*,#815,.F.);
#289=ORIENTED_EDGE('',*,*,#816,.T.);
#290=ORIENTED_EDGE('',*,*,#786,.F.);
#291=ORIENTED_EDGE('',*,*,#817,.F.);
#292=ORIENTED_EDGE('',*,*,#818,.T.);
#293=ORIENTED_EDGE('',*,*,#814,.T.);
#294=ORIENTED_EDGE('',*,*,#785,.F.);
#295=ORIENTED_EDGE('',*,*,#819,.F.);
#296=ORIENTED_EDGE('',*,*,#820,.T.);
#297=ORIENTED_EDGE('',*,*,#817,.T.);
#298=ORIENTED_EDGE('',*,*,#784,.T.);
#299=ORIENTED_EDGE('',*,*,#816,.F.);
#300=ORIENTED_EDGE('',*,*,#821,.F.);
#301=ORIENTED_EDGE('',*,*,#819,.T.);
#302=ORIENTED_EDGE('',*,*,#822,.T.);
#303=ORIENTED_EDGE('',*,*,#821,.T.);
#304=ORIENTED_EDGE('',*,*,#815,.T.);
#305=ORIENTED_EDGE('',*,*,#818,.F.);
#306=ORIENTED_EDGE('',*,*,#820,.F.);
#307=ORIENTED_EDGE('',*,*,#823,.F.);
#308=ORIENTED_EDGE('',*,*,#725,.T.);
#309=ORIENTED_EDGE('',*,*,#824,.T.);
#310=ORIENTED_EDGE('',*,*,#823,.T.);
#311=ORIENTED_EDGE('',*,*,#825,.F.);
#312=ORIENTED_EDGE('',*,*,#723,.T.);
#313=ORIENTED_EDGE('',*,*,#826,.T.);
#314=ORIENTED_EDGE('',*,*,#825,.T.);
#315=ORIENTED_EDGE('',*,*,#827,.F.);
#316=ORIENTED_EDGE('',*,*,#720,.T.);
#317=ORIENTED_EDGE('',*,*,#827,.T.);
#318=ORIENTED_EDGE('',*,*,#828,.F.);
#319=ORIENTED_EDGE('',*,*,#719,.T.);
#320=ORIENTED_EDGE('',*,*,#828,.T.);
#321=ORIENTED_EDGE('',*,*,#829,.T.);
#322=ORIENTED_EDGE('',*,*,#822,.F.);
#323=ORIENTED_EDGE('',*,*,#830,.T.);
#324=ORIENTED_EDGE('',*,*,#718,.T.);
#325=ORIENTED_EDGE('',*,*,#809,.F.);
#326=ORIENTED_EDGE('',*,*,#807,.F.);
#327=ORIENTED_EDGE('',*,*,#810,.F.);
#328=ORIENTED_EDGE('',*,*,#806,.F.);
#329=ORIENTED_EDGE('',*,*,#812,.F.);
#330=ORIENTED_EDGE('',*,*,#794,.F.);
#331=ORIENTED_EDGE('',*,*,#831,.F.);
#332=ORIENTED_EDGE('',*,*,#796,.F.);
#333=ORIENTED_EDGE('',*,*,#831,.T.);
#334=ORIENTED_EDGE('',*,*,#793,.F.);
#335=ORIENTED_EDGE('',*,*,#832,.F.);
#336=ORIENTED_EDGE('',*,*,#726,.F.);
#337=ORIENTED_EDGE('',*,*,#824,.F.);
#338=ORIENTED_EDGE('',*,*,#724,.F.);
#339=ORIENTED_EDGE('',*,*,#826,.F.);
#340=ORIENTED_EDGE('',*,*,#722,.F.);
#341=ORIENTED_EDGE('',*,*,#811,.F.);
#342=ORIENTED_EDGE('',*,*,#788,.F.);
#343=ORIENTED_EDGE('',*,*,#832,.T.);
#344=ORIENTED_EDGE('',*,*,#792,.F.);
#345=ORIENTED_EDGE('',*,*,#787,.T.);
#346=ORIENTED_EDGE('',*,*,#813,.F.);
#347=ORIENTED_EDGE('',*,*,#830,.F.);
#348=ORIENTED_EDGE('',*,*,#829,.F.);
#349=ORIENTED_EDGE('',*,*,#730,.F.);
#350=ORIENTED_EDGE('',*,*,#833,.F.);
#351=ORIENTED_EDGE('',*,*,#834,.T.);
#352=ORIENTED_EDGE('',*,*,#835,.T.);
#353=ORIENTED_EDGE('',*,*,#729,.F.);
#354=ORIENTED_EDGE('',*,*,#836,.F.);
#355=ORIENTED_EDGE('',*,*,#837,.T.);
#356=ORIENTED_EDGE('',*,*,#833,.T.);
#357=ORIENTED_EDGE('',*,*,#740,.F.);
#358=ORIENTED_EDGE('',*,*,#838,.F.);
#359=ORIENTED_EDGE('',*,*,#839,.T.);
#360=ORIENTED_EDGE('',*,*,#836,.T.);
#361=ORIENTED_EDGE('',*,*,#739,.F.);
#362=ORIENTED_EDGE('',*,*,#840,.F.);
#363=ORIENTED_EDGE('',*,*,#841,.T.);
#364=ORIENTED_EDGE('',*,*,#838,.T.);
#365=ORIENTED_EDGE('',*,*,#738,.F.);
#366=ORIENTED_EDGE('',*,*,#842,.F.);
#367=ORIENTED_EDGE('',*,*,#843,.T.);
#368=ORIENTED_EDGE('',*,*,#840,.T.);
#369=ORIENTED_EDGE('',*,*,#737,.F.);
#370=ORIENTED_EDGE('',*,*,#844,.F.);
#371=ORIENTED_EDGE('',*,*,#845,.T.);
#372=ORIENTED_EDGE('',*,*,#842,.T.);
#373=ORIENTED_EDGE('',*,*,#736,.F.);
#374=ORIENTED_EDGE('',*,*,#846,.F.);
#375=ORIENTED_EDGE('',*,*,#847,.T.);
#376=ORIENTED_EDGE('',*,*,#844,.T.);
#377=ORIENTED_EDGE('',*,*,#735,.F.);
#378=ORIENTED_EDGE('',*,*,#848,.F.);
#379=ORIENTED_EDGE('',*,*,#849,.T.);
#380=ORIENTED_EDGE('',*,*,#846,.T.);
#381=ORIENTED_EDGE('',*,*,#734,.F.);
#382=ORIENTED_EDGE('',*,*,#850,.F.);
#383=ORIENTED_EDGE('',*,*,#851,.T.);
#384=ORIENTED_EDGE('',*,*,#848,.T.);
#385=ORIENTED_EDGE('',*,*,#733,.F.);
#386=ORIENTED_EDGE('',*,*,#852,.F.);
#387=ORIENTED_EDGE('',*,*,#853,.T.);
#388=ORIENTED_EDGE('',*,*,#850,.T.);
#389=ORIENTED_EDGE('',*,*,#732,.F.);
#390=ORIENTED_EDGE('',*,*,#854,.F.);
#391=ORIENTED_EDGE('',*,*,#855,.T.);
#392=ORIENTED_EDGE('',*,*,#852,.T.);
#393=ORIENTED_EDGE('',*,*,#731,.F.);
#394=ORIENTED_EDGE('',*,*,#835,.F.);
#395=ORIENTED_EDGE('',*,*,#856,.T.);
#396=ORIENTED_EDGE('',*,*,#854,.T.);
#397=ORIENTED_EDGE('',*,*,#834,.F.);
#398=ORIENTED_EDGE('',*,*,#837,.F.);
#399=ORIENTED_EDGE('',*,*,#839,.F.);
#400=ORIENTED_EDGE('',*,*,#841,.F.);
#401=ORIENTED_EDGE('',*,*,#843,.F.);
#402=ORIENTED_EDGE('',*,*,#845,.F.);
#403=ORIENTED_EDGE('',*,*,#847,.F.);
#404=ORIENTED_EDGE('',*,*,#849,.F.);
#405=ORIENTED_EDGE('',*,*,#851,.F.);
#406=ORIENTED_EDGE('',*,*,#853,.F.);
#407=ORIENTED_EDGE('',*,*,#855,.F.);
#408=ORIENTED_EDGE('',*,*,#856,.F.);
#409=ORIENTED_EDGE('',*,*,#742,.F.);
#410=ORIENTED_EDGE('',*,*,#857,.F.);
#411=ORIENTED_EDGE('',*,*,#858,.T.);
#412=ORIENTED_EDGE('',*,*,#859,.T.);
#413=ORIENTED_EDGE('',*,*,#741,.F.);
#414=ORIENTED_EDGE('',*,*,#860,.F.);
#415=ORIENTED_EDGE('',*,*,#861,.T.);
#416=ORIENTED_EDGE('',*,*,#857,.T.);
#417=ORIENTED_EDGE('',*,*,#756,.F.);
#418=ORIENTED_EDGE('',*,*,#862,.F.);
#419=ORIENTED_EDGE('',*,*,#863,.T.);
#420=ORIENTED_EDGE('',*,*,#860,.T.);
#421=ORIENTED_EDGE('',*,*,#755,.F.);
#422=ORIENTED_EDGE('',*,*,#864,.F.);
#423=ORIENTED_EDGE('',*,*,#865,.T.);
#424=ORIENTED_EDGE('',*,*,#862,.T.);
#425=ORIENTED_EDGE('',*,*,#754,.F.);
#426=ORIENTED_EDGE('',*,*,#866,.F.);
#427=ORIENTED_EDGE('',*,*,#867,.T.);
#428=ORIENTED_EDGE('',*,*,#864,.T.);
#429=ORIENTED_EDGE('',*,*,#753,.F.);
#430=ORIENTED_EDGE('',*,*,#868,.F.);
#431=ORIENTED_EDGE('',*,*,#869,.T.);
#432=ORIENTED_EDGE('',*,*,#866,.T.);
#433=ORIENTED_EDGE('',*,*,#752,.F.);
#434=ORIENTED_EDGE('',*,*,#870,.F.);
#435=ORIENTED_EDGE('',*,*,#871,.T.);
#436=ORIENTED_EDGE('',*,*,#868,.T.);
#437=ORIENTED_EDGE('',*,*,#751,.F.);
#438=ORIENTED_EDGE('',*,*,#872,.F.);
#439=ORIENTED_EDGE('',*,*,#873,.T.);
#440=ORIENTED_EDGE('',*,*,#870,.T.);
#441=ORIENTED_EDGE('',*,*,#750,.F.);
#442=ORIENTED_EDGE('',*,*,#874,.F.);
#443=ORIENTED_EDGE('',*,*,#875,.T.);
#444=ORIENTED_EDGE('',*,*,#872,.T.);
#445=ORIENTED_EDGE('',*,*,#749,.F.);
#446=ORIENTED_EDGE('',*,*,#876,.F.);
#447=ORIENTED_EDGE('',*,*,#877,.T.);
#448=ORIENTED_EDGE('',*,*,#874,.T.);
#449=ORIENTED_EDGE('',*,*,#748,.F.);
#450=ORIENTED_EDGE('',*,*,#878,.F.);
#451=ORIENTED_EDGE('',*,*,#879,.T.);
#452=ORIENTED_EDGE('',*,*,#876,.T.);
#453=ORIENTED_EDGE('',*,*,#747,.F.);
#454=ORIENTED_EDGE('',*,*,#880,.F.);
#455=ORIENTED_EDGE('',*,*,#881,.T.);
#456=ORIENTED_EDGE('',*,*,#878,.T.);
#457=ORIENTED_EDGE('',*,*,#746,.F.);
#458=ORIENTED_EDGE('',*,*,#882,.F.);
#459=ORIENTED_EDGE('',*,*,#883,.T.);
#460=ORIENTED_EDGE('',*,*,#880,.T.);
#461=ORIENTED_EDGE('',*,*,#745,.F.);
#462=ORIENTED_EDGE('',*,*,#884,.F.);
#463=ORIENTED_EDGE('',*,*,#885,.T.);
#464=ORIENTED_EDGE('',*,*,#882,.T.);
#465=ORIENTED_EDGE('',*,*,#744,.F.);
#466=ORIENTED_EDGE('',*,*,#886,.F.);
#467=ORIENTED_EDGE('',*,*,#887,.T.);
#468=ORIENTED_EDGE('',*,*,#884,.T.);
#469=ORIENTED_EDGE('',*,*,#743,.F.);
#470=ORIENTED_EDGE('',*,*,#859,.F.);
#471=ORIENTED_EDGE('',*,*,#888,.T.);
#472=ORIENTED_EDGE('',*,*,#886,.T.);
#473=ORIENTED_EDGE('',*,*,#858,.F.);
#474=ORIENTED_EDGE('',*,*,#861,.F.);
#475=ORIENTED_EDGE('',*,*,#863,.F.);
#476=ORIENTED_EDGE('',*,*,#865,.F.);
#477=ORIENTED_EDGE('',*,*,#867,.F.);
#478=ORIENTED_EDGE('',*,*,#869,.F.);
#479=ORIENTED_EDGE('',*,*,#871,.F.);
#480=ORIENTED_EDGE('',*,*,#873,.F.);
#481=ORIENTED_EDGE('',*,*,#875,.F.);
#482=ORIENTED_EDGE('',*,*,#877,.F.);
#483=ORIENTED_EDGE('',*,*,#879,.F.);
#484=ORIENTED_EDGE('',*,*,#881,.F.);
#485=ORIENTED_EDGE('',*,*,#883,.F.);
#486=ORIENTED_EDGE('',*,*,#885,.F.);
#487=ORIENTED_EDGE('',*,*,#887,.F.);
#488=ORIENTED_EDGE('',*,*,#888,.F.);
#489=ORIENTED_EDGE('',*,*,#758,.F.);
#490=ORIENTED_EDGE('',*,*,#889,.F.);
#491=ORIENTED_EDGE('',*,*,#890,.T.);
#492=ORIENTED_EDGE('',*,*,#891,.T.);
#493=ORIENTED_EDGE('',*,*,#757,.F.);
#494=ORIENTED_EDGE('',*,*,#892,.F.);
#495=ORIENTED_EDGE('',*,*,#893,.T.);
#496=ORIENTED_EDGE('',*,*,#889,.T.);
#497=ORIENTED_EDGE('',*,*,#762,.F.);
#498=ORIENTED_EDGE('',*,*,#894,.F.);
#499=ORIENTED_EDGE('',*,*,#895,.T.);
#500=ORIENTED_EDGE('',*,*,#892,.T.);
#501=ORIENTED_EDGE('',*,*,#761,.F.);
#502=ORIENTED_EDGE('',*,*,#896,.F.);
#503=ORIENTED_EDGE('',*,*,#897,.T.);
#504=ORIENTED_EDGE('',*,*,#894,.T.);
#505=ORIENTED_EDGE('',*,*,#760,.F.);
#506=ORIENTED_EDGE('',*,*,#898,.F.);
#507=ORIENTED_EDGE('',*,*,#899,.T.);
#508=ORIENTED_EDGE('',*,*,#896,.T.);
#509=ORIENTED_EDGE('',*,*,#759,.F.);
#510=ORIENTED_EDGE('',*,*,#891,.F.);
#511=ORIENTED_EDGE('',*,*,#900,.T.);
#512=ORIENTED_EDGE('',*,*,#898,.T.);
#513=ORIENTED_EDGE('',*,*,#890,.F.);
#514=ORIENTED_EDGE('',*,*,#893,.F.);
#515=ORIENTED_EDGE('',*,*,#895,.F.);
#516=ORIENTED_EDGE('',*,*,#897,.F.);
#517=ORIENTED_EDGE('',*,*,#899,.F.);
#518=ORIENTED_EDGE('',*,*,#900,.F.);
#519=ORIENTED_EDGE('',*,*,#764,.F.);
#520=ORIENTED_EDGE('',*,*,#901,.F.);
#521=ORIENTED_EDGE('',*,*,#902,.T.);
#522=ORIENTED_EDGE('',*,*,#903,.T.);
#523=ORIENTED_EDGE('',*,*,#763,.F.);
#524=ORIENTED_EDGE('',*,*,#904,.F.);
#525=ORIENTED_EDGE('',*,*,#905,.T.);
#526=ORIENTED_EDGE('',*,*,#901,.T.);
#527=ORIENTED_EDGE('',*,*,#772,.F.);
#528=ORIENTED_EDGE('',*,*,#906,.F.);
#529=ORIENTED_EDGE('',*,*,#907,.T.);
#530=ORIENTED_EDGE('',*,*,#904,.T.);
#531=ORIENTED_EDGE('',*,*,#771,.F.);
#532=ORIENTED_EDGE('',*,*,#908,.F.);
#533=ORIENTED_EDGE('',*,*,#909,.T.);
#534=ORIENTED_EDGE('',*,*,#906,.T.);
#535=ORIENTED_EDGE('',*,*,#770,.F.);
#536=ORIENTED_EDGE('',*,*,#910,.F.);
#537=ORIENTED_EDGE('',*,*,#911,.T.);
#538=ORIENTED_EDGE('',*,*,#908,.T.);
#539=ORIENTED_EDGE('',*,*,#769,.F.);
#540=ORIENTED_EDGE('',*,*,#912,.F.);
#541=ORIENTED_EDGE('',*,*,#913,.T.);
#542=ORIENTED_EDGE('',*,*,#910,.T.);
#543=ORIENTED_EDGE('',*,*,#768,.F.);
#544=ORIENTED_EDGE('',*,*,#914,.F.);
#545=ORIENTED_EDGE('',*,*,#915,.T.);
#546=ORIENTED_EDGE('',*,*,#912,.T.);
#547=ORIENTED_EDGE('',*,*,#767,.F.);
#548=ORIENTED_EDGE('',*,*,#916,.F.);
#549=ORIENTED_EDGE('',*,*,#917,.T.);
#550=ORIENTED_EDGE('',*,*,#914,.T.);
#551=ORIENTED_EDGE('',*,*,#766,.F.);
#552=ORIENTED_EDGE('',*,*,#918,.F.);
#553=ORIENTED_EDGE('',*,*,#919,.T.);
#554=ORIENTED_EDGE('',*,*,#916,.T.);
#555=ORIENTED_EDGE('',*,*,#765,.F.);
#556=ORIENTED_EDGE('',*,*,#903,.F.);
#557=ORIENTED_EDGE('',*,*,#920,.T.);
#558=ORIENTED_EDGE('',*,*,#918,.T.);
#559=ORIENTED_EDGE('',*,*,#902,.F.);
#560=ORIENTED_EDGE('',*,*,#905,.F.);
#561=ORIENTED_EDGE('',*,*,#907,.F.);
#562=ORIENTED_EDGE('',*,*,#909,.F.);
#563=ORIENTED_EDGE('',*,*,#911,.F.);
#564=ORIENTED_EDGE('',*,*,#913,.F.);
#565=ORIENTED_EDGE('',*,*,#915,.F.);
#566=ORIENTED_EDGE('',*,*,#917,.F.);
#567=ORIENTED_EDGE('',*,*,#919,.F.);
#568=ORIENTED_EDGE('',*,*,#920,.F.);
#569=ORIENTED_EDGE('',*,*,#921,.T.);
#570=ORIENTED_EDGE('',*,*,#922,.T.);
#571=ORIENTED_EDGE('',*,*,#923,.F.);
#572=ORIENTED_EDGE('',*,*,#924,.T.);
#573=ORIENTED_EDGE('',*,*,#925,.T.);
#574=ORIENTED_EDGE('',*,*,#926,.T.);
#575=ORIENTED_EDGE('',*,*,#927,.T.);
#576=ORIENTED_EDGE('',*,*,#928,.T.);
#577=ORIENTED_EDGE('',*,*,#929,.F.);
#578=ORIENTED_EDGE('',*,*,#930,.T.);
#579=ORIENTED_EDGE('',*,*,#923,.T.);
#580=ORIENTED_EDGE('',*,*,#931,.T.);
#581=ORIENTED_EDGE('',*,*,#926,.F.);
#582=ORIENTED_EDGE('',*,*,#932,.T.);
#583=ORIENTED_EDGE('',*,*,#929,.T.);
#584=ORIENTED_EDGE('',*,*,#933,.T.);
#585=ORIENTED_EDGE('',*,*,#925,.F.);
#586=ORIENTED_EDGE('',*,*,#934,.T.);
#587=ORIENTED_EDGE('',*,*,#924,.F.);
#588=ORIENTED_EDGE('',*,*,#932,.F.);
#589=ORIENTED_EDGE('',*,*,#930,.F.);
#590=ORIENTED_EDGE('',*,*,#934,.F.);
#591=ORIENTED_EDGE('',*,*,#935,.F.);
#592=ORIENTED_EDGE('',*,*,#921,.F.);
#593=ORIENTED_EDGE('',*,*,#933,.F.);
#594=ORIENTED_EDGE('',*,*,#928,.F.);
#595=ORIENTED_EDGE('',*,*,#922,.F.);
#596=ORIENTED_EDGE('',*,*,#935,.T.);
#597=ORIENTED_EDGE('',*,*,#927,.F.);
#598=ORIENTED_EDGE('',*,*,#931,.F.);
#599=ORIENTED_EDGE('',*,*,#936,.T.);
#600=ORIENTED_EDGE('',*,*,#937,.T.);
#601=ORIENTED_EDGE('',*,*,#938,.F.);
#602=ORIENTED_EDGE('',*,*,#939,.F.);
#603=ORIENTED_EDGE('',*,*,#938,.T.);
#604=ORIENTED_EDGE('',*,*,#940,.T.);
#605=ORIENTED_EDGE('',*,*,#941,.T.);
#606=ORIENTED_EDGE('',*,*,#942,.F.);
#607=ORIENTED_EDGE('',*,*,#943,.T.);
#608=ORIENTED_EDGE('',*,*,#944,.F.);
#609=ORIENTED_EDGE('',*,*,#945,.T.);
#610=ORIENTED_EDGE('',*,*,#946,.T.);
#611=ORIENTED_EDGE('',*,*,#947,.T.);
#612=ORIENTED_EDGE('',*,*,#948,.F.);
#613=ORIENTED_EDGE('',*,*,#949,.F.);
#614=ORIENTED_EDGE('',*,*,#950,.T.);
#615=ORIENTED_EDGE('',*,*,#941,.F.);
#616=ORIENTED_EDGE('',*,*,#951,.T.);
#617=ORIENTED_EDGE('',*,*,#952,.T.);
#618=ORIENTED_EDGE('',*,*,#953,.T.);
#619=ORIENTED_EDGE('',*,*,#945,.F.);
#620=ORIENTED_EDGE('',*,*,#954,.F.);
#621=ORIENTED_EDGE('',*,*,#955,.F.);
#622=ORIENTED_EDGE('',*,*,#956,.F.);
#623=ORIENTED_EDGE('',*,*,#957,.F.);
#624=ORIENTED_EDGE('',*,*,#954,.T.);
#625=ORIENTED_EDGE('',*,*,#944,.T.);
#626=ORIENTED_EDGE('',*,*,#958,.T.);
#627=ORIENTED_EDGE('',*,*,#942,.T.);
#628=ORIENTED_EDGE('',*,*,#956,.T.);
#629=ORIENTED_EDGE('',*,*,#959,.F.);
#630=ORIENTED_EDGE('',*,*,#960,.T.);
#631=ORIENTED_EDGE('',*,*,#959,.T.);
#632=ORIENTED_EDGE('',*,*,#955,.T.);
#633=ORIENTED_EDGE('',*,*,#957,.T.);
#634=ORIENTED_EDGE('',*,*,#961,.T.);
#635=ORIENTED_EDGE('',*,*,#958,.F.);
#636=ORIENTED_EDGE('',*,*,#943,.F.);
#637=ORIENTED_EDGE('',*,*,#960,.F.);
#638=ORIENTED_EDGE('',*,*,#961,.F.);
#639=ORIENTED_EDGE('',*,*,#949,.T.);
#640=ORIENTED_EDGE('',*,*,#962,.F.);
#641=ORIENTED_EDGE('',*,*,#963,.F.);
#642=ORIENTED_EDGE('',*,*,#964,.T.);
#643=ORIENTED_EDGE('',*,*,#948,.T.);
#644=ORIENTED_EDGE('',*,*,#965,.F.);
#645=ORIENTED_EDGE('',*,*,#966,.F.);
#646=ORIENTED_EDGE('',*,*,#962,.T.);
#647=ORIENTED_EDGE('',*,*,#967,.F.);
#648=ORIENTED_EDGE('',*,*,#968,.T.);
#649=ORIENTED_EDGE('',*,*,#965,.T.);
#650=ORIENTED_EDGE('',*,*,#947,.F.);
#651=ORIENTED_EDGE('',*,*,#950,.F.);
#652=ORIENTED_EDGE('',*,*,#964,.F.);
#653=ORIENTED_EDGE('',*,*,#969,.T.);
#654=ORIENTED_EDGE('',*,*,#939,.T.);
#655=ORIENTED_EDGE('',*,*,#963,.T.);
#656=ORIENTED_EDGE('',*,*,#966,.T.);
#657=ORIENTED_EDGE('',*,*,#968,.F.);
#658=ORIENTED_EDGE('',*,*,#970,.F.);
#659=ORIENTED_EDGE('',*,*,#952,.F.);
#660=ORIENTED_EDGE('',*,*,#971,.F.);
#661=ORIENTED_EDGE('',*,*,#936,.F.);
#662=ORIENTED_EDGE('',*,*,#969,.F.);
#663=ORIENTED_EDGE('',*,*,#940,.F.);
#664=ORIENTED_EDGE('',*,*,#937,.F.);
#665=ORIENTED_EDGE('',*,*,#971,.T.);
#666=ORIENTED_EDGE('',*,*,#951,.F.);
#667=ORIENTED_EDGE('',*,*,#970,.T.);
#668=ORIENTED_EDGE('',*,*,#967,.T.);
#669=ORIENTED_EDGE('',*,*,#946,.F.);
#670=ORIENTED_EDGE('',*,*,#953,.F.);
#671=ORIENTED_EDGE('',*,*,#972,.F.);
#672=ORIENTED_EDGE('',*,*,#973,.F.);
#673=ORIENTED_EDGE('',*,*,#974,.T.);
#674=ORIENTED_EDGE('',*,*,#975,.T.);
#675=ORIENTED_EDGE('',*,*,#976,.T.);
#676=ORIENTED_EDGE('',*,*,#977,.F.);
#677=ORIENTED_EDGE('',*,*,#978,.F.);
#678=ORIENTED_EDGE('',*,*,#973,.T.);
#679=ORIENTED_EDGE('',*,*,#979,.T.);
#680=ORIENTED_EDGE('',*,*,#980,.F.);
#681=ORIENTED_EDGE('',*,*,#981,.F.);
#682=ORIENTED_EDGE('',*,*,#977,.T.);
#683=ORIENTED_EDGE('',*,*,#982,.T.);
#684=ORIENTED_EDGE('',*,*,#983,.F.);
#685=ORIENTED_EDGE('',*,*,#984,.F.);
#686=ORIENTED_EDGE('',*,*,#975,.F.);
#687=ORIENTED_EDGE('',*,*,#985,.T.);
#688=ORIENTED_EDGE('',*,*,#980,.T.);
#689=ORIENTED_EDGE('',*,*,#982,.F.);
#690=ORIENTED_EDGE('',*,*,#974,.F.);
#691=ORIENTED_EDGE('',*,*,#978,.T.);
#692=ORIENTED_EDGE('',*,*,#981,.T.);
#693=ORIENTED_EDGE('',*,*,#985,.F.);
#694=ORIENTED_EDGE('',*,*,#986,.T.);
#695=ORIENTED_EDGE('',*,*,#972,.T.);
#696=ORIENTED_EDGE('',*,*,#984,.T.);
#697=ORIENTED_EDGE('',*,*,#979,.F.);
#698=ORIENTED_EDGE('',*,*,#976,.F.);
#699=ORIENTED_EDGE('',*,*,#987,.T.);
#700=ORIENTED_EDGE('',*,*,#986,.F.);
#701=ORIENTED_EDGE('',*,*,#987,.F.);
#702=ORIENTED_EDGE('',*,*,#983,.T.);
#703=EDGE_CURVE('',#988,#989,#1190,.T.);
#704=EDGE_CURVE('',#989,#990,#83,.T.);
#705=EDGE_CURVE('',#990,#991,#84,.T.);
#706=EDGE_CURVE('',#992,#991,#1191,.T.);
#707=EDGE_CURVE('',#992,#988,#1192,.T.);
#708=EDGE_CURVE('',#993,#994,#85,.F.);
#709=EDGE_CURVE('',#994,#995,#86,.F.);
#710=EDGE_CURVE('',#996,#995,#1193,.T.);
#711=EDGE_CURVE('',#996,#997,#1194,.T.);
#712=EDGE_CURVE('',#997,#993,#1195,.T.);
#713=EDGE_CURVE('',#995,#989,#1196,.F.);
#714=EDGE_CURVE('',#988,#996,#1197,.T.);
#715=EDGE_CURVE('',#991,#993,#1198,.T.);
#716=EDGE_CURVE('',#997,#992,#1199,.T.);
#717=EDGE_CURVE('',#994,#990,#1200,.T.);
#718=EDGE_CURVE('',#998,#998,#87,.T.);
#719=EDGE_CURVE('',#999,#999,#88,.T.);
#720=EDGE_CURVE('',#1000,#1000,#89,.T.);
#721=EDGE_CURVE('',#1001,#1002,#1201,.T.);
#722=EDGE_CURVE('',#1002,#1003,#1202,.F.);
#723=EDGE_CURVE('',#1004,#1003,#90,.T.);
#724=EDGE_CURVE('',#1004,#1005,#1203,.F.);
#725=EDGE_CURVE('',#1006,#1005,#91,.T.);
#726=EDGE_CURVE('',#1006,#1007,#1204,.F.);
#727=EDGE_CURVE('',#1008,#1007,#1205,.T.);
#728=EDGE_CURVE('',#1008,#1001,#1206,.T.);
#729=EDGE_CURVE('',#1009,#1010,#1207,.T.);
#730=EDGE_CURVE('',#1010,#1011,#1208,.T.);
#731=EDGE_CURVE('',#1011,#1012,#1209,.T.);
#732=EDGE_CURVE('',#1012,#1013,#1210,.T.);
#733=EDGE_CURVE('',#1013,#1014,#1211,.T.);
#734=EDGE_CURVE('',#1014,#1015,#1212,.T.);
#735=EDGE_CURVE('',#1015,#1016,#1213,.T.);
#736=EDGE_CURVE('',#1016,#1017,#1214,.T.);
#737=EDGE_CURVE('',#1017,#1018,#1215,.T.);
#738=EDGE_CURVE('',#1018,#1019,#1216,.T.);
#739=EDGE_CURVE('',#1019,#1020,#1217,.T.);
#740=EDGE_CURVE('',#1020,#1009,#1218,.T.);
#741=EDGE_CURVE('',#1021,#1022,#25,.T.);
#742=EDGE_CURVE('',#1022,#1023,#26,.T.);
#743=EDGE_CURVE('',#1023,#1024,#27,.T.);
#744=EDGE_CURVE('',#1024,#1025,#28,.T.);
#745=EDGE_CURVE('',#1025,#1026,#1219,.T.);
#746=EDGE_CURVE('',#1026,#1027,#1220,.T.);
#747=EDGE_CURVE('',#1027,#1028,#1221,.T.);
#748=EDGE_CURVE('',#1028,#1029,#29,.T.);
#749=EDGE_CURVE('',#1029,#1030,#30,.T.);
#750=EDGE_CURVE('',#1030,#1031,#31,.T.);
#751=EDGE_CURVE('',#1031,#1032,#32,.T.);
#752=EDGE_CURVE('',#1032,#1033,#1222,.T.);
#753=EDGE_CURVE('',#1033,#1034,#1223,.T.);
#754=EDGE_CURVE('',#1034,#1035,#1224,.T.);
#755=EDGE_CURVE('',#1035,#1036,#33,.T.);
#756=EDGE_CURVE('',#1036,#1021,#34,.T.);
#757=EDGE_CURVE('',#1037,#1038,#1225,.T.);
#758=EDGE_CURVE('',#1038,#1039,#1226,.T.);
#759=EDGE_CURVE('',#1039,#1040,#1227,.T.);
#760=EDGE_CURVE('',#1040,#1041,#1228,.T.);
#761=EDGE_CURVE('',#1041,#1042,#1229,.T.);
#762=EDGE_CURVE('',#1042,#1037,#1230,.T.);
#763=EDGE_CURVE('',#1043,#1044,#1231,.T.);
#764=EDGE_CURVE('',#1044,#1045,#1232,.T.);
#765=EDGE_CURVE('',#1045,#1046,#1233,.T.);
#766=EDGE_CURVE('',#1046,#1047,#1234,.T.);
#767=EDGE_CURVE('',#1047,#1048,#1235,.T.);
#768=EDGE_CURVE('',#1048,#1049,#1236,.T.);
#769=EDGE_CURVE('',#1049,#1050,#1237,.T.);
#770=EDGE_CURVE('',#1050,#1051,#1238,.T.);
#771=EDGE_CURVE('',#1051,#1052,#1239,.T.);
#772=EDGE_CURVE('',#1052,#1043,#1240,.T.);
#773=EDGE_CURVE('',#1053,#1053,#92,.T.);
#774=EDGE_CURVE('',#1054,#1054,#93,.T.);
#775=EDGE_CURVE('',#1055,#1055,#94,.T.);
#776=EDGE_CURVE('',#1056,#1056,#95,.T.);
#777=EDGE_CURVE('',#1057,#1057,#96,.T.);
#778=EDGE_CURVE('',#1058,#1058,#97,.T.);
#779=EDGE_CURVE('',#1059,#1059,#98,.T.);
#780=EDGE_CURVE('',#1060,#1060,#99,.T.);
#781=EDGE_CURVE('',#1061,#1061,#100,.T.);
#782=EDGE_CURVE('',#1062,#1062,#101,.T.);
#783=EDGE_CURVE('',#1063,#1064,#1241,.T.);
#784=EDGE_CURVE('',#1065,#1063,#1242,.T.);
#785=EDGE_CURVE('',#1065,#1066,#1243,.T.);
#786=EDGE_CURVE('',#1066,#1064,#1244,.T.);
#787=EDGE_CURVE('',#1067,#1067,#102,.T.);
#788=EDGE_CURVE('',#1007,#1068,#1245,.F.);
#789=EDGE_CURVE('',#1069,#1068,#1246,.T.);
#790=EDGE_CURVE('',#1069,#1008,#1247,.T.);
#791=EDGE_CURVE('',#1070,#1071,#1248,.T.);
#792=EDGE_CURVE('',#1070,#1072,#1249,.T.);
#793=EDGE_CURVE('',#1072,#1073,#1250,.T.);
#794=EDGE_CURVE('',#1073,#1071,#1251,.F.);
#795=EDGE_CURVE('',#1074,#1075,#1252,.T.);
#796=EDGE_CURVE('',#1075,#1002,#1253,.T.);
#797=EDGE_CURVE('',#1074,#1001,#1254,.T.);
#798=EDGE_CURVE('',#1076,#1076,#103,.T.);
#799=EDGE_CURVE('',#1077,#1077,#104,.T.);
#800=EDGE_CURVE('',#1078,#1078,#105,.T.);
#801=EDGE_CURVE('',#1079,#1079,#106,.T.);
#802=EDGE_CURVE('',#1080,#1080,#107,.T.);
#803=EDGE_CURVE('',#1081,#1081,#108,.T.);
#804=EDGE_CURVE('',#1082,#1082,#109,.T.);
#805=EDGE_CURVE('',#1069,#1074,#1255,.T.);
#806=EDGE_CURVE('',#1083,#1083,#110,.T.);
#807=EDGE_CURVE('',#1084,#1084,#111,.T.);
#808=EDGE_CURVE('',#1085,#1085,#112,.T.);
#809=EDGE_CURVE('',#1086,#1086,#113,.F.);
#810=EDGE_CURVE('',#1087,#1087,#114,.F.);
#811=EDGE_CURVE('',#1068,#1070,#115,.T.);
#812=EDGE_CURVE('',#1071,#1075,#116,.T.);
#813=EDGE_CURVE('',#1088,#1088,#117,.T.);
#814=EDGE_CURVE('',#1089,#1064,#1256,.T.);
#815=EDGE_CURVE('',#1090,#1089,#1257,.T.);
#816=EDGE_CURVE('',#1090,#1063,#1258,.T.);
#817=EDGE_CURVE('',#1091,#1066,#1259,.T.);
#818=EDGE_CURVE('',#1091,#1089,#1260,.T.);
#819=EDGE_CURVE('',#1092,#1065,#1261,.T.);
#820=EDGE_CURVE('',#1092,#1091,#1262,.T.);
#821=EDGE_CURVE('',#1092,#1090,#1263,.T.);
#822=EDGE_CURVE('',#1093,#1093,#118,.T.);
#823=EDGE_CURVE('',#1094,#1094,#119,.T.);
#824=EDGE_CURVE('',#1005,#1006,#35,.T.);
#825=EDGE_CURVE('',#1095,#1095,#120,.T.);
#826=EDGE_CURVE('',#1003,#1004,#36,.T.);
#827=EDGE_CURVE('',#1096,#1096,#121,.T.);
#828=EDGE_CURVE('',#1097,#1097,#122,.T.);
#829=EDGE_CURVE('',#1098,#1098,#123,.T.);
#830=EDGE_CURVE('',#1099,#1099,#124,.F.);
#831=EDGE_CURVE('',#1002,#1073,#20,.F.);
#832=EDGE_CURVE('',#1007,#1072,#21,.T.);
#833=EDGE_CURVE('',#1100,#1010,#1264,.T.);
#834=EDGE_CURVE('',#1100,#1101,#1265,.T.);
#835=EDGE_CURVE('',#1101,#1011,#1266,.T.);
#836=EDGE_CURVE('',#1102,#1009,#1267,.T.);
#837=EDGE_CURVE('',#1102,#1100,#1268,.T.);
#838=EDGE_CURVE('',#1103,#1020,#1269,.T.);
#839=EDGE_CURVE('',#1103,#1102,#1270,.T.);
#840=EDGE_CURVE('',#1104,#1019,#1271,.T.);
#841=EDGE_CURVE('',#1104,#1103,#1272,.T.);
#842=EDGE_CURVE('',#1105,#1018,#1273,.T.);
#843=EDGE_CURVE('',#1105,#1104,#1274,.T.);
#844=EDGE_CURVE('',#1106,#1017,#1275,.T.);
#845=EDGE_CURVE('',#1106,#1105,#1276,.T.);
#846=EDGE_CURVE('',#1107,#1016,#1277,.T.);
#847=EDGE_CURVE('',#1107,#1106,#1278,.T.);
#848=EDGE_CURVE('',#1108,#1015,#1279,.T.);
#849=EDGE_CURVE('',#1108,#1107,#1280,.T.);
#850=EDGE_CURVE('',#1109,#1014,#1281,.T.);
#851=EDGE_CURVE('',#1109,#1108,#1282,.T.);
#852=EDGE_CURVE('',#1110,#1013,#1283,.T.);
#853=EDGE_CURVE('',#1110,#1109,#1284,.T.);
#854=EDGE_CURVE('',#1111,#1012,#1285,.T.);
#855=EDGE_CURVE('',#1111,#1110,#1286,.T.);
#856=EDGE_CURVE('',#1101,#1111,#1287,.T.);
#857=EDGE_CURVE('',#1112,#1022,#1288,.T.);
#858=EDGE_CURVE('',#1112,#1113,#37,.T.);
#859=EDGE_CURVE('',#1113,#1023,#1289,.T.);
#860=EDGE_CURVE('',#1114,#1021,#1290,.T.);
#861=EDGE_CURVE('',#1114,#1112,#38,.T.);
#862=EDGE_CURVE('',#1115,#1036,#1291,.T.);
#863=EDGE_CURVE('',#1115,#1114,#39,.T.);
#864=EDGE_CURVE('',#1116,#1035,#1292,.T.);
#865=EDGE_CURVE('',#1116,#1115,#40,.T.);
#866=EDGE_CURVE('',#1117,#1034,#1293,.T.);
#867=EDGE_CURVE('',#1117,#1116,#1294,.T.);
#868=EDGE_CURVE('',#1118,#1033,#1295,.T.);
#869=EDGE_CURVE('',#1118,#1117,#1296,.T.);
#870=EDGE_CURVE('',#1119,#1032,#1297,.T.);
#871=EDGE_CURVE('',#1119,#1118,#1298,.T.);
#872=EDGE_CURVE('',#1120,#1031,#1299,.T.);
#873=EDGE_CURVE('',#1120,#1119,#41,.T.);
#874=EDGE_CURVE('',#1121,#1030,#1300,.T.);
#875=EDGE_CURVE('',#1121,#1120,#42,.T.);
#876=EDGE_CURVE('',#1122,#1029,#1301,.T.);
#877=EDGE_CURVE('',#1122,#1121,#43,.T.);
#878=EDGE_CURVE('',#1123,#1028,#1302,.T.);
#879=EDGE_CURVE('',#1123,#1122,#44,.T.);
#880=EDGE_CURVE('',#1124,#1027,#1303,.T.);
#881=EDGE_CURVE('',#1124,#1123,#1304,.T.);
#882=EDGE_CURVE('',#1125,#1026,#1305,.T.);
#883=EDGE_CURVE('',#1125,#1124,#1306,.T.);
#884=EDGE_CURVE('',#1126,#1025,#1307,.T.);
#885=EDGE_CURVE('',#1126,#1125,#1308,.T.);
#886=EDGE_CURVE('',#1127,#1024,#1309,.T.);
#887=EDGE_CURVE('',#1127,#1126,#45,.T.);
#888=EDGE_CURVE('',#1113,#1127,#46,.T.);
#889=EDGE_CURVE('',#1128,#1038,#1310,.T.);
#890=EDGE_CURVE('',#1128,#1129,#1311,.T.);
#891=EDGE_CURVE('',#1129,#1039,#1312,.T.);
#892=EDGE_CURVE('',#1130,#1037,#1313,.T.);
#893=EDGE_CURVE('',#1130,#1128,#1314,.T.);
#894=EDGE_CURVE('',#1131,#1042,#1315,.T.);
#895=EDGE_CURVE('',#1131,#1130,#1316,.T.);
#896=EDGE_CURVE('',#1132,#1041,#1317,.T.);
#897=EDGE_CURVE('',#1132,#1131,#1318,.T.);
#898=EDGE_CURVE('',#1133,#1040,#1319,.T.);
#899=EDGE_CURVE('',#1133,#1132,#1320,.T.);
#900=EDGE_CURVE('',#1129,#1133,#1321,.T.);
#901=EDGE_CURVE('',#1134,#1044,#1322,.T.);
#902=EDGE_CURVE('',#1134,#1135,#1323,.T.);
#903=EDGE_CURVE('',#1135,#1045,#1324,.T.);
#904=EDGE_CURVE('',#1136,#1043,#1325,.T.);
#905=EDGE_CURVE('',#1136,#1134,#1326,.T.);
#906=EDGE_CURVE('',#1137,#1052,#1327,.T.);
#907=EDGE_CURVE('',#1137,#1136,#1328,.T.);
#908=EDGE_CURVE('',#1138,#1051,#1329,.T.);
#909=EDGE_CURVE('',#1138,#1137,#1330,.T.);
#910=EDGE_CURVE('',#1139,#1050,#1331,.T.);
#911=EDGE_CURVE('',#1139,#1138,#1332,.T.);
#912=EDGE_CURVE('',#1140,#1049,#1333,.T.);
#913=EDGE_CURVE('',#1140,#1139,#1334,.T.);
#914=EDGE_CURVE('',#1141,#1048,#1335,.T.);
#915=EDGE_CURVE('',#1141,#1140,#1336,.T.);
#916=EDGE_CURVE('',#1142,#1047,#1337,.T.);
#917=EDGE_CURVE('',#1142,#1141,#1338,.T.);
#918=EDGE_CURVE('',#1143,#1046,#1339,.T.);
#919=EDGE_CURVE('',#1143,#1142,#1340,.T.);
#920=EDGE_CURVE('',#1135,#1143,#1341,.T.);
#921=EDGE_CURVE('',#1144,#1145,#125,.F.);
#922=EDGE_CURVE('',#1145,#1146,#126,.F.);
#923=EDGE_CURVE('',#1147,#1146,#1342,.T.);
#924=EDGE_CURVE('',#1147,#1148,#1343,.F.);
#925=EDGE_CURVE('',#1148,#1144,#1344,.T.);
#926=EDGE_CURVE('',#1149,#1150,#1345,.T.);
#927=EDGE_CURVE('',#1150,#1151,#127,.T.);
#928=EDGE_CURVE('',#1151,#1152,#128,.T.);
#929=EDGE_CURVE('',#1153,#1152,#1346,.T.);
#930=EDGE_CURVE('',#1153,#1149,#1347,.F.);
#931=EDGE_CURVE('',#1146,#1150,#1348,.T.);
#932=EDGE_CURVE('',#1149,#1147,#1349,.T.);
#933=EDGE_CURVE('',#1152,#1144,#1350,.F.);
#934=EDGE_CURVE('',#1148,#1153,#1351,.F.);
#935=EDGE_CURVE('',#1145,#1151,#1352,.T.);
#936=EDGE_CURVE('',#1154,#1155,#1353,.T.);
#937=EDGE_CURVE('',#1155,#1156,#1354,.T.);
#938=EDGE_CURVE('',#1157,#1156,#1355,.T.);
#939=EDGE_CURVE('',#1154,#1157,#1356,.T.);
#940=EDGE_CURVE('',#1156,#1158,#1357,.T.);
#941=EDGE_CURVE('',#1158,#1159,#1358,.T.);
#942=EDGE_CURVE('',#1160,#1159,#1359,.T.);
#943=EDGE_CURVE('',#1160,#1161,#1360,.T.);
#944=EDGE_CURVE('',#1162,#1161,#1361,.T.);
#945=EDGE_CURVE('',#1162,#1163,#1362,.T.);
#946=EDGE_CURVE('',#1163,#1164,#1363,.T.);
#947=EDGE_CURVE('',#1164,#1165,#1364,.T.);
#948=EDGE_CURVE('',#1166,#1165,#1365,.T.);
#949=EDGE_CURVE('',#1167,#1166,#1366,.T.);
#950=EDGE_CURVE('',#1167,#1157,#1367,.T.);
#951=EDGE_CURVE('',#1158,#1168,#1368,.F.);
#952=EDGE_CURVE('',#1168,#1169,#1369,.F.);
#953=EDGE_CURVE('',#1169,#1163,#1370,.F.);
#954=EDGE_CURVE('',#1170,#1162,#1371,.F.);
#955=EDGE_CURVE('',#1171,#1170,#1372,.F.);
#956=EDGE_CURVE('',#1159,#1171,#1373,.F.);
#957=EDGE_CURVE('',#1170,#1172,#1374,.T.);
#958=EDGE_CURVE('',#1161,#1172,#1375,.F.);
#959=EDGE_CURVE('',#1173,#1171,#1376,.T.);
#960=EDGE_CURVE('',#1173,#1160,#1377,.F.);
#961=EDGE_CURVE('',#1172,#1173,#1378,.F.);
#962=EDGE_CURVE('',#1174,#1166,#1379,.T.);
#963=EDGE_CURVE('',#1175,#1174,#1380,.T.);
#964=EDGE_CURVE('',#1175,#1167,#1381,.T.);
#965=EDGE_CURVE('',#1176,#1165,#1382,.T.);
#966=EDGE_CURVE('',#1174,#1176,#1383,.T.);
#967=EDGE_CURVE('',#1177,#1164,#1384,.T.);
#968=EDGE_CURVE('',#1177,#1176,#1385,.T.);
#969=EDGE_CURVE('',#1175,#1154,#1386,.T.);
#970=EDGE_CURVE('',#1169,#1177,#1387,.T.);
#971=EDGE_CURVE('',#1155,#1168,#1388,.T.);
#972=EDGE_CURVE('',#1178,#1179,#1389,.T.);
#973=EDGE_CURVE('',#1180,#1178,#1390,.T.);
#974=EDGE_CURVE('',#1180,#1181,#1391,.T.);
#975=EDGE_CURVE('',#1181,#1179,#1392,.T.);
#976=EDGE_CURVE('',#1178,#1182,#1393,.T.);
#977=EDGE_CURVE('',#1183,#1182,#1394,.T.);
#978=EDGE_CURVE('',#1180,#1183,#1395,.T.);
#979=EDGE_CURVE('',#1182,#1184,#1396,.T.);
#980=EDGE_CURVE('',#1185,#1184,#1397,.T.);
#981=EDGE_CURVE('',#1183,#1185,#1398,.T.);
#982=EDGE_CURVE('',#1186,#1186,#129,.T.);
#983=EDGE_CURVE('',#1187,#1187,#130,.T.);
#984=EDGE_CURVE('',#1179,#1184,#1399,.T.);
#985=EDGE_CURVE('',#1181,#1185,#1400,.T.);
#986=EDGE_CURVE('',#1188,#1188,#131,.T.);
#987=EDGE_CURVE('',#1189,#1189,#132,.T.);
#988=VERTEX_POINT('',#2965);
#989=VERTEX_POINT('',#2966);
#990=VERTEX_POINT('',#2968);
#991=VERTEX_POINT('',#2970);
#992=VERTEX_POINT('',#2972);
#993=VERTEX_POINT('',#2976);
#994=VERTEX_POINT('',#2977);
#995=VERTEX_POINT('',#2979);
#996=VERTEX_POINT('',#2981);
#997=VERTEX_POINT('',#2983);
#998=VERTEX_POINT('',#2998);
#999=VERTEX_POINT('',#3000);
#1000=VERTEX_POINT('',#3002);
#1001=VERTEX_POINT('',#3004);
#1002=VERTEX_POINT('',#3005);
#1003=VERTEX_POINT('',#3007);
#1004=VERTEX_POINT('',#3009);
#1005=VERTEX_POINT('',#3011);
#1006=VERTEX_POINT('',#3013);
#1007=VERTEX_POINT('',#3015);
#1008=VERTEX_POINT('',#3017);
#1009=VERTEX_POINT('',#3020);
#1010=VERTEX_POINT('',#3021);
#1011=VERTEX_POINT('',#3023);
#1012=VERTEX_POINT('',#3025);
#1013=VERTEX_POINT('',#3027);
#1014=VERTEX_POINT('',#3029);
#1015=VERTEX_POINT('',#3031);
#1016=VERTEX_POINT('',#3033);
#1017=VERTEX_POINT('',#3035);
#1018=VERTEX_POINT('',#3037);
#1019=VERTEX_POINT('',#3039);
#1020=VERTEX_POINT('',#3041);
#1021=VERTEX_POINT('',#3046);
#1022=VERTEX_POINT('',#3047);
#1023=VERTEX_POINT('',#3051);
#1024=VERTEX_POINT('',#3055);
#1025=VERTEX_POINT('',#3059);
#1026=VERTEX_POINT('',#3061);
#1027=VERTEX_POINT('',#3063);
#1028=VERTEX_POINT('',#3065);
#1029=VERTEX_POINT('',#3069);
#1030=VERTEX_POINT('',#3073);
#1031=VERTEX_POINT('',#3077);
#1032=VERTEX_POINT('',#3081);
#1033=VERTEX_POINT('',#3083);
#1034=VERTEX_POINT('',#3085);
#1035=VERTEX_POINT('',#3087);
#1036=VERTEX_POINT('',#3091);
#1037=VERTEX_POINT('',#3096);
#1038=VERTEX_POINT('',#3097);
#1039=VERTEX_POINT('',#3099);
#1040=VERTEX_POINT('',#3101);
#1041=VERTEX_POINT('',#3103);
#1042=VERTEX_POINT('',#3105);
#1043=VERTEX_POINT('',#3108);
#1044=VERTEX_POINT('',#3109);
#1045=VERTEX_POINT('',#3111);
#1046=VERTEX_POINT('',#3113);
#1047=VERTEX_POINT('',#3115);
#1048=VERTEX_POINT('',#3117);
#1049=VERTEX_POINT('',#3119);
#1050=VERTEX_POINT('',#3121);
#1051=VERTEX_POINT('',#3123);
#1052=VERTEX_POINT('',#3125);
#1053=VERTEX_POINT('',#3129);
#1054=VERTEX_POINT('',#3131);
#1055=VERTEX_POINT('',#3133);
#1056=VERTEX_POINT('',#3135);
#1057=VERTEX_POINT('',#3137);
#1058=VERTEX_POINT('',#3139);
#1059=VERTEX_POINT('',#3141);
#1060=VERTEX_POINT('',#3143);
#1061=VERTEX_POINT('',#3145);
#1062=VERTEX_POINT('',#3147);
#1063=VERTEX_POINT('',#3149);
#1064=VERTEX_POINT('',#3150);
#1065=VERTEX_POINT('',#3152);
#1066=VERTEX_POINT('',#3154);
#1067=VERTEX_POINT('',#3158);
#1068=VERTEX_POINT('',#3160);
#1069=VERTEX_POINT('',#3162);
#1070=VERTEX_POINT('',#3166);
#1071=VERTEX_POINT('',#3167);
#1072=VERTEX_POINT('',#3169);
#1073=VERTEX_POINT('',#3171);
#1074=VERTEX_POINT('',#3175);
#1075=VERTEX_POINT('',#3176);
#1076=VERTEX_POINT('',#3181);
#1077=VERTEX_POINT('',#3184);
#1078=VERTEX_POINT('',#3187);
#1079=VERTEX_POINT('',#3190);
#1080=VERTEX_POINT('',#3193);
#1081=VERTEX_POINT('',#3196);
#1082=VERTEX_POINT('',#3199);
#1083=VERTEX_POINT('',#3204);
#1084=VERTEX_POINT('',#3207);
#1085=VERTEX_POINT('',#3210);
#1086=VERTEX_POINT('',#3213);
#1087=VERTEX_POINT('',#3215);
#1088=VERTEX_POINT('',#3220);
#1089=VERTEX_POINT('',#3222);
#1090=VERTEX_POINT('',#3224);
#1091=VERTEX_POINT('',#3228);
#1092=VERTEX_POINT('',#3232);
#1093=VERTEX_POINT('',#3238);
#1094=VERTEX_POINT('',#3241);
#1095=VERTEX_POINT('',#3256);
#1096=VERTEX_POINT('',#3271);
#1097=VERTEX_POINT('',#3275);
#1098=VERTEX_POINT('',#3279);
#1099=VERTEX_POINT('',#3282);
#1100=VERTEX_POINT('',#3294);
#1101=VERTEX_POINT('',#3296);
#1102=VERTEX_POINT('',#3300);
#1103=VERTEX_POINT('',#3304);
#1104=VERTEX_POINT('',#3308);
#1105=VERTEX_POINT('',#3312);
#1106=VERTEX_POINT('',#3316);
#1107=VERTEX_POINT('',#3320);
#1108=VERTEX_POINT('',#3324);
#1109=VERTEX_POINT('',#3328);
#1110=VERTEX_POINT('',#3332);
#1111=VERTEX_POINT('',#3336);
#1112=VERTEX_POINT('',#3350);
#1113=VERTEX_POINT('',#3354);
#1114=VERTEX_POINT('',#3365);
#1115=VERTEX_POINT('',#3378);
#1116=VERTEX_POINT('',#3391);
#1117=VERTEX_POINT('',#3397);
#1118=VERTEX_POINT('',#3401);
#1119=VERTEX_POINT('',#3405);
#1120=VERTEX_POINT('',#3416);
#1121=VERTEX_POINT('',#3429);
#1122=VERTEX_POINT('',#3442);
#1123=VERTEX_POINT('',#3455);
#1124=VERTEX_POINT('',#3461);
#1125=VERTEX_POINT('',#3465);
#1126=VERTEX_POINT('',#3469);
#1127=VERTEX_POINT('',#3480);
#1128=VERTEX_POINT('',#3498);
#1129=VERTEX_POINT('',#3500);
#1130=VERTEX_POINT('',#3504);
#1131=VERTEX_POINT('',#3508);
#1132=VERTEX_POINT('',#3512);
#1133=VERTEX_POINT('',#3516);
#1134=VERTEX_POINT('',#3523);
#1135=VERTEX_POINT('',#3525);
#1136=VERTEX_POINT('',#3529);
#1137=VERTEX_POINT('',#3533);
#1138=VERTEX_POINT('',#3537);
#1139=VERTEX_POINT('',#3541);
#1140=VERTEX_POINT('',#3545);
#1141=VERTEX_POINT('',#3549);
#1142=VERTEX_POINT('',#3553);
#1143=VERTEX_POINT('',#3557);
#1144=VERTEX_POINT('',#3565);
#1145=VERTEX_POINT('',#3566);
#1146=VERTEX_POINT('',#3568);
#1147=VERTEX_POINT('',#3570);
#1148=VERTEX_POINT('',#3572);
#1149=VERTEX_POINT('',#3576);
#1150=VERTEX_POINT('',#3577);
#1151=VERTEX_POINT('',#3579);
#1152=VERTEX_POINT('',#3581);
#1153=VERTEX_POINT('',#3583);
#1154=VERTEX_POINT('',#3598);
#1155=VERTEX_POINT('',#3599);
#1156=VERTEX_POINT('',#3601);
#1157=VERTEX_POINT('',#3603);
#1158=VERTEX_POINT('',#3607);
#1159=VERTEX_POINT('',#3609);
#1160=VERTEX_POINT('',#3611);
#1161=VERTEX_POINT('',#3613);
#1162=VERTEX_POINT('',#3615);
#1163=VERTEX_POINT('',#3617);
#1164=VERTEX_POINT('',#3619);
#1165=VERTEX_POINT('',#3621);
#1166=VERTEX_POINT('',#3623);
#1167=VERTEX_POINT('',#3625);
#1168=VERTEX_POINT('',#3629);
#1169=VERTEX_POINT('',#3631);
#1170=VERTEX_POINT('',#3634);
#1171=VERTEX_POINT('',#3636);
#1172=VERTEX_POINT('',#3640);
#1173=VERTEX_POINT('',#3644);
#1174=VERTEX_POINT('',#3651);
#1175=VERTEX_POINT('',#3653);
#1176=VERTEX_POINT('',#3657);
#1177=VERTEX_POINT('',#3661);
#1178=VERTEX_POINT('',#3673);
#1179=VERTEX_POINT('',#3674);
#1180=VERTEX_POINT('',#3676);
#1181=VERTEX_POINT('',#3678);
#1182=VERTEX_POINT('',#3682);
#1183=VERTEX_POINT('',#3684);
#1184=VERTEX_POINT('',#3688);
#1185=VERTEX_POINT('',#3690);
#1186=VERTEX_POINT('',#3694);
#1187=VERTEX_POINT('',#3696);
#1188=VERTEX_POINT('',#3703);
#1189=VERTEX_POINT('',#3706);
#1190=LINE('',#2964,#1401);
#1191=LINE('',#2971,#1402);
#1192=LINE('',#2973,#1403);
#1193=LINE('',#2980,#1404);
#1194=LINE('',#2982,#1405);
#1195=LINE('',#2984,#1406);
#1196=LINE('',#2986,#1407);
#1197=LINE('',#2987,#1408);
#1198=LINE('',#2989,#1409);
#1199=LINE('',#2990,#1410);
#1200=LINE('',#2993,#1411);
#1201=LINE('',#3003,#1412);
#1202=LINE('',#3006,#1413);
#1203=LINE('',#3010,#1414);
#1204=LINE('',#3014,#1415);
#1205=LINE('',#3016,#1416);
#1206=LINE('',#3018,#1417);
#1207=LINE('',#3019,#1418);
#1208=LINE('',#3022,#1419);
#1209=LINE('',#3024,#1420);
#1210=LINE('',#3026,#1421);
#1211=LINE('',#3028,#1422);
#1212=LINE('',#3030,#1423);
#1213=LINE('',#3032,#1424);
#1214=LINE('',#3034,#1425);
#1215=LINE('',#3036,#1426);
#1216=LINE('',#3038,#1427);
#1217=LINE('',#3040,#1428);
#1218=LINE('',#3042,#1429);
#1219=LINE('',#3060,#1430);
#1220=LINE('',#3062,#1431);
#1221=LINE('',#3064,#1432);
#1222=LINE('',#3082,#1433);
#1223=LINE('',#3084,#1434);
#1224=LINE('',#3086,#1435);
#1225=LINE('',#3095,#1436);
#1226=LINE('',#3098,#1437);
#1227=LINE('',#3100,#1438);
#1228=LINE('',#3102,#1439);
#1229=LINE('',#3104,#1440);
#1230=LINE('',#3106,#1441);
#1231=LINE('',#3107,#1442);
#1232=LINE('',#3110,#1443);
#1233=LINE('',#3112,#1444);
#1234=LINE('',#3114,#1445);
#1235=LINE('',#3116,#1446);
#1236=LINE('',#3118,#1447);
#1237=LINE('',#3120,#1448);
#1238=LINE('',#3122,#1449);
#1239=LINE('',#3124,#1450);
#1240=LINE('',#3126,#1451);
#1241=LINE('',#3148,#1452);
#1242=LINE('',#3151,#1453);
#1243=LINE('',#3153,#1454);
#1244=LINE('',#3155,#1455);
#1245=LINE('',#3159,#1456);
#1246=LINE('',#3161,#1457);
#1247=LINE('',#3163,#1458);
#1248=LINE('',#3165,#1459);
#1249=LINE('',#3168,#1460);
#1250=LINE('',#3170,#1461);
#1251=LINE('',#3172,#1462);
#1252=LINE('',#3174,#1463);
#1253=LINE('',#3177,#1464);
#1254=LINE('',#3178,#1465);
#1255=LINE('',#3201,#1466);
#1256=LINE('',#3221,#1467);
#1257=LINE('',#3223,#1468);
#1258=LINE('',#3225,#1469);
#1259=LINE('',#3227,#1470);
#1260=LINE('',#3229,#1471);
#1261=LINE('',#3231,#1472);
#1262=LINE('',#3233,#1473);
#1263=LINE('',#3235,#1474);
#1264=LINE('',#3293,#1475);
#1265=LINE('',#3295,#1476);
#1266=LINE('',#3297,#1477);
#1267=LINE('',#3299,#1478);
#1268=LINE('',#3301,#1479);
#1269=LINE('',#3303,#1480);
#1270=LINE('',#3305,#1481);
#1271=LINE('',#3307,#1482);
#1272=LINE('',#3309,#1483);
#1273=LINE('',#3311,#1484);
#1274=LINE('',#3313,#1485);
#1275=LINE('',#3315,#1486);
#1276=LINE('',#3317,#1487);
#1277=LINE('',#3319,#1488);
#1278=LINE('',#3321,#1489);
#1279=LINE('',#3323,#1490);
#1280=LINE('',#3325,#1491);
#1281=LINE('',#3327,#1492);
#1282=LINE('',#3329,#1493);
#1283=LINE('',#3331,#1494);
#1284=LINE('',#3333,#1495);
#1285=LINE('',#3335,#1496);
#1286=LINE('',#3337,#1497);
#1287=LINE('',#3339,#1498);
#1288=LINE('',#3349,#1499);
#1289=LINE('',#3355,#1500);
#1290=LINE('',#3364,#1501);
#1291=LINE('',#3377,#1502);
#1292=LINE('',#3390,#1503);
#1293=LINE('',#3396,#1504);
#1294=LINE('',#3398,#1505);
#1295=LINE('',#3400,#1506);
#1296=LINE('',#3402,#1507);
#1297=LINE('',#3404,#1508);
#1298=LINE('',#3406,#1509);
#1299=LINE('',#3415,#1510);
#1300=LINE('',#3428,#1511);
#1301=LINE('',#3441,#1512);
#1302=LINE('',#3454,#1513);
#1303=LINE('',#3460,#1514);
#1304=LINE('',#3462,#1515);
#1305=LINE('',#3464,#1516);
#1306=LINE('',#3466,#1517);
#1307=LINE('',#3468,#1518);
#1308=LINE('',#3470,#1519);
#1309=LINE('',#3479,#1520);
#1310=LINE('',#3497,#1521);
#1311=LINE('',#3499,#1522);
#1312=LINE('',#3501,#1523);
#1313=LINE('',#3503,#1524);
#1314=LINE('',#3505,#1525);
#1315=LINE('',#3507,#1526);
#1316=LINE('',#3509,#1527);
#1317=LINE('',#3511,#1528);
#1318=LINE('',#3513,#1529);
#1319=LINE('',#3515,#1530);
#1320=LINE('',#3517,#1531);
#1321=LINE('',#3519,#1532);
#1322=LINE('',#3522,#1533);
#1323=LINE('',#3524,#1534);
#1324=LINE('',#3526,#1535);
#1325=LINE('',#3528,#1536);
#1326=LINE('',#3530,#1537);
#1327=LINE('',#3532,#1538);
#1328=LINE('',#3534,#1539);
#1329=LINE('',#3536,#1540);
#1330=LINE('',#3538,#1541);
#1331=LINE('',#3540,#1542);
#1332=LINE('',#3542,#1543);
#1333=LINE('',#3544,#1544);
#1334=LINE('',#3546,#1545);
#1335=LINE('',#3548,#1546);
#1336=LINE('',#3550,#1547);
#1337=LINE('',#3552,#1548);
#1338=LINE('',#3554,#1549);
#1339=LINE('',#3556,#1550);
#1340=LINE('',#3558,#1551);
#1341=LINE('',#3560,#1552);
#1342=LINE('',#3569,#1553);
#1343=LINE('',#3571,#1554);
#1344=LINE('',#3573,#1555);
#1345=LINE('',#3575,#1556);
#1346=LINE('',#3582,#1557);
#1347=LINE('',#3584,#1558);
#1348=LINE('',#3586,#1559);
#1349=LINE('',#3587,#1560);
#1350=LINE('',#3589,#1561);
#1351=LINE('',#3590,#1562);
#1352=LINE('',#3593,#1563);
#1353=LINE('',#3597,#1564);
#1354=LINE('',#3600,#1565);
#1355=LINE('',#3602,#1566);
#1356=LINE('',#3604,#1567);
#1357=LINE('',#3606,#1568);
#1358=LINE('',#3608,#1569);
#1359=LINE('',#3610,#1570);
#1360=LINE('',#3612,#1571);
#1361=LINE('',#3614,#1572);
#1362=LINE('',#3616,#1573);
#1363=LINE('',#3618,#1574);
#1364=LINE('',#3620,#1575);
#1365=LINE('',#3622,#1576);
#1366=LINE('',#3624,#1577);
#1367=LINE('',#3626,#1578);
#1368=LINE('',#3628,#1579);
#1369=LINE('',#3630,#1580);
#1370=LINE('',#3632,#1581);
#1371=LINE('',#3633,#1582);
#1372=LINE('',#3635,#1583);
#1373=LINE('',#3637,#1584);
#1374=LINE('',#3639,#1585);
#1375=LINE('',#3641,#1586);
#1376=LINE('',#3643,#1587);
#1377=LINE('',#3645,#1588);
#1378=LINE('',#3647,#1589);
#1379=LINE('',#3650,#1590);
#1380=LINE('',#3652,#1591);
#1381=LINE('',#3654,#1592);
#1382=LINE('',#3656,#1593);
#1383=LINE('',#3658,#1594);
#1384=LINE('',#3660,#1595);
#1385=LINE('',#3662,#1596);
#1386=LINE('',#3664,#1597);
#1387=LINE('',#3666,#1598);
#1388=LINE('',#3667,#1599);
#1389=LINE('',#3672,#1600);
#1390=LINE('',#3675,#1601);
#1391=LINE('',#3677,#1602);
#1392=LINE('',#3679,#1603);
#1393=LINE('',#3681,#1604);
#1394=LINE('',#3683,#1605);
#1395=LINE('',#3685,#1606);
#1396=LINE('',#3687,#1607);
#1397=LINE('',#3689,#1608);
#1398=LINE('',#3691,#1609);
#1399=LINE('',#3698,#1610);
#1400=LINE('',#3699,#1611);
#1401=VECTOR('',#2413,1.);
#1402=VECTOR('',#2418,1.);
#1403=VECTOR('',#2419,1.);
#1404=VECTOR('',#2426,1.);
#1405=VECTOR('',#2427,1.);
#1406=VECTOR('',#2428,1.);
#1407=VECTOR('',#2431,1.);
#1408=VECTOR('',#2432,1.);
#1409=VECTOR('',#2435,1.);
#1410=VECTOR('',#2436,1.);
#1411=VECTOR('',#2441,1.);
#1412=VECTOR('',#2454,1.);
#1413=VECTOR('',#2455,1.);
#1414=VECTOR('',#2458,1.);
#1415=VECTOR('',#2461,1.);
#1416=VECTOR('',#2462,1.);
#1417=VECTOR('',#2463,1.);
#1418=VECTOR('',#2464,1.);
#1419=VECTOR('',#2465,1.);
#1420=VECTOR('',#2466,1.);
#1421=VECTOR('',#2467,1.);
#1422=VECTOR('',#2468,1.);
#1423=VECTOR('',#2469,1.);
#1424=VECTOR('',#2470,1.);
#1425=VECTOR('',#2471,1.);
#1426=VECTOR('',#2472,1.);
#1427=VECTOR('',#2473,1.);
#1428=VECTOR('',#2474,1.);
#1429=VECTOR('',#2475,1.);
#1430=VECTOR('',#2476,1.);
#1431=VECTOR('',#2477,1.);
#1432=VECTOR('',#2478,1.);
#1433=VECTOR('',#2479,1.);
#1434=VECTOR('',#2480,1.);
#1435=VECTOR('',#2481,1.);
#1436=VECTOR('',#2482,1.);
#1437=VECTOR('',#2483,1.);
#1438=VECTOR('',#2484,1.);
#1439=VECTOR('',#2485,1.);
#1440=VECTOR('',#2486,1.);
#1441=VECTOR('',#2487,1.);
#1442=VECTOR('',#2488,1.);
#1443=VECTOR('',#2489,1.);
#1444=VECTOR('',#2490,1.);
#1445=VECTOR('',#2491,1.);
#1446=VECTOR('',#2492,1.);
#1447=VECTOR('',#2493,1.);
#1448=VECTOR('',#2494,1.);
#1449=VECTOR('',#2495,1.);
#1450=VECTOR('',#2496,1.);
#1451=VECTOR('',#2497,1.);
#1452=VECTOR('',#2520,1.);
#1453=VECTOR('',#2521,1.);
#1454=VECTOR('',#2522,1.);
#1455=VECTOR('',#2523,1.);
#1456=VECTOR('',#2528,1.);
#1457=VECTOR('',#2529,1.);
#1458=VECTOR('',#2530,1.);
#1459=VECTOR('',#2533,1.);
#1460=VECTOR('',#2534,1.);
#1461=VECTOR('',#2535,1.);
#1462=VECTOR('',#2536,1.);
#1463=VECTOR('',#2539,1.);
#1464=VECTOR('',#2540,1.);
#1465=VECTOR('',#2541,1.);
#1466=VECTOR('',#2572,1.);
#1467=VECTOR('',#2599,1.);
#1468=VECTOR('',#2600,1.);
#1469=VECTOR('',#2601,1.);
#1470=VECTOR('',#2604,1.);
#1471=VECTOR('',#2605,1.);
#1472=VECTOR('',#2608,1.);
#1473=VECTOR('',#2609,1.);
#1474=VECTOR('',#2612,1.);
#1475=VECTOR('',#2669,1.);
#1476=VECTOR('',#2670,1.);
#1477=VECTOR('',#2671,1.);
#1478=VECTOR('',#2674,1.);
#1479=VECTOR('',#2675,1.);
#1480=VECTOR('',#2678,1.);
#1481=VECTOR('',#2679,1.);
#1482=VECTOR('',#2682,1.);
#1483=VECTOR('',#2683,1.);
#1484=VECTOR('',#2686,1.);
#1485=VECTOR('',#2687,1.);
#1486=VECTOR('',#2690,1.);
#1487=VECTOR('',#2691,1.);
#1488=VECTOR('',#2694,1.);
#1489=VECTOR('',#2695,1.);
#1490=VECTOR('',#2698,1.);
#1491=VECTOR('',#2699,1.);
#1492=VECTOR('',#2702,1.);
#1493=VECTOR('',#2703,1.);
#1494=VECTOR('',#2706,1.);
#1495=VECTOR('',#2707,1.);
#1496=VECTOR('',#2710,1.);
#1497=VECTOR('',#2711,1.);
#1498=VECTOR('',#2714,1.);
#1499=VECTOR('',#2717,1.);
#1500=VECTOR('',#2718,1.);
#1501=VECTOR('',#2719,1.);
#1502=VECTOR('',#2720,1.);
#1503=VECTOR('',#2721,1.);
#1504=VECTOR('',#2724,1.);
#1505=VECTOR('',#2725,1.);
#1506=VECTOR('',#2728,1.);
#1507=VECTOR('',#2729,1.);
#1508=VECTOR('',#2732,1.);
#1509=VECTOR('',#2733,1.);
#1510=VECTOR('',#2734,1.);
#1511=VECTOR('',#2735,1.);
#1512=VECTOR('',#2736,1.);
#1513=VECTOR('',#2737,1.);
#1514=VECTOR('',#2740,1.);
#1515=VECTOR('',#2741,1.);
#1516=VECTOR('',#2744,1.);
#1517=VECTOR('',#2745,1.);
#1518=VECTOR('',#2748,1.);
#1519=VECTOR('',#2749,1.);
#1520=VECTOR('',#2750,1.);
#1521=VECTOR('',#2755,1.);
#1522=VECTOR('',#2756,1.);
#1523=VECTOR('',#2757,1.);
#1524=VECTOR('',#2760,1.);
#1525=VECTOR('',#2761,1.);
#1526=VECTOR('',#2764,1.);
#1527=VECTOR('',#2765,1.);
#1528=VECTOR('',#2768,1.);
#1529=VECTOR('',#2769,1.);
#1530=VECTOR('',#2772,1.);
#1531=VECTOR('',#2773,1.);
#1532=VECTOR('',#2776,1.);
#1533=VECTOR('',#2781,1.);
#1534=VECTOR('',#2782,1.);
#1535=VECTOR('',#2783,1.);
#1536=VECTOR('',#2786,1.);
#1537=VECTOR('',#2787,1.);
#1538=VECTOR('',#2790,1.);
#1539=VECTOR('',#2791,1.);
#1540=VECTOR('',#2794,1.);
#1541=VECTOR('',#2795,1.);
#1542=VECTOR('',#2798,1.);
#1543=VECTOR('',#2799,1.);
#1544=VECTOR('',#2802,1.);
#1545=VECTOR('',#2803,1.);
#1546=VECTOR('',#2806,1.);
#1547=VECTOR('',#2807,1.);
#1548=VECTOR('',#2810,1.);
#1549=VECTOR('',#2811,1.);
#1550=VECTOR('',#2814,1.);
#1551=VECTOR('',#2815,1.);
#1552=VECTOR('',#2818,1.);
#1553=VECTOR('',#2829,1.);
#1554=VECTOR('',#2830,1.);
#1555=VECTOR('',#2831,1.);
#1556=VECTOR('',#2834,1.);
#1557=VECTOR('',#2839,1.);
#1558=VECTOR('',#2840,1.);
#1559=VECTOR('',#2843,1.);
#1560=VECTOR('',#2844,1.);
#1561=VECTOR('',#2847,1.);
#1562=VECTOR('',#2848,1.);
#1563=VECTOR('',#2853,1.);
#1564=VECTOR('',#2860,1.);
#1565=VECTOR('',#2861,1.);
#1566=VECTOR('',#2862,1.);
#1567=VECTOR('',#2863,1.);
#1568=VECTOR('',#2866,1.);
#1569=VECTOR('',#2867,1.);
#1570=VECTOR('',#2868,1.);
#1571=VECTOR('',#2869,1.);
#1572=VECTOR('',#2870,1.);
#1573=VECTOR('',#2871,1.);
#1574=VECTOR('',#2872,1.);
#1575=VECTOR('',#2873,1.);
#1576=VECTOR('',#2874,1.);
#1577=VECTOR('',#2875,1.);
#1578=VECTOR('',#2876,1.);
#1579=VECTOR('',#2879,1.);
#1580=VECTOR('',#2880,1.);
#1581=VECTOR('',#2881,1.);
#1582=VECTOR('',#2882,1.);
#1583=VECTOR('',#2883,1.);
#1584=VECTOR('',#2884,1.);
#1585=VECTOR('',#2887,1.);
#1586=VECTOR('',#2888,1.);
#1587=VECTOR('',#2891,1.);
#1588=VECTOR('',#2892,1.);
#1589=VECTOR('',#2895,1.);
#1590=VECTOR('',#2900,1.);
#1591=VECTOR('',#2901,1.);
#1592=VECTOR('',#2902,1.);
#1593=VECTOR('',#2905,1.);
#1594=VECTOR('',#2906,1.);
#1595=VECTOR('',#2909,1.);
#1596=VECTOR('',#2910,1.);
#1597=VECTOR('',#2913,1.);
#1598=VECTOR('',#2916,1.);
#1599=VECTOR('',#2917,1.);
#1600=VECTOR('',#2926,1.);
#1601=VECTOR('',#2927,1.);
#1602=VECTOR('',#2928,1.);
#1603=VECTOR('',#2929,1.);
#1604=VECTOR('',#2932,1.);
#1605=VECTOR('',#2933,1.);
#1606=VECTOR('',#2934,1.);
#1607=VECTOR('',#2937,1.);
#1608=VECTOR('',#2938,1.);
#1609=VECTOR('',#2939,1.);
#1610=VECTOR('',#2948,1.);
#1611=VECTOR('',#2949,1.);
#1612=EDGE_LOOP('',(#133,#134,#135,#136,#137));
#1613=EDGE_LOOP('',(#138,#139,#140,#141,#142));
#1614=EDGE_LOOP('',(#143,#144,#145,#146));
#1615=EDGE_LOOP('',(#147,#148,#149,#150));
#1616=EDGE_LOOP('',(#151,#152,#153,#154));
#1617=EDGE_LOOP('',(#155,#156,#157,#158));
#1618=EDGE_LOOP('',(#159,#160,#161,#162));
#1619=EDGE_LOOP('',(#163));
#1620=EDGE_LOOP('',(#164));
#1621=EDGE_LOOP('',(#165));
#1622=EDGE_LOOP('',(#166,#167,#168,#169,#170,#171,#172,#173));
#1623=EDGE_LOOP('',(#174,#175,#176,#177,#178,#179,#180,#181,#182,#183,#184,
#185));
#1624=EDGE_LOOP('',(#186,#187,#188,#189,#190,#191,#192,#193,#194,#195,#196,
#197,#198,#199,#200,#201));
#1625=EDGE_LOOP('',(#202,#203,#204,#205,#206,#207));
#1626=EDGE_LOOP('',(#208,#209,#210,#211,#212,#213,#214,#215,#216,#217));
#1627=EDGE_LOOP('',(#218));
#1628=EDGE_LOOP('',(#219));
#1629=EDGE_LOOP('',(#220));
#1630=EDGE_LOOP('',(#221));
#1631=EDGE_LOOP('',(#222));
#1632=EDGE_LOOP('',(#223));
#1633=EDGE_LOOP('',(#224));
#1634=EDGE_LOOP('',(#225));
#1635=EDGE_LOOP('',(#226));
#1636=EDGE_LOOP('',(#227));
#1637=EDGE_LOOP('',(#228,#229,#230,#231));
#1638=EDGE_LOOP('',(#232));
#1639=EDGE_LOOP('',(#233,#234,#235,#236));
#1640=EDGE_LOOP('',(#237,#238,#239,#240));
#1641=EDGE_LOOP('',(#241,#242,#243,#244));
#1642=EDGE_LOOP('',(#245));
#1643=EDGE_LOOP('',(#246));
#1644=EDGE_LOOP('',(#247));
#1645=EDGE_LOOP('',(#248));
#1646=EDGE_LOOP('',(#249));
#1647=EDGE_LOOP('',(#250));
#1648=EDGE_LOOP('',(#251));
#1649=EDGE_LOOP('',(#252));
#1650=EDGE_LOOP('',(#253));
#1651=EDGE_LOOP('',(#254));
#1652=EDGE_LOOP('',(#255));
#1653=EDGE_LOOP('',(#256));
#1654=EDGE_LOOP('',(#257));
#1655=EDGE_LOOP('',(#258));
#1656=EDGE_LOOP('',(#259,#260,#261,#262));
#1657=EDGE_LOOP('',(#263));
#1658=EDGE_LOOP('',(#264));
#1659=EDGE_LOOP('',(#265));
#1660=EDGE_LOOP('',(#266));
#1661=EDGE_LOOP('',(#267));
#1662=EDGE_LOOP('',(#268));
#1663=EDGE_LOOP('',(#269));
#1664=EDGE_LOOP('',(#270));
#1665=EDGE_LOOP('',(#271,#272,#273,#274,#275,#276));
#1666=EDGE_LOOP('',(#277));
#1667=EDGE_LOOP('',(#278));
#1668=EDGE_LOOP('',(#279));
#1669=EDGE_LOOP('',(#280));
#1670=EDGE_LOOP('',(#281));
#1671=EDGE_LOOP('',(#282));
#1672=EDGE_LOOP('',(#283));
#1673=EDGE_LOOP('',(#284));
#1674=EDGE_LOOP('',(#285));
#1675=EDGE_LOOP('',(#286,#287,#288,#289));
#1676=EDGE_LOOP('',(#290,#291,#292,#293));
#1677=EDGE_LOOP('',(#294,#295,#296,#297));
#1678=EDGE_LOOP('',(#298,#299,#300,#301));
#1679=EDGE_LOOP('',(#302));
#1680=EDGE_LOOP('',(#303,#304,#305,#306));
#1681=EDGE_LOOP('',(#307));
#1682=EDGE_LOOP('',(#308,#309));
#1683=EDGE_LOOP('',(#310));
#1684=EDGE_LOOP('',(#311));
#1685=EDGE_LOOP('',(#312,#313));
#1686=EDGE_LOOP('',(#314));
#1687=EDGE_LOOP('',(#315));
#1688=EDGE_LOOP('',(#316));
#1689=EDGE_LOOP('',(#317));
#1690=EDGE_LOOP('',(#318));
#1691=EDGE_LOOP('',(#319));
#1692=EDGE_LOOP('',(#320));
#1693=EDGE_LOOP('',(#321));
#1694=EDGE_LOOP('',(#322));
#1695=EDGE_LOOP('',(#323));
#1696=EDGE_LOOP('',(#324));
#1697=EDGE_LOOP('',(#325));
#1698=EDGE_LOOP('',(#326));
#1699=EDGE_LOOP('',(#327));
#1700=EDGE_LOOP('',(#328));
#1701=EDGE_LOOP('',(#329,#330,#331,#332));
#1702=EDGE_LOOP('',(#333,#334,#335,#336,#337,#338,#339,#340));
#1703=EDGE_LOOP('',(#341,#342,#343,#344));
#1704=EDGE_LOOP('',(#345));
#1705=EDGE_LOOP('',(#346));
#1706=EDGE_LOOP('',(#347));
#1707=EDGE_LOOP('',(#348));
#1708=EDGE_LOOP('',(#349,#350,#351,#352));
#1709=EDGE_LOOP('',(#353,#354,#355,#356));
#1710=EDGE_LOOP('',(#357,#358,#359,#360));
#1711=EDGE_LOOP('',(#361,#362,#363,#364));
#1712=EDGE_LOOP('',(#365,#366,#367,#368));
#1713=EDGE_LOOP('',(#369,#370,#371,#372));
#1714=EDGE_LOOP('',(#373,#374,#375,#376));
#1715=EDGE_LOOP('',(#377,#378,#379,#380));
#1716=EDGE_LOOP('',(#381,#382,#383,#384));
#1717=EDGE_LOOP('',(#385,#386,#387,#388));
#1718=EDGE_LOOP('',(#389,#390,#391,#392));
#1719=EDGE_LOOP('',(#393,#394,#395,#396));
#1720=EDGE_LOOP('',(#397,#398,#399,#400,#401,#402,#403,#404,#405,#406,#407,
#408));
#1721=EDGE_LOOP('',(#409,#410,#411,#412));
#1722=EDGE_LOOP('',(#413,#414,#415,#416));
#1723=EDGE_LOOP('',(#417,#418,#419,#420));
#1724=EDGE_LOOP('',(#421,#422,#423,#424));
#1725=EDGE_LOOP('',(#425,#426,#427,#428));
#1726=EDGE_LOOP('',(#429,#430,#431,#432));
#1727=EDGE_LOOP('',(#433,#434,#435,#436));
#1728=EDGE_LOOP('',(#437,#438,#439,#440));
#1729=EDGE_LOOP('',(#441,#442,#443,#444));
#1730=EDGE_LOOP('',(#445,#446,#447,#448));
#1731=EDGE_LOOP('',(#449,#450,#451,#452));
#1732=EDGE_LOOP('',(#453,#454,#455,#456));
#1733=EDGE_LOOP('',(#457,#458,#459,#460));
#1734=EDGE_LOOP('',(#461,#462,#463,#464));
#1735=EDGE_LOOP('',(#465,#466,#467,#468));
#1736=EDGE_LOOP('',(#469,#470,#471,#472));
#1737=EDGE_LOOP('',(#473,#474,#475,#476,#477,#478,#479,#480,#481,#482,#483,
#484,#485,#486,#487,#488));
#1738=EDGE_LOOP('',(#489,#490,#491,#492));
#1739=EDGE_LOOP('',(#493,#494,#495,#496));
#1740=EDGE_LOOP('',(#497,#498,#499,#500));
#1741=EDGE_LOOP('',(#501,#502,#503,#504));
#1742=EDGE_LOOP('',(#505,#506,#507,#508));
#1743=EDGE_LOOP('',(#509,#510,#511,#512));
#1744=EDGE_LOOP('',(#513,#514,#515,#516,#517,#518));
#1745=EDGE_LOOP('',(#519,#520,#521,#522));
#1746=EDGE_LOOP('',(#523,#524,#525,#526));
#1747=EDGE_LOOP('',(#527,#528,#529,#530));
#1748=EDGE_LOOP('',(#531,#532,#533,#534));
#1749=EDGE_LOOP('',(#535,#536,#537,#538));
#1750=EDGE_LOOP('',(#539,#540,#541,#542));
#1751=EDGE_LOOP('',(#543,#544,#545,#546));
#1752=EDGE_LOOP('',(#547,#548,#549,#550));
#1753=EDGE_LOOP('',(#551,#552,#553,#554));
#1754=EDGE_LOOP('',(#555,#556,#557,#558));
#1755=EDGE_LOOP('',(#559,#560,#561,#562,#563,#564,#565,#566,#567,#568));
#1756=EDGE_LOOP('',(#569,#570,#571,#572,#573));
#1757=EDGE_LOOP('',(#574,#575,#576,#577,#578));
#1758=EDGE_LOOP('',(#579,#580,#581,#582));
#1759=EDGE_LOOP('',(#583,#584,#585,#586));
#1760=EDGE_LOOP('',(#587,#588,#589,#590));
#1761=EDGE_LOOP('',(#591,#592,#593,#594));
#1762=EDGE_LOOP('',(#595,#596,#597,#598));
#1763=EDGE_LOOP('',(#599,#600,#601,#602));
#1764=EDGE_LOOP('',(#603,#604,#605,#606,#607,#608,#609,#610,#611,#612,#613,
#614));
#1765=EDGE_LOOP('',(#615,#616,#617,#618,#619,#620,#621,#622));
#1766=EDGE_LOOP('',(#623,#624,#625,#626));
#1767=EDGE_LOOP('',(#627,#628,#629,#630));
#1768=EDGE_LOOP('',(#631,#632,#633,#634));
#1769=EDGE_LOOP('',(#635,#636,#637,#638));
#1770=EDGE_LOOP('',(#639,#640,#641,#642));
#1771=EDGE_LOOP('',(#643,#644,#645,#646));
#1772=EDGE_LOOP('',(#647,#648,#649,#650));
#1773=EDGE_LOOP('',(#651,#652,#653,#654));
#1774=EDGE_LOOP('',(#655,#656,#657,#658,#659,#660,#661,#662));
#1775=EDGE_LOOP('',(#663,#664,#665,#666));
#1776=EDGE_LOOP('',(#667,#668,#669,#670));
#1777=EDGE_LOOP('',(#671,#672,#673,#674));
#1778=EDGE_LOOP('',(#675,#676,#677,#678));
#1779=EDGE_LOOP('',(#679,#680,#681,#682));
#1780=EDGE_LOOP('',(#683));
#1781=EDGE_LOOP('',(#684));
#1782=EDGE_LOOP('',(#685,#686,#687,#688));
#1783=EDGE_LOOP('',(#689));
#1784=EDGE_LOOP('',(#690,#691,#692,#693));
#1785=EDGE_LOOP('',(#694));
#1786=EDGE_LOOP('',(#695,#696,#697,#698));
#1787=EDGE_LOOP('',(#699));
#1788=EDGE_LOOP('',(#700));
#1789=EDGE_LOOP('',(#701));
#1790=EDGE_LOOP('',(#702));
#1791=FACE_BOUND('',#1612,.T.);
#1792=FACE_BOUND('',#1613,.T.);
#1793=FACE_BOUND('',#1614,.T.);
#1794=FACE_BOUND('',#1615,.T.);
#1795=FACE_BOUND('',#1616,.T.);
#1796=FACE_BOUND('',#1617,.T.);
#1797=FACE_BOUND('',#1618,.T.);
#1798=FACE_BOUND('',#1619,.T.);
#1799=FACE_BOUND('',#1620,.T.);
#1800=FACE_BOUND('',#1621,.T.);
#1801=FACE_BOUND('',#1622,.T.);
#1802=FACE_BOUND('',#1623,.T.);
#1803=FACE_BOUND('',#1624,.T.);
#1804=FACE_BOUND('',#1625,.T.);
#1805=FACE_BOUND('',#1626,.T.);
#1806=FACE_BOUND('',#1627,.T.);
#1807=FACE_BOUND('',#1628,.T.);
#1808=FACE_BOUND('',#1629,.T.);
#1809=FACE_BOUND('',#1630,.T.);
#1810=FACE_BOUND('',#1631,.T.);
#1811=FACE_BOUND('',#1632,.T.);
#1812=FACE_BOUND('',#1633,.T.);
#1813=FACE_BOUND('',#1634,.T.);
#1814=FACE_BOUND('',#1635,.T.);
#1815=FACE_BOUND('',#1636,.T.);
#1816=FACE_BOUND('',#1637,.T.);
#1817=FACE_BOUND('',#1638,.T.);
#1818=FACE_BOUND('',#1639,.T.);
#1819=FACE_BOUND('',#1640,.T.);
#1820=FACE_BOUND('',#1641,.T.);
#1821=FACE_BOUND('',#1642,.T.);
#1822=FACE_BOUND('',#1643,.T.);
#1823=FACE_BOUND('',#1644,.T.);
#1824=FACE_BOUND('',#1645,.T.);
#1825=FACE_BOUND('',#1646,.T.);
#1826=FACE_BOUND('',#1647,.T.);
#1827=FACE_BOUND('',#1648,.T.);
#1828=FACE_BOUND('',#1649,.T.);
#1829=FACE_BOUND('',#1650,.T.);
#1830=FACE_BOUND('',#1651,.T.);
#1831=FACE_BOUND('',#1652,.T.);
#1832=FACE_BOUND('',#1653,.T.);
#1833=FACE_BOUND('',#1654,.T.);
#1834=FACE_BOUND('',#1655,.T.);
#1835=FACE_BOUND('',#1656,.T.);
#1836=FACE_BOUND('',#1657,.T.);
#1837=FACE_BOUND('',#1658,.T.);
#1838=FACE_BOUND('',#1659,.T.);
#1839=FACE_BOUND('',#1660,.T.);
#1840=FACE_BOUND('',#1661,.T.);
#1841=FACE_BOUND('',#1662,.T.);
#1842=FACE_BOUND('',#1663,.T.);
#1843=FACE_BOUND('',#1664,.T.);
#1844=FACE_BOUND('',#1665,.T.);
#1845=FACE_BOUND('',#1666,.T.);
#1846=FACE_BOUND('',#1667,.T.);
#1847=FACE_BOUND('',#1668,.T.);
#1848=FACE_BOUND('',#1669,.T.);
#1849=FACE_BOUND('',#1670,.T.);
#1850=FACE_BOUND('',#1671,.T.);
#1851=FACE_BOUND('',#1672,.T.);
#1852=FACE_BOUND('',#1673,.T.);
#1853=FACE_BOUND('',#1674,.T.);
#1854=FACE_BOUND('',#1675,.T.);
#1855=FACE_BOUND('',#1676,.T.);
#1856=FACE_BOUND('',#1677,.T.);
#1857=FACE_BOUND('',#1678,.T.);
#1858=FACE_BOUND('',#1679,.T.);
#1859=FACE_BOUND('',#1680,.T.);
#1860=FACE_BOUND('',#1681,.T.);
#1861=FACE_BOUND('',#1682,.T.);
#1862=FACE_BOUND('',#1683,.T.);
#1863=FACE_BOUND('',#1684,.T.);
#1864=FACE_BOUND('',#1685,.T.);
#1865=FACE_BOUND('',#1686,.T.);
#1866=FACE_BOUND('',#1687,.T.);
#1867=FACE_BOUND('',#1688,.T.);
#1868=FACE_BOUND('',#1689,.T.);
#1869=FACE_BOUND('',#1690,.T.);
#1870=FACE_BOUND('',#1691,.T.);
#1871=FACE_BOUND('',#1692,.T.);
#1872=FACE_BOUND('',#1693,.T.);
#1873=FACE_BOUND('',#1694,.T.);
#1874=FACE_BOUND('',#1695,.T.);
#1875=FACE_BOUND('',#1696,.T.);
#1876=FACE_BOUND('',#1697,.T.);
#1877=FACE_BOUND('',#1698,.T.);
#1878=FACE_BOUND('',#1699,.T.);
#1879=FACE_BOUND('',#1700,.T.);
#1880=FACE_BOUND('',#1701,.T.);
#1881=FACE_BOUND('',#1702,.T.);
#1882=FACE_BOUND('',#1703,.T.);
#1883=FACE_BOUND('',#1704,.T.);
#1884=FACE_BOUND('',#1705,.T.);
#1885=FACE_BOUND('',#1706,.T.);
#1886=FACE_BOUND('',#1707,.T.);
#1887=FACE_BOUND('',#1708,.T.);
#1888=FACE_BOUND('',#1709,.T.);
#1889=FACE_BOUND('',#1710,.T.);
#1890=FACE_BOUND('',#1711,.T.);
#1891=FACE_BOUND('',#1712,.T.);
#1892=FACE_BOUND('',#1713,.T.);
#1893=FACE_BOUND('',#1714,.T.);
#1894=FACE_BOUND('',#1715,.T.);
#1895=FACE_BOUND('',#1716,.T.);
#1896=FACE_BOUND('',#1717,.T.);
#1897=FACE_BOUND('',#1718,.T.);
#1898=FACE_BOUND('',#1719,.T.);
#1899=FACE_BOUND('',#1720,.T.);
#1900=FACE_BOUND('',#1721,.T.);
#1901=FACE_BOUND('',#1722,.T.);
#1902=FACE_BOUND('',#1723,.T.);
#1903=FACE_BOUND('',#1724,.T.);
#1904=FACE_BOUND('',#1725,.T.);
#1905=FACE_BOUND('',#1726,.T.);
#1906=FACE_BOUND('',#1727,.T.);
#1907=FACE_BOUND('',#1728,.T.);
#1908=FACE_BOUND('',#1729,.T.);
#1909=FACE_BOUND('',#1730,.T.);
#1910=FACE_BOUND('',#1731,.T.);
#1911=FACE_BOUND('',#1732,.T.);
#1912=FACE_BOUND('',#1733,.T.);
#1913=FACE_BOUND('',#1734,.T.);
#1914=FACE_BOUND('',#1735,.T.);
#1915=FACE_BOUND('',#1736,.T.);
#1916=FACE_BOUND('',#1737,.T.);
#1917=FACE_BOUND('',#1738,.T.);
#1918=FACE_BOUND('',#1739,.T.);
#1919=FACE_BOUND('',#1740,.T.);
#1920=FACE_BOUND('',#1741,.T.);
#1921=FACE_BOUND('',#1742,.T.);
#1922=FACE_BOUND('',#1743,.T.);
#1923=FACE_BOUND('',#1744,.T.);
#1924=FACE_BOUND('',#1745,.T.);
#1925=FACE_BOUND('',#1746,.T.);
#1926=FACE_BOUND('',#1747,.T.);
#1927=FACE_BOUND('',#1748,.T.);
#1928=FACE_BOUND('',#1749,.T.);
#1929=FACE_BOUND('',#1750,.T.);
#1930=FACE_BOUND('',#1751,.T.);
#1931=FACE_BOUND('',#1752,.T.);
#1932=FACE_BOUND('',#1753,.T.);
#1933=FACE_BOUND('',#1754,.T.);
#1934=FACE_BOUND('',#1755,.T.);
#1935=FACE_BOUND('',#1756,.T.);
#1936=FACE_BOUND('',#1757,.T.);
#1937=FACE_BOUND('',#1758,.T.);
#1938=FACE_BOUND('',#1759,.T.);
#1939=FACE_BOUND('',#1760,.T.);
#1940=FACE_BOUND('',#1761,.T.);
#1941=FACE_BOUND('',#1762,.T.);
#1942=FACE_BOUND('',#1763,.T.);
#1943=FACE_BOUND('',#1764,.T.);
#1944=FACE_BOUND('',#1765,.T.);
#1945=FACE_BOUND('',#1766,.T.);
#1946=FACE_BOUND('',#1767,.T.);
#1947=FACE_BOUND('',#1768,.T.);
#1948=FACE_BOUND('',#1769,.T.);
#1949=FACE_BOUND('',#1770,.T.);
#1950=FACE_BOUND('',#1771,.T.);
#1951=FACE_BOUND('',#1772,.T.);
#1952=FACE_BOUND('',#1773,.T.);
#1953=FACE_BOUND('',#1774,.T.);
#1954=FACE_BOUND('',#1775,.T.);
#1955=FACE_BOUND('',#1776,.T.);
#1956=FACE_BOUND('',#1777,.T.);
#1957=FACE_BOUND('',#1778,.T.);
#1958=FACE_BOUND('',#1779,.T.);
#1959=FACE_BOUND('',#1780,.T.);
#1960=FACE_BOUND('',#1781,.T.);
#1961=FACE_BOUND('',#1782,.T.);
#1962=FACE_BOUND('',#1783,.T.);
#1963=FACE_BOUND('',#1784,.T.);
#1964=FACE_BOUND('',#1785,.T.);
#1965=FACE_BOUND('',#1786,.T.);
#1966=FACE_BOUND('',#1787,.T.);
#1967=FACE_BOUND('',#1788,.T.);
#1968=FACE_BOUND('',#1789,.T.);
#1969=FACE_BOUND('',#1790,.T.);
#1970=PLANE('',#2239);
#1971=PLANE('',#2242);
#1972=PLANE('',#2245);
#1973=PLANE('',#2246);
#1974=PLANE('',#2247);
#1975=PLANE('',#2251);
#1976=PLANE('',#2257);
#1977=PLANE('',#2268);
#1978=PLANE('',#2270);
#1979=PLANE('',#2271);
#1980=PLANE('',#2286);
#1981=PLANE('',#2293);
#1982=PLANE('',#2298);
#1983=PLANE('',#2300);
#1984=PLANE('',#2301);
#1985=PLANE('',#2302);
#1986=PLANE('',#2303);
#1987=PLANE('',#2307);
#1988=PLANE('',#2310);
#1989=PLANE('',#2313);
#1990=PLANE('',#2316);
#1991=PLANE('',#2330);
#1992=PLANE('',#2331);
#1993=PLANE('',#2332);
#1994=PLANE('',#2333);
#1995=PLANE('',#2334);
#1996=PLANE('',#2335);
#1997=PLANE('',#2336);
#1998=PLANE('',#2337);
#1999=PLANE('',#2338);
#2000=PLANE('',#2339);
#2001=PLANE('',#2340);
#2002=PLANE('',#2341);
#2003=PLANE('',#2342);
#2004=PLANE('',#2343);
#2005=PLANE('',#2344);
#2006=PLANE('',#2345);
#2007=PLANE('',#2346);
#2008=PLANE('',#2347);
#2009=PLANE('',#2348);
#2010=PLANE('',#2349);
#2011=PLANE('',#2350);
#2012=PLANE('',#2351);
#2013=PLANE('',#2352);
#2014=PLANE('',#2353);
#2015=PLANE('',#2354);
#2016=PLANE('',#2355);
#2017=PLANE('',#2356);
#2018=PLANE('',#2357);
#2019=PLANE('',#2358);
#2020=PLANE('',#2359);
#2021=PLANE('',#2360);
#2022=PLANE('',#2361);
#2023=PLANE('',#2362);
#2024=PLANE('',#2363);
#2025=PLANE('',#2364);
#2026=PLANE('',#2365);
#2027=PLANE('',#2366);
#2028=PLANE('',#2367);
#2029=PLANE('',#2369);
#2030=PLANE('',#2372);
#2031=PLANE('',#2375);
#2032=PLANE('',#2376);
#2033=PLANE('',#2377);
#2034=PLANE('',#2381);
#2035=PLANE('',#2382);
#2036=PLANE('',#2383);
#2037=PLANE('',#2384);
#2038=PLANE('',#2385);
#2039=PLANE('',#2386);
#2040=PLANE('',#2387);
#2041=PLANE('',#2388);
#2042=PLANE('',#2389);
#2043=PLANE('',#2390);
#2044=PLANE('',#2391);
#2045=PLANE('',#2392);
#2046=PLANE('',#2393);
#2047=PLANE('',#2394);
#2048=PLANE('',#2396);
#2049=PLANE('',#2397);
#2050=PLANE('',#2398);
#2051=PLANE('',#2402);
#2052=PLANE('',#2403);
#2053=PLANE('',#2404);
#2054=PLANE('',#2408);
#2055=ADVANCED_FACE('',(#1791),#1970,.T.);
#2056=ADVANCED_FACE('',(#1792),#1971,.F.);
#2057=ADVANCED_FACE('',(#1793),#1972,.T.);
#2058=ADVANCED_FACE('',(#1794),#1973,.F.);
#2059=ADVANCED_FACE('',(#1795),#1974,.T.);
#2060=ADVANCED_FACE('',(#1796),#57,.T.);
#2061=ADVANCED_FACE('',(#1797),#58,.T.);
#2062=ADVANCED_FACE('',(#1798,#1799,#1800,#1801,#1802,#1803,#1804,#1805),
#1975,.T.);
#2063=ADVANCED_FACE('',(#1806,#1807,#1808,#1809,#1810,#1811,#1812,#1813,
#1814,#1815,#1816),#1976,.F.);
#2064=ADVANCED_FACE('',(#1817,#1818),#1977,.F.);
#2065=ADVANCED_FACE('',(#1819),#1978,.F.);
#2066=ADVANCED_FACE('',(#1820),#1979,.T.);
#2067=ADVANCED_FACE('',(#1821,#1822),#59,.F.);
#2068=ADVANCED_FACE('',(#1823,#1824),#60,.F.);
#2069=ADVANCED_FACE('',(#1825,#1826),#61,.F.);
#2070=ADVANCED_FACE('',(#1827,#1828),#62,.F.);
#2071=ADVANCED_FACE('',(#1829,#1830),#63,.F.);
#2072=ADVANCED_FACE('',(#1831,#1832),#64,.F.);
#2073=ADVANCED_FACE('',(#1833,#1834),#65,.F.);
#2074=ADVANCED_FACE('',(#1835),#1980,.T.);
#2075=ADVANCED_FACE('',(#1836,#1837),#66,.F.);
#2076=ADVANCED_FACE('',(#1838,#1839),#67,.F.);
#2077=ADVANCED_FACE('',(#1840,#1841),#68,.F.);
#2078=ADVANCED_FACE('',(#1842,#1843,#1844,#1845,#1846,#1847,#1848,#1849,
#1850,#1851,#1852),#1981,.T.);
#2079=ADVANCED_FACE('',(#1853,#1854),#1982,.F.);
#2080=ADVANCED_FACE('',(#1855),#1983,.T.);
#2081=ADVANCED_FACE('',(#1856),#1984,.T.);
#2082=ADVANCED_FACE('',(#1857),#1985,.F.);
#2083=ADVANCED_FACE('',(#1858,#1859),#1986,.F.);
#2084=ADVANCED_FACE('',(#1860,#1861),#69,.F.);
#2085=ADVANCED_FACE('',(#1862),#1987,.T.);
#2086=ADVANCED_FACE('',(#1863,#1864),#70,.F.);
#2087=ADVANCED_FACE('',(#1865),#1988,.T.);
#2088=ADVANCED_FACE('',(#1866,#1867),#71,.F.);
#2089=ADVANCED_FACE('',(#1868),#1989,.T.);
#2090=ADVANCED_FACE('',(#1869,#1870),#72,.F.);
#2091=ADVANCED_FACE('',(#1871),#1990,.T.);
#2092=ADVANCED_FACE('',(#1872,#1873),#73,.F.);
#2093=ADVANCED_FACE('',(#1874,#1875),#74,.T.);
#2094=ADVANCED_FACE('',(#1876,#1877),#22,.T.);
#2095=ADVANCED_FACE('',(#1878,#1879),#23,.T.);
#2096=ADVANCED_FACE('',(#1880),#75,.T.);
#2097=ADVANCED_FACE('',(#1881),#76,.T.);
#2098=ADVANCED_FACE('',(#1882),#77,.T.);
#2099=ADVANCED_FACE('',(#1883,#1884),#78,.F.);
#2100=ADVANCED_FACE('',(#1885,#1886),#24,.T.);
#2101=ADVANCED_FACE('',(#1887),#1991,.T.);
#2102=ADVANCED_FACE('',(#1888),#1992,.T.);
#2103=ADVANCED_FACE('',(#1889),#1993,.T.);
#2104=ADVANCED_FACE('',(#1890),#1994,.T.);
#2105=ADVANCED_FACE('',(#1891),#1995,.T.);
#2106=ADVANCED_FACE('',(#1892),#1996,.T.);
#2107=ADVANCED_FACE('',(#1893),#1997,.T.);
#2108=ADVANCED_FACE('',(#1894),#1998,.T.);
#2109=ADVANCED_FACE('',(#1895),#1999,.T.);
#2110=ADVANCED_FACE('',(#1896),#2000,.T.);
#2111=ADVANCED_FACE('',(#1897),#2001,.T.);
#2112=ADVANCED_FACE('',(#1898),#2002,.T.);
#2113=ADVANCED_FACE('',(#1899),#2003,.T.);
#2114=ADVANCED_FACE('',(#1900),#10,.T.);
#2115=ADVANCED_FACE('',(#1901),#11,.T.);
#2116=ADVANCED_FACE('',(#1902),#12,.T.);
#2117=ADVANCED_FACE('',(#1903),#13,.T.);
#2118=ADVANCED_FACE('',(#1904),#2004,.T.);
#2119=ADVANCED_FACE('',(#1905),#2005,.T.);
#2120=ADVANCED_FACE('',(#1906),#2006,.T.);
#2121=ADVANCED_FACE('',(#1907),#14,.T.);
#2122=ADVANCED_FACE('',(#1908),#15,.T.);
#2123=ADVANCED_FACE('',(#1909),#16,.T.);
#2124=ADVANCED_FACE('',(#1910),#17,.T.);
#2125=ADVANCED_FACE('',(#1911),#2007,.T.);
#2126=ADVANCED_FACE('',(#1912),#2008,.T.);
#2127=ADVANCED_FACE('',(#1913),#2009,.T.);
#2128=ADVANCED_FACE('',(#1914),#18,.T.);
#2129=ADVANCED_FACE('',(#1915),#19,.T.);
#2130=ADVANCED_FACE('',(#1916),#2010,.T.);
#2131=ADVANCED_FACE('',(#1917),#2011,.T.);
#2132=ADVANCED_FACE('',(#1918),#2012,.T.);
#2133=ADVANCED_FACE('',(#1919),#2013,.T.);
#2134=ADVANCED_FACE('',(#1920),#2014,.T.);
#2135=ADVANCED_FACE('',(#1921),#2015,.T.);
#2136=ADVANCED_FACE('',(#1922),#2016,.T.);
#2137=ADVANCED_FACE('',(#1923),#2017,.T.);
#2138=ADVANCED_FACE('',(#1924),#2018,.T.);
#2139=ADVANCED_FACE('',(#1925),#2019,.T.);
#2140=ADVANCED_FACE('',(#1926),#2020,.T.);
#2141=ADVANCED_FACE('',(#1927),#2021,.T.);
#2142=ADVANCED_FACE('',(#1928),#2022,.T.);
#2143=ADVANCED_FACE('',(#1929),#2023,.T.);
#2144=ADVANCED_FACE('',(#1930),#2024,.T.);
#2145=ADVANCED_FACE('',(#1931),#2025,.T.);
#2146=ADVANCED_FACE('',(#1932),#2026,.T.);
#2147=ADVANCED_FACE('',(#1933),#2027,.T.);
#2148=ADVANCED_FACE('',(#1934),#2028,.T.);
#2149=ADVANCED_FACE('',(#1935),#2029,.F.);
#2150=ADVANCED_FACE('',(#1936),#2030,.T.);
#2151=ADVANCED_FACE('',(#1937),#2031,.T.);
#2152=ADVANCED_FACE('',(#1938),#2032,.F.);
#2153=ADVANCED_FACE('',(#1939),#2033,.F.);
#2154=ADVANCED_FACE('',(#1940),#79,.T.);
#2155=ADVANCED_FACE('',(#1941),#80,.T.);
#2156=ADVANCED_FACE('',(#1942),#2034,.T.);
#2157=ADVANCED_FACE('',(#1943),#2035,.T.);
#2158=ADVANCED_FACE('',(#1944),#2036,.F.);
#2159=ADVANCED_FACE('',(#1945),#2037,.T.);
#2160=ADVANCED_FACE('',(#1946),#2038,.T.);
#2161=ADVANCED_FACE('',(#1947),#2039,.F.);
#2162=ADVANCED_FACE('',(#1948),#2040,.F.);
#2163=ADVANCED_FACE('',(#1949),#2041,.F.);
#2164=ADVANCED_FACE('',(#1950),#2042,.F.);
#2165=ADVANCED_FACE('',(#1951),#2043,.T.);
#2166=ADVANCED_FACE('',(#1952),#2044,.T.);
#2167=ADVANCED_FACE('',(#1953),#2045,.T.);
#2168=ADVANCED_FACE('',(#1954),#2046,.T.);
#2169=ADVANCED_FACE('',(#1955),#2047,.T.);
#2170=ADVANCED_FACE('',(#1956),#2048,.T.);
#2171=ADVANCED_FACE('',(#1957),#2049,.F.);
#2172=ADVANCED_FACE('',(#1958),#2050,.F.);
#2173=ADVANCED_FACE('',(#1959,#1960),#81,.F.);
#2174=ADVANCED_FACE('',(#1961),#2051,.T.);
#2175=ADVANCED_FACE('',(#1962,#1963),#2052,.T.);
#2176=ADVANCED_FACE('',(#1964,#1965),#2053,.F.);
#2177=ADVANCED_FACE('',(#1966,#1967),#82,.T.);
#2178=ADVANCED_FACE('',(#1968,#1969),#2054,.F.);
#2179=CLOSED_SHELL('',(#2055,#2056,#2057,#2058,#2059,#2060,#2061));
#2180=CLOSED_SHELL('',(#2062,#2063,#2064,#2065,#2066,#2067,#2068,#2069,
#2070,#2071,#2072,#2073,#2074,#2075,#2076,#2077,#2078,#2079,#2080,#2081,
#2082,#2083,#2084,#2085,#2086,#2087,#2088,#2089,#2090,#2091,#2092,#2093,
#2094,#2095,#2096,#2097,#2098,#2099,#2100,#2101,#2102,#2103,#2104,#2105,
#2106,#2107,#2108,#2109,#2110,#2111,#2112,#2113,#2114,#2115,#2116,#2117,
#2118,#2119,#2120,#2121,#2122,#2123,#2124,#2125,#2126,#2127,#2128,#2129,
#2130,#2131,#2132,#2133,#2134,#2135,#2136,#2137,#2138,#2139,#2140,#2141,
#2142,#2143,#2144,#2145,#2146,#2147,#2148));
#2181=CLOSED_SHELL('',(#2149,#2150,#2151,#2152,#2153,#2154,#2155));
#2182=CLOSED_SHELL('',(#2156,#2157,#2158,#2159,#2160,#2161,#2162,#2163,
#2164,#2165,#2166,#2167,#2168,#2169));
#2183=CLOSED_SHELL('',(#2170,#2171,#2172,#2173,#2174,#2175,#2176,#2177,
#2178));
#2184=STYLED_ITEM('',(#2189),#2223);
#2185=STYLED_ITEM('',(#2190),#2224);
#2186=STYLED_ITEM('',(#2191),#2225);
#2187=STYLED_ITEM('',(#2192),#2226);
#2188=STYLED_ITEM('',(#2193),#2227);
#2189=PRESENTATION_STYLE_ASSIGNMENT((#2194));
#2190=PRESENTATION_STYLE_ASSIGNMENT((#2195));
#2191=PRESENTATION_STYLE_ASSIGNMENT((#2196));
#2192=PRESENTATION_STYLE_ASSIGNMENT((#2197));
#2193=PRESENTATION_STYLE_ASSIGNMENT((#2198));
#2194=SURFACE_STYLE_USAGE(.BOTH.,#2199);
#2195=SURFACE_STYLE_USAGE(.BOTH.,#2200);
#2196=SURFACE_STYLE_USAGE(.BOTH.,#2201);
#2197=SURFACE_STYLE_USAGE(.BOTH.,#2202);
#2198=SURFACE_STYLE_USAGE(.BOTH.,#2203);
#2199=SURFACE_SIDE_STYLE('',(#2204));
#2200=SURFACE_SIDE_STYLE('',(#2205));
#2201=SURFACE_SIDE_STYLE('',(#2206));
#2202=SURFACE_SIDE_STYLE('',(#2207));
#2203=SURFACE_SIDE_STYLE('',(#2208));
#2204=SURFACE_STYLE_FILL_AREA(#2209);
#2205=SURFACE_STYLE_FILL_AREA(#2210);
#2206=SURFACE_STYLE_FILL_AREA(#2211);
#2207=SURFACE_STYLE_FILL_AREA(#2212);
#2208=SURFACE_STYLE_FILL_AREA(#2213);
#2209=FILL_AREA_STYLE('',(#2214));
#2210=FILL_AREA_STYLE('',(#2215));
#2211=FILL_AREA_STYLE('',(#2216));
#2212=FILL_AREA_STYLE('',(#2217));
#2213=FILL_AREA_STYLE('',(#2218));
#2214=FILL_AREA_STYLE_COLOUR('',#2219);
#2215=FILL_AREA_STYLE_COLOUR('',#2220);
#2216=FILL_AREA_STYLE_COLOUR('',#2219);
#2217=FILL_AREA_STYLE_COLOUR('',#2221);
#2218=FILL_AREA_STYLE_COLOUR('',#2222);
#2219=COLOUR_RGB('',0.647058823529412,0.647058823529412,0.647058823529412);
#2220=COLOUR_RGB('',0.615686274509804,0.811764705882353,0.929411764705882);
#2221=COLOUR_RGB('',0.917647058823529,0.917647058823529,0.917647058823529);
#2222=COLOUR_RGB('',0.768627450980392,0.886274509803922,0.952941176470588);
#2223=MANIFOLD_SOLID_BREP('Part 3',#2179);
#2224=MANIFOLD_SOLID_BREP('Part 1',#2180);
#2225=MANIFOLD_SOLID_BREP('Part 2',#2181);
#2226=MANIFOLD_SOLID_BREP('Part 4',#2182);
#2227=MANIFOLD_SOLID_BREP('Part 5',#2183);
#2228=SHAPE_DEFINITION_REPRESENTATION(#3738,#2233);
#2229=SHAPE_DEFINITION_REPRESENTATION(#3739,#2234);
#2230=SHAPE_DEFINITION_REPRESENTATION(#3740,#2235);
#2231=SHAPE_DEFINITION_REPRESENTATION(#3741,#2236);
#2232=SHAPE_DEFINITION_REPRESENTATION(#3742,#2237);
#2233=SHAPE_REPRESENTATION('Part 3',(#2238),#3713);
#2234=SHAPE_REPRESENTATION('Part 1',(#2250),#3714);
#2235=SHAPE_REPRESENTATION('Part 2',(#2368),#3715);
#2236=SHAPE_REPRESENTATION('Part 4',(#2380),#3716);
#2237=SHAPE_REPRESENTATION('Part 5',(#2395),#3717);
#2238=AXIS2_PLACEMENT_3D('',#2962,#2409,#2410);
#2239=AXIS2_PLACEMENT_3D('',#2963,#2411,#2412);
#2240=AXIS2_PLACEMENT_3D('',#2967,#2414,#2415);
#2241=AXIS2_PLACEMENT_3D('',#2969,#2416,#2417);
#2242=AXIS2_PLACEMENT_3D('',#2974,#2420,#2421);
#2243=AXIS2_PLACEMENT_3D('',#2975,#2422,#2423);
#2244=AXIS2_PLACEMENT_3D('',#2978,#2424,#2425);
#2245=AXIS2_PLACEMENT_3D('',#2985,#2429,#2430);
#2246=AXIS2_PLACEMENT_3D('',#2988,#2433,#2434);
#2247=AXIS2_PLACEMENT_3D('',#2991,#2437,#2438);
#2248=AXIS2_PLACEMENT_3D('',#2992,#2439,#2440);
#2249=AXIS2_PLACEMENT_3D('',#2994,#2442,#2443);
#2250=AXIS2_PLACEMENT_3D('',#2995,#2444,#2445);
#2251=AXIS2_PLACEMENT_3D('',#2996,#2446,#2447);
#2252=AXIS2_PLACEMENT_3D('',#2997,#2448,#2449);
#2253=AXIS2_PLACEMENT_3D('',#2999,#2450,#2451);
#2254=AXIS2_PLACEMENT_3D('',#3001,#2452,#2453);
#2255=AXIS2_PLACEMENT_3D('',#3008,#2456,#2457);
#2256=AXIS2_PLACEMENT_3D('',#3012,#2459,#2460);
#2257=AXIS2_PLACEMENT_3D('',#3127,#2498,#2499);
#2258=AXIS2_PLACEMENT_3D('',#3128,#2500,#2501);
#2259=AXIS2_PLACEMENT_3D('',#3130,#2502,#2503);
#2260=AXIS2_PLACEMENT_3D('',#3132,#2504,#2505);
#2261=AXIS2_PLACEMENT_3D('',#3134,#2506,#2507);
#2262=AXIS2_PLACEMENT_3D('',#3136,#2508,#2509);
#2263=AXIS2_PLACEMENT_3D('',#3138,#2510,#2511);
#2264=AXIS2_PLACEMENT_3D('',#3140,#2512,#2513);
#2265=AXIS2_PLACEMENT_3D('',#3142,#2514,#2515);
#2266=AXIS2_PLACEMENT_3D('',#3144,#2516,#2517);
#2267=AXIS2_PLACEMENT_3D('',#3146,#2518,#2519);
#2268=AXIS2_PLACEMENT_3D('',#3156,#2524,#2525);
#2269=AXIS2_PLACEMENT_3D('',#3157,#2526,#2527);
#2270=AXIS2_PLACEMENT_3D('',#3164,#2531,#2532);
#2271=AXIS2_PLACEMENT_3D('',#3173,#2537,#2538);
#2272=AXIS2_PLACEMENT_3D('',#3179,#2542,#2543);
#2273=AXIS2_PLACEMENT_3D('',#3180,#2544,#2545);
#2274=AXIS2_PLACEMENT_3D('',#3182,#2546,#2547);
#2275=AXIS2_PLACEMENT_3D('',#3183,#2548,#2549);
#2276=AXIS2_PLACEMENT_3D('',#3185,#2550,#2551);
#2277=AXIS2_PLACEMENT_3D('',#3186,#2552,#2553);
#2278=AXIS2_PLACEMENT_3D('',#3188,#2554,#2555);
#2279=AXIS2_PLACEMENT_3D('',#3189,#2556,#2557);
#2280=AXIS2_PLACEMENT_3D('',#3191,#2558,#2559);
#2281=AXIS2_PLACEMENT_3D('',#3192,#2560,#2561);
#2282=AXIS2_PLACEMENT_3D('',#3194,#2562,#2563);
#2283=AXIS2_PLACEMENT_3D('',#3195,#2564,#2565);
#2284=AXIS2_PLACEMENT_3D('',#3197,#2566,#2567);
#2285=AXIS2_PLACEMENT_3D('',#3198,#2568,#2569);
#2286=AXIS2_PLACEMENT_3D('',#3200,#2570,#2571);
#2287=AXIS2_PLACEMENT_3D('',#3202,#2573,#2574);
#2288=AXIS2_PLACEMENT_3D('',#3203,#2575,#2576);
#2289=AXIS2_PLACEMENT_3D('',#3205,#2577,#2578);
#2290=AXIS2_PLACEMENT_3D('',#3206,#2579,#2580);
#2291=AXIS2_PLACEMENT_3D('',#3208,#2581,#2582);
#2292=AXIS2_PLACEMENT_3D('',#3209,#2583,#2584);
#2293=AXIS2_PLACEMENT_3D('',#3211,#2585,#2586);
#2294=AXIS2_PLACEMENT_3D('',#3212,#2587,#2588);
#2295=AXIS2_PLACEMENT_3D('',#3214,#2589,#2590);
#2296=AXIS2_PLACEMENT_3D('',#3216,#2591,#2592);
#2297=AXIS2_PLACEMENT_3D('',#3217,#2593,#2594);
#2298=AXIS2_PLACEMENT_3D('',#3218,#2595,#2596);
#2299=AXIS2_PLACEMENT_3D('',#3219,#2597,#2598);
#2300=AXIS2_PLACEMENT_3D('',#3226,#2602,#2603);
#2301=AXIS2_PLACEMENT_3D('',#3230,#2606,#2607);
#2302=AXIS2_PLACEMENT_3D('',#3234,#2610,#2611);
#2303=AXIS2_PLACEMENT_3D('',#3236,#2613,#2614);
#2304=AXIS2_PLACEMENT_3D('',#3237,#2615,#2616);
#2305=AXIS2_PLACEMENT_3D('',#3239,#2617,#2618);
#2306=AXIS2_PLACEMENT_3D('',#3240,#2619,#2620);
#2307=AXIS2_PLACEMENT_3D('',#3253,#2621,#2622);
#2308=AXIS2_PLACEMENT_3D('',#3254,#2623,#2624);
#2309=AXIS2_PLACEMENT_3D('',#3255,#2625,#2626);
#2310=AXIS2_PLACEMENT_3D('',#3268,#2627,#2628);
#2311=AXIS2_PLACEMENT_3D('',#3269,#2629,#2630);
#2312=AXIS2_PLACEMENT_3D('',#3270,#2631,#2632);
#2313=AXIS2_PLACEMENT_3D('',#3272,#2633,#2634);
#2314=AXIS2_PLACEMENT_3D('',#3273,#2635,#2636);
#2315=AXIS2_PLACEMENT_3D('',#3274,#2637,#2638);
#2316=AXIS2_PLACEMENT_3D('',#3276,#2639,#2640);
#2317=AXIS2_PLACEMENT_3D('',#3277,#2641,#2642);
#2318=AXIS2_PLACEMENT_3D('',#3278,#2643,#2644);
#2319=AXIS2_PLACEMENT_3D('',#3280,#2645,#2646);
#2320=AXIS2_PLACEMENT_3D('',#3281,#2647,#2648);
#2321=AXIS2_PLACEMENT_3D('',#3283,#2649,#2650);
#2322=AXIS2_PLACEMENT_3D('',#3284,#2651,#2652);
#2323=AXIS2_PLACEMENT_3D('',#3285,#2653,#2654);
#2324=AXIS2_PLACEMENT_3D('',#3286,#2655,#2656);
#2325=AXIS2_PLACEMENT_3D('',#3287,#2657,#2658);
#2326=AXIS2_PLACEMENT_3D('',#3288,#2659,#2660);
#2327=AXIS2_PLACEMENT_3D('',#3289,#2661,#2662);
#2328=AXIS2_PLACEMENT_3D('',#3290,#2663,#2664);
#2329=AXIS2_PLACEMENT_3D('',#3291,#2665,#2666);
#2330=AXIS2_PLACEMENT_3D('',#3292,#2667,#2668);
#2331=AXIS2_PLACEMENT_3D('',#3298,#2672,#2673);
#2332=AXIS2_PLACEMENT_3D('',#3302,#2676,#2677);
#2333=AXIS2_PLACEMENT_3D('',#3306,#2680,#2681);
#2334=AXIS2_PLACEMENT_3D('',#3310,#2684,#2685);
#2335=AXIS2_PLACEMENT_3D('',#3314,#2688,#2689);
#2336=AXIS2_PLACEMENT_3D('',#3318,#2692,#2693);
#2337=AXIS2_PLACEMENT_3D('',#3322,#2696,#2697);
#2338=AXIS2_PLACEMENT_3D('',#3326,#2700,#2701);
#2339=AXIS2_PLACEMENT_3D('',#3330,#2704,#2705);
#2340=AXIS2_PLACEMENT_3D('',#3334,#2708,#2709);
#2341=AXIS2_PLACEMENT_3D('',#3338,#2712,#2713);
#2342=AXIS2_PLACEMENT_3D('',#3340,#2715,#2716);
#2343=AXIS2_PLACEMENT_3D('',#3395,#2722,#2723);
#2344=AXIS2_PLACEMENT_3D('',#3399,#2726,#2727);
#2345=AXIS2_PLACEMENT_3D('',#3403,#2730,#2731);
#2346=AXIS2_PLACEMENT_3D('',#3459,#2738,#2739);
#2347=AXIS2_PLACEMENT_3D('',#3463,#2742,#2743);
#2348=AXIS2_PLACEMENT_3D('',#3467,#2746,#2747);
#2349=AXIS2_PLACEMENT_3D('',#3495,#2751,#2752);
#2350=AXIS2_PLACEMENT_3D('',#3496,#2753,#2754);
#2351=AXIS2_PLACEMENT_3D('',#3502,#2758,#2759);
#2352=AXIS2_PLACEMENT_3D('',#3506,#2762,#2763);
#2353=AXIS2_PLACEMENT_3D('',#3510,#2766,#2767);
#2354=AXIS2_PLACEMENT_3D('',#3514,#2770,#2771);
#2355=AXIS2_PLACEMENT_3D('',#3518,#2774,#2775);
#2356=AXIS2_PLACEMENT_3D('',#3520,#2777,#2778);
#2357=AXIS2_PLACEMENT_3D('',#3521,#2779,#2780);
#2358=AXIS2_PLACEMENT_3D('',#3527,#2784,#2785);
#2359=AXIS2_PLACEMENT_3D('',#3531,#2788,#2789);
#2360=AXIS2_PLACEMENT_3D('',#3535,#2792,#2793);
#2361=AXIS2_PLACEMENT_3D('',#3539,#2796,#2797);
#2362=AXIS2_PLACEMENT_3D('',#3543,#2800,#2801);
#2363=AXIS2_PLACEMENT_3D('',#3547,#2804,#2805);
#2364=AXIS2_PLACEMENT_3D('',#3551,#2808,#2809);
#2365=AXIS2_PLACEMENT_3D('',#3555,#2812,#2813);
#2366=AXIS2_PLACEMENT_3D('',#3559,#2816,#2817);
#2367=AXIS2_PLACEMENT_3D('',#3561,#2819,#2820);
#2368=AXIS2_PLACEMENT_3D('',#3562,#2821,#2822);
#2369=AXIS2_PLACEMENT_3D('',#3563,#2823,#2824);
#2370=AXIS2_PLACEMENT_3D('',#3564,#2825,#2826);
#2371=AXIS2_PLACEMENT_3D('',#3567,#2827,#2828);
#2372=AXIS2_PLACEMENT_3D('',#3574,#2832,#2833);
#2373=AXIS2_PLACEMENT_3D('',#3578,#2835,#2836);
#2374=AXIS2_PLACEMENT_3D('',#3580,#2837,#2838);
#2375=AXIS2_PLACEMENT_3D('',#3585,#2841,#2842);
#2376=AXIS2_PLACEMENT_3D('',#3588,#2845,#2846);
#2377=AXIS2_PLACEMENT_3D('',#3591,#2849,#2850);
#2378=AXIS2_PLACEMENT_3D('',#3592,#2851,#2852);
#2379=AXIS2_PLACEMENT_3D('',#3594,#2854,#2855);
#2380=AXIS2_PLACEMENT_3D('',#3595,#2856,#2857);
#2381=AXIS2_PLACEMENT_3D('',#3596,#2858,#2859);
#2382=AXIS2_PLACEMENT_3D('',#3605,#2864,#2865);
#2383=AXIS2_PLACEMENT_3D('',#3627,#2877,#2878);
#2384=AXIS2_PLACEMENT_3D('',#3638,#2885,#2886);
#2385=AXIS2_PLACEMENT_3D('',#3642,#2889,#2890);
#2386=AXIS2_PLACEMENT_3D('',#3646,#2893,#2894);
#2387=AXIS2_PLACEMENT_3D('',#3648,#2896,#2897);
#2388=AXIS2_PLACEMENT_3D('',#3649,#2898,#2899);
#2389=AXIS2_PLACEMENT_3D('',#3655,#2903,#2904);
#2390=AXIS2_PLACEMENT_3D('',#3659,#2907,#2908);
#2391=AXIS2_PLACEMENT_3D('',#3663,#2911,#2912);
#2392=AXIS2_PLACEMENT_3D('',#3665,#2914,#2915);
#2393=AXIS2_PLACEMENT_3D('',#3668,#2918,#2919);
#2394=AXIS2_PLACEMENT_3D('',#3669,#2920,#2921);
#2395=AXIS2_PLACEMENT_3D('',#3670,#2922,#2923);
#2396=AXIS2_PLACEMENT_3D('',#3671,#2924,#2925);
#2397=AXIS2_PLACEMENT_3D('',#3680,#2930,#2931);
#2398=AXIS2_PLACEMENT_3D('',#3686,#2935,#2936);
#2399=AXIS2_PLACEMENT_3D('',#3692,#2940,#2941);
#2400=AXIS2_PLACEMENT_3D('',#3693,#2942,#2943);
#2401=AXIS2_PLACEMENT_3D('',#3695,#2944,#2945);
#2402=AXIS2_PLACEMENT_3D('',#3697,#2946,#2947);
#2403=AXIS2_PLACEMENT_3D('',#3700,#2950,#2951);
#2404=AXIS2_PLACEMENT_3D('',#3701,#2952,#2953);
#2405=AXIS2_PLACEMENT_3D('',#3702,#2954,#2955);
#2406=AXIS2_PLACEMENT_3D('',#3704,#2956,#2957);
#2407=AXIS2_PLACEMENT_3D('',#3705,#2958,#2959);
#2408=AXIS2_PLACEMENT_3D('',#3707,#2960,#2961);
#2409=DIRECTION('',(0.,0.,1.));
#2410=DIRECTION('',(1.,0.,0.));
#2411=DIRECTION('',(0.707106781186547,0.707106781186548,3.88875159240464E-16));
#2412=DIRECTION('',(2.7497626213393E-16,2.74976262133931E-16,-1.));
#2413=DIRECTION('',(2.7497626213393E-16,2.74976262133931E-16,-1.));
#2414=DIRECTION('',(0.707106781186547,0.707106781186548,3.88875159240464E-16));
#2415=DIRECTION('',(-0.707106781186548,0.707106781186547,0.));
#2416=DIRECTION('',(0.707106781186547,0.707106781186548,3.88875159240464E-16));
#2417=DIRECTION('',(-0.707106781186548,0.707106781186547,0.));
#2418=DIRECTION('',(2.7497626213393E-16,2.74976262133931E-16,-1.));
#2419=DIRECTION('',(0.5,-0.5,-0.707106781186547));
#2420=DIRECTION('',(0.707106781186547,0.707106781186548,0.));
#2421=DIRECTION('',(0.,0.,-1.));
#2422=DIRECTION('',(0.707106781186547,0.707106781186548,0.));
#2423=DIRECTION('',(-0.707106781186548,0.707106781186547,0.));
#2424=DIRECTION('',(0.707106781186547,0.707106781186548,0.));
#2425=DIRECTION('',(-0.707106781186548,0.707106781186547,0.));
#2426=DIRECTION('',(0.,0.,-1.));
#2427=DIRECTION('',(-0.5,0.5,0.707106781186547));
#2428=DIRECTION('',(0.,0.,-1.));
#2429=DIRECTION('',(0.707106781186548,-0.707106781186547,0.));
#2430=DIRECTION('',(0.707106781186547,0.707106781186548,0.));
#2431=DIRECTION('',(-0.707106781186547,-0.707106781186548,0.));
#2432=DIRECTION('',(-0.707106781186547,-0.707106781186548,0.));
#2433=DIRECTION('',(0.707106781186548,-0.707106781186547,0.));
#2434=DIRECTION('',(0.707106781186547,0.707106781186548,0.));
#2435=DIRECTION('',(-0.707106781186547,-0.707106781186548,0.));
#2436=DIRECTION('',(0.707106781186547,0.707106781186548,0.));
#2437=DIRECTION('',(0.5,-0.5,0.707106781186549));
#2438=DIRECTION('',(0.707106781186547,0.707106781186548,0.));
#2439=DIRECTION('',(0.707106781186547,0.707106781186548,0.));
#2440=DIRECTION('',(-0.707106781186548,0.707106781186547,0.));
#2441=DIRECTION('',(0.707106781186547,0.707106781186548,0.));
#2442=DIRECTION('',(-0.707106781186547,-0.707106781186548,0.));
#2443=DIRECTION('',(0.707106781186548,-0.707106781186547,0.));
#2444=DIRECTION('',(0.,0.,1.));
#2445=DIRECTION('',(1.,0.,0.));
#2446=DIRECTION('',(0.,1.,0.));
#2447=DIRECTION('',(-1.,0.,0.));
#2448=DIRECTION('',(0.,1.,0.));
#2449=DIRECTION('',(0.,0.,1.));
#2450=DIRECTION('',(0.,1.,0.));
#2451=DIRECTION('',(0.,0.,1.));
#2452=DIRECTION('',(0.,1.,0.));
#2453=DIRECTION('',(0.,0.,1.));
#2454=DIRECTION('',(0.,0.,1.));
#2455=DIRECTION('',(-1.,0.,0.));
#2456=DIRECTION('',(0.,1.,0.));
#2457=DIRECTION('',(0.,0.,1.));
#2458=DIRECTION('',(-1.,0.,0.));
#2459=DIRECTION('',(0.,1.,0.));
#2460=DIRECTION('',(0.,0.,1.));
#2461=DIRECTION('',(-1.,0.,0.));
#2462=DIRECTION('',(0.,0.,1.));
#2463=DIRECTION('',(-1.,0.,0.));
#2464=DIRECTION('',(1.,0.,0.));
#2465=DIRECTION('',(0.566110749872388,0.,0.824329193271064));
#2466=DIRECTION('',(0.574175743182164,0.,-0.818732078241234));
#2467=DIRECTION('',(1.,0.,0.));
#2468=DIRECTION('',(-0.590706051179799,0.,0.806886832895152));
#2469=DIRECTION('',(0.590370554981622,0.,0.807132335996206));
#2470=DIRECTION('',(-1.,0.,0.));
#2471=DIRECTION('',(-0.578331672351847,0.,-0.81580173863183));
#2472=DIRECTION('',(-0.567499103600913,0.,0.823374014292509));
#2473=DIRECTION('',(-1.,0.,0.));
#2474=DIRECTION('',(0.583875682533143,0.,-0.811843080494289));
#2475=DIRECTION('',(-0.577654361976577,0.,-0.816281469892239));
#2476=DIRECTION('',(0.,0.,1.));
#2477=DIRECTION('',(-1.,0.,0.));
#2478=DIRECTION('',(0.,0.,-1.));
#2479=DIRECTION('',(0.,0.,1.));
#2480=DIRECTION('',(-1.,0.,0.));
#2481=DIRECTION('',(0.,0.,-1.));
#2482=DIRECTION('',(1.,0.,0.));
#2483=DIRECTION('',(0.,0.,1.));
#2484=DIRECTION('',(-1.,0.,0.));
#2485=DIRECTION('',(0.,0.,-1.));
#2486=DIRECTION('',(-1.,0.,0.));
#2487=DIRECTION('',(0.,0.,-1.));
#2488=DIRECTION('',(1.,0.,0.));
#2489=DIRECTION('',(0.,0.,-1.));
#2490=DIRECTION('',(-1.,0.,0.));
#2491=DIRECTION('',(0.,0.,-1.));
#2492=DIRECTION('',(1.,0.,0.));
#2493=DIRECTION('',(0.,0.,-1.));
#2494=DIRECTION('',(1.,0.,0.));
#2495=DIRECTION('',(0.,0.,1.));
#2496=DIRECTION('',(-1.,0.,0.));
#2497=DIRECTION('',(0.,0.,-1.));
#2498=DIRECTION('',(0.,-1.,0.));
#2499=DIRECTION('',(1.,0.,0.));
#2500=DIRECTION('',(0.,-1.,0.));
#2501=DIRECTION('',(0.,0.,-1.));
#2502=DIRECTION('',(0.,-1.,0.));
#2503=DIRECTION('',(0.,0.,-1.));
#2504=DIRECTION('',(0.,-1.,0.));
#2505=DIRECTION('',(0.,0.,-1.));
#2506=DIRECTION('',(0.,-1.,0.));
#2507=DIRECTION('',(0.,0.,-1.));
#2508=DIRECTION('',(0.,-1.,0.));
#2509=DIRECTION('',(0.,0.,-1.));
#2510=DIRECTION('',(0.,-1.,0.));
#2511=DIRECTION('',(0.,0.,-1.));
#2512=DIRECTION('',(0.,-1.,0.));
#2513=DIRECTION('',(0.,0.,-1.));
#2514=DIRECTION('',(0.,-1.,0.));
#2515=DIRECTION('',(0.,0.,-1.));
#2516=DIRECTION('',(0.,-1.,0.));
#2517=DIRECTION('',(0.,0.,-1.));
#2518=DIRECTION('',(0.,-1.,0.));
#2519=DIRECTION('',(0.,0.,-1.));
#2520=DIRECTION('',(0.,0.,1.));
#2521=DIRECTION('',(1.,0.,0.));
#2522=DIRECTION('',(0.,0.,1.));
#2523=DIRECTION('',(1.,0.,0.));
#2524=DIRECTION('',(-1.,0.,0.));
#2525=DIRECTION('',(0.,0.,1.));
#2526=DIRECTION('',(1.,0.,0.));
#2527=DIRECTION('',(0.,0.,-1.));
#2528=DIRECTION('',(0.,1.,0.));
#2529=DIRECTION('',(0.,0.,1.));
#2530=DIRECTION('',(0.,1.,0.));
#2531=DIRECTION('',(0.,0.,-1.));
#2532=DIRECTION('',(-1.,0.,0.));
#2533=DIRECTION('',(-1.,0.,0.));
#2534=DIRECTION('',(0.,1.,0.));
#2535=DIRECTION('',(-1.,0.,0.));
#2536=DIRECTION('',(0.,1.,0.));
#2537=DIRECTION('',(-1.,0.,0.));
#2538=DIRECTION('',(0.,0.,1.));
#2539=DIRECTION('',(0.,0.,1.));
#2540=DIRECTION('',(0.,1.,0.));
#2541=DIRECTION('',(0.,1.,0.));
#2542=DIRECTION('',(0.,1.,0.));
#2543=DIRECTION('',(0.,0.,1.));
#2544=DIRECTION('',(0.,-1.,0.));
#2545=DIRECTION('',(0.,0.,-1.));
#2546=DIRECTION('',(0.,1.,0.));
#2547=DIRECTION('',(0.,0.,1.));
#2548=DIRECTION('',(0.,-1.,0.));
#2549=DIRECTION('',(0.,0.,-1.));
#2550=DIRECTION('',(0.,1.,0.));
#2551=DIRECTION('',(0.,0.,1.));
#2552=DIRECTION('',(0.,-1.,0.));
#2553=DIRECTION('',(0.,0.,-1.));
#2554=DIRECTION('',(0.,1.,0.));
#2555=DIRECTION('',(0.,0.,1.));
#2556=DIRECTION('',(0.,-1.,0.));
#2557=DIRECTION('',(0.,0.,-1.));
#2558=DIRECTION('',(0.,1.,0.));
#2559=DIRECTION('',(0.,0.,1.));
#2560=DIRECTION('',(0.,-1.,0.));
#2561=DIRECTION('',(0.,0.,-1.));
#2562=DIRECTION('',(0.,1.,0.));
#2563=DIRECTION('',(0.,0.,1.));
#2564=DIRECTION('',(0.,-1.,0.));
#2565=DIRECTION('',(0.,0.,-1.));
#2566=DIRECTION('',(0.,1.,0.));
#2567=DIRECTION('',(0.,0.,1.));
#2568=DIRECTION('',(0.,-1.,0.));
#2569=DIRECTION('',(0.,0.,-1.));
#2570=DIRECTION('',(0.,0.,-1.));
#2571=DIRECTION('',(-1.,0.,0.));
#2572=DIRECTION('',(-1.,0.,0.));
#2573=DIRECTION('',(0.,1.,0.));
#2574=DIRECTION('',(0.,0.,1.));
#2575=DIRECTION('',(0.,-1.,0.));
#2576=DIRECTION('',(0.,0.,-1.));
#2577=DIRECTION('',(0.,1.,0.));
#2578=DIRECTION('',(0.,0.,1.));
#2579=DIRECTION('',(0.,-1.,0.));
#2580=DIRECTION('',(0.,0.,-1.));
#2581=DIRECTION('',(0.,1.,0.));
#2582=DIRECTION('',(0.,0.,1.));
#2583=DIRECTION('',(0.,-1.,0.));
#2584=DIRECTION('',(0.,0.,-1.));
#2585=DIRECTION('',(0.,-1.,0.));
#2586=DIRECTION('',(1.,0.,0.));
#2587=DIRECTION('',(0.,-1.,0.));
#2588=DIRECTION('',(0.,0.,-1.));
#2589=DIRECTION('',(0.,-1.,0.));
#2590=DIRECTION('',(0.,0.,-1.));
#2591=DIRECTION('',(0.,-1.,0.));
#2592=DIRECTION('',(0.,0.,-1.));
#2593=DIRECTION('',(0.,-1.,0.));
#2594=DIRECTION('',(0.,0.,-1.));
#2595=DIRECTION('',(1.,0.,0.));
#2596=DIRECTION('',(0.,0.,-1.));
#2597=DIRECTION('',(1.,0.,0.));
#2598=DIRECTION('',(0.,0.,-1.));
#2599=DIRECTION('',(0.,-1.,0.));
#2600=DIRECTION('',(0.,0.,1.));
#2601=DIRECTION('',(0.,-1.,0.));
#2602=DIRECTION('',(0.,0.,-1.));
#2603=DIRECTION('',(-1.,0.,0.));
#2604=DIRECTION('',(0.,-1.,0.));
#2605=DIRECTION('',(1.,0.,0.));
#2606=DIRECTION('',(1.,0.,0.));
#2607=DIRECTION('',(0.,0.,-1.));
#2608=DIRECTION('',(0.,-1.,0.));
#2609=DIRECTION('',(0.,0.,1.));
#2610=DIRECTION('',(0.,0.,-1.));
#2611=DIRECTION('',(-1.,0.,0.));
#2612=DIRECTION('',(1.,0.,0.));
#2613=DIRECTION('',(0.,1.,0.));
#2614=DIRECTION('',(-1.,0.,0.));
#2615=DIRECTION('',(0.,1.,0.));
#2616=DIRECTION('',(0.,0.,1.));
#2617=DIRECTION('',(0.,1.,0.));
#2618=DIRECTION('',(0.,0.,1.));
#2619=DIRECTION('',(0.,1.,0.));
#2620=DIRECTION('',(0.,0.,1.));
#2621=DIRECTION('',(0.,1.,0.));
#2622=DIRECTION('',(-1.,0.,0.));
#2623=DIRECTION('',(0.,1.,0.));
#2624=DIRECTION('',(0.,0.,1.));
#2625=DIRECTION('',(0.,1.,0.));
#2626=DIRECTION('',(0.,0.,1.));
#2627=DIRECTION('',(0.,1.,0.));
#2628=DIRECTION('',(-1.,0.,0.));
#2629=DIRECTION('',(0.,1.,0.));
#2630=DIRECTION('',(0.,0.,1.));
#2631=DIRECTION('',(0.,1.,0.));
#2632=DIRECTION('',(0.,0.,1.));
#2633=DIRECTION('',(0.,1.,0.));
#2634=DIRECTION('',(-1.,0.,0.));
#2635=DIRECTION('',(0.,1.,0.));
#2636=DIRECTION('',(0.,0.,1.));
#2637=DIRECTION('',(0.,1.,0.));
#2638=DIRECTION('',(0.,0.,1.));
#2639=DIRECTION('',(0.,1.,0.));
#2640=DIRECTION('',(-1.,0.,0.));
#2641=DIRECTION('',(0.,1.,0.));
#2642=DIRECTION('',(0.,0.,1.));
#2643=DIRECTION('',(0.,1.,0.));
#2644=DIRECTION('',(0.,0.,1.));
#2645=DIRECTION('',(0.,-1.,0.));
#2646=DIRECTION('',(0.,0.,-1.));
#2647=DIRECTION('',(0.,1.,0.));
#2648=DIRECTION('',(0.,0.,1.));
#2649=DIRECTION('',(0.,-1.,0.));
#2650=DIRECTION('',(0.,0.,-1.));
#2651=DIRECTION('',(0.,-1.,0.));
#2652=DIRECTION('',(0.,0.,-1.));
#2653=DIRECTION('',(0.,-1.,0.));
#2654=DIRECTION('',(0.,0.,-1.));
#2655=DIRECTION('',(-0.707106781186548,-0.707106781186548,0.));
#2656=DIRECTION('',(0.707106781186548,-0.707106781186548,0.));
#2657=DIRECTION('',(1.,0.,0.));
#2658=DIRECTION('',(0.,0.,-1.));
#2659=DIRECTION('',(0.707106781186548,-0.707106781186548,0.));
#2660=DIRECTION('',(0.707106781186548,0.707106781186548,0.));
#2661=DIRECTION('',(0.,1.,0.));
#2662=DIRECTION('',(0.,0.,1.));
#2663=DIRECTION('',(1.,0.,0.));
#2664=DIRECTION('',(0.,0.,-1.));
#2665=DIRECTION('',(0.,1.,0.));
#2666=DIRECTION('',(0.,0.,1.));
#2667=DIRECTION('',(-0.824329193271064,0.,0.566110749872388));
#2668=DIRECTION('',(0.566110749872388,0.,0.824329193271064));
#2669=DIRECTION('',(0.,1.,0.));
#2670=DIRECTION('',(0.566110749872388,0.,0.824329193271064));
#2671=DIRECTION('',(0.,1.,0.));
#2672=DIRECTION('',(0.,0.,1.));
#2673=DIRECTION('',(1.,0.,0.));
#2674=DIRECTION('',(0.,1.,0.));
#2675=DIRECTION('',(1.,0.,0.));
#2676=DIRECTION('',(0.816281469892239,0.,-0.577654361976577));
#2677=DIRECTION('',(-0.577654361976577,0.,-0.816281469892239));
#2678=DIRECTION('',(0.,1.,0.));
#2679=DIRECTION('',(-0.577654361976577,0.,-0.816281469892239));
#2680=DIRECTION('',(0.811843080494289,0.,0.583875682533143));
#2681=DIRECTION('',(0.583875682533143,0.,-0.811843080494289));
#2682=DIRECTION('',(0.,1.,0.));
#2683=DIRECTION('',(0.583875682533143,0.,-0.811843080494289));
#2684=DIRECTION('',(0.,0.,-1.));
#2685=DIRECTION('',(-1.,0.,0.));
#2686=DIRECTION('',(0.,1.,0.));
#2687=DIRECTION('',(-1.,0.,0.));
#2688=DIRECTION('',(-0.823374014292509,0.,-0.567499103600912));
#2689=DIRECTION('',(-0.567499103600912,0.,0.823374014292509));
#2690=DIRECTION('',(0.,1.,0.));
#2691=DIRECTION('',(-0.567499103600913,0.,0.823374014292509));
#2692=DIRECTION('',(0.81580173863183,0.,-0.578331672351847));
#2693=DIRECTION('',(-0.578331672351847,0.,-0.81580173863183));
#2694=DIRECTION('',(0.,1.,0.));
#2695=DIRECTION('',(-0.578331672351847,0.,-0.81580173863183));
#2696=DIRECTION('',(0.,0.,-1.));
#2697=DIRECTION('',(-1.,0.,0.));
#2698=DIRECTION('',(0.,1.,0.));
#2699=DIRECTION('',(-1.,0.,0.));
#2700=DIRECTION('',(-0.807132335996206,0.,0.590370554981622));
#2701=DIRECTION('',(0.590370554981622,0.,0.807132335996206));
#2702=DIRECTION('',(0.,1.,0.));
#2703=DIRECTION('',(0.590370554981622,0.,0.807132335996206));
#2704=DIRECTION('',(-0.806886832895152,0.,-0.590706051179799));
#2705=DIRECTION('',(-0.590706051179799,0.,0.806886832895152));
#2706=DIRECTION('',(0.,1.,0.));
#2707=DIRECTION('',(-0.590706051179799,0.,0.806886832895152));
#2708=DIRECTION('',(0.,0.,1.));
#2709=DIRECTION('',(1.,0.,0.));
#2710=DIRECTION('',(0.,1.,0.));
#2711=DIRECTION('',(1.,0.,0.));
#2712=DIRECTION('',(0.818732078241234,0.,0.574175743182164));
#2713=DIRECTION('',(0.574175743182164,0.,-0.818732078241234));
#2714=DIRECTION('',(0.574175743182164,0.,-0.818732078241234));
#2715=DIRECTION('',(0.,1.,0.));
#2716=DIRECTION('',(-1.,0.,0.));
#2717=DIRECTION('',(0.,1.,0.));
#2718=DIRECTION('',(0.,1.,0.));
#2719=DIRECTION('',(0.,1.,0.));
#2720=DIRECTION('',(0.,1.,0.));
#2721=DIRECTION('',(0.,1.,0.));
#2722=DIRECTION('',(1.,0.,0.));
#2723=DIRECTION('',(0.,0.,-1.));
#2724=DIRECTION('',(0.,1.,0.));
#2725=DIRECTION('',(0.,0.,-1.));
#2726=DIRECTION('',(0.,0.,-1.));
#2727=DIRECTION('',(-1.,0.,0.));
#2728=DIRECTION('',(0.,1.,0.));
#2729=DIRECTION('',(-1.,0.,0.));
#2730=DIRECTION('',(-1.,0.,0.));
#2731=DIRECTION('',(0.,0.,1.));
#2732=DIRECTION('',(0.,1.,0.));
#2733=DIRECTION('',(0.,0.,1.));
#2734=DIRECTION('',(0.,1.,0.));
#2735=DIRECTION('',(0.,1.,0.));
#2736=DIRECTION('',(0.,1.,0.));
#2737=DIRECTION('',(0.,1.,0.));
#2738=DIRECTION('',(1.,0.,0.));
#2739=DIRECTION('',(0.,0.,-1.));
#2740=DIRECTION('',(0.,1.,0.));
#2741=DIRECTION('',(0.,0.,-1.));
#2742=DIRECTION('',(0.,0.,-1.));
#2743=DIRECTION('',(-1.,0.,0.));
#2744=DIRECTION('',(0.,1.,0.));
#2745=DIRECTION('',(-1.,0.,0.));
#2746=DIRECTION('',(-1.,0.,0.));
#2747=DIRECTION('',(0.,0.,1.));
#2748=DIRECTION('',(0.,1.,0.));
#2749=DIRECTION('',(0.,0.,1.));
#2750=DIRECTION('',(0.,1.,0.));
#2751=DIRECTION('',(0.,1.,0.));
#2752=DIRECTION('',(-1.,0.,0.));
#2753=DIRECTION('',(-1.,0.,0.));
#2754=DIRECTION('',(0.,0.,1.));
#2755=DIRECTION('',(0.,1.,0.));
#2756=DIRECTION('',(0.,0.,1.));
#2757=DIRECTION('',(0.,1.,0.));
#2758=DIRECTION('',(0.,0.,1.));
#2759=DIRECTION('',(1.,0.,0.));
#2760=DIRECTION('',(0.,1.,0.));
#2761=DIRECTION('',(1.,0.,0.));
#2762=DIRECTION('',(1.,0.,0.));
#2763=DIRECTION('',(0.,0.,-1.));
#2764=DIRECTION('',(0.,1.,0.));
#2765=DIRECTION('',(0.,0.,-1.));
#2766=DIRECTION('',(0.,0.,-1.));
#2767=DIRECTION('',(-1.,0.,0.));
#2768=DIRECTION('',(0.,1.,0.));
#2769=DIRECTION('',(-1.,0.,0.));
#2770=DIRECTION('',(1.,0.,0.));
#2771=DIRECTION('',(0.,0.,-1.));
#2772=DIRECTION('',(0.,1.,0.));
#2773=DIRECTION('',(0.,0.,-1.));
#2774=DIRECTION('',(0.,0.,-1.));
#2775=DIRECTION('',(-1.,0.,0.));
#2776=DIRECTION('',(-1.,0.,0.));
#2777=DIRECTION('',(0.,1.,0.));
#2778=DIRECTION('',(-1.,0.,0.));
#2779=DIRECTION('',(1.,0.,0.));
#2780=DIRECTION('',(0.,0.,-1.));
#2781=DIRECTION('',(0.,1.,0.));
#2782=DIRECTION('',(0.,0.,-1.));
#2783=DIRECTION('',(0.,1.,0.));
#2784=DIRECTION('',(0.,0.,1.));
#2785=DIRECTION('',(1.,0.,0.));
#2786=DIRECTION('',(0.,1.,0.));
#2787=DIRECTION('',(1.,0.,0.));
#2788=DIRECTION('',(1.,0.,0.));
#2789=DIRECTION('',(0.,0.,-1.));
#2790=DIRECTION('',(0.,1.,0.));
#2791=DIRECTION('',(0.,0.,-1.));
#2792=DIRECTION('',(0.,0.,-1.));
#2793=DIRECTION('',(-1.,0.,0.));
#2794=DIRECTION('',(0.,1.,0.));
#2795=DIRECTION('',(-1.,0.,0.));
#2796=DIRECTION('',(-1.,0.,0.));
#2797=DIRECTION('',(0.,0.,1.));
#2798=DIRECTION('',(0.,1.,0.));
#2799=DIRECTION('',(0.,0.,1.));
#2800=DIRECTION('',(0.,0.,1.));
#2801=DIRECTION('',(1.,0.,0.));
#2802=DIRECTION('',(0.,1.,0.));
#2803=DIRECTION('',(1.,0.,0.));
#2804=DIRECTION('',(1.,0.,0.));
#2805=DIRECTION('',(0.,0.,-1.));
#2806=DIRECTION('',(0.,1.,0.));
#2807=DIRECTION('',(0.,0.,-1.));
#2808=DIRECTION('',(0.,0.,1.));
#2809=DIRECTION('',(1.,0.,0.));
#2810=DIRECTION('',(0.,1.,0.));
#2811=DIRECTION('',(1.,0.,0.));
#2812=DIRECTION('',(1.,0.,0.));
#2813=DIRECTION('',(0.,0.,-1.));
#2814=DIRECTION('',(0.,1.,0.));
#2815=DIRECTION('',(0.,0.,-1.));
#2816=DIRECTION('',(0.,0.,-1.));
#2817=DIRECTION('',(-1.,0.,0.));
#2818=DIRECTION('',(-1.,0.,0.));
#2819=DIRECTION('',(0.,1.,0.));
#2820=DIRECTION('',(-1.,0.,0.));
#2821=DIRECTION('',(0.,0.,1.));
#2822=DIRECTION('',(1.,0.,0.));
#2823=DIRECTION('',(0.707106781186547,-0.707106781186548,0.));
#2824=DIRECTION('',(0.,0.,-1.));
#2825=DIRECTION('',(0.707106781186547,-0.707106781186548,0.));
#2826=DIRECTION('',(0.707106781186548,0.707106781186547,0.));
#2827=DIRECTION('',(0.707106781186547,-0.707106781186548,0.));
#2828=DIRECTION('',(0.707106781186548,0.707106781186547,0.));
#2829=DIRECTION('',(0.,0.,-1.));
#2830=DIRECTION('',(-0.5,-0.5,-0.707106781186549));
#2831=DIRECTION('',(0.,0.,-1.));
#2832=DIRECTION('',(0.707106781186547,-0.707106781186548,0.));
#2833=DIRECTION('',(0.,0.,-1.));
#2834=DIRECTION('',(0.,0.,-1.));
#2835=DIRECTION('',(0.707106781186547,-0.707106781186548,0.));
#2836=DIRECTION('',(0.707106781186548,0.707106781186547,0.));
#2837=DIRECTION('',(0.707106781186547,-0.707106781186548,0.));
#2838=DIRECTION('',(0.707106781186548,0.707106781186547,0.));
#2839=DIRECTION('',(0.,0.,-1.));
#2840=DIRECTION('',(0.5,0.5,0.707106781186549));
#2841=DIRECTION('',(-0.707106781186548,-0.707106781186547,0.));
#2842=DIRECTION('',(0.707106781186547,-0.707106781186548,0.));
#2843=DIRECTION('',(0.707106781186547,-0.707106781186548,0.));
#2844=DIRECTION('',(-0.707106781186547,0.707106781186548,0.));
#2845=DIRECTION('',(-0.707106781186548,-0.707106781186547,0.));
#2846=DIRECTION('',(0.707106781186547,-0.707106781186548,0.));
#2847=DIRECTION('',(0.707106781186547,-0.707106781186548,0.));
#2848=DIRECTION('',(-0.707106781186547,0.707106781186548,-1.61771349781076E-16));
#2849=DIRECTION('',(0.5,0.5,-0.707106781186547));
#2850=DIRECTION('',(0.707106781186547,-0.707106781186548,0.));
#2851=DIRECTION('',(0.707106781186547,-0.707106781186548,0.));
#2852=DIRECTION('',(0.707106781186548,0.707106781186547,0.));
#2853=DIRECTION('',(0.707106781186547,-0.707106781186548,0.));
#2854=DIRECTION('',(-0.707106781186547,0.707106781186548,0.));
#2855=DIRECTION('',(-0.707106781186548,-0.707106781186547,0.));
#2856=DIRECTION('',(0.,0.,1.));
#2857=DIRECTION('',(1.,0.,0.));
#2858=DIRECTION('',(-0.702943272720956,-0.711245917623681,4.35512518212231E-17));
#2859=DIRECTION('',(0.711245917623681,-0.702943272720956,0.));
#2860=DIRECTION('',(-0.711245917623681,0.702943272720956,-4.30428614459942E-17));
#2861=DIRECTION('',(0.,-6.12323399573677E-17,-1.));
#2862=DIRECTION('',(-0.711245917623681,0.702943272720956,-4.30428614459942E-17));
#2863=DIRECTION('',(0.,-6.12323399573677E-17,-1.));
#2864=DIRECTION('',(0.,-6.12323399573677E-17,-1.));
#2865=DIRECTION('',(1.,0.,0.));
#2866=DIRECTION('',(1.,0.,0.));
#2867=DIRECTION('',(0.707083407313861,-0.707130154286621,4.32992340013842E-17));
#2868=DIRECTION('',(0.999999991427338,-0.000130940151363934,8.01777186238559E-21));
#2869=DIRECTION('',(0.707399451092366,0.706813990095145,-4.32798745281294E-17));
#2870=DIRECTION('',(-1.,0.,0.));
#2871=DIRECTION('',(0.707083407313861,-0.707130154286621,4.32992340013842E-17));
#2872=DIRECTION('',(-1.,0.,0.));
#2873=DIRECTION('',(-0.711245917623681,0.702943272720956,-4.30428614459942E-17));
#2874=DIRECTION('',(1.,0.,0.));
#2875=DIRECTION('',(0.711068673370727,0.703122565240794,-4.30538399465207E-17));
#2876=DIRECTION('',(1.,0.,0.));
#2877=DIRECTION('',(-0.50001652727756,-0.499983472176122,0.707106781186547));
#2878=DIRECTION('',(-0.707083407313861,0.707130154286621,-4.32992340013842E-17));
#2879=DIRECTION('',(-0.816487584617315,-3.53532869855702E-17,-0.577362991683553));
#2880=DIRECTION('',(0.707083407313861,-0.707130154286621,4.32992340013842E-17));
#2881=DIRECTION('',(0.816487584617315,3.53532869855702E-17,0.577362991683553));
#2882=DIRECTION('',(0.816487584617315,3.53532869855702E-17,0.577362991683553));
#2883=DIRECTION('',(0.707083407313861,-0.707130154286621,4.32992340013842E-17));
#2884=DIRECTION('',(-0.81652321616802,0.000106915674433755,-0.577312589528127));
#2885=DIRECTION('',(0.,1.,-6.12323399573677E-17));
#2886=DIRECTION('',(-1.,0.,0.));
#2887=DIRECTION('',(-1.,0.,0.));
#2888=DIRECTION('',(0.816609276267058,-3.53427470153446E-17,-0.577190860907024));
#2889=DIRECTION('',(-0.000130940151363934,-0.999999991427338,6.12323394324435E-17));
#2890=DIRECTION('',(0.999999991427338,-0.000130940151363934,8.01777186238559E-21));
#2891=DIRECTION('',(0.999999991427338,-0.000130940151363934,8.01777186238559E-21));
#2892=DIRECTION('',(-0.816573619456452,0.000106922274248067,0.577241294932558));
#2893=DIRECTION('',(0.,-6.12323399573677E-17,-1.));
#2894=DIRECTION('',(1.,0.,0.));
#2895=DIRECTION('',(0.707399451092366,0.706813990095145,-4.32798745281294E-17));
#2896=DIRECTION('',(0.499792965433797,-0.500206948875051,0.70710678118655));
#2897=DIRECTION('',(-0.707399451092366,-0.706813990095145,4.32798745281294E-17));
#2898=DIRECTION('',(-0.703122565240794,0.711068673370727,-4.35403987408708E-17));
#2899=DIRECTION('',(-0.711068673370727,-0.703122565240794,0.));
#2900=DIRECTION('',(0.,-6.12323399573677E-17,-1.));
#2901=DIRECTION('',(0.711068673370727,0.703122565240794,-4.30538399465207E-17));
#2902=DIRECTION('',(0.,-6.12323399573677E-17,-1.));
#2903=DIRECTION('',(0.,1.,-6.12323399573677E-17));
#2904=DIRECTION('',(0.,6.12323399573677E-17,1.));
#2905=DIRECTION('',(0.,-6.12323399573677E-17,-1.));
#2906=DIRECTION('',(1.,0.,0.));
#2907=DIRECTION('',(-0.702943272720956,-0.711245917623681,4.35512518212231E-17));
#2908=DIRECTION('',(0.711245917623681,-0.702943272720956,0.));
#2909=DIRECTION('',(0.,-6.12323399573677E-17,-1.));
#2910=DIRECTION('',(-0.711245917623681,0.702943272720956,-4.30428614459942E-17));
#2911=DIRECTION('',(0.,1.,-6.12323399573677E-17));
#2912=DIRECTION('',(0.,6.12323399573677E-17,1.));
#2913=DIRECTION('',(1.,0.,0.));
#2914=DIRECTION('',(0.,-6.12323399573677E-17,-1.));
#2915=DIRECTION('',(1.,0.,0.));
#2916=DIRECTION('',(-1.,0.,0.));
#2917=DIRECTION('',(1.,0.,0.));
#2918=DIRECTION('',(0.,1.,-6.12323399573677E-17));
#2919=DIRECTION('',(0.,6.12323399573677E-17,1.));
#2920=DIRECTION('',(0.,-1.,6.12323399573677E-17));
#2921=DIRECTION('',(0.,-6.12323399573677E-17,-1.));
#2922=DIRECTION('',(0.,0.,1.));
#2923=DIRECTION('',(1.,0.,0.));
#2924=DIRECTION('',(-1.,2.08166817117217E-16,-1.27465413135646E-32));
#2925=DIRECTION('',(-2.08166817117217E-16,-1.,0.));
#2926=DIRECTION('',(-2.08166817117217E-16,-1.,6.12323399573677E-17));
#2927=DIRECTION('',(0.,6.12323399573677E-17,1.));
#2928=DIRECTION('',(-2.08166817117217E-16,-1.,6.12323399573677E-17));
#2929=DIRECTION('',(0.,6.12323399573677E-17,1.));
#2930=DIRECTION('',(0.,-1.,6.12323399573677E-17));
#2931=DIRECTION('',(0.,-6.12323399573677E-17,-1.));
#2932=DIRECTION('',(1.,0.,0.));
#2933=DIRECTION('',(0.,6.12323399573677E-17,1.));
#2934=DIRECTION('',(1.,0.,0.));
#2935=DIRECTION('',(-1.,2.08166817117217E-16,-1.27465413135646E-32));
#2936=DIRECTION('',(-2.08166817117217E-16,-1.,0.));
#2937=DIRECTION('',(-2.08166817117217E-16,-1.,6.12323399573677E-17));
#2938=DIRECTION('',(0.,6.12323399573677E-17,1.));
#2939=DIRECTION('',(-2.08166817117217E-16,-1.,6.12323399573677E-17));
#2940=DIRECTION('',(0.,6.12323399573677E-17,1.));
#2941=DIRECTION('',(0.,-1.,6.12323399573677E-17));
#2942=DIRECTION('',(0.,-6.12323399573677E-17,-1.));
#2943=DIRECTION('',(0.,1.,-6.12323399573677E-17));
#2944=DIRECTION('',(0.,-6.12323399573677E-17,-1.));
#2945=DIRECTION('',(0.,1.,-6.12323399573677E-17));
#2946=DIRECTION('',(0.,-1.,6.12323399573677E-17));
#2947=DIRECTION('',(0.,-6.12323399573677E-17,-1.));
#2948=DIRECTION('',(1.,0.,0.));
#2949=DIRECTION('',(1.,0.,0.));
#2950=DIRECTION('',(0.,-6.12323399573677E-17,-1.));
#2951=DIRECTION('',(1.,0.,0.));
#2952=DIRECTION('',(0.,-6.12323399573677E-17,-1.));
#2953=DIRECTION('',(1.,0.,0.));
#2954=DIRECTION('',(0.,-6.12323399573677E-17,-1.));
#2955=DIRECTION('',(0.,1.,-6.12323399573677E-17));
#2956=DIRECTION('',(0.,-6.12323399573677E-17,-1.));
#2957=DIRECTION('',(0.,1.,-6.12323399573677E-17));
#2958=DIRECTION('',(0.,-6.12323399573677E-17,-1.));
#2959=DIRECTION('',(0.,1.,-6.12323399573677E-17));
#2960=DIRECTION('',(0.,-6.12323399573677E-17,-1.));
#2961=DIRECTION('',(1.,0.,0.));
#2962=CARTESIAN_POINT('',(0.,0.,0.));
#2963=CARTESIAN_POINT('',(-0.130262319830923,-0.0191423910783855,0.00190934715080262));
#2964=CARTESIAN_POINT('',(-0.130262319830923,-0.0191423910783855,0.00190934715080262));
#2965=CARTESIAN_POINT('',(-0.130262319830923,-0.0191423910783855,0.139577347150803));
#2966=CARTESIAN_POINT('',(-0.130262319830923,-0.0191423910783854,-0.137358852849197));
#2967=CARTESIAN_POINT('',(-0.132722910008096,-0.0166818009012126,-0.137358852849197));
#2968=CARTESIAN_POINT('',(-0.13203008678389,-0.0173746241254191,-0.140697864679066));
#2969=CARTESIAN_POINT('',(-0.131337263559683,-0.0180674473496257,-0.137358852849197));
#2970=CARTESIAN_POINT('',(-0.133797853736856,-0.0156068571724527,-0.137358852849197));
#2971=CARTESIAN_POINT('',(-0.133797853736856,-0.0156068571724528,0.00190934715080262));
#2972=CARTESIAN_POINT('',(-0.133797853736856,-0.0156068571724528,0.144577347150803));
#2973=CARTESIAN_POINT('',(-0.0815893316547286,-0.0678153792545803,0.0707433471508028));
#2974=CARTESIAN_POINT('',(-0.233068291904923,-0.121948363152385,0.00190934715080262));
#2975=CARTESIAN_POINT('',(-0.234143235633683,-0.120873419423625,-0.137358852849197));
#2976=CARTESIAN_POINT('',(-0.236603825810856,-0.118412829246452,-0.137358852849197));
#2977=CARTESIAN_POINT('',(-0.234836058857889,-0.120180596199419,-0.140697864679066));
#2978=CARTESIAN_POINT('',(-0.235528882082096,-0.119487772975212,-0.137358852849197));
#2979=CARTESIAN_POINT('',(-0.233068291904923,-0.121948363152385,-0.137358852849197));
#2980=CARTESIAN_POINT('',(-0.233068291904923,-0.121948363152385,0.00190934715080262));
#2981=CARTESIAN_POINT('',(-0.233068291904923,-0.121948363152385,0.139577347150803));
#2982=CARTESIAN_POINT('',(-0.233068291904923,-0.121948363152385,0.139577347150803));
#2983=CARTESIAN_POINT('',(-0.236603825810856,-0.118412829246452,0.144577347150803));
#2984=CARTESIAN_POINT('',(-0.236603825810856,-0.118412829246452,0.00190934715080262));
#2985=CARTESIAN_POINT('',(-0.0364167760409285,0.0747031527116096,0.054828238099993));
#2986=CARTESIAN_POINT('',(-0.0364167760409285,0.0747031527116096,-0.137358852849197));
#2987=CARTESIAN_POINT('',(-0.233068291904923,-0.121948363152385,0.139577347150803));
#2988=CARTESIAN_POINT('',(-0.0399523099468613,0.0782386866175423,0.054828238099993));
#2989=CARTESIAN_POINT('',(-0.236603825810855,-0.118412829246452,-0.137358852849197));
#2990=CARTESIAN_POINT('',(-0.0399523099468613,0.0782386866175423,0.144577347150803));
#2991=CARTESIAN_POINT('',(-0.0364167760409285,0.0747031527116096,0.139577347150803));
#2992=CARTESIAN_POINT('',(-0.0374917197696883,0.0757780964403694,-0.137358852849197));
#2993=CARTESIAN_POINT('',(-0.18343307282089,-0.068777610162419,-0.140697864679066));
#2994=CARTESIAN_POINT('',(-0.184125896045096,-0.0680847869382124,-0.137358852849197));
#2995=CARTESIAN_POINT('',(0.,0.,0.));
#2996=CARTESIAN_POINT('',(0.,0.137,0.00531425915900674));
#2997=CARTESIAN_POINT('',(4.31114741718901E-18,0.137,-0.0759697109460831));
#2998=CARTESIAN_POINT('',(4.31114741718901E-18,0.137,-0.0369697109460831));
#2999=CARTESIAN_POINT('',(0.0702000036835671,0.137,-0.134557247161865));
#3000=CARTESIAN_POINT('',(0.0702000036835671,0.137,-0.132957247161865));
#3001=CARTESIAN_POINT('',(-0.0702005475759506,0.137,-0.134556472301483));
#3002=CARTESIAN_POINT('',(-0.0702005475759506,0.137,-0.132956472301483));
#3003=CARTESIAN_POINT('',(-0.0727,0.137,0.00531425915900674));
#3004=CARTESIAN_POINT('',(-0.0727,0.137,-0.1370572404515));
#3005=CARTESIAN_POINT('',(-0.0727,0.137,0.144205958769513));
#3006=CARTESIAN_POINT('',(0.0727,0.137,0.144205958769513));
#3007=CARTESIAN_POINT('',(-0.0714594785492827,0.137,0.144205958769513));
#3008=CARTESIAN_POINT('',(-0.0702000111341476,0.137,0.145192742347717));
#3009=CARTESIAN_POINT('',(-0.0689405437190126,0.137,0.144205958769513));
#3010=CARTESIAN_POINT('',(0.0727,0.137,0.144205958769513));
#3011=CARTESIAN_POINT('',(0.068940536268432,0.137,0.144205958769513));
#3012=CARTESIAN_POINT('',(0.0702000036835671,0.137,0.145192742347717));
#3013=CARTESIAN_POINT('',(0.0714594710987021,0.137,0.144205958769513));
#3014=CARTESIAN_POINT('',(0.0727,0.137,0.144205958769513));
#3015=CARTESIAN_POINT('',(0.0727,0.137,0.144205958769513));
#3016=CARTESIAN_POINT('',(0.0727,0.137,0.00531425915900674));
#3017=CARTESIAN_POINT('',(0.0727,0.137,-0.1370572404515));
#3018=CARTESIAN_POINT('',(-0.00635,0.137,-0.1370572404515));
#3019=CARTESIAN_POINT('',(-0.0659525257979361,0.137,0.0835091600227905));
#3020=CARTESIAN_POINT('',(-0.0688268538516918,0.137,0.0835091600227905));
#3021=CARTESIAN_POINT('',(-0.0630781977441804,0.137,0.0835091600227905));
#3022=CARTESIAN_POINT('',(-0.0573120950323974,0.137,0.0919053383285261));
#3023=CARTESIAN_POINT('',(-0.0515459923206143,0.137,0.100301516634262));
#3024=CARTESIAN_POINT('',(-0.0456577633789297,0.137,0.0919053383285261));
#3025=CARTESIAN_POINT('',(-0.039769534437245,0.137,0.0835091600227905));
#3026=CARTESIAN_POINT('',(-0.0368952063834893,0.137,0.0835091600227905));
#3027=CARTESIAN_POINT('',(-0.0340208783297336,0.137,0.0835091600227905));
#3028=CARTESIAN_POINT('',(-0.0413266438684905,0.137,0.0934886176661791));
#3029=CARTESIAN_POINT('',(-0.0486324094072474,0.137,0.103468075309568));
#3030=CARTESIAN_POINT('',(-0.0418849352051835,0.137,0.112692967318207));
#3031=CARTESIAN_POINT('',(-0.0351374610031197,0.137,0.121917859326846));
#3032=CARTESIAN_POINT('',(-0.0380117890568754,0.137,0.121917859326846));
#3033=CARTESIAN_POINT('',(-0.0408861171106311,0.137,0.121917859326846));
#3034=CARTESIAN_POINT('',(-0.0462291396688265,0.137,0.11438092628149));
#3035=CARTESIAN_POINT('',(-0.0515721622270218,0.137,0.106843993236133));
#3036=CARTESIAN_POINT('',(-0.0567668886489081,0.137,0.11438092628149));
#3037=CARTESIAN_POINT('',(-0.0619616150707943,0.137,0.121917859326846));
#3038=CARTESIAN_POINT('',(-0.06483594312455,0.137,0.121917859326846));
#3039=CARTESIAN_POINT('',(-0.0677102711783057,0.137,0.121917859326846));
#3040=CARTESIAN_POINT('',(-0.0611416246700264,0.137,0.112784561990633));
#3041=CARTESIAN_POINT('',(-0.054572978161747,0.137,0.10365126465442));
#3042=CARTESIAN_POINT('',(-0.0616999160067194,0.137,0.0935802123386053));
#3043=CARTESIAN_POINT('',(-0.0208923086153107,0.137,0.0847478689260783));
#3044=CARTESIAN_POINT('',(-0.0172808615310775,0.137,0.0829595919882333));
#3045=CARTESIAN_POINT('',(-0.0123696424286057,0.137,0.0829595919882333));
#3046=CARTESIAN_POINT('',(-0.0208923086153107,0.137,0.0847478689260783));
#3047=CARTESIAN_POINT('',(-0.0123696424286057,0.137,0.0829595919882333));
#3048=CARTESIAN_POINT('',(-0.0123696424286057,0.137,0.0829595919882333));
#3049=CARTESIAN_POINT('',(-0.00765905927525798,0.137,0.0829595919882333));
#3050=CARTESIAN_POINT('',(-0.00414356851451885,0.137,0.0846780825089916));
#3051=CARTESIAN_POINT('',(-0.00414356851451885,0.137,0.0846780825089916));
#3052=CARTESIAN_POINT('',(-0.00414356851451885,0.137,0.0846780825089916));
#3053=CARTESIAN_POINT('',(-0.00062807775377971,0.137,0.08639657302975));
#3054=CARTESIAN_POINT('',(0.00130849532037436,0.137,0.0896678113306859));
#3055=CARTESIAN_POINT('',(0.00130849532037436,0.137,0.0896678113306859));
#3056=CARTESIAN_POINT('',(0.00130849532037436,0.137,0.0896678113306859));
#3057=CARTESIAN_POINT('',(0.00324506839452843,0.137,0.0929390496316218));
#3058=CARTESIAN_POINT('',(0.00324506839452843,0.137,0.0974664434401171));
#3059=CARTESIAN_POINT('',(0.00324506839452843,0.137,0.0974664434401171));
#3060=CARTESIAN_POINT('',(0.00324506839452843,0.137,0.109692151383482));
#3061=CARTESIAN_POINT('',(0.00324506839452843,0.137,0.121917859326846));
#3062=CARTESIAN_POINT('',(0.000641162706983431,0.137,0.121917859326846));
#3063=CARTESIAN_POINT('',(-0.00196274298056157,0.137,0.121917859326846));
#3064=CARTESIAN_POINT('',(-0.00196274298056157,0.137,0.109910233936877));
#3065=CARTESIAN_POINT('',(-0.00196274298056157,0.137,0.0979026085469086));
#3066=CARTESIAN_POINT('',(-0.00196274298056157,0.137,0.0979026085469086));
#3067=CARTESIAN_POINT('',(-0.00196274298056157,0.137,0.0926424573590036));
#3068=CARTESIAN_POINT('',(-0.00463207343412528,0.137,0.089916425441557));
#3069=CARTESIAN_POINT('',(-0.00463207343412528,0.137,0.089916425441557));
#3070=CARTESIAN_POINT('',(-0.00463207343412528,0.137,0.089916425441557));
#3071=CARTESIAN_POINT('',(-0.00730140388768899,0.137,0.0871903935241104));
#3072=CARTESIAN_POINT('',(-0.0123434725221982,0.137,0.0871903935241104));
#3073=CARTESIAN_POINT('',(-0.0123434725221982,0.137,0.0871903935241104));
#3074=CARTESIAN_POINT('',(-0.0123434725221982,0.137,0.0871903935241104));
#3075=CARTESIAN_POINT('',(-0.0175251139908807,0.137,0.0871903935241104));
#3076=CARTESIAN_POINT('',(-0.0203994420446364,0.137,0.0900123817650512));
#3077=CARTESIAN_POINT('',(-0.0203994420446364,0.137,0.0900123817650512));
#3078=CARTESIAN_POINT('',(-0.0203994420446364,0.137,0.0900123817650512));
#3079=CARTESIAN_POINT('',(-0.0232737700983921,0.137,0.0928343700059919));
#3080=CARTESIAN_POINT('',(-0.0232737700983921,0.137,0.0982602639344776));
#3081=CARTESIAN_POINT('',(-0.0232737700983921,0.137,0.0982602639344776));
#3082=CARTESIAN_POINT('',(-0.0232737700983921,0.137,0.110089061630662));
#3083=CARTESIAN_POINT('',(-0.0232737700983921,0.137,0.121917859326846));
#3084=CARTESIAN_POINT('',(-0.0258645908327334,0.137,0.121917859326846));
#3085=CARTESIAN_POINT('',(-0.0284554115670747,0.137,0.121917859326846));
#3086=CARTESIAN_POINT('',(-0.0284554115670747,0.137,0.109936403843285));
#3087=CARTESIAN_POINT('',(-0.0284554115670747,0.137,0.0979549483597236));
#3088=CARTESIAN_POINT('',(-0.0284554115670747,0.137,0.0979549483597236));
#3089=CARTESIAN_POINT('',(-0.0284554115670747,0.137,0.0932967050191908));
#3090=CARTESIAN_POINT('',(-0.0264795836333093,0.137,0.089916425441557));
#3091=CARTESIAN_POINT('',(-0.0264795836333093,0.137,0.089916425441557));
#3092=CARTESIAN_POINT('',(-0.0264795836333093,0.137,0.089916425441557));
#3093=CARTESIAN_POINT('',(-0.024503755699544,0.137,0.0865361458639232));
#3094=CARTESIAN_POINT('',(-0.0208923086153107,0.137,0.0847478689260783));
#3095=CARTESIAN_POINT('',(0.0217122990160787,0.137,0.0835091600227905));
#3096=CARTESIAN_POINT('',(0.00940371970242379,0.137,0.0835091600227905));
#3097=CARTESIAN_POINT('',(0.0340208783297336,0.137,0.0835091600227905));
#3098=CARTESIAN_POINT('',(0.0340208783297336,0.137,0.102713509674818));
#3099=CARTESIAN_POINT('',(0.0340208783297336,0.137,0.121917859326846));
#3100=CARTESIAN_POINT('',(0.0314169726421886,0.137,0.121917859326846));
#3101=CARTESIAN_POINT('',(0.0288130669546436,0.137,0.121917859326846));
#3102=CARTESIAN_POINT('',(0.0288130669546436,0.137,0.104841995395961));
#3103=CARTESIAN_POINT('',(0.0288130669546436,0.137,0.0877661314650751));
#3104=CARTESIAN_POINT('',(0.0191083933285337,0.137,0.0877661314650751));
#3105=CARTESIAN_POINT('',(0.00940371970242379,0.137,0.0877661314650752));
#3106=CARTESIAN_POINT('',(0.00940371970242379,0.137,0.0856376457439328));
#3107=CARTESIAN_POINT('',(0.0518731161507079,0.137,0.117669611186697));
#3108=CARTESIAN_POINT('',(0.0408337772978161,0.137,0.117669611186697));
#3109=CARTESIAN_POINT('',(0.0629124550035997,0.137,0.117669611186697));
#3110=CARTESIAN_POINT('',(0.0629124550035997,0.137,0.110525226737453));
#3111=CARTESIAN_POINT('',(0.0629124550035997,0.137,0.103380842288209));
#3112=CARTESIAN_POINT('',(0.0522002399808015,0.137,0.103380842288209));
#3113=CARTESIAN_POINT('',(0.0414880249580033,0.137,0.103380842288209));
#3114=CARTESIAN_POINT('',(0.0414880249580033,0.137,0.101226186660659));
#3115=CARTESIAN_POINT('',(0.0414880249580033,0.137,0.0990715310331097));
#3116=CARTESIAN_POINT('',(0.0522002399808015,0.137,0.0990715310331097));
#3117=CARTESIAN_POINT('',(0.0629124550035997,0.137,0.0990715310331097));
#3118=CARTESIAN_POINT('',(0.0629124550035997,0.137,0.0912903455279501));
#3119=CARTESIAN_POINT('',(0.0629124550035997,0.137,0.0835091600227905));
#3120=CARTESIAN_POINT('',(0.0655163606911447,0.137,0.0835091600227905));
#3121=CARTESIAN_POINT('',(0.0681202663786896,0.137,0.0835091600227905));
#3122=CARTESIAN_POINT('',(0.0681202663786896,0.137,0.102713509674818));
#3123=CARTESIAN_POINT('',(0.0681202663786896,0.137,0.121917859326846));
#3124=CARTESIAN_POINT('',(0.0544770218382529,0.137,0.121917859326846));
#3125=CARTESIAN_POINT('',(0.0408337772978161,0.137,0.121917859326846));
#3126=CARTESIAN_POINT('',(0.0408337772978161,0.137,0.119793735256772));
#3127=CARTESIAN_POINT('',(0.,0.,0.00531425915900674));
#3128=CARTESIAN_POINT('',(0.0525,0.,-0.0118572404514998));
#3129=CARTESIAN_POINT('',(0.0525,0.,-0.0140572404514998));
#3130=CARTESIAN_POINT('',(0.0525,0.,-0.1168572404515));
#3131=CARTESIAN_POINT('',(0.0525,0.,-0.1190572404515));
#3132=CARTESIAN_POINT('',(-0.0525,0.,-0.1168572404515));
#3133=CARTESIAN_POINT('',(-0.0525,0.,-0.1190572404515));
#3134=CARTESIAN_POINT('',(-0.0525,0.,-0.0118572404514998));
#3135=CARTESIAN_POINT('',(-0.0525,0.,-0.0140572404514998));
#3136=CARTESIAN_POINT('',(0.0525,0.,0.127477021664381));
#3137=CARTESIAN_POINT('',(0.0525,0.,0.125277021664381));
#3138=CARTESIAN_POINT('',(0.0525,0.,0.022477021664381));
#3139=CARTESIAN_POINT('',(0.0525,0.,0.020277021664381));
#3140=CARTESIAN_POINT('',(-0.0525,0.,0.022477021664381));
#3141=CARTESIAN_POINT('',(-0.0525,0.,0.020277021664381));
#3142=CARTESIAN_POINT('',(-0.0525,0.,0.127477021664381));
#3143=CARTESIAN_POINT('',(-0.0525,0.,0.125277021664381));
#3144=CARTESIAN_POINT('',(4.16333634234433E-17,0.,0.074977021664381));
#3145=CARTESIAN_POINT('',(4.16333634234433E-17,0.,0.014977021664381));
#3146=CARTESIAN_POINT('',(-3.24610635090336E-18,0.,-0.0643572404514999));
#3147=CARTESIAN_POINT('',(-3.24610635090336E-18,0.,-0.1243572404515));
#3148=CARTESIAN_POINT('',(0.0677,0.,0.00532124163800937));
#3149=CARTESIAN_POINT('',(0.0677,0.,-0.1320572404515));
#3150=CARTESIAN_POINT('',(0.0677,0.,0.142699723727518));
#3151=CARTESIAN_POINT('',(0.,0.,-0.1320572404515));
#3152=CARTESIAN_POINT('',(-0.0677,0.,-0.1320572404515));
#3153=CARTESIAN_POINT('',(-0.0677,0.,0.00532124163800937));
#3154=CARTESIAN_POINT('',(-0.0677,0.,0.142699723727519));
#3155=CARTESIAN_POINT('',(4.16333634234433E-17,0.,0.142699723727519));
#3156=CARTESIAN_POINT('',(0.0727,-0.015,0.00531425915900674));
#3157=CARTESIAN_POINT('',(0.0727,0.110736459493637,-0.1220572404515));
#3158=CARTESIAN_POINT('',(0.0727,0.110736459493637,-0.1260572404515));
#3159=CARTESIAN_POINT('',(0.0727,-0.015,0.144205958769513));
#3160=CARTESIAN_POINT('',(0.0727,-0.015,0.144205958769513));
#3161=CARTESIAN_POINT('',(0.0727,-0.015,0.00531425915900674));
#3162=CARTESIAN_POINT('',(0.0727,-0.015,-0.1370572404515));
#3163=CARTESIAN_POINT('',(0.0727,-0.015,-0.1370572404515));
#3164=CARTESIAN_POINT('',(0.00635,-0.015,0.147685758769513));
#3165=CARTESIAN_POINT('',(0.00635,-0.015,0.147685758769513));
#3166=CARTESIAN_POINT('',(0.0692202,-0.015,0.147685758769513));
#3167=CARTESIAN_POINT('',(-0.0692202,-0.015,0.147685758769513));
#3168=CARTESIAN_POINT('',(0.0692202,-0.015,0.147685758769513));
#3169=CARTESIAN_POINT('',(0.0692202,0.1335202,0.147685758769513));
#3170=CARTESIAN_POINT('',(-0.0727,0.1335202,0.147685758769513));
#3171=CARTESIAN_POINT('',(-0.0692202,0.1335202,0.147685758769513));
#3172=CARTESIAN_POINT('',(-0.0692202,-0.015,0.147685758769513));
#3173=CARTESIAN_POINT('',(-0.0727,-0.015,0.00531425915900674));
#3174=CARTESIAN_POINT('',(-0.0727,-0.015,0.00531425915900674));
#3175=CARTESIAN_POINT('',(-0.0727,-0.015,-0.1370572404515));
#3176=CARTESIAN_POINT('',(-0.0727,-0.015,0.144205958769513));
#3177=CARTESIAN_POINT('',(-0.0727,0.137,0.144205958769513));
#3178=CARTESIAN_POINT('',(-0.0727,-0.015,-0.1370572404515));
#3179=CARTESIAN_POINT('',(0.0525,-0.015,-0.1168572404515));
#3180=CARTESIAN_POINT('',(0.0525,-0.015,-0.1168572404515));
#3181=CARTESIAN_POINT('',(0.0525,-0.015,-0.1190572404515));
#3182=CARTESIAN_POINT('',(-0.0525,-0.015,-0.1168572404515));
#3183=CARTESIAN_POINT('',(-0.0525,-0.015,-0.1168572404515));
#3184=CARTESIAN_POINT('',(-0.0525,-0.015,-0.1190572404515));
#3185=CARTESIAN_POINT('',(-0.0525,-0.015,-0.0118572404514998));
#3186=CARTESIAN_POINT('',(-0.0525,-0.015,-0.0118572404514998));
#3187=CARTESIAN_POINT('',(-0.0525,-0.015,-0.0140572404514998));
#3188=CARTESIAN_POINT('',(0.0525,-0.015,0.127477021664381));
#3189=CARTESIAN_POINT('',(0.0525,-0.015,0.127477021664381));
#3190=CARTESIAN_POINT('',(0.0525,-0.015,0.125277021664381));
#3191=CARTESIAN_POINT('',(0.0525,-0.015,0.022477021664381));
#3192=CARTESIAN_POINT('',(0.0525,-0.015,0.022477021664381));
#3193=CARTESIAN_POINT('',(0.0525,-0.015,0.020277021664381));
#3194=CARTESIAN_POINT('',(-0.0525,-0.015,0.022477021664381));
#3195=CARTESIAN_POINT('',(-0.0525,-0.015,0.022477021664381));
#3196=CARTESIAN_POINT('',(-0.0525,-0.015,0.020277021664381));
#3197=CARTESIAN_POINT('',(-0.0525,-0.015,0.127477021664381));
#3198=CARTESIAN_POINT('',(-0.0525,-0.015,0.127477021664381));
#3199=CARTESIAN_POINT('',(-0.0525,-0.015,0.125277021664381));
#3200=CARTESIAN_POINT('',(-0.00635,-0.015,-0.1370572404515));
#3201=CARTESIAN_POINT('',(-0.00635,-0.015,-0.1370572404515));
#3202=CARTESIAN_POINT('',(4.16333634234433E-17,-0.015,0.074977021664381));
#3203=CARTESIAN_POINT('',(4.16333634234433E-17,-0.0115202,0.074977021664381));
#3204=CARTESIAN_POINT('',(4.16333634234433E-17,-0.0115202,0.014977021664381));
#3205=CARTESIAN_POINT('',(-3.24610635090336E-18,-0.015,-0.0643572404514999));
#3206=CARTESIAN_POINT('',(-3.24610635090336E-18,-0.0115202,-0.0643572404514999));
#3207=CARTESIAN_POINT('',(-3.24610635090336E-18,-0.0115202,-0.1243572404515));
#3208=CARTESIAN_POINT('',(0.0525,-0.015,-0.0118572404514998));
#3209=CARTESIAN_POINT('',(0.0525,-0.015,-0.0118572404514998));
#3210=CARTESIAN_POINT('',(0.0525,-0.015,-0.0140572404514998));
#3211=CARTESIAN_POINT('',(0.,-0.015,0.00531425915900674));
#3212=CARTESIAN_POINT('',(-3.24610635090336E-18,-0.015,-0.0643572404514999));
#3213=CARTESIAN_POINT('',(-3.24610635090336E-18,-0.015,-0.1278370404515));
#3214=CARTESIAN_POINT('',(4.16333634234433E-17,-0.015,0.074977021664381));
#3215=CARTESIAN_POINT('',(4.16333634234433E-17,-0.015,0.011497221664381));
#3216=CARTESIAN_POINT('',(0.0692202,-0.015,0.144205958769513));
#3217=CARTESIAN_POINT('',(-0.0692202,-0.015,0.144205958769513));
#3218=CARTESIAN_POINT('',(0.0677,0.127,0.00532124163800937));
#3219=CARTESIAN_POINT('',(0.0677,0.110736459493637,-0.1220572404515));
#3220=CARTESIAN_POINT('',(0.0677,0.110736459493637,-0.1260572404515));
#3221=CARTESIAN_POINT('',(0.0677,0.127,0.142699723727518));
#3222=CARTESIAN_POINT('',(0.0677,0.127,0.142699723727518));
#3223=CARTESIAN_POINT('',(0.0677,0.127,0.00532124163800937));
#3224=CARTESIAN_POINT('',(0.0677,0.127,-0.1320572404515));
#3225=CARTESIAN_POINT('',(0.0677,0.127,-0.1320572404515));
#3226=CARTESIAN_POINT('',(4.16333634234433E-17,0.127,0.142699723727519));
#3227=CARTESIAN_POINT('',(-0.0677,0.127,0.142699723727519));
#3228=CARTESIAN_POINT('',(-0.0677,0.127,0.142699723727519));
#3229=CARTESIAN_POINT('',(4.16333634234433E-17,0.127,0.142699723727519));
#3230=CARTESIAN_POINT('',(-0.0677,0.127,0.00532124163800937));
#3231=CARTESIAN_POINT('',(-0.0677,0.127,-0.1320572404515));
#3232=CARTESIAN_POINT('',(-0.0677,0.127,-0.1320572404515));
#3233=CARTESIAN_POINT('',(-0.0677,0.127,0.00532124163800937));
#3234=CARTESIAN_POINT('',(0.,0.127,-0.1320572404515));
#3235=CARTESIAN_POINT('',(0.,0.127,-0.1320572404515));
#3236=CARTESIAN_POINT('',(0.,0.127,0.00531425915900674));
#3237=CARTESIAN_POINT('',(8.3826352495973E-18,0.127,-0.0759697109460831));
#3238=CARTESIAN_POINT('',(8.3826352495973E-18,0.127,-0.0384697109460831));
#3239=CARTESIAN_POINT('',(0.0702000036835671,0.127,0.145192742347717));
#3240=CARTESIAN_POINT('',(0.0702000036835671,0.127,0.145192742347717));
#3241=CARTESIAN_POINT('',(0.0702000036835671,0.127,0.146792742347717));
#3242=CARTESIAN_POINT('',(0.068940536268432,0.137,0.144205958769513));
#3243=CARTESIAN_POINT('',(0.0687432214939716,0.137,0.144457798721501));
#3244=CARTESIAN_POINT('',(0.0685122825168029,0.136937339566266,0.145076525562217));
#3245=CARTESIAN_POINT('',(0.0687199713692449,0.13656370330336,0.145972246126058));
#3246=CARTESIAN_POINT('',(0.069278065574792,0.136075872473564,0.146595794481029));
#3247=CARTESIAN_POINT('',(0.070199386670104,0.135733843994645,0.146891000568671));
#3248=CARTESIAN_POINT('',(0.0711215482614797,0.136075341932021,0.146596656904098));
#3249=CARTESIAN_POINT('',(0.0716799955439404,0.13656417876075,0.145970615602295));
#3250=CARTESIAN_POINT('',(0.0718880415125967,0.136935705295205,0.145082647404744));
#3251=CARTESIAN_POINT('',(0.071657095534176,0.137,0.144458193953004));
#3252=CARTESIAN_POINT('',(0.0714594710987021,0.137,0.144205958769513));
#3253=CARTESIAN_POINT('',(0.,0.127,0.00531425915900674));
#3254=CARTESIAN_POINT('',(-0.0702000111341476,0.127,0.145192742347717));
#3255=CARTESIAN_POINT('',(-0.0702000111341476,0.127,0.145192742347717));
#3256=CARTESIAN_POINT('',(-0.0702000111341476,0.127,0.146792742347717));
#3257=CARTESIAN_POINT('',(-0.0714594785492827,0.137,0.144205958769513));
#3258=CARTESIAN_POINT('',(-0.0716567933237431,0.137,0.144457798721501));
#3259=CARTESIAN_POINT('',(-0.0718877323009118,0.136937339566266,0.145076525562217));
#3260=CARTESIAN_POINT('',(-0.0716800434484699,0.13656370330336,0.145972246126058));
#3261=CARTESIAN_POINT('',(-0.0711219492429227,0.136075872473564,0.146595794481029));
#3262=CARTESIAN_POINT('',(-0.0702006281476108,0.135733843994645,0.146891000568671));
#3263=CARTESIAN_POINT('',(-0.069278466556235,0.136075341932021,0.146596656904098));
#3264=CARTESIAN_POINT('',(-0.0687200192737743,0.13656417876075,0.145970615602295));
#3265=CARTESIAN_POINT('',(-0.0685119733051181,0.136935705295205,0.145082647404744));
#3266=CARTESIAN_POINT('',(-0.0687429192835387,0.137,0.144458193953004));
#3267=CARTESIAN_POINT('',(-0.0689405437190126,0.137,0.144205958769513));
#3268=CARTESIAN_POINT('',(0.,0.127,0.00531425915900674));
#3269=CARTESIAN_POINT('',(-0.0702005475759506,0.127,-0.134556472301483));
#3270=CARTESIAN_POINT('',(-0.0702005475759506,0.127,-0.134556472301483));
#3271=CARTESIAN_POINT('',(-0.0702005475759506,0.127,-0.132956472301483));
#3272=CARTESIAN_POINT('',(0.,0.127,0.00531425915900674));
#3273=CARTESIAN_POINT('',(0.0702000036835671,0.127,-0.134557247161865));
#3274=CARTESIAN_POINT('',(0.0702000036835671,0.127,-0.134557247161865));
#3275=CARTESIAN_POINT('',(0.0702000036835671,0.127,-0.132957247161865));
#3276=CARTESIAN_POINT('',(0.,0.127,0.00531425915900674));
#3277=CARTESIAN_POINT('',(8.3826352495973E-18,0.1116,-0.0759697109460831));
#3278=CARTESIAN_POINT('',(8.3826352495973E-18,0.161781912773847,-0.0759697109460831));
#3279=CARTESIAN_POINT('',(8.3826352495973E-18,0.161781912773847,-0.0384697109460831));
#3280=CARTESIAN_POINT('',(4.31114741718901E-18,0.1624,-0.0759697109460831));
#3281=CARTESIAN_POINT('',(4.31114741718901E-18,0.1589202,-0.0759697109460831));
#3282=CARTESIAN_POINT('',(4.31114741718901E-18,0.1589202,-0.0369697109460831));
#3283=CARTESIAN_POINT('',(-3.24610635090336E-18,-0.0115202,-0.0643572404514999));
#3284=CARTESIAN_POINT('',(4.16333634234433E-17,-0.0115202,0.074977021664381));
#3285=CARTESIAN_POINT('',(-0.0692202,-0.015,0.144205958769513));
#3286=CARTESIAN_POINT('',(-0.0692202,0.1335202,0.144205958769513));
#3287=CARTESIAN_POINT('',(0.00635,0.1335202,0.144205958769513));
#3288=CARTESIAN_POINT('',(0.0692202,0.1335202,0.144205958769513));
#3289=CARTESIAN_POINT('',(0.0692202,-0.015,0.144205958769513));
#3290=CARTESIAN_POINT('',(0.0473,0.110736459493637,-0.1220572404515));
#3291=CARTESIAN_POINT('',(4.31114741718901E-18,0.1589202,-0.0759697109460831));
#3292=CARTESIAN_POINT('',(-0.0573120950323974,0.134206,0.0919053383285261));
#3293=CARTESIAN_POINT('',(-0.0630781977441804,0.134206,0.0835091600227905));
#3294=CARTESIAN_POINT('',(-0.0630781977441804,0.134206,0.0835091600227905));
#3295=CARTESIAN_POINT('',(-0.0573120950323974,0.134206,0.0919053383285261));
#3296=CARTESIAN_POINT('',(-0.0515459923206143,0.134206,0.100301516634262));
#3297=CARTESIAN_POINT('',(-0.0515459923206143,0.134206,0.100301516634262));
#3298=CARTESIAN_POINT('',(-0.0659525257979361,0.134206,0.0835091600227905));
#3299=CARTESIAN_POINT('',(-0.0688268538516918,0.134206,0.0835091600227905));
#3300=CARTESIAN_POINT('',(-0.0688268538516918,0.134206,0.0835091600227905));
#3301=CARTESIAN_POINT('',(-0.0659525257979361,0.134206,0.0835091600227905));
#3302=CARTESIAN_POINT('',(-0.0616999160067194,0.134206,0.0935802123386053));
#3303=CARTESIAN_POINT('',(-0.054572978161747,0.134206,0.10365126465442));
#3304=CARTESIAN_POINT('',(-0.054572978161747,0.134206,0.10365126465442));
#3305=CARTESIAN_POINT('',(-0.0616999160067194,0.134206,0.0935802123386053));
#3306=CARTESIAN_POINT('',(-0.0611416246700264,0.134206,0.112784561990633));
#3307=CARTESIAN_POINT('',(-0.0677102711783057,0.134206,0.121917859326846));
#3308=CARTESIAN_POINT('',(-0.0677102711783057,0.134206,0.121917859326846));
#3309=CARTESIAN_POINT('',(-0.0611416246700264,0.134206,0.112784561990633));
#3310=CARTESIAN_POINT('',(-0.06483594312455,0.134206,0.121917859326846));
#3311=CARTESIAN_POINT('',(-0.0619616150707943,0.134206,0.121917859326846));
#3312=CARTESIAN_POINT('',(-0.0619616150707943,0.134206,0.121917859326846));
#3313=CARTESIAN_POINT('',(-0.06483594312455,0.134206,0.121917859326846));
#3314=CARTESIAN_POINT('',(-0.0567668886489081,0.134206,0.11438092628149));
#3315=CARTESIAN_POINT('',(-0.0515721622270218,0.134206,0.106843993236133));
#3316=CARTESIAN_POINT('',(-0.0515721622270218,0.134206,0.106843993236133));
#3317=CARTESIAN_POINT('',(-0.0567668886489081,0.134206,0.11438092628149));
#3318=CARTESIAN_POINT('',(-0.0462291396688265,0.134206,0.11438092628149));
#3319=CARTESIAN_POINT('',(-0.0408861171106311,0.134206,0.121917859326846));
#3320=CARTESIAN_POINT('',(-0.0408861171106311,0.134206,0.121917859326846));
#3321=CARTESIAN_POINT('',(-0.0462291396688265,0.134206,0.11438092628149));
#3322=CARTESIAN_POINT('',(-0.0380117890568754,0.134206,0.121917859326846));
#3323=CARTESIAN_POINT('',(-0.0351374610031197,0.134206,0.121917859326846));
#3324=CARTESIAN_POINT('',(-0.0351374610031197,0.134206,0.121917859326846));
#3325=CARTESIAN_POINT('',(-0.0380117890568754,0.134206,0.121917859326846));
#3326=CARTESIAN_POINT('',(-0.0418849352051835,0.134206,0.112692967318207));
#3327=CARTESIAN_POINT('',(-0.0486324094072474,0.134206,0.103468075309568));
#3328=CARTESIAN_POINT('',(-0.0486324094072474,0.134206,0.103468075309568));
#3329=CARTESIAN_POINT('',(-0.0418849352051835,0.134206,0.112692967318207));
#3330=CARTESIAN_POINT('',(-0.0413266438684905,0.134206,0.0934886176661791));
#3331=CARTESIAN_POINT('',(-0.0340208783297336,0.134206,0.0835091600227905));
#3332=CARTESIAN_POINT('',(-0.0340208783297336,0.134206,0.0835091600227905));
#3333=CARTESIAN_POINT('',(-0.0413266438684905,0.134206,0.0934886176661791));
#3334=CARTESIAN_POINT('',(-0.0368952063834893,0.134206,0.0835091600227905));
#3335=CARTESIAN_POINT('',(-0.039769534437245,0.134206,0.0835091600227905));
#3336=CARTESIAN_POINT('',(-0.039769534437245,0.134206,0.0835091600227905));
#3337=CARTESIAN_POINT('',(-0.0368952063834893,0.134206,0.0835091600227905));
#3338=CARTESIAN_POINT('',(-0.0456577633789297,0.134206,0.0919053383285261));
#3339=CARTESIAN_POINT('',(-0.0456577633789297,0.134206,0.0919053383285261));
#3340=CARTESIAN_POINT('',(0.,0.134206,0.00357435915900672));
#3341=CARTESIAN_POINT('',(-0.0123696424286057,0.134206,0.0829595919882333));
#3342=CARTESIAN_POINT('',(-0.0123696424286057,0.137,0.0829595919882333));
#3343=CARTESIAN_POINT('',(-0.00922925365970722,0.134206,0.0829595919882333));
#3344=CARTESIAN_POINT('',(-0.00922925365970722,0.137,0.0829595919882333));
#3345=CARTESIAN_POINT('',(-0.00648722902167827,0.134206,0.0835324221618194));
#3346=CARTESIAN_POINT('',(-0.00648722902167827,0.137,0.0835324221618194));
#3347=CARTESIAN_POINT('',(-0.00414356851451885,0.134206,0.0846780825089916));
#3348=CARTESIAN_POINT('',(-0.00414356851451885,0.137,0.0846780825089916));
#3349=CARTESIAN_POINT('',(-0.0123696424286057,0.134206,0.0829595919882333));
#3350=CARTESIAN_POINT('',(-0.0123696424286057,0.134206,0.0829595919882333));
#3351=CARTESIAN_POINT('',(-0.0123696424286057,0.134206,0.0829595919882333));
#3352=CARTESIAN_POINT('',(-0.00765905927525798,0.134206,0.0829595919882333));
#3353=CARTESIAN_POINT('',(-0.00414356851451885,0.134206,0.0846780825089916));
#3354=CARTESIAN_POINT('',(-0.00414356851451885,0.134206,0.0846780825089916));
#3355=CARTESIAN_POINT('',(-0.00414356851451885,0.134206,0.0846780825089916));
#3356=CARTESIAN_POINT('',(-0.0208923086153107,0.134206,0.0847478689260783));
#3357=CARTESIAN_POINT('',(-0.0208923086153107,0.137,0.0847478689260783));
#3358=CARTESIAN_POINT('',(-0.0184846772258219,0.134206,0.0835556843008483));
#3359=CARTESIAN_POINT('',(-0.0184846772258219,0.137,0.0835556843008483));
#3360=CARTESIAN_POINT('',(-0.0156437884969202,0.134206,0.0829595919882333));
#3361=CARTESIAN_POINT('',(-0.0156437884969202,0.137,0.0829595919882333));
#3362=CARTESIAN_POINT('',(-0.0123696424286057,0.134206,0.0829595919882333));
#3363=CARTESIAN_POINT('',(-0.0123696424286057,0.137,0.0829595919882333));
#3364=CARTESIAN_POINT('',(-0.0208923086153107,0.134206,0.0847478689260783));
#3365=CARTESIAN_POINT('',(-0.0208923086153107,0.134206,0.0847478689260783));
#3366=CARTESIAN_POINT('',(-0.0208923086153107,0.134206,0.0847478689260783));
#3367=CARTESIAN_POINT('',(-0.0172808615310775,0.134206,0.0829595919882333));
#3368=CARTESIAN_POINT('',(-0.0123696424286057,0.134206,0.0829595919882333));
#3369=CARTESIAN_POINT('',(-0.0264795836333093,0.134206,0.089916425441557));
#3370=CARTESIAN_POINT('',(-0.0264795836333093,0.137,0.089916425441557));
#3371=CARTESIAN_POINT('',(-0.0251623650107991,0.134206,0.0876629057231345));
#3372=CARTESIAN_POINT('',(-0.0251623650107991,0.137,0.0876629057231345));
#3373=CARTESIAN_POINT('',(-0.0232999400047996,0.134206,0.0859400535513082));
#3374=CARTESIAN_POINT('',(-0.0232999400047996,0.137,0.0859400535513082));
#3375=CARTESIAN_POINT('',(-0.0208923086153107,0.134206,0.0847478689260783));
#3376=CARTESIAN_POINT('',(-0.0208923086153107,0.137,0.0847478689260783));
#3377=CARTESIAN_POINT('',(-0.0264795836333093,0.134206,0.089916425441557));
#3378=CARTESIAN_POINT('',(-0.0264795836333093,0.134206,0.089916425441557));
#3379=CARTESIAN_POINT('',(-0.0264795836333093,0.134206,0.089916425441557));
#3380=CARTESIAN_POINT('',(-0.024503755699544,0.134206,0.0865361458639232));
#3381=CARTESIAN_POINT('',(-0.0208923086153107,0.134206,0.0847478689260783));
#3382=CARTESIAN_POINT('',(-0.0284554115670747,0.134206,0.0979549483597236));
#3383=CARTESIAN_POINT('',(-0.0284554115670747,0.137,0.0979549483597236));
#3384=CARTESIAN_POINT('',(-0.0284554115670747,0.134206,0.0948494527993684));
#3385=CARTESIAN_POINT('',(-0.0284554115670747,0.137,0.0948494527993684));
#3386=CARTESIAN_POINT('',(-0.0277968022558196,0.134206,0.0921699451599795));
#3387=CARTESIAN_POINT('',(-0.0277968022558196,0.137,0.0921699451599795));
#3388=CARTESIAN_POINT('',(-0.0264795836333093,0.134206,0.089916425441557));
#3389=CARTESIAN_POINT('',(-0.0264795836333093,0.137,0.089916425441557));
#3390=CARTESIAN_POINT('',(-0.0284554115670747,0.134206,0.0979549483597236));
#3391=CARTESIAN_POINT('',(-0.0284554115670747,0.134206,0.0979549483597236));
#3392=CARTESIAN_POINT('',(-0.0284554115670747,0.134206,0.0979549483597236));
#3393=CARTESIAN_POINT('',(-0.0284554115670747,0.134206,0.0932967050191908));
#3394=CARTESIAN_POINT('',(-0.0264795836333093,0.134206,0.089916425441557));
#3395=CARTESIAN_POINT('',(-0.0284554115670747,0.134206,0.109936403843285));
#3396=CARTESIAN_POINT('',(-0.0284554115670747,0.134206,0.121917859326846));
#3397=CARTESIAN_POINT('',(-0.0284554115670747,0.134206,0.121917859326846));
#3398=CARTESIAN_POINT('',(-0.0284554115670747,0.134206,0.109936403843285));
#3399=CARTESIAN_POINT('',(-0.0258645908327334,0.134206,0.121917859326846));
#3400=CARTESIAN_POINT('',(-0.0232737700983921,0.134206,0.121917859326846));
#3401=CARTESIAN_POINT('',(-0.0232737700983921,0.134206,0.121917859326846));
#3402=CARTESIAN_POINT('',(-0.0258645908327334,0.134206,0.121917859326846));
#3403=CARTESIAN_POINT('',(-0.0232737700983921,0.134206,0.110089061630662));
#3404=CARTESIAN_POINT('',(-0.0232737700983921,0.134206,0.0982602639344776));
#3405=CARTESIAN_POINT('',(-0.0232737700983921,0.134206,0.0982602639344776));
#3406=CARTESIAN_POINT('',(-0.0232737700983921,0.134206,0.110089061630662));
#3407=CARTESIAN_POINT('',(-0.0203994420446364,0.134206,0.0900123817650512));
#3408=CARTESIAN_POINT('',(-0.0203994420446364,0.137,0.0900123817650512));
#3409=CARTESIAN_POINT('',(-0.0223156607471402,0.134206,0.0918937072590117));
#3410=CARTESIAN_POINT('',(-0.0223156607471402,0.137,0.0918937072590117));
#3411=CARTESIAN_POINT('',(-0.0232737700983921,0.134206,0.0946430013154871));
#3412=CARTESIAN_POINT('',(-0.0232737700983921,0.137,0.0946430013154871));
#3413=CARTESIAN_POINT('',(-0.0232737700983921,0.134206,0.0982602639344776));
#3414=CARTESIAN_POINT('',(-0.0232737700983921,0.137,0.0982602639344776));
#3415=CARTESIAN_POINT('',(-0.0203994420446364,0.134206,0.0900123817650512));
#3416=CARTESIAN_POINT('',(-0.0203994420446364,0.134206,0.0900123817650512));
#3417=CARTESIAN_POINT('',(-0.0203994420446364,0.134206,0.0900123817650512));
#3418=CARTESIAN_POINT('',(-0.0232737700983921,0.134206,0.0928343700059919));
#3419=CARTESIAN_POINT('',(-0.0232737700983921,0.134206,0.0982602639344776));
#3420=CARTESIAN_POINT('',(-0.0123434725221982,0.134206,0.0871903935241104));
#3421=CARTESIAN_POINT('',(-0.0123434725221982,0.137,0.0871903935241104));
#3422=CARTESIAN_POINT('',(-0.0157979001679865,0.134206,0.0871903935241104));
#3423=CARTESIAN_POINT('',(-0.0157979001679865,0.137,0.0871903935241104));
#3424=CARTESIAN_POINT('',(-0.0184832233421326,0.134206,0.0881310562710907));
#3425=CARTESIAN_POINT('',(-0.0184832233421326,0.137,0.0881310562710907));
#3426=CARTESIAN_POINT('',(-0.0203994420446364,0.134206,0.0900123817650512));
#3427=CARTESIAN_POINT('',(-0.0203994420446364,0.137,0.0900123817650512));
#3428=CARTESIAN_POINT('',(-0.0123434725221982,0.134206,0.0871903935241104));
#3429=CARTESIAN_POINT('',(-0.0123434725221982,0.134206,0.0871903935241104));
#3430=CARTESIAN_POINT('',(-0.0123434725221982,0.134206,0.0871903935241104));
#3431=CARTESIAN_POINT('',(-0.0175251139908807,0.134206,0.0871903935241104));
#3432=CARTESIAN_POINT('',(-0.0203994420446364,0.134206,0.0900123817650512));
#3433=CARTESIAN_POINT('',(-0.00463207343412528,0.134206,0.089916425441557));
#3434=CARTESIAN_POINT('',(-0.00463207343412528,0.137,0.089916425441557));
#3435=CARTESIAN_POINT('',(-0.00641162706983442,0.134206,0.0880990708299259));
#3436=CARTESIAN_POINT('',(-0.00641162706983442,0.137,0.0880990708299259));
#3437=CARTESIAN_POINT('',(-0.0089820934325254,0.134206,0.0871903935241104));
#3438=CARTESIAN_POINT('',(-0.0089820934325254,0.137,0.0871903935241104));
#3439=CARTESIAN_POINT('',(-0.0123434725221982,0.134206,0.0871903935241104));
#3440=CARTESIAN_POINT('',(-0.0123434725221982,0.137,0.0871903935241104));
#3441=CARTESIAN_POINT('',(-0.00463207343412528,0.134206,0.089916425441557));
#3442=CARTESIAN_POINT('',(-0.00463207343412528,0.134206,0.089916425441557));
#3443=CARTESIAN_POINT('',(-0.00463207343412528,0.134206,0.089916425441557));
#3444=CARTESIAN_POINT('',(-0.00730140388768899,0.134206,0.0871903935241104));
#3445=CARTESIAN_POINT('',(-0.0123434725221982,0.134206,0.0871903935241104));
#3446=CARTESIAN_POINT('',(-0.00196274298056157,0.134206,0.0979026085469086));
#3447=CARTESIAN_POINT('',(-0.00196274298056157,0.137,0.0979026085469086));
#3448=CARTESIAN_POINT('',(-0.00196274298056157,0.134206,0.0943958410883053));
#3449=CARTESIAN_POINT('',(-0.00196274298056157,0.137,0.0943958410883053));
#3450=CARTESIAN_POINT('',(-0.00285251979841614,0.134206,0.0917337800531881));
#3451=CARTESIAN_POINT('',(-0.00285251979841614,0.137,0.0917337800531881));
#3452=CARTESIAN_POINT('',(-0.00463207343412528,0.134206,0.089916425441557));
#3453=CARTESIAN_POINT('',(-0.00463207343412528,0.137,0.089916425441557));
#3454=CARTESIAN_POINT('',(-0.00196274298056157,0.134206,0.0979026085469086));
#3455=CARTESIAN_POINT('',(-0.00196274298056157,0.134206,0.0979026085469086));
#3456=CARTESIAN_POINT('',(-0.00196274298056157,0.134206,0.0979026085469086));
#3457=CARTESIAN_POINT('',(-0.00196274298056157,0.134206,0.0926424573590036));
#3458=CARTESIAN_POINT('',(-0.00463207343412528,0.134206,0.089916425441557));
#3459=CARTESIAN_POINT('',(-0.00196274298056157,0.134206,0.109910233936877));
#3460=CARTESIAN_POINT('',(-0.00196274298056157,0.134206,0.121917859326846));
#3461=CARTESIAN_POINT('',(-0.00196274298056157,0.134206,0.121917859326846));
#3462=CARTESIAN_POINT('',(-0.00196274298056157,0.134206,0.109910233936877));
#3463=CARTESIAN_POINT('',(0.000641162706983431,0.134206,0.121917859326846));
#3464=CARTESIAN_POINT('',(0.00324506839452843,0.134206,0.121917859326846));
#3465=CARTESIAN_POINT('',(0.00324506839452843,0.134206,0.121917859326846));
#3466=CARTESIAN_POINT('',(0.000641162706983431,0.134206,0.121917859326846));
#3467=CARTESIAN_POINT('',(0.00324506839452843,0.134206,0.109692151383482));
#3468=CARTESIAN_POINT('',(0.00324506839452843,0.134206,0.0974664434401171));
#3469=CARTESIAN_POINT('',(0.00324506839452843,0.134206,0.0974664434401171));
#3470=CARTESIAN_POINT('',(0.00324506839452843,0.134206,0.109692151383482));
#3471=CARTESIAN_POINT('',(0.00130849532037436,0.134206,0.0896678113306859));
#3472=CARTESIAN_POINT('',(0.00130849532037436,0.137,0.0896678113306859));
#3473=CARTESIAN_POINT('',(0.00259954403647707,0.134206,0.0918486368646432));
#3474=CARTESIAN_POINT('',(0.00259954403647707,0.137,0.0918486368646432));
#3475=CARTESIAN_POINT('',(0.00324506839452843,0.134206,0.0944481809011202));
#3476=CARTESIAN_POINT('',(0.00324506839452843,0.137,0.0944481809011202));
#3477=CARTESIAN_POINT('',(0.00324506839452843,0.134206,0.0974664434401171));
#3478=CARTESIAN_POINT('',(0.00324506839452843,0.137,0.0974664434401171));
#3479=CARTESIAN_POINT('',(0.00130849532037436,0.134206,0.0896678113306859));
#3480=CARTESIAN_POINT('',(0.00130849532037436,0.134206,0.0896678113306859));
#3481=CARTESIAN_POINT('',(0.00130849532037436,0.134206,0.0896678113306859));
#3482=CARTESIAN_POINT('',(0.00324506839452843,0.134206,0.0929390496316218));
#3483=CARTESIAN_POINT('',(0.00324506839452843,0.134206,0.0974664434401171));
#3484=CARTESIAN_POINT('',(-0.00414356851451885,0.134206,0.0846780825089916));
#3485=CARTESIAN_POINT('',(-0.00414356851451885,0.137,0.0846780825089916));
#3486=CARTESIAN_POINT('',(-0.00179990800735942,0.134206,0.0858237428561639));
#3487=CARTESIAN_POINT('',(-0.00179990800735942,0.137,0.0858237428561639));
#3488=CARTESIAN_POINT('',(1.74466042716466E-5,0.134206,0.0874869857967286));
#3489=CARTESIAN_POINT('',(1.74466042716466E-5,0.137,0.0874869857967286));
#3490=CARTESIAN_POINT('',(0.00130849532037436,0.134206,0.0896678113306859));
#3491=CARTESIAN_POINT('',(0.00130849532037436,0.137,0.0896678113306859));
#3492=CARTESIAN_POINT('',(-0.00414356851451885,0.134206,0.0846780825089916));
#3493=CARTESIAN_POINT('',(-0.00062807775377971,0.134206,0.08639657302975));
#3494=CARTESIAN_POINT('',(0.00130849532037436,0.134206,0.0896678113306859));
#3495=CARTESIAN_POINT('',(0.,0.134206,0.00357435915900672));
#3496=CARTESIAN_POINT('',(0.0340208783297336,0.134206,0.102713509674818));
#3497=CARTESIAN_POINT('',(0.0340208783297336,0.134206,0.0835091600227905));
#3498=CARTESIAN_POINT('',(0.0340208783297336,0.134206,0.0835091600227905));
#3499=CARTESIAN_POINT('',(0.0340208783297336,0.134206,0.102713509674818));
#3500=CARTESIAN_POINT('',(0.0340208783297336,0.134206,0.121917859326846));
#3501=CARTESIAN_POINT('',(0.0340208783297336,0.134206,0.121917859326846));
#3502=CARTESIAN_POINT('',(0.0217122990160787,0.134206,0.0835091600227905));
#3503=CARTESIAN_POINT('',(0.00940371970242379,0.134206,0.0835091600227905));
#3504=CARTESIAN_POINT('',(0.00940371970242379,0.134206,0.0835091600227905));
#3505=CARTESIAN_POINT('',(0.0217122990160787,0.134206,0.0835091600227905));
#3506=CARTESIAN_POINT('',(0.00940371970242379,0.134206,0.0856376457439328));
#3507=CARTESIAN_POINT('',(0.00940371970242379,0.134206,0.0877661314650752));
#3508=CARTESIAN_POINT('',(0.00940371970242379,0.134206,0.0877661314650752));
#3509=CARTESIAN_POINT('',(0.00940371970242379,0.134206,0.0856376457439328));
#3510=CARTESIAN_POINT('',(0.0191083933285337,0.134206,0.0877661314650751));
#3511=CARTESIAN_POINT('',(0.0288130669546436,0.134206,0.0877661314650751));
#3512=CARTESIAN_POINT('',(0.0288130669546436,0.134206,0.0877661314650751));
#3513=CARTESIAN_POINT('',(0.0191083933285337,0.134206,0.0877661314650751));
#3514=CARTESIAN_POINT('',(0.0288130669546436,0.134206,0.104841995395961));
#3515=CARTESIAN_POINT('',(0.0288130669546436,0.134206,0.121917859326846));
#3516=CARTESIAN_POINT('',(0.0288130669546436,0.134206,0.121917859326846));
#3517=CARTESIAN_POINT('',(0.0288130669546436,0.134206,0.104841995395961));
#3518=CARTESIAN_POINT('',(0.0314169726421886,0.134206,0.121917859326846));
#3519=CARTESIAN_POINT('',(0.0314169726421886,0.134206,0.121917859326846));
#3520=CARTESIAN_POINT('',(0.,0.134206,0.00357435915900672));
#3521=CARTESIAN_POINT('',(0.0629124550035997,0.134206,0.110525226737453));
#3522=CARTESIAN_POINT('',(0.0629124550035997,0.134206,0.117669611186697));
#3523=CARTESIAN_POINT('',(0.0629124550035997,0.134206,0.117669611186697));
#3524=CARTESIAN_POINT('',(0.0629124550035997,0.134206,0.110525226737453));
#3525=CARTESIAN_POINT('',(0.0629124550035997,0.134206,0.103380842288209));
#3526=CARTESIAN_POINT('',(0.0629124550035997,0.134206,0.103380842288209));
#3527=CARTESIAN_POINT('',(0.0518731161507079,0.134206,0.117669611186697));
#3528=CARTESIAN_POINT('',(0.0408337772978161,0.134206,0.117669611186697));
#3529=CARTESIAN_POINT('',(0.0408337772978161,0.134206,0.117669611186697));
#3530=CARTESIAN_POINT('',(0.0518731161507079,0.134206,0.117669611186697));
#3531=CARTESIAN_POINT('',(0.0408337772978161,0.134206,0.119793735256772));
#3532=CARTESIAN_POINT('',(0.0408337772978161,0.134206,0.121917859326846));
#3533=CARTESIAN_POINT('',(0.0408337772978161,0.134206,0.121917859326846));
#3534=CARTESIAN_POINT('',(0.0408337772978161,0.134206,0.119793735256772));
#3535=CARTESIAN_POINT('',(0.0544770218382529,0.134206,0.121917859326846));
#3536=CARTESIAN_POINT('',(0.0681202663786896,0.134206,0.121917859326846));
#3537=CARTESIAN_POINT('',(0.0681202663786896,0.134206,0.121917859326846));
#3538=CARTESIAN_POINT('',(0.0544770218382529,0.134206,0.121917859326846));
#3539=CARTESIAN_POINT('',(0.0681202663786896,0.134206,0.102713509674818));
#3540=CARTESIAN_POINT('',(0.0681202663786896,0.134206,0.0835091600227905));
#3541=CARTESIAN_POINT('',(0.0681202663786896,0.134206,0.0835091600227905));
#3542=CARTESIAN_POINT('',(0.0681202663786896,0.134206,0.102713509674818));
#3543=CARTESIAN_POINT('',(0.0655163606911447,0.134206,0.0835091600227905));
#3544=CARTESIAN_POINT('',(0.0629124550035997,0.134206,0.0835091600227905));
#3545=CARTESIAN_POINT('',(0.0629124550035997,0.134206,0.0835091600227905));
#3546=CARTESIAN_POINT('',(0.0655163606911447,0.134206,0.0835091600227905));
#3547=CARTESIAN_POINT('',(0.0629124550035997,0.134206,0.0912903455279501));
#3548=CARTESIAN_POINT('',(0.0629124550035997,0.134206,0.0990715310331097));
#3549=CARTESIAN_POINT('',(0.0629124550035997,0.134206,0.0990715310331097));
#3550=CARTESIAN_POINT('',(0.0629124550035997,0.134206,0.0912903455279501));
#3551=CARTESIAN_POINT('',(0.0522002399808015,0.134206,0.0990715310331097));
#3552=CARTESIAN_POINT('',(0.0414880249580033,0.134206,0.0990715310331097));
#3553=CARTESIAN_POINT('',(0.0414880249580033,0.134206,0.0990715310331097));
#3554=CARTESIAN_POINT('',(0.0522002399808015,0.134206,0.0990715310331097));
#3555=CARTESIAN_POINT('',(0.0414880249580033,0.134206,0.101226186660659));
#3556=CARTESIAN_POINT('',(0.0414880249580033,0.134206,0.103380842288209));
#3557=CARTESIAN_POINT('',(0.0414880249580033,0.134206,0.103380842288209));
#3558=CARTESIAN_POINT('',(0.0414880249580033,0.134206,0.101226186660659));
#3559=CARTESIAN_POINT('',(0.0522002399808015,0.134206,0.103380842288209));
#3560=CARTESIAN_POINT('',(0.0522002399808015,0.134206,0.103380842288209));
#3561=CARTESIAN_POINT('',(0.,0.134206,0.00357435915900672));
#3562=CARTESIAN_POINT('',(0.,0.,0.));
#3563=CARTESIAN_POINT('',(0.0972309061408115,-0.0189159739526771,0.00502914366531373));
#3564=CARTESIAN_POINT('',(0.0983058498695713,-0.0178410302239173,-0.134239056334686));
#3565=CARTESIAN_POINT('',(0.100766440046744,-0.0153804400467444,-0.134239056334686));
#3566=CARTESIAN_POINT('',(0.0989986730937779,-0.0171482069997108,-0.137578068164554));
#3567=CARTESIAN_POINT('',(0.0996914963179845,-0.0164553837755041,-0.134239056334686));
#3568=CARTESIAN_POINT('',(0.0972309061408115,-0.0189159739526771,-0.134239056334686));
#3569=CARTESIAN_POINT('',(0.0972309061408115,-0.0189159739526771,0.00502914366531373));
#3570=CARTESIAN_POINT('',(0.0972309061408115,-0.0189159739526771,0.142697143665314));
#3571=CARTESIAN_POINT('',(0.100823008589239,-0.0153238715042495,0.147777143665314));
#3572=CARTESIAN_POINT('',(0.100766440046744,-0.0153804400467444,0.147697143665314));
#3573=CARTESIAN_POINT('',(0.100766440046744,-0.0153804400467444,0.00502914366531373));
#3574=CARTESIAN_POINT('',(0.200036878214811,-0.121721946026677,0.00502914366531373));
#3575=CARTESIAN_POINT('',(0.200036878214811,-0.121721946026677,0.00502914366531373));
#3576=CARTESIAN_POINT('',(0.200036878214811,-0.121721946026677,0.142697143665314));
#3577=CARTESIAN_POINT('',(0.200036878214811,-0.121721946026677,-0.134239056334686));
#3578=CARTESIAN_POINT('',(0.202497468391984,-0.119261355849504,-0.134239056334686));
#3579=CARTESIAN_POINT('',(0.201804645167778,-0.11995417907371,-0.137578068164554));
#3580=CARTESIAN_POINT('',(0.201111821943571,-0.120647002297917,-0.134239056334686));
#3581=CARTESIAN_POINT('',(0.203572412120744,-0.118186412120744,-0.134239056334686));
#3582=CARTESIAN_POINT('',(0.203572412120744,-0.118186412120744,0.00502914366531373));
#3583=CARTESIAN_POINT('',(0.203572412120744,-0.118186412120744,0.147697143665314));
#3584=CARTESIAN_POINT('',(0.151363890038616,-0.170394934202871,0.0738631436653136));
#3585=CARTESIAN_POINT('',(0.00338536235081652,0.0749295698373181,0.054828238099993));
#3586=CARTESIAN_POINT('',(0.200036878214811,-0.121721946026677,-0.134239056334686));
#3587=CARTESIAN_POINT('',(0.00338536235081652,0.0749295698373181,0.142697143665314));
#3588=CARTESIAN_POINT('',(0.00692089625674927,0.0784651037432508,0.054828238099993));
#3589=CARTESIAN_POINT('',(0.00692089625674927,0.0784651037432508,-0.134239056334686));
#3590=CARTESIAN_POINT('',(0.152169426083744,-0.0667834260837442,0.147697143665314));
#3591=CARTESIAN_POINT('',(0.152225994626239,-0.0667268575412493,0.147777143665314));
#3592=CARTESIAN_POINT('',(0.149708835906571,-0.0692440162609172,-0.134239056334686));
#3593=CARTESIAN_POINT('',(0.150401659130777,-0.0685511930367106,-0.137578068164554));
#3594=CARTESIAN_POINT('',(0.00584595252798947,0.077390160014491,-0.134239056334686));
#3595=CARTESIAN_POINT('',(0.,0.,0.));
#3596=CARTESIAN_POINT('',(0.14951967818359,-0.10409924961288,0.201054958769514));
#3597=CARTESIAN_POINT('',(0.14951967818359,-0.10409924961288,0.201054958769514));
#3598=CARTESIAN_POINT('',(0.159199663188331,-0.113666236460209,0.201054958769514));
#3599=CARTESIAN_POINT('',(0.156717747921859,-0.111213293537374,0.201054958769514));
#3600=CARTESIAN_POINT('',(0.156717747921859,-0.111213293537374,0.201054958769514));
#3601=CARTESIAN_POINT('',(0.156717747921859,-0.111213293537374,0.198565758769514));
#3602=CARTESIAN_POINT('',(0.14951967818359,-0.10409924961288,0.198565758769514));
#3603=CARTESIAN_POINT('',(0.159199663188331,-0.113666236460209,0.198565758769514));
#3604=CARTESIAN_POINT('',(0.159199663188331,-0.113666236460209,0.201054958769514));
#3605=CARTESIAN_POINT('',(0.00158612430095667,0.0776035206695203,0.198565758769514));
#3606=CARTESIAN_POINT('',(0.159094515173275,-0.111213293537374,0.198565758769514));
#3607=CARTESIAN_POINT('',(0.16147128242469,-0.111213293537374,0.198565758769514));
#3608=CARTESIAN_POINT('',(-0.0128744185141977,0.0631439338121864,0.198565758769514));
#3609=CARTESIAN_POINT('',(0.168319965591215,-0.118062429486699,0.198565758769514));
#3610=CARTESIAN_POINT('',(-2.18247392695242E-5,-0.118040386787004,0.198565758769514));
#3611=CARTESIAN_POINT('',(-0.168362284094591,-0.118018344261586,0.198565758769514));
#3612=CARTESIAN_POINT('',(0.0144931748635277,0.0646857790697041,0.198565758769514));
#3613=CARTESIAN_POINT('',(-0.0655128191133904,-0.015254,0.198565758769514));
#3614=CARTESIAN_POINT('',(0.00635,-0.015254,0.198565758769514));
#3615=CARTESIAN_POINT('',(0.0655183325659922,-0.015254,0.198565758769514));
#3616=CARTESIAN_POINT('',(-0.0128744185141977,0.0631439338121864,0.198565758769514));
#3617=CARTESIAN_POINT('',(0.155790627214551,-0.105532262765551,0.198565758769514));
#3618=CARTESIAN_POINT('',(0.153380122119997,-0.105532262765551,0.198565758769514));
#3619=CARTESIAN_POINT('',(0.150969617025445,-0.105532262765551,0.198565758769514));
#3620=CARTESIAN_POINT('',(0.14951967818359,-0.10409924961288,0.198565758769514));
#3621=CARTESIAN_POINT('',(0.148069739341736,-0.102666236460209,0.198565758769514));
#3622=CARTESIAN_POINT('',(-3.77520918846131E-5,-0.102666236460209,0.198565758769514));
#3623=CARTESIAN_POINT('',(-0.148145243525505,-0.102666236460209,0.198565758769514));
#3624=CARTESIAN_POINT('',(-0.153707399964333,-0.108166236460209,0.198565758769514));
#3625=CARTESIAN_POINT('',(-0.15926955640316,-0.113666236460209,0.198565758769514));
#3626=CARTESIAN_POINT('',(-3.49466074146543E-5,-0.113666236460209,0.198565758769514));
#3627=CARTESIAN_POINT('',(0.0777021347217612,-0.0202541652727756,0.203645758769514));
#3628=CARTESIAN_POINT('',(0.108021175944382,-0.111213293537374,0.160769576727457));
#3629=CARTESIAN_POINT('',(0.164991426467355,-0.111213293537374,0.201054958769514));
#3630=CARTESIAN_POINT('',(0.0758701019180355,-0.0220860769644444,0.201054958769514));
#3631=CARTESIAN_POINT('',(0.159310771257214,-0.105532262765551,0.201054958769514));
#3632=CARTESIAN_POINT('',(0.106127540754115,-0.105532262765551,0.163447492778396));
#3633=CARTESIAN_POINT('',(0.0260736467540575,-0.015254,0.170673232005532));
#3634=CARTESIAN_POINT('',(0.0725891666545826,-0.015254,0.203565758769513));
#3635=CARTESIAN_POINT('',(0.0776455643094183,-0.0203107319453607,0.203565758769513));
#3636=CARTESIAN_POINT('',(0.175391725595924,-0.118063355464033,0.203565758769513));
#3637=CARTESIAN_POINT('',(0.0560847812731644,-0.11804773339455,0.119211266929214));
#3638=CARTESIAN_POINT('',(0.00635,-0.015254,0.198565758769514));
#3639=CARTESIAN_POINT('',(0.00635,-0.015254,0.203565758769513));
#3640=CARTESIAN_POINT('',(-0.0725868160490297,-0.015254,0.203565758769513));
#3641=CARTESIAN_POINT('',(-0.0175910471588867,-0.015254,0.164693979921921));
#3642=CARTESIAN_POINT('',(-2.18247392695242E-5,-0.118040386787004,0.198565758769514));
#3643=CARTESIAN_POINT('',(-2.18247392695242E-5,-0.118040386787004,0.203565758769513));
#3644=CARTESIAN_POINT('',(-0.175435354114225,-0.118017418112719,0.203565758769513));
#3645=CARTESIAN_POINT('',(-0.056114130466859,-0.118033042051938,0.119216796214257));
#3646=CARTESIAN_POINT('',(0.00158612430095667,0.0776035206695203,0.203565758769513));
#3647=CARTESIAN_POINT('',(-0.129071789475144,-0.07169222508779,0.203565758769513));
#3648=CARTESIAN_POINT('',(-0.129128334594351,-0.0716356331317026,0.203645758769514));
#3649=CARTESIAN_POINT('',(-0.153707399964333,-0.108166236460209,0.201054958769514));
#3650=CARTESIAN_POINT('',(-0.148145243525505,-0.102666236460209,0.201054958769514));
#3651=CARTESIAN_POINT('',(-0.148145243525505,-0.102666236460209,0.201054958769514));
#3652=CARTESIAN_POINT('',(-0.153707399964333,-0.108166236460209,0.201054958769514));
#3653=CARTESIAN_POINT('',(-0.15926955640316,-0.113666236460209,0.201054958769514));
#3654=CARTESIAN_POINT('',(-0.15926955640316,-0.113666236460209,0.201054958769514));
#3655=CARTESIAN_POINT('',(-3.77520918846131E-5,-0.102666236460209,0.201054958769514));
#3656=CARTESIAN_POINT('',(0.148069739341736,-0.102666236460209,0.201054958769514));
#3657=CARTESIAN_POINT('',(0.148069739341736,-0.102666236460209,0.201054958769514));
#3658=CARTESIAN_POINT('',(-3.77520918846131E-5,-0.102666236460209,0.201054958769514));
#3659=CARTESIAN_POINT('',(0.14951967818359,-0.10409924961288,0.201054958769514));
#3660=CARTESIAN_POINT('',(0.150969617025445,-0.105532262765551,0.201054958769514));
#3661=CARTESIAN_POINT('',(0.150969617025445,-0.105532262765551,0.201054958769514));
#3662=CARTESIAN_POINT('',(0.14951967818359,-0.10409924961288,0.201054958769514));
#3663=CARTESIAN_POINT('',(-3.49466074146543E-5,-0.113666236460209,0.201054958769514));
#3664=CARTESIAN_POINT('',(-3.49466074146543E-5,-0.113666236460209,0.201054958769514));
#3665=CARTESIAN_POINT('',(0.00742293120622628,-0.0666582147433497,0.201054958769514));
#3666=CARTESIAN_POINT('',(0.153380122119997,-0.105532262765551,0.201054958769514));
#3667=CARTESIAN_POINT('',(0.159094515173275,-0.111213293537374,0.201054958769514));
#3668=CARTESIAN_POINT('',(0.159094515173275,-0.111213293537374,0.201054958769514));
#3669=CARTESIAN_POINT('',(0.153380122119997,-0.105532262765551,0.201054958769514));
#3670=CARTESIAN_POINT('',(0.,0.,0.));
#3671=CARTESIAN_POINT('',(-0.122251305033445,0.22939909696579,-0.0417182412304868));
#3672=CARTESIAN_POINT('',(-0.122251305033445,0.22939909696579,-0.0366382412304867));
#3673=CARTESIAN_POINT('',(-0.122251305033445,0.27939909696579,-0.0366382412304867));
#3674=CARTESIAN_POINT('',(-0.122251305033445,0.17939909696579,-0.0366382412304867));
#3675=CARTESIAN_POINT('',(-0.122251305033445,0.27939909696579,-0.0417182412304868));
#3676=CARTESIAN_POINT('',(-0.122251305033445,0.27939909696579,-0.0417182412304868));
#3677=CARTESIAN_POINT('',(-0.122251305033445,0.22939909696579,-0.0417182412304868));
#3678=CARTESIAN_POINT('',(-0.122251305033445,0.17939909696579,-0.0417182412304868));
#3679=CARTESIAN_POINT('',(-0.122251305033445,0.17939909696579,-0.0417182412304868));
#3680=CARTESIAN_POINT('',(-0.0722513050334453,0.27939909696579,-0.0417182412304868));
#3681=CARTESIAN_POINT('',(-0.0722513050334453,0.27939909696579,-0.0366382412304867));
#3682=CARTESIAN_POINT('',(-0.0222513050334453,0.27939909696579,-0.0366382412304867));
#3683=CARTESIAN_POINT('',(-0.0222513050334453,0.27939909696579,-0.0417182412304868));
#3684=CARTESIAN_POINT('',(-0.0222513050334453,0.27939909696579,-0.0417182412304868));
#3685=CARTESIAN_POINT('',(-0.0722513050334453,0.27939909696579,-0.0417182412304868));
#3686=CARTESIAN_POINT('',(-0.0222513050334453,0.22939909696579,-0.0417182412304868));
#3687=CARTESIAN_POINT('',(-0.0222513050334453,0.22939909696579,-0.0366382412304867));
#3688=CARTESIAN_POINT('',(-0.0222513050334453,0.17939909696579,-0.0366382412304867));
#3689=CARTESIAN_POINT('',(-0.0222513050334453,0.17939909696579,-0.0417182412304868));
#3690=CARTESIAN_POINT('',(-0.0222513050334453,0.17939909696579,-0.0417182412304868));
#3691=CARTESIAN_POINT('',(-0.0222513050334453,0.22939909696579,-0.0417182412304868));
#3692=CARTESIAN_POINT('',(-0.0722513050334453,0.22939909696579,-0.0417182412304868));
#3693=CARTESIAN_POINT('',(-0.0722513050334453,0.22939909696579,-0.0417182412304868));
#3694=CARTESIAN_POINT('',(-0.0722513050334453,0.26689909696579,-0.0417182412304868));
#3695=CARTESIAN_POINT('',(-0.0722513050334453,0.22939909696579,-0.0112382412304867));
#3696=CARTESIAN_POINT('',(-0.0722513050334453,0.26689909696579,-0.0112382412304867));
#3697=CARTESIAN_POINT('',(-0.0722513050334454,0.17939909696579,-0.0417182412304868));
#3698=CARTESIAN_POINT('',(-0.0722513050334454,0.17939909696579,-0.0366382412304867));
#3699=CARTESIAN_POINT('',(-0.0722513050334454,0.17939909696579,-0.0417182412304868));
#3700=CARTESIAN_POINT('',(-0.0703791592516877,0.0806683337395453,-0.0417182412304868));
#3701=CARTESIAN_POINT('',(-0.0703791592516877,0.0806683337395453,-0.0366382412304867));
#3702=CARTESIAN_POINT('',(-0.0722513050334454,0.22939909696579,-0.0366382412304867));
#3703=CARTESIAN_POINT('',(-0.0722513050334454,0.26839909696579,-0.0366382412304867));
#3704=CARTESIAN_POINT('',(-0.0722513050334454,0.22939909696579,-0.0112382412304867));
#3705=CARTESIAN_POINT('',(-0.0722513050334454,0.22939909696579,-0.0112382412304867));
#3706=CARTESIAN_POINT('',(-0.0722513050334454,0.26839909696579,-0.0112382412304867));
#3707=CARTESIAN_POINT('',(-0.0703791592516877,0.0806683337395453,-0.0112382412304867));
#3708=MECHANICAL_DESIGN_GEOMETRIC_PRESENTATION_REPRESENTATION('',(#2184),
#3713);
#3709=MECHANICAL_DESIGN_GEOMETRIC_PRESENTATION_REPRESENTATION('',(#2185),
#3714);
#3710=MECHANICAL_DESIGN_GEOMETRIC_PRESENTATION_REPRESENTATION('',(#2186),
#3715);
#3711=MECHANICAL_DESIGN_GEOMETRIC_PRESENTATION_REPRESENTATION('',(#2187),
#3716);
#3712=MECHANICAL_DESIGN_GEOMETRIC_PRESENTATION_REPRESENTATION('',(#2188),
#3717);
#3713=(
GEOMETRIC_REPRESENTATION_CONTEXT(3)
GLOBAL_UNCERTAINTY_ASSIGNED_CONTEXT((#3718))
GLOBAL_UNIT_ASSIGNED_CONTEXT((#3733,#3728,#3723))
REPRESENTATION_CONTEXT('Part 3','TOP_LEVEL_ASSEMBLY_PART')
);
#3714=(
GEOMETRIC_REPRESENTATION_CONTEXT(3)
GLOBAL_UNCERTAINTY_ASSIGNED_CONTEXT((#3719))
GLOBAL_UNIT_ASSIGNED_CONTEXT((#3734,#3729,#3724))
REPRESENTATION_CONTEXT('Part 1','TOP_LEVEL_ASSEMBLY_PART')
);
#3715=(
GEOMETRIC_REPRESENTATION_CONTEXT(3)
GLOBAL_UNCERTAINTY_ASSIGNED_CONTEXT((#3720))
GLOBAL_UNIT_ASSIGNED_CONTEXT((#3735,#3730,#3725))
REPRESENTATION_CONTEXT('Part 2','TOP_LEVEL_ASSEMBLY_PART')
);
#3716=(
GEOMETRIC_REPRESENTATION_CONTEXT(3)
GLOBAL_UNCERTAINTY_ASSIGNED_CONTEXT((#3721))
GLOBAL_UNIT_ASSIGNED_CONTEXT((#3736,#3731,#3726))
REPRESENTATION_CONTEXT('Part 4','TOP_LEVEL_ASSEMBLY_PART')
);
#3717=(
GEOMETRIC_REPRESENTATION_CONTEXT(3)
GLOBAL_UNCERTAINTY_ASSIGNED_CONTEXT((#3722))
GLOBAL_UNIT_ASSIGNED_CONTEXT((#3737,#3732,#3727))
REPRESENTATION_CONTEXT('Part 5','TOP_LEVEL_ASSEMBLY_PART')
);
#3718=UNCERTAINTY_MEASURE_WITH_UNIT(LENGTH_MEASURE(1.E-8),#3733,
'DISTANCE_ACCURACY_VALUE','Maximum Tolerance applied to model');
#3719=UNCERTAINTY_MEASURE_WITH_UNIT(LENGTH_MEASURE(2.E-5),#3734,
'DISTANCE_ACCURACY_VALUE','Maximum Tolerance applied to model');
#3720=UNCERTAINTY_MEASURE_WITH_UNIT(LENGTH_MEASURE(1.E-8),#3735,
'DISTANCE_ACCURACY_VALUE','Maximum Tolerance applied to model');
#3721=UNCERTAINTY_MEASURE_WITH_UNIT(LENGTH_MEASURE(1.E-8),#3736,
'DISTANCE_ACCURACY_VALUE','Maximum Tolerance applied to model');
#3722=UNCERTAINTY_MEASURE_WITH_UNIT(LENGTH_MEASURE(1.E-8),#3737,
'DISTANCE_ACCURACY_VALUE','Maximum Tolerance applied to model');
#3723=(
NAMED_UNIT(*)
SI_UNIT($,.STERADIAN.)
SOLID_ANGLE_UNIT()
);
#3724=(
NAMED_UNIT(*)
SI_UNIT($,.STERADIAN.)
SOLID_ANGLE_UNIT()
);
#3725=(
NAMED_UNIT(*)
SI_UNIT($,.STERADIAN.)
SOLID_ANGLE_UNIT()
);
#3726=(
NAMED_UNIT(*)
SI_UNIT($,.STERADIAN.)
SOLID_ANGLE_UNIT()
);
#3727=(
NAMED_UNIT(*)
SI_UNIT($,.STERADIAN.)
SOLID_ANGLE_UNIT()
);
#3728=(
NAMED_UNIT(*)
PLANE_ANGLE_UNIT()
SI_UNIT($,.RADIAN.)
);
#3729=(
NAMED_UNIT(*)
PLANE_ANGLE_UNIT()
SI_UNIT($,.RADIAN.)
);
#3730=(
NAMED_UNIT(*)
PLANE_ANGLE_UNIT()
SI_UNIT($,.RADIAN.)
);
#3731=(
NAMED_UNIT(*)
PLANE_ANGLE_UNIT()
SI_UNIT($,.RADIAN.)
);
#3732=(
NAMED_UNIT(*)
PLANE_ANGLE_UNIT()
SI_UNIT($,.RADIAN.)
);
#3733=(
LENGTH_UNIT()
NAMED_UNIT(*)
SI_UNIT($,.METRE.)
);
#3734=(
LENGTH_UNIT()
NAMED_UNIT(*)
SI_UNIT($,.METRE.)
);
#3735=(
LENGTH_UNIT()
NAMED_UNIT(*)
SI_UNIT($,.METRE.)
);
#3736=(
LENGTH_UNIT()
NAMED_UNIT(*)
SI_UNIT($,.METRE.)
);
#3737=(
LENGTH_UNIT()
NAMED_UNIT(*)
SI_UNIT($,.METRE.)
);
#3738=PRODUCT_DEFINITION_SHAPE('','',#3743);
#3739=PRODUCT_DEFINITION_SHAPE('','',#3744);
#3740=PRODUCT_DEFINITION_SHAPE('','',#3745);
#3741=PRODUCT_DEFINITION_SHAPE('','',#3746);
#3742=PRODUCT_DEFINITION_SHAPE('','',#3747);
#3743=PRODUCT_DEFINITION('','',#3753,#3748);
#3744=PRODUCT_DEFINITION('','',#3754,#3749);
#3745=PRODUCT_DEFINITION('','',#3755,#3750);
#3746=PRODUCT_DEFINITION('','',#3756,#3751);
#3747=PRODUCT_DEFINITION('','',#3757,#3752);
#3748=PRODUCT_DEFINITION_CONTEXT('',#3783,'design');
#3749=PRODUCT_DEFINITION_CONTEXT('',#3784,'design');
#3750=PRODUCT_DEFINITION_CONTEXT('',#3785,'design');
#3751=PRODUCT_DEFINITION_CONTEXT('',#3786,'design');
#3752=PRODUCT_DEFINITION_CONTEXT('',#3787,'design');
#3753=PRODUCT_DEFINITION_FORMATION_WITH_SPECIFIED_SOURCE('','',#3763,
 .NOT_KNOWN.);
#3754=PRODUCT_DEFINITION_FORMATION_WITH_SPECIFIED_SOURCE('','',#3764,
 .NOT_KNOWN.);
#3755=PRODUCT_DEFINITION_FORMATION_WITH_SPECIFIED_SOURCE('','',#3765,
 .NOT_KNOWN.);
#3756=PRODUCT_DEFINITION_FORMATION_WITH_SPECIFIED_SOURCE('','',#3766,
 .NOT_KNOWN.);
#3757=PRODUCT_DEFINITION_FORMATION_WITH_SPECIFIED_SOURCE('','',#3767,
 .NOT_KNOWN.);
#3758=PRODUCT_RELATED_PRODUCT_CATEGORY('','',(#3763));
#3759=PRODUCT_RELATED_PRODUCT_CATEGORY('','',(#3764));
#3760=PRODUCT_RELATED_PRODUCT_CATEGORY('','',(#3765));
#3761=PRODUCT_RELATED_PRODUCT_CATEGORY('','',(#3766));
#3762=PRODUCT_RELATED_PRODUCT_CATEGORY('','',(#3767));
#3763=PRODUCT('Part 3','Part 3','Part 3',(#3773));
#3764=PRODUCT('Part 1','Part 1','Part 1',(#3774));
#3765=PRODUCT('Part 2','Part 2','Part 2',(#3775));
#3766=PRODUCT('Part 4','Part 4','Part 4',(#3776));
#3767=PRODUCT('Part 5','Part 5','Part 5',(#3777));
#3768=PRODUCT_CATEGORY('','');
#3769=PRODUCT_CATEGORY('','');
#3770=PRODUCT_CATEGORY('','');
#3771=PRODUCT_CATEGORY('','');
#3772=PRODUCT_CATEGORY('','');
#3773=PRODUCT_CONTEXT('',#3783,'mechanical');
#3774=PRODUCT_CONTEXT('',#3784,'mechanical');
#3775=PRODUCT_CONTEXT('',#3785,'mechanical');
#3776=PRODUCT_CONTEXT('',#3786,'mechanical');
#3777=PRODUCT_CONTEXT('',#3787,'mechanical');
#3778=APPLICATION_PROTOCOL_DEFINITION('international standard',
'ap242_managed_model_based_3d_engineering',2020,#3783);
#3779=APPLICATION_PROTOCOL_DEFINITION('international standard',
'ap242_managed_model_based_3d_engineering',2020,#3784);
#3780=APPLICATION_PROTOCOL_DEFINITION('international standard',
'ap242_managed_model_based_3d_engineering',2020,#3785);
#3781=APPLICATION_PROTOCOL_DEFINITION('international standard',
'ap242_managed_model_based_3d_engineering',2020,#3786);
#3782=APPLICATION_PROTOCOL_DEFINITION('international standard',
'ap242_managed_model_based_3d_engineering',2020,#3787);
#3783=APPLICATION_CONTEXT('managed model based 3d engineering');
#3784=APPLICATION_CONTEXT('managed model based 3d engineering');
#3785=APPLICATION_CONTEXT('managed model based 3d engineering');
#3786=APPLICATION_CONTEXT('managed model based 3d engineering');
#3787=APPLICATION_CONTEXT('managed model based 3d engineering');
ENDSEC;
END-ISO-10303-21;
