ISO-10303-21;
HEADER;
/* Generated by software containing ST-Developer
 * from STEP Tools, Inc. (www.steptools.com) 
 */
/* OPTION: using custom renumber hook */

FILE_DESCRIPTION(
/* description */ ('STEP AP242 Edition 2',
'CAx-IF Rec.Pracs.---Representation and Presentation of Product Manufa
cturing Information (PMI)---4.0---2014-10-13',
'CAx-IF Rec.Pracs.---3D Tessellated Geometry---0.4---2014-09-14','2;1',
'CAx-IF Rec.Pracs.---User Defined Attributes---1.5---2016-08-15'),
/* implementation_level */ '2;1');

FILE_NAME(
/* name */ 'Part Studio 1',
/* time_stamp */ '2026-06-04T17:33:09Z',
/* author */ (''),
/* organization */ (''),
/* preprocessor_version */ 'ST-DEVELOPER v20',
/* originating_system */ 'ONSHAPE BY PTC INC, 1.215',
/* authorisation */ '  ');

FILE_SCHEMA (('AP242_MANAGED_MODEL_BASED_3D_ENGINEERING_MIM_LF { 1 0 10303 442 3 1 4 }'));
ENDSEC;

DATA;
#10=B_SPLINE_SURFACE_WITH_KNOTS('',3,1,((#3891,#3892),(#3893,#3894),(#3895,
#3896),(#3897,#3898)),.SURF_OF_LINEAR_EXTRUSION.,.F.,.F.,.F.,(4,4),(2,2),
(0.,1.),(0.,1.),.PIECEWISE_BEZIER_KNOTS.);
#11=B_SPLINE_SURFACE_WITH_KNOTS('',3,1,((#3906,#3907),(#3908,#3909),(#3910,
#3911),(#3912,#3913)),.SURF_OF_LINEAR_EXTRUSION.,.F.,.F.,.F.,(4,4),(2,2),
(0.,1.),(0.,1.),.PIECEWISE_BEZIER_KNOTS.);
#12=B_SPLINE_SURFACE_WITH_KNOTS('',3,1,((#3919,#3920),(#3921,#3922),(#3923,
#3924),(#3925,#3926)),.SURF_OF_LINEAR_EXTRUSION.,.F.,.F.,.F.,(4,4),(2,2),
(0.,1.),(0.,1.),.PIECEWISE_BEZIER_KNOTS.);
#13=B_SPLINE_SURFACE_WITH_KNOTS('',3,1,((#3932,#3933),(#3934,#3935),(#3936,
#3937),(#3938,#3939)),.SURF_OF_LINEAR_EXTRUSION.,.F.,.F.,.F.,(4,4),(2,2),
(0.,1.),(0.,1.),.PIECEWISE_BEZIER_KNOTS.);
#14=B_SPLINE_SURFACE_WITH_KNOTS('',3,1,((#3957,#3958),(#3959,#3960),(#3961,
#3962),(#3963,#3964)),.SURF_OF_LINEAR_EXTRUSION.,.F.,.F.,.F.,(4,4),(2,2),
(0.,1.),(0.,1.),.PIECEWISE_BEZIER_KNOTS.);
#15=B_SPLINE_SURFACE_WITH_KNOTS('',3,1,((#3970,#3971),(#3972,#3973),(#3974,
#3975),(#3976,#3977)),.SURF_OF_LINEAR_EXTRUSION.,.F.,.F.,.F.,(4,4),(2,2),
(0.,1.),(0.,1.),.PIECEWISE_BEZIER_KNOTS.);
#16=B_SPLINE_SURFACE_WITH_KNOTS('',3,1,((#3983,#3984),(#3985,#3986),(#3987,
#3988),(#3989,#3990)),.SURF_OF_LINEAR_EXTRUSION.,.F.,.F.,.F.,(4,4),(2,2),
(0.,1.),(0.,1.),.PIECEWISE_BEZIER_KNOTS.);
#17=B_SPLINE_SURFACE_WITH_KNOTS('',3,1,((#3996,#3997),(#3998,#3999),(#4000,
#4001),(#4002,#4003)),.SURF_OF_LINEAR_EXTRUSION.,.F.,.F.,.F.,(4,4),(2,2),
(0.,1.),(0.,1.),.PIECEWISE_BEZIER_KNOTS.);
#18=B_SPLINE_SURFACE_WITH_KNOTS('',3,1,((#4021,#4022),(#4023,#4024),(#4025,
#4026),(#4027,#4028)),.SURF_OF_LINEAR_EXTRUSION.,.F.,.F.,.F.,(4,4),(2,2),
(0.,1.),(0.,1.),.PIECEWISE_BEZIER_KNOTS.);
#19=B_SPLINE_SURFACE_WITH_KNOTS('',3,1,((#4034,#4035),(#4036,#4037),(#4038,
#4039),(#4040,#4041)),.SURF_OF_LINEAR_EXTRUSION.,.F.,.F.,.F.,(4,4),(2,2),
(0.,1.),(0.,1.),.PIECEWISE_BEZIER_KNOTS.);
#20=ELLIPSE('',#2635,0.0049211803543459,0.0034798);
#21=ELLIPSE('',#2637,0.0049211803543459,0.0034798);
#22=B_SPLINE_CURVE_WITH_KNOTS('',2,(#3685,#3686,#3687),.UNSPECIFIED.,.F.,
 .F.,(3,3),(0.,1.),.PIECEWISE_BEZIER_KNOTS.);
#23=B_SPLINE_CURVE_WITH_KNOTS('',2,(#3690,#3691,#3692),.UNSPECIFIED.,.F.,
 .F.,(3,3),(0.,1.),.PIECEWISE_BEZIER_KNOTS.);
#24=B_SPLINE_CURVE_WITH_KNOTS('',2,(#3694,#3695,#3696),.UNSPECIFIED.,.F.,
 .F.,(3,3),(0.,1.),.PIECEWISE_BEZIER_KNOTS.);
#25=B_SPLINE_CURVE_WITH_KNOTS('',2,(#3698,#3699,#3700),.UNSPECIFIED.,.F.,
 .F.,(3,3),(0.,1.),.PIECEWISE_BEZIER_KNOTS.);
#26=B_SPLINE_CURVE_WITH_KNOTS('',2,(#3708,#3709,#3710),.UNSPECIFIED.,.F.,
 .F.,(3,3),(0.,1.),.PIECEWISE_BEZIER_KNOTS.);
#27=B_SPLINE_CURVE_WITH_KNOTS('',2,(#3712,#3713,#3714),.UNSPECIFIED.,.F.,
 .F.,(3,3),(0.,1.),.PIECEWISE_BEZIER_KNOTS.);
#28=B_SPLINE_CURVE_WITH_KNOTS('',2,(#3716,#3717,#3718),.UNSPECIFIED.,.F.,
 .F.,(3,3),(0.,1.),.PIECEWISE_BEZIER_KNOTS.);
#29=B_SPLINE_CURVE_WITH_KNOTS('',2,(#3720,#3721,#3722),.UNSPECIFIED.,.F.,
 .F.,(3,3),(0.,1.),.PIECEWISE_BEZIER_KNOTS.);
#30=B_SPLINE_CURVE_WITH_KNOTS('',2,(#3730,#3731,#3732),.UNSPECIFIED.,.F.,
 .F.,(3,3),(0.,1.),.PIECEWISE_BEZIER_KNOTS.);
#31=B_SPLINE_CURVE_WITH_KNOTS('',2,(#3734,#3735,#3736),.UNSPECIFIED.,.F.,
 .F.,(3,3),(0.,1.),.PIECEWISE_BEZIER_KNOTS.);
#32=B_SPLINE_CURVE_WITH_KNOTS('',3,(#3795,#3796,#3797,#3798,#3799,#3800,
#3801,#3802,#3803,#3804,#3805),.UNSPECIFIED.,.F.,.F.,(4,1,1,1,1,1,1,1,4),
(0.,0.000946485786232245,0.00189297157246449,0.00283945735869673,0.00378594314492898,
0.00473242893116122,0.00567891471739347,0.00662540050362571,0.00757188628985796),
 .UNSPECIFIED.);
#33=B_SPLINE_CURVE_WITH_KNOTS('',3,(#3809,#3810,#3811,#3812,#3813,#3814,
#3815,#3816,#3817,#3818,#3819),.UNSPECIFIED.,.F.,.F.,(4,1,1,1,1,1,1,1,4),
(0.,0.00094648578623224,0.00189297157246448,0.00283945735869672,0.00378594314492896,
0.0047324289311612,0.00567891471739344,0.00662540050362568,0.00757188628985792),
 .UNSPECIFIED.);
#34=B_SPLINE_CURVE_WITH_KNOTS('',2,(#3901,#3902,#3903),.UNSPECIFIED.,.F.,
 .F.,(3,3),(0.,1.),.PIECEWISE_BEZIER_KNOTS.);
#35=B_SPLINE_CURVE_WITH_KNOTS('',2,(#3916,#3917,#3918),.UNSPECIFIED.,.F.,
 .F.,(3,3),(0.,1.),.PIECEWISE_BEZIER_KNOTS.);
#36=B_SPLINE_CURVE_WITH_KNOTS('',2,(#3929,#3930,#3931),.UNSPECIFIED.,.F.,
 .F.,(3,3),(0.,1.),.PIECEWISE_BEZIER_KNOTS.);
#37=B_SPLINE_CURVE_WITH_KNOTS('',2,(#3942,#3943,#3944),.UNSPECIFIED.,.F.,
 .F.,(3,3),(0.,1.),.PIECEWISE_BEZIER_KNOTS.);
#38=B_SPLINE_CURVE_WITH_KNOTS('',2,(#3967,#3968,#3969),.UNSPECIFIED.,.F.,
 .F.,(3,3),(0.,1.),.PIECEWISE_BEZIER_KNOTS.);
#39=B_SPLINE_CURVE_WITH_KNOTS('',2,(#3980,#3981,#3982),.UNSPECIFIED.,.F.,
 .F.,(3,3),(0.,1.),.PIECEWISE_BEZIER_KNOTS.);
#40=B_SPLINE_CURVE_WITH_KNOTS('',2,(#3993,#3994,#3995),.UNSPECIFIED.,.F.,
 .F.,(3,3),(0.,1.),.PIECEWISE_BEZIER_KNOTS.);
#41=B_SPLINE_CURVE_WITH_KNOTS('',2,(#4006,#4007,#4008),.UNSPECIFIED.,.F.,
 .F.,(3,3),(0.,1.),.PIECEWISE_BEZIER_KNOTS.);
#42=B_SPLINE_CURVE_WITH_KNOTS('',2,(#4031,#4032,#4033),.UNSPECIFIED.,.F.,
 .F.,(3,3),(0.,1.),.PIECEWISE_BEZIER_KNOTS.);
#43=B_SPLINE_CURVE_WITH_KNOTS('',2,(#4042,#4043,#4044),.UNSPECIFIED.,.F.,
 .F.,(3,3),(0.,1.),.PIECEWISE_BEZIER_KNOTS.);
#44=TOROIDAL_SURFACE('',#2568,0.0634798,0.0034798);
#45=TOROIDAL_SURFACE('',#2570,0.0634798,0.0034798);
#46=TOROIDAL_SURFACE('',#2640,0.0355202,0.0034798);
#47=SHAPE_REPRESENTATION_RELATIONSHIP('','',#2475,#53);
#48=SHAPE_REPRESENTATION_RELATIONSHIP('','',#2476,#54);
#49=SHAPE_REPRESENTATION_RELATIONSHIP('','',#2477,#55);
#50=SHAPE_REPRESENTATION_RELATIONSHIP('','',#2478,#56);
#51=SHAPE_REPRESENTATION_RELATIONSHIP('','',#2479,#57);
#52=SHAPE_REPRESENTATION_RELATIONSHIP('','',#2480,#58);
#53=ADVANCED_BREP_SHAPE_REPRESENTATION('',(#2463),#4119);
#54=ADVANCED_BREP_SHAPE_REPRESENTATION('',(#2464),#4120);
#55=ADVANCED_BREP_SHAPE_REPRESENTATION('',(#2465),#4121);
#56=ADVANCED_BREP_SHAPE_REPRESENTATION('',(#2466),#4122);
#57=ADVANCED_BREP_SHAPE_REPRESENTATION('',(#2467),#4123);
#58=ADVANCED_BREP_SHAPE_REPRESENTATION('',(#2468),#4124);
#59=CYLINDRICAL_SURFACE('',#2491,0.0034798);
#60=CYLINDRICAL_SURFACE('',#2492,0.0034798);
#61=CYLINDRICAL_SURFACE('',#2503,0.0034798);
#62=CYLINDRICAL_SURFACE('',#2504,0.0034798);
#63=CYLINDRICAL_SURFACE('',#2524,0.0375);
#64=CYLINDRICAL_SURFACE('',#2531,0.039);
#65=CYLINDRICAL_SURFACE('',#2546,0.06);
#66=CYLINDRICAL_SURFACE('',#2548,0.06);
#67=CYLINDRICAL_SURFACE('',#2552,0.0022);
#68=CYLINDRICAL_SURFACE('',#2554,0.0022);
#69=CYLINDRICAL_SURFACE('',#2556,0.0022);
#70=CYLINDRICAL_SURFACE('',#2558,0.0022);
#71=CYLINDRICAL_SURFACE('',#2560,0.0022);
#72=CYLINDRICAL_SURFACE('',#2562,0.0022);
#73=CYLINDRICAL_SURFACE('',#2564,0.0022);
#74=CYLINDRICAL_SURFACE('',#2566,0.0022);
#75=CYLINDRICAL_SURFACE('',#2572,0.004);
#76=CYLINDRICAL_SURFACE('',#2578,0.0034798);
#77=CYLINDRICAL_SURFACE('',#2581,0.0034798);
#78=CYLINDRICAL_SURFACE('',#2590,0.0375);
#79=CYLINDRICAL_SURFACE('',#2599,0.0016);
#80=CYLINDRICAL_SURFACE('',#2602,0.0016);
#81=CYLINDRICAL_SURFACE('',#2605,0.0016);
#82=CYLINDRICAL_SURFACE('',#2608,0.0016);
#83=CYLINDRICAL_SURFACE('',#2620,0.0016);
#84=CYLINDRICAL_SURFACE('',#2622,0.0016);
#85=CYLINDRICAL_SURFACE('',#2624,0.0016);
#86=CYLINDRICAL_SURFACE('',#2626,0.0016);
#87=CYLINDRICAL_SURFACE('',#2628,0.0375);
#88=CYLINDRICAL_SURFACE('',#2631,0.039);
#89=CYLINDRICAL_SURFACE('',#2633,0.0034798);
#90=CYLINDRICAL_SURFACE('',#2636,0.0034798);
#91=CYLINDRICAL_SURFACE('',#2638,0.0034798);
#92=CIRCLE('',#2483,0.0034798);
#93=CIRCLE('',#2484,0.0034798);
#94=CIRCLE('',#2486,0.0034798);
#95=CIRCLE('',#2487,0.0034798);
#96=CIRCLE('',#2495,0.0034798);
#97=CIRCLE('',#2496,0.0034798);
#98=CIRCLE('',#2498,0.0034798);
#99=CIRCLE('',#2499,0.0034798);
#100=CIRCLE('',#2525,0.0375);
#101=CIRCLE('',#2526,0.0375);
#102=CIRCLE('',#2530,0.039);
#103=CIRCLE('',#2532,0.039);
#104=CIRCLE('',#2536,0.0022);
#105=CIRCLE('',#2537,0.0022);
#106=CIRCLE('',#2538,0.0022);
#107=CIRCLE('',#2539,0.0022);
#108=CIRCLE('',#2540,0.0022);
#109=CIRCLE('',#2541,0.0022);
#110=CIRCLE('',#2542,0.0022);
#111=CIRCLE('',#2543,0.0022);
#112=CIRCLE('',#2544,0.06);
#113=CIRCLE('',#2545,0.06);
#114=CIRCLE('',#2547,0.06);
#115=CIRCLE('',#2549,0.06);
#116=CIRCLE('',#2553,0.0022);
#117=CIRCLE('',#2555,0.0022);
#118=CIRCLE('',#2557,0.0022);
#119=CIRCLE('',#2559,0.0022);
#120=CIRCLE('',#2561,0.0022);
#121=CIRCLE('',#2563,0.0022);
#122=CIRCLE('',#2565,0.0022);
#123=CIRCLE('',#2567,0.0022);
#124=CIRCLE('',#2569,0.0634798);
#125=CIRCLE('',#2571,0.0634798);
#126=CIRCLE('',#2573,0.004);
#127=CIRCLE('',#2574,0.004);
#128=CIRCLE('',#2576,0.0034798);
#129=CIRCLE('',#2577,0.0034798);
#130=CIRCLE('',#2579,0.0034798);
#131=CIRCLE('',#2582,0.0034798);
#132=CIRCLE('',#2589,0.0375);
#133=CIRCLE('',#2591,0.0375);
#134=CIRCLE('',#2593,0.0016);
#135=CIRCLE('',#2594,0.0016);
#136=CIRCLE('',#2595,0.0016);
#137=CIRCLE('',#2596,0.0016);
#138=CIRCLE('',#2598,0.0016);
#139=CIRCLE('',#2601,0.0016);
#140=CIRCLE('',#2604,0.0016);
#141=CIRCLE('',#2607,0.0016);
#142=CIRCLE('',#2611,0.039);
#143=CIRCLE('',#2612,0.0016);
#144=CIRCLE('',#2613,0.0016);
#145=CIRCLE('',#2614,0.0016);
#146=CIRCLE('',#2615,0.0016);
#147=CIRCLE('',#2621,0.0016);
#148=CIRCLE('',#2623,0.0016);
#149=CIRCLE('',#2625,0.0016);
#150=CIRCLE('',#2627,0.0016);
#151=CIRCLE('',#2629,0.0375);
#152=CIRCLE('',#2630,0.0375);
#153=CIRCLE('',#2632,0.039);
#154=CIRCLE('',#2634,0.0034798);
#155=CIRCLE('',#2639,0.0034798);
#156=ORIENTED_EDGE('',*,*,#782,.T.);
#157=ORIENTED_EDGE('',*,*,#783,.T.);
#158=ORIENTED_EDGE('',*,*,#784,.T.);
#159=ORIENTED_EDGE('',*,*,#785,.F.);
#160=ORIENTED_EDGE('',*,*,#786,.T.);
#161=ORIENTED_EDGE('',*,*,#787,.T.);
#162=ORIENTED_EDGE('',*,*,#788,.T.);
#163=ORIENTED_EDGE('',*,*,#789,.F.);
#164=ORIENTED_EDGE('',*,*,#790,.T.);
#165=ORIENTED_EDGE('',*,*,#791,.T.);
#166=ORIENTED_EDGE('',*,*,#789,.T.);
#167=ORIENTED_EDGE('',*,*,#792,.T.);
#168=ORIENTED_EDGE('',*,*,#782,.F.);
#169=ORIENTED_EDGE('',*,*,#793,.T.);
#170=ORIENTED_EDGE('',*,*,#785,.T.);
#171=ORIENTED_EDGE('',*,*,#794,.T.);
#172=ORIENTED_EDGE('',*,*,#791,.F.);
#173=ORIENTED_EDGE('',*,*,#795,.T.);
#174=ORIENTED_EDGE('',*,*,#786,.F.);
#175=ORIENTED_EDGE('',*,*,#795,.F.);
#176=ORIENTED_EDGE('',*,*,#790,.F.);
#177=ORIENTED_EDGE('',*,*,#793,.F.);
#178=ORIENTED_EDGE('',*,*,#794,.F.);
#179=ORIENTED_EDGE('',*,*,#784,.F.);
#180=ORIENTED_EDGE('',*,*,#796,.F.);
#181=ORIENTED_EDGE('',*,*,#787,.F.);
#182=ORIENTED_EDGE('',*,*,#783,.F.);
#183=ORIENTED_EDGE('',*,*,#792,.F.);
#184=ORIENTED_EDGE('',*,*,#788,.F.);
#185=ORIENTED_EDGE('',*,*,#796,.T.);
#186=ORIENTED_EDGE('',*,*,#797,.T.);
#187=ORIENTED_EDGE('',*,*,#798,.T.);
#188=ORIENTED_EDGE('',*,*,#799,.F.);
#189=ORIENTED_EDGE('',*,*,#800,.T.);
#190=ORIENTED_EDGE('',*,*,#801,.T.);
#191=ORIENTED_EDGE('',*,*,#802,.T.);
#192=ORIENTED_EDGE('',*,*,#803,.T.);
#193=ORIENTED_EDGE('',*,*,#804,.T.);
#194=ORIENTED_EDGE('',*,*,#805,.F.);
#195=ORIENTED_EDGE('',*,*,#806,.T.);
#196=ORIENTED_EDGE('',*,*,#799,.T.);
#197=ORIENTED_EDGE('',*,*,#807,.T.);
#198=ORIENTED_EDGE('',*,*,#802,.F.);
#199=ORIENTED_EDGE('',*,*,#808,.T.);
#200=ORIENTED_EDGE('',*,*,#805,.T.);
#201=ORIENTED_EDGE('',*,*,#809,.T.);
#202=ORIENTED_EDGE('',*,*,#801,.F.);
#203=ORIENTED_EDGE('',*,*,#810,.T.);
#204=ORIENTED_EDGE('',*,*,#800,.F.);
#205=ORIENTED_EDGE('',*,*,#808,.F.);
#206=ORIENTED_EDGE('',*,*,#806,.F.);
#207=ORIENTED_EDGE('',*,*,#810,.F.);
#208=ORIENTED_EDGE('',*,*,#811,.F.);
#209=ORIENTED_EDGE('',*,*,#797,.F.);
#210=ORIENTED_EDGE('',*,*,#809,.F.);
#211=ORIENTED_EDGE('',*,*,#804,.F.);
#212=ORIENTED_EDGE('',*,*,#798,.F.);
#213=ORIENTED_EDGE('',*,*,#811,.T.);
#214=ORIENTED_EDGE('',*,*,#803,.F.);
#215=ORIENTED_EDGE('',*,*,#807,.F.);
#216=ORIENTED_EDGE('',*,*,#812,.T.);
#217=ORIENTED_EDGE('',*,*,#813,.T.);
#218=ORIENTED_EDGE('',*,*,#814,.F.);
#219=ORIENTED_EDGE('',*,*,#815,.F.);
#220=ORIENTED_EDGE('',*,*,#814,.T.);
#221=ORIENTED_EDGE('',*,*,#816,.T.);
#222=ORIENTED_EDGE('',*,*,#817,.T.);
#223=ORIENTED_EDGE('',*,*,#818,.F.);
#224=ORIENTED_EDGE('',*,*,#819,.T.);
#225=ORIENTED_EDGE('',*,*,#820,.F.);
#226=ORIENTED_EDGE('',*,*,#821,.T.);
#227=ORIENTED_EDGE('',*,*,#822,.T.);
#228=ORIENTED_EDGE('',*,*,#823,.T.);
#229=ORIENTED_EDGE('',*,*,#824,.F.);
#230=ORIENTED_EDGE('',*,*,#825,.F.);
#231=ORIENTED_EDGE('',*,*,#826,.T.);
#232=ORIENTED_EDGE('',*,*,#817,.F.);
#233=ORIENTED_EDGE('',*,*,#827,.T.);
#234=ORIENTED_EDGE('',*,*,#828,.T.);
#235=ORIENTED_EDGE('',*,*,#829,.T.);
#236=ORIENTED_EDGE('',*,*,#821,.F.);
#237=ORIENTED_EDGE('',*,*,#830,.F.);
#238=ORIENTED_EDGE('',*,*,#831,.F.);
#239=ORIENTED_EDGE('',*,*,#832,.F.);
#240=ORIENTED_EDGE('',*,*,#833,.F.);
#241=ORIENTED_EDGE('',*,*,#830,.T.);
#242=ORIENTED_EDGE('',*,*,#820,.T.);
#243=ORIENTED_EDGE('',*,*,#834,.T.);
#244=ORIENTED_EDGE('',*,*,#818,.T.);
#245=ORIENTED_EDGE('',*,*,#832,.T.);
#246=ORIENTED_EDGE('',*,*,#835,.F.);
#247=ORIENTED_EDGE('',*,*,#836,.T.);
#248=ORIENTED_EDGE('',*,*,#835,.T.);
#249=ORIENTED_EDGE('',*,*,#831,.T.);
#250=ORIENTED_EDGE('',*,*,#833,.T.);
#251=ORIENTED_EDGE('',*,*,#837,.T.);
#252=ORIENTED_EDGE('',*,*,#834,.F.);
#253=ORIENTED_EDGE('',*,*,#819,.F.);
#254=ORIENTED_EDGE('',*,*,#836,.F.);
#255=ORIENTED_EDGE('',*,*,#837,.F.);
#256=ORIENTED_EDGE('',*,*,#825,.T.);
#257=ORIENTED_EDGE('',*,*,#838,.F.);
#258=ORIENTED_EDGE('',*,*,#839,.F.);
#259=ORIENTED_EDGE('',*,*,#840,.T.);
#260=ORIENTED_EDGE('',*,*,#824,.T.);
#261=ORIENTED_EDGE('',*,*,#841,.F.);
#262=ORIENTED_EDGE('',*,*,#842,.F.);
#263=ORIENTED_EDGE('',*,*,#838,.T.);
#264=ORIENTED_EDGE('',*,*,#843,.F.);
#265=ORIENTED_EDGE('',*,*,#844,.T.);
#266=ORIENTED_EDGE('',*,*,#841,.T.);
#267=ORIENTED_EDGE('',*,*,#823,.F.);
#268=ORIENTED_EDGE('',*,*,#826,.F.);
#269=ORIENTED_EDGE('',*,*,#840,.F.);
#270=ORIENTED_EDGE('',*,*,#845,.T.);
#271=ORIENTED_EDGE('',*,*,#815,.T.);
#272=ORIENTED_EDGE('',*,*,#839,.T.);
#273=ORIENTED_EDGE('',*,*,#842,.T.);
#274=ORIENTED_EDGE('',*,*,#844,.F.);
#275=ORIENTED_EDGE('',*,*,#846,.F.);
#276=ORIENTED_EDGE('',*,*,#828,.F.);
#277=ORIENTED_EDGE('',*,*,#847,.F.);
#278=ORIENTED_EDGE('',*,*,#812,.F.);
#279=ORIENTED_EDGE('',*,*,#845,.F.);
#280=ORIENTED_EDGE('',*,*,#816,.F.);
#281=ORIENTED_EDGE('',*,*,#813,.F.);
#282=ORIENTED_EDGE('',*,*,#847,.T.);
#283=ORIENTED_EDGE('',*,*,#827,.F.);
#284=ORIENTED_EDGE('',*,*,#846,.T.);
#285=ORIENTED_EDGE('',*,*,#843,.T.);
#286=ORIENTED_EDGE('',*,*,#822,.F.);
#287=ORIENTED_EDGE('',*,*,#829,.F.);
#288=ORIENTED_EDGE('',*,*,#848,.F.);
#289=ORIENTED_EDGE('',*,*,#849,.F.);
#290=ORIENTED_EDGE('',*,*,#850,.T.);
#291=ORIENTED_EDGE('',*,*,#851,.T.);
#292=ORIENTED_EDGE('',*,*,#852,.T.);
#293=ORIENTED_EDGE('',*,*,#853,.F.);
#294=ORIENTED_EDGE('',*,*,#854,.F.);
#295=ORIENTED_EDGE('',*,*,#849,.T.);
#296=ORIENTED_EDGE('',*,*,#855,.T.);
#297=ORIENTED_EDGE('',*,*,#856,.F.);
#298=ORIENTED_EDGE('',*,*,#857,.F.);
#299=ORIENTED_EDGE('',*,*,#853,.T.);
#300=ORIENTED_EDGE('',*,*,#858,.T.);
#301=ORIENTED_EDGE('',*,*,#859,.F.);
#302=ORIENTED_EDGE('',*,*,#860,.F.);
#303=ORIENTED_EDGE('',*,*,#851,.F.);
#304=ORIENTED_EDGE('',*,*,#861,.T.);
#305=ORIENTED_EDGE('',*,*,#856,.T.);
#306=ORIENTED_EDGE('',*,*,#858,.F.);
#307=ORIENTED_EDGE('',*,*,#850,.F.);
#308=ORIENTED_EDGE('',*,*,#854,.T.);
#309=ORIENTED_EDGE('',*,*,#857,.T.);
#310=ORIENTED_EDGE('',*,*,#861,.F.);
#311=ORIENTED_EDGE('',*,*,#862,.T.);
#312=ORIENTED_EDGE('',*,*,#848,.T.);
#313=ORIENTED_EDGE('',*,*,#860,.T.);
#314=ORIENTED_EDGE('',*,*,#855,.F.);
#315=ORIENTED_EDGE('',*,*,#852,.F.);
#316=ORIENTED_EDGE('',*,*,#863,.T.);
#317=ORIENTED_EDGE('',*,*,#862,.F.);
#318=ORIENTED_EDGE('',*,*,#863,.F.);
#319=ORIENTED_EDGE('',*,*,#859,.T.);
#320=ORIENTED_EDGE('',*,*,#864,.T.);
#321=ORIENTED_EDGE('',*,*,#865,.T.);
#322=ORIENTED_EDGE('',*,*,#866,.T.);
#323=ORIENTED_EDGE('',*,*,#867,.T.);
#324=ORIENTED_EDGE('',*,*,#868,.T.);
#325=ORIENTED_EDGE('',*,*,#869,.T.);
#326=ORIENTED_EDGE('',*,*,#870,.T.);
#327=ORIENTED_EDGE('',*,*,#871,.T.);
#328=ORIENTED_EDGE('',*,*,#872,.T.);
#329=ORIENTED_EDGE('',*,*,#873,.T.);
#330=ORIENTED_EDGE('',*,*,#874,.F.);
#331=ORIENTED_EDGE('',*,*,#875,.F.);
#332=ORIENTED_EDGE('',*,*,#876,.T.);
#333=ORIENTED_EDGE('',*,*,#877,.T.);
#334=ORIENTED_EDGE('',*,*,#878,.T.);
#335=ORIENTED_EDGE('',*,*,#872,.F.);
#336=ORIENTED_EDGE('',*,*,#879,.T.);
#337=ORIENTED_EDGE('',*,*,#873,.F.);
#338=ORIENTED_EDGE('',*,*,#876,.F.);
#339=ORIENTED_EDGE('',*,*,#880,.F.);
#340=ORIENTED_EDGE('',*,*,#881,.T.);
#341=ORIENTED_EDGE('',*,*,#882,.T.);
#342=ORIENTED_EDGE('',*,*,#877,.F.);
#343=ORIENTED_EDGE('',*,*,#882,.F.);
#344=ORIENTED_EDGE('',*,*,#883,.T.);
#345=ORIENTED_EDGE('',*,*,#884,.T.);
#346=ORIENTED_EDGE('',*,*,#885,.T.);
#347=ORIENTED_EDGE('',*,*,#864,.F.);
#348=ORIENTED_EDGE('',*,*,#886,.T.);
#349=ORIENTED_EDGE('',*,*,#865,.F.);
#350=ORIENTED_EDGE('',*,*,#887,.T.);
#351=ORIENTED_EDGE('',*,*,#866,.F.);
#352=ORIENTED_EDGE('',*,*,#888,.T.);
#353=ORIENTED_EDGE('',*,*,#867,.F.);
#354=ORIENTED_EDGE('',*,*,#889,.T.);
#355=ORIENTED_EDGE('',*,*,#868,.F.);
#356=ORIENTED_EDGE('',*,*,#890,.T.);
#357=ORIENTED_EDGE('',*,*,#869,.F.);
#358=ORIENTED_EDGE('',*,*,#891,.T.);
#359=ORIENTED_EDGE('',*,*,#870,.F.);
#360=ORIENTED_EDGE('',*,*,#892,.T.);
#361=ORIENTED_EDGE('',*,*,#871,.F.);
#362=ORIENTED_EDGE('',*,*,#893,.F.);
#363=ORIENTED_EDGE('',*,*,#878,.F.);
#364=ORIENTED_EDGE('',*,*,#894,.F.);
#365=ORIENTED_EDGE('',*,*,#879,.F.);
#366=ORIENTED_EDGE('',*,*,#895,.T.);
#367=ORIENTED_EDGE('',*,*,#896,.F.);
#368=ORIENTED_EDGE('',*,*,#894,.T.);
#369=ORIENTED_EDGE('',*,*,#893,.T.);
#370=ORIENTED_EDGE('',*,*,#897,.T.);
#371=ORIENTED_EDGE('',*,*,#898,.T.);
#372=ORIENTED_EDGE('',*,*,#899,.T.);
#373=ORIENTED_EDGE('',*,*,#900,.T.);
#374=ORIENTED_EDGE('',*,*,#901,.F.);
#375=ORIENTED_EDGE('',*,*,#902,.F.);
#376=ORIENTED_EDGE('',*,*,#892,.F.);
#377=ORIENTED_EDGE('',*,*,#891,.F.);
#378=ORIENTED_EDGE('',*,*,#890,.F.);
#379=ORIENTED_EDGE('',*,*,#889,.F.);
#380=ORIENTED_EDGE('',*,*,#888,.F.);
#381=ORIENTED_EDGE('',*,*,#887,.F.);
#382=ORIENTED_EDGE('',*,*,#886,.F.);
#383=ORIENTED_EDGE('',*,*,#885,.F.);
#384=ORIENTED_EDGE('',*,*,#903,.F.);
#385=ORIENTED_EDGE('',*,*,#904,.T.);
#386=ORIENTED_EDGE('',*,*,#905,.F.);
#387=ORIENTED_EDGE('',*,*,#898,.F.);
#388=ORIENTED_EDGE('',*,*,#906,.T.);
#389=ORIENTED_EDGE('',*,*,#907,.T.);
#390=ORIENTED_EDGE('',*,*,#908,.F.);
#391=ORIENTED_EDGE('',*,*,#902,.T.);
#392=ORIENTED_EDGE('',*,*,#909,.F.);
#393=ORIENTED_EDGE('',*,*,#910,.T.);
#394=ORIENTED_EDGE('',*,*,#911,.F.);
#395=ORIENTED_EDGE('',*,*,#900,.F.);
#396=ORIENTED_EDGE('',*,*,#911,.T.);
#397=ORIENTED_EDGE('',*,*,#912,.T.);
#398=ORIENTED_EDGE('',*,*,#906,.F.);
#399=ORIENTED_EDGE('',*,*,#901,.T.);
#400=ORIENTED_EDGE('',*,*,#913,.F.);
#401=ORIENTED_EDGE('',*,*,#909,.T.);
#402=ORIENTED_EDGE('',*,*,#899,.F.);
#403=ORIENTED_EDGE('',*,*,#905,.T.);
#404=ORIENTED_EDGE('',*,*,#895,.F.);
#405=ORIENTED_EDGE('',*,*,#914,.F.);
#406=ORIENTED_EDGE('',*,*,#903,.T.);
#407=ORIENTED_EDGE('',*,*,#897,.F.);
#408=ORIENTED_EDGE('',*,*,#908,.T.);
#409=ORIENTED_EDGE('',*,*,#896,.T.);
#410=ORIENTED_EDGE('',*,*,#874,.T.);
#411=ORIENTED_EDGE('',*,*,#884,.F.);
#412=ORIENTED_EDGE('',*,*,#915,.F.);
#413=ORIENTED_EDGE('',*,*,#916,.T.);
#414=ORIENTED_EDGE('',*,*,#875,.T.);
#415=ORIENTED_EDGE('',*,*,#916,.F.);
#416=ORIENTED_EDGE('',*,*,#917,.F.);
#417=ORIENTED_EDGE('',*,*,#880,.T.);
#418=ORIENTED_EDGE('',*,*,#918,.T.);
#419=ORIENTED_EDGE('',*,*,#917,.T.);
#420=ORIENTED_EDGE('',*,*,#915,.T.);
#421=ORIENTED_EDGE('',*,*,#883,.F.);
#422=ORIENTED_EDGE('',*,*,#881,.F.);
#423=ORIENTED_EDGE('',*,*,#918,.F.);
#424=ORIENTED_EDGE('',*,*,#919,.F.);
#425=ORIENTED_EDGE('',*,*,#920,.T.);
#426=ORIENTED_EDGE('',*,*,#921,.T.);
#427=ORIENTED_EDGE('',*,*,#912,.F.);
#428=ORIENTED_EDGE('',*,*,#910,.F.);
#429=ORIENTED_EDGE('',*,*,#913,.T.);
#430=ORIENTED_EDGE('',*,*,#904,.F.);
#431=ORIENTED_EDGE('',*,*,#914,.T.);
#432=ORIENTED_EDGE('',*,*,#907,.F.);
#433=ORIENTED_EDGE('',*,*,#919,.T.);
#434=ORIENTED_EDGE('',*,*,#922,.T.);
#435=ORIENTED_EDGE('',*,*,#923,.T.);
#436=ORIENTED_EDGE('',*,*,#924,.T.);
#437=ORIENTED_EDGE('',*,*,#924,.F.);
#438=ORIENTED_EDGE('',*,*,#921,.F.);
#439=ORIENTED_EDGE('',*,*,#925,.T.);
#440=ORIENTED_EDGE('',*,*,#925,.F.);
#441=ORIENTED_EDGE('',*,*,#922,.F.);
#442=ORIENTED_EDGE('',*,*,#926,.T.);
#443=ORIENTED_EDGE('',*,*,#926,.F.);
#444=ORIENTED_EDGE('',*,*,#920,.F.);
#445=ORIENTED_EDGE('',*,*,#927,.T.);
#446=ORIENTED_EDGE('',*,*,#927,.F.);
#447=ORIENTED_EDGE('',*,*,#923,.F.);
#448=ORIENTED_EDGE('',*,*,#928,.F.);
#449=ORIENTED_EDGE('',*,*,#929,.F.);
#450=ORIENTED_EDGE('',*,*,#930,.F.);
#451=ORIENTED_EDGE('',*,*,#931,.T.);
#452=ORIENTED_EDGE('',*,*,#932,.T.);
#453=ORIENTED_EDGE('',*,*,#933,.F.);
#454=ORIENTED_EDGE('',*,*,#934,.T.);
#455=ORIENTED_EDGE('',*,*,#935,.F.);
#456=ORIENTED_EDGE('',*,*,#936,.T.);
#457=ORIENTED_EDGE('',*,*,#937,.F.);
#458=ORIENTED_EDGE('',*,*,#938,.T.);
#459=ORIENTED_EDGE('',*,*,#939,.T.);
#460=ORIENTED_EDGE('',*,*,#940,.T.);
#461=ORIENTED_EDGE('',*,*,#941,.T.);
#462=ORIENTED_EDGE('',*,*,#942,.T.);
#463=ORIENTED_EDGE('',*,*,#943,.T.);
#464=ORIENTED_EDGE('',*,*,#944,.T.);
#465=ORIENTED_EDGE('',*,*,#945,.T.);
#466=ORIENTED_EDGE('',*,*,#946,.T.);
#467=ORIENTED_EDGE('',*,*,#947,.T.);
#468=ORIENTED_EDGE('',*,*,#948,.T.);
#469=ORIENTED_EDGE('',*,*,#949,.T.);
#470=ORIENTED_EDGE('',*,*,#950,.T.);
#471=ORIENTED_EDGE('',*,*,#951,.T.);
#472=ORIENTED_EDGE('',*,*,#952,.T.);
#473=ORIENTED_EDGE('',*,*,#953,.T.);
#474=ORIENTED_EDGE('',*,*,#954,.T.);
#475=ORIENTED_EDGE('',*,*,#955,.T.);
#476=ORIENTED_EDGE('',*,*,#956,.T.);
#477=ORIENTED_EDGE('',*,*,#957,.T.);
#478=ORIENTED_EDGE('',*,*,#958,.T.);
#479=ORIENTED_EDGE('',*,*,#959,.T.);
#480=ORIENTED_EDGE('',*,*,#960,.T.);
#481=ORIENTED_EDGE('',*,*,#961,.T.);
#482=ORIENTED_EDGE('',*,*,#962,.T.);
#483=ORIENTED_EDGE('',*,*,#963,.T.);
#484=ORIENTED_EDGE('',*,*,#964,.T.);
#485=ORIENTED_EDGE('',*,*,#965,.T.);
#486=ORIENTED_EDGE('',*,*,#966,.T.);
#487=ORIENTED_EDGE('',*,*,#967,.T.);
#488=ORIENTED_EDGE('',*,*,#968,.T.);
#489=ORIENTED_EDGE('',*,*,#969,.T.);
#490=ORIENTED_EDGE('',*,*,#970,.T.);
#491=ORIENTED_EDGE('',*,*,#971,.T.);
#492=ORIENTED_EDGE('',*,*,#972,.T.);
#493=ORIENTED_EDGE('',*,*,#973,.T.);
#494=ORIENTED_EDGE('',*,*,#974,.T.);
#495=ORIENTED_EDGE('',*,*,#975,.T.);
#496=ORIENTED_EDGE('',*,*,#976,.T.);
#497=ORIENTED_EDGE('',*,*,#977,.T.);
#498=ORIENTED_EDGE('',*,*,#978,.T.);
#499=ORIENTED_EDGE('',*,*,#979,.T.);
#500=ORIENTED_EDGE('',*,*,#980,.T.);
#501=ORIENTED_EDGE('',*,*,#981,.T.);
#502=ORIENTED_EDGE('',*,*,#982,.T.);
#503=ORIENTED_EDGE('',*,*,#983,.T.);
#504=ORIENTED_EDGE('',*,*,#984,.T.);
#505=ORIENTED_EDGE('',*,*,#985,.T.);
#506=ORIENTED_EDGE('',*,*,#937,.T.);
#507=ORIENTED_EDGE('',*,*,#986,.T.);
#508=ORIENTED_EDGE('',*,*,#987,.T.);
#509=ORIENTED_EDGE('',*,*,#988,.T.);
#510=ORIENTED_EDGE('',*,*,#989,.T.);
#511=ORIENTED_EDGE('',*,*,#990,.F.);
#512=ORIENTED_EDGE('',*,*,#991,.T.);
#513=ORIENTED_EDGE('',*,*,#931,.F.);
#514=ORIENTED_EDGE('',*,*,#992,.F.);
#515=ORIENTED_EDGE('',*,*,#993,.F.);
#516=ORIENTED_EDGE('',*,*,#992,.T.);
#517=ORIENTED_EDGE('',*,*,#938,.F.);
#518=ORIENTED_EDGE('',*,*,#985,.F.);
#519=ORIENTED_EDGE('',*,*,#994,.T.);
#520=ORIENTED_EDGE('',*,*,#935,.T.);
#521=ORIENTED_EDGE('',*,*,#995,.T.);
#522=ORIENTED_EDGE('',*,*,#996,.T.);
#523=ORIENTED_EDGE('',*,*,#933,.T.);
#524=ORIENTED_EDGE('',*,*,#997,.T.);
#525=ORIENTED_EDGE('',*,*,#998,.T.);
#526=ORIENTED_EDGE('',*,*,#930,.T.);
#527=ORIENTED_EDGE('',*,*,#999,.T.);
#528=ORIENTED_EDGE('',*,*,#929,.T.);
#529=ORIENTED_EDGE('',*,*,#1000,.T.);
#530=ORIENTED_EDGE('',*,*,#1001,.T.);
#531=ORIENTED_EDGE('',*,*,#1002,.T.);
#532=ORIENTED_EDGE('',*,*,#928,.T.);
#533=ORIENTED_EDGE('',*,*,#1003,.F.);
#534=ORIENTED_EDGE('',*,*,#986,.F.);
#535=ORIENTED_EDGE('',*,*,#1004,.F.);
#536=ORIENTED_EDGE('',*,*,#991,.F.);
#537=ORIENTED_EDGE('',*,*,#1004,.T.);
#538=ORIENTED_EDGE('',*,*,#989,.F.);
#539=ORIENTED_EDGE('',*,*,#1005,.F.);
#540=ORIENTED_EDGE('',*,*,#936,.F.);
#541=ORIENTED_EDGE('',*,*,#995,.F.);
#542=ORIENTED_EDGE('',*,*,#934,.F.);
#543=ORIENTED_EDGE('',*,*,#997,.F.);
#544=ORIENTED_EDGE('',*,*,#932,.F.);
#545=ORIENTED_EDGE('',*,*,#1006,.F.);
#546=ORIENTED_EDGE('',*,*,#983,.F.);
#547=ORIENTED_EDGE('',*,*,#1005,.T.);
#548=ORIENTED_EDGE('',*,*,#988,.F.);
#549=ORIENTED_EDGE('',*,*,#1002,.F.);
#550=ORIENTED_EDGE('',*,*,#1001,.F.);
#551=ORIENTED_EDGE('',*,*,#940,.F.);
#552=ORIENTED_EDGE('',*,*,#1007,.F.);
#553=ORIENTED_EDGE('',*,*,#1008,.T.);
#554=ORIENTED_EDGE('',*,*,#1009,.T.);
#555=ORIENTED_EDGE('',*,*,#939,.F.);
#556=ORIENTED_EDGE('',*,*,#1010,.F.);
#557=ORIENTED_EDGE('',*,*,#1011,.T.);
#558=ORIENTED_EDGE('',*,*,#1007,.T.);
#559=ORIENTED_EDGE('',*,*,#950,.F.);
#560=ORIENTED_EDGE('',*,*,#1012,.F.);
#561=ORIENTED_EDGE('',*,*,#1013,.T.);
#562=ORIENTED_EDGE('',*,*,#1010,.T.);
#563=ORIENTED_EDGE('',*,*,#949,.F.);
#564=ORIENTED_EDGE('',*,*,#1014,.F.);
#565=ORIENTED_EDGE('',*,*,#1015,.T.);
#566=ORIENTED_EDGE('',*,*,#1012,.T.);
#567=ORIENTED_EDGE('',*,*,#948,.F.);
#568=ORIENTED_EDGE('',*,*,#1016,.F.);
#569=ORIENTED_EDGE('',*,*,#1017,.T.);
#570=ORIENTED_EDGE('',*,*,#1014,.T.);
#571=ORIENTED_EDGE('',*,*,#947,.F.);
#572=ORIENTED_EDGE('',*,*,#1018,.F.);
#573=ORIENTED_EDGE('',*,*,#1019,.T.);
#574=ORIENTED_EDGE('',*,*,#1016,.T.);
#575=ORIENTED_EDGE('',*,*,#946,.F.);
#576=ORIENTED_EDGE('',*,*,#1020,.F.);
#577=ORIENTED_EDGE('',*,*,#1021,.T.);
#578=ORIENTED_EDGE('',*,*,#1018,.T.);
#579=ORIENTED_EDGE('',*,*,#945,.F.);
#580=ORIENTED_EDGE('',*,*,#1022,.F.);
#581=ORIENTED_EDGE('',*,*,#1023,.T.);
#582=ORIENTED_EDGE('',*,*,#1020,.T.);
#583=ORIENTED_EDGE('',*,*,#944,.F.);
#584=ORIENTED_EDGE('',*,*,#1024,.F.);
#585=ORIENTED_EDGE('',*,*,#1025,.T.);
#586=ORIENTED_EDGE('',*,*,#1022,.T.);
#587=ORIENTED_EDGE('',*,*,#943,.F.);
#588=ORIENTED_EDGE('',*,*,#1026,.F.);
#589=ORIENTED_EDGE('',*,*,#1027,.T.);
#590=ORIENTED_EDGE('',*,*,#1024,.T.);
#591=ORIENTED_EDGE('',*,*,#942,.F.);
#592=ORIENTED_EDGE('',*,*,#1028,.F.);
#593=ORIENTED_EDGE('',*,*,#1029,.T.);
#594=ORIENTED_EDGE('',*,*,#1026,.T.);
#595=ORIENTED_EDGE('',*,*,#941,.F.);
#596=ORIENTED_EDGE('',*,*,#1009,.F.);
#597=ORIENTED_EDGE('',*,*,#1030,.T.);
#598=ORIENTED_EDGE('',*,*,#1028,.T.);
#599=ORIENTED_EDGE('',*,*,#1008,.F.);
#600=ORIENTED_EDGE('',*,*,#1011,.F.);
#601=ORIENTED_EDGE('',*,*,#1013,.F.);
#602=ORIENTED_EDGE('',*,*,#1015,.F.);
#603=ORIENTED_EDGE('',*,*,#1017,.F.);
#604=ORIENTED_EDGE('',*,*,#1019,.F.);
#605=ORIENTED_EDGE('',*,*,#1021,.F.);
#606=ORIENTED_EDGE('',*,*,#1023,.F.);
#607=ORIENTED_EDGE('',*,*,#1025,.F.);
#608=ORIENTED_EDGE('',*,*,#1027,.F.);
#609=ORIENTED_EDGE('',*,*,#1029,.F.);
#610=ORIENTED_EDGE('',*,*,#1030,.F.);
#611=ORIENTED_EDGE('',*,*,#952,.F.);
#612=ORIENTED_EDGE('',*,*,#1031,.F.);
#613=ORIENTED_EDGE('',*,*,#1032,.T.);
#614=ORIENTED_EDGE('',*,*,#1033,.T.);
#615=ORIENTED_EDGE('',*,*,#951,.F.);
#616=ORIENTED_EDGE('',*,*,#1034,.F.);
#617=ORIENTED_EDGE('',*,*,#1035,.T.);
#618=ORIENTED_EDGE('',*,*,#1031,.T.);
#619=ORIENTED_EDGE('',*,*,#966,.F.);
#620=ORIENTED_EDGE('',*,*,#1036,.F.);
#621=ORIENTED_EDGE('',*,*,#1037,.T.);
#622=ORIENTED_EDGE('',*,*,#1034,.T.);
#623=ORIENTED_EDGE('',*,*,#965,.F.);
#624=ORIENTED_EDGE('',*,*,#1038,.F.);
#625=ORIENTED_EDGE('',*,*,#1039,.T.);
#626=ORIENTED_EDGE('',*,*,#1036,.T.);
#627=ORIENTED_EDGE('',*,*,#964,.F.);
#628=ORIENTED_EDGE('',*,*,#1040,.F.);
#629=ORIENTED_EDGE('',*,*,#1041,.T.);
#630=ORIENTED_EDGE('',*,*,#1038,.T.);
#631=ORIENTED_EDGE('',*,*,#963,.F.);
#632=ORIENTED_EDGE('',*,*,#1042,.F.);
#633=ORIENTED_EDGE('',*,*,#1043,.T.);
#634=ORIENTED_EDGE('',*,*,#1040,.T.);
#635=ORIENTED_EDGE('',*,*,#962,.F.);
#636=ORIENTED_EDGE('',*,*,#1044,.F.);
#637=ORIENTED_EDGE('',*,*,#1045,.T.);
#638=ORIENTED_EDGE('',*,*,#1042,.T.);
#639=ORIENTED_EDGE('',*,*,#961,.F.);
#640=ORIENTED_EDGE('',*,*,#1046,.F.);
#641=ORIENTED_EDGE('',*,*,#1047,.T.);
#642=ORIENTED_EDGE('',*,*,#1044,.T.);
#643=ORIENTED_EDGE('',*,*,#960,.F.);
#644=ORIENTED_EDGE('',*,*,#1048,.F.);
#645=ORIENTED_EDGE('',*,*,#1049,.T.);
#646=ORIENTED_EDGE('',*,*,#1046,.T.);
#647=ORIENTED_EDGE('',*,*,#959,.F.);
#648=ORIENTED_EDGE('',*,*,#1050,.F.);
#649=ORIENTED_EDGE('',*,*,#1051,.T.);
#650=ORIENTED_EDGE('',*,*,#1048,.T.);
#651=ORIENTED_EDGE('',*,*,#958,.F.);
#652=ORIENTED_EDGE('',*,*,#1052,.F.);
#653=ORIENTED_EDGE('',*,*,#1053,.T.);
#654=ORIENTED_EDGE('',*,*,#1050,.T.);
#655=ORIENTED_EDGE('',*,*,#957,.F.);
#656=ORIENTED_EDGE('',*,*,#1054,.F.);
#657=ORIENTED_EDGE('',*,*,#1055,.T.);
#658=ORIENTED_EDGE('',*,*,#1052,.T.);
#659=ORIENTED_EDGE('',*,*,#956,.F.);
#660=ORIENTED_EDGE('',*,*,#1056,.F.);
#661=ORIENTED_EDGE('',*,*,#1057,.T.);
#662=ORIENTED_EDGE('',*,*,#1054,.T.);
#663=ORIENTED_EDGE('',*,*,#955,.F.);
#664=ORIENTED_EDGE('',*,*,#1058,.F.);
#665=ORIENTED_EDGE('',*,*,#1059,.T.);
#666=ORIENTED_EDGE('',*,*,#1056,.T.);
#667=ORIENTED_EDGE('',*,*,#954,.F.);
#668=ORIENTED_EDGE('',*,*,#1060,.F.);
#669=ORIENTED_EDGE('',*,*,#1061,.T.);
#670=ORIENTED_EDGE('',*,*,#1058,.T.);
#671=ORIENTED_EDGE('',*,*,#953,.F.);
#672=ORIENTED_EDGE('',*,*,#1033,.F.);
#673=ORIENTED_EDGE('',*,*,#1062,.T.);
#674=ORIENTED_EDGE('',*,*,#1060,.T.);
#675=ORIENTED_EDGE('',*,*,#1032,.F.);
#676=ORIENTED_EDGE('',*,*,#1035,.F.);
#677=ORIENTED_EDGE('',*,*,#1037,.F.);
#678=ORIENTED_EDGE('',*,*,#1039,.F.);
#679=ORIENTED_EDGE('',*,*,#1041,.F.);
#680=ORIENTED_EDGE('',*,*,#1043,.F.);
#681=ORIENTED_EDGE('',*,*,#1045,.F.);
#682=ORIENTED_EDGE('',*,*,#1047,.F.);
#683=ORIENTED_EDGE('',*,*,#1049,.F.);
#684=ORIENTED_EDGE('',*,*,#1051,.F.);
#685=ORIENTED_EDGE('',*,*,#1053,.F.);
#686=ORIENTED_EDGE('',*,*,#1055,.F.);
#687=ORIENTED_EDGE('',*,*,#1057,.F.);
#688=ORIENTED_EDGE('',*,*,#1059,.F.);
#689=ORIENTED_EDGE('',*,*,#1061,.F.);
#690=ORIENTED_EDGE('',*,*,#1062,.F.);
#691=ORIENTED_EDGE('',*,*,#968,.F.);
#692=ORIENTED_EDGE('',*,*,#1063,.F.);
#693=ORIENTED_EDGE('',*,*,#1064,.T.);
#694=ORIENTED_EDGE('',*,*,#1065,.T.);
#695=ORIENTED_EDGE('',*,*,#967,.F.);
#696=ORIENTED_EDGE('',*,*,#1066,.F.);
#697=ORIENTED_EDGE('',*,*,#1067,.T.);
#698=ORIENTED_EDGE('',*,*,#1063,.T.);
#699=ORIENTED_EDGE('',*,*,#972,.F.);
#700=ORIENTED_EDGE('',*,*,#1068,.F.);
#701=ORIENTED_EDGE('',*,*,#1069,.T.);
#702=ORIENTED_EDGE('',*,*,#1066,.T.);
#703=ORIENTED_EDGE('',*,*,#971,.F.);
#704=ORIENTED_EDGE('',*,*,#1070,.F.);
#705=ORIENTED_EDGE('',*,*,#1071,.T.);
#706=ORIENTED_EDGE('',*,*,#1068,.T.);
#707=ORIENTED_EDGE('',*,*,#970,.F.);
#708=ORIENTED_EDGE('',*,*,#1072,.F.);
#709=ORIENTED_EDGE('',*,*,#1073,.T.);
#710=ORIENTED_EDGE('',*,*,#1070,.T.);
#711=ORIENTED_EDGE('',*,*,#969,.F.);
#712=ORIENTED_EDGE('',*,*,#1065,.F.);
#713=ORIENTED_EDGE('',*,*,#1074,.T.);
#714=ORIENTED_EDGE('',*,*,#1072,.T.);
#715=ORIENTED_EDGE('',*,*,#1064,.F.);
#716=ORIENTED_EDGE('',*,*,#1067,.F.);
#717=ORIENTED_EDGE('',*,*,#1069,.F.);
#718=ORIENTED_EDGE('',*,*,#1071,.F.);
#719=ORIENTED_EDGE('',*,*,#1073,.F.);
#720=ORIENTED_EDGE('',*,*,#1074,.F.);
#721=ORIENTED_EDGE('',*,*,#974,.F.);
#722=ORIENTED_EDGE('',*,*,#1075,.F.);
#723=ORIENTED_EDGE('',*,*,#1076,.T.);
#724=ORIENTED_EDGE('',*,*,#1077,.T.);
#725=ORIENTED_EDGE('',*,*,#973,.F.);
#726=ORIENTED_EDGE('',*,*,#1078,.F.);
#727=ORIENTED_EDGE('',*,*,#1079,.T.);
#728=ORIENTED_EDGE('',*,*,#1075,.T.);
#729=ORIENTED_EDGE('',*,*,#982,.F.);
#730=ORIENTED_EDGE('',*,*,#1080,.F.);
#731=ORIENTED_EDGE('',*,*,#1081,.T.);
#732=ORIENTED_EDGE('',*,*,#1078,.T.);
#733=ORIENTED_EDGE('',*,*,#981,.F.);
#734=ORIENTED_EDGE('',*,*,#1082,.F.);
#735=ORIENTED_EDGE('',*,*,#1083,.T.);
#736=ORIENTED_EDGE('',*,*,#1080,.T.);
#737=ORIENTED_EDGE('',*,*,#980,.F.);
#738=ORIENTED_EDGE('',*,*,#1084,.F.);
#739=ORIENTED_EDGE('',*,*,#1085,.T.);
#740=ORIENTED_EDGE('',*,*,#1082,.T.);
#741=ORIENTED_EDGE('',*,*,#979,.F.);
#742=ORIENTED_EDGE('',*,*,#1086,.F.);
#743=ORIENTED_EDGE('',*,*,#1087,.T.);
#744=ORIENTED_EDGE('',*,*,#1084,.T.);
#745=ORIENTED_EDGE('',*,*,#978,.F.);
#746=ORIENTED_EDGE('',*,*,#1088,.F.);
#747=ORIENTED_EDGE('',*,*,#1089,.T.);
#748=ORIENTED_EDGE('',*,*,#1086,.T.);
#749=ORIENTED_EDGE('',*,*,#977,.F.);
#750=ORIENTED_EDGE('',*,*,#1090,.F.);
#751=ORIENTED_EDGE('',*,*,#1091,.T.);
#752=ORIENTED_EDGE('',*,*,#1088,.T.);
#753=ORIENTED_EDGE('',*,*,#976,.F.);
#754=ORIENTED_EDGE('',*,*,#1092,.F.);
#755=ORIENTED_EDGE('',*,*,#1093,.T.);
#756=ORIENTED_EDGE('',*,*,#1090,.T.);
#757=ORIENTED_EDGE('',*,*,#975,.F.);
#758=ORIENTED_EDGE('',*,*,#1077,.F.);
#759=ORIENTED_EDGE('',*,*,#1094,.T.);
#760=ORIENTED_EDGE('',*,*,#1092,.T.);
#761=ORIENTED_EDGE('',*,*,#1076,.F.);
#762=ORIENTED_EDGE('',*,*,#1079,.F.);
#763=ORIENTED_EDGE('',*,*,#1081,.F.);
#764=ORIENTED_EDGE('',*,*,#1083,.F.);
#765=ORIENTED_EDGE('',*,*,#1085,.F.);
#766=ORIENTED_EDGE('',*,*,#1087,.F.);
#767=ORIENTED_EDGE('',*,*,#1089,.F.);
#768=ORIENTED_EDGE('',*,*,#1091,.F.);
#769=ORIENTED_EDGE('',*,*,#1093,.F.);
#770=ORIENTED_EDGE('',*,*,#1094,.F.);
#771=ORIENTED_EDGE('',*,*,#996,.F.);
#772=ORIENTED_EDGE('',*,*,#999,.F.);
#773=ORIENTED_EDGE('',*,*,#990,.T.);
#774=ORIENTED_EDGE('',*,*,#993,.T.);
#775=ORIENTED_EDGE('',*,*,#984,.F.);
#776=ORIENTED_EDGE('',*,*,#1006,.T.);
#777=ORIENTED_EDGE('',*,*,#987,.F.);
#778=ORIENTED_EDGE('',*,*,#1003,.T.);
#779=ORIENTED_EDGE('',*,*,#1000,.F.);
#780=ORIENTED_EDGE('',*,*,#998,.F.);
#781=ORIENTED_EDGE('',*,*,#994,.F.);
#782=EDGE_CURVE('',#1095,#1096,#1319,.T.);
#783=EDGE_CURVE('',#1096,#1097,#92,.T.);
#784=EDGE_CURVE('',#1097,#1098,#93,.T.);
#785=EDGE_CURVE('',#1099,#1098,#1320,.T.);
#786=EDGE_CURVE('',#1099,#1095,#1321,.T.);
#787=EDGE_CURVE('',#1100,#1101,#94,.F.);
#788=EDGE_CURVE('',#1101,#1102,#95,.F.);
#789=EDGE_CURVE('',#1103,#1102,#1322,.T.);
#790=EDGE_CURVE('',#1103,#1104,#1323,.T.);
#791=EDGE_CURVE('',#1104,#1100,#1324,.T.);
#792=EDGE_CURVE('',#1102,#1096,#1325,.F.);
#793=EDGE_CURVE('',#1095,#1103,#1326,.T.);
#794=EDGE_CURVE('',#1098,#1100,#1327,.T.);
#795=EDGE_CURVE('',#1104,#1099,#1328,.T.);
#796=EDGE_CURVE('',#1101,#1097,#1329,.T.);
#797=EDGE_CURVE('',#1105,#1106,#96,.F.);
#798=EDGE_CURVE('',#1106,#1107,#97,.F.);
#799=EDGE_CURVE('',#1108,#1107,#1330,.T.);
#800=EDGE_CURVE('',#1108,#1109,#1331,.F.);
#801=EDGE_CURVE('',#1109,#1105,#1332,.T.);
#802=EDGE_CURVE('',#1110,#1111,#1333,.T.);
#803=EDGE_CURVE('',#1111,#1112,#98,.T.);
#804=EDGE_CURVE('',#1112,#1113,#99,.T.);
#805=EDGE_CURVE('',#1114,#1113,#1334,.T.);
#806=EDGE_CURVE('',#1114,#1110,#1335,.F.);
#807=EDGE_CURVE('',#1107,#1111,#1336,.T.);
#808=EDGE_CURVE('',#1110,#1108,#1337,.T.);
#809=EDGE_CURVE('',#1113,#1105,#1338,.F.);
#810=EDGE_CURVE('',#1109,#1114,#1339,.F.);
#811=EDGE_CURVE('',#1106,#1112,#1340,.T.);
#812=EDGE_CURVE('',#1115,#1116,#1341,.T.);
#813=EDGE_CURVE('',#1116,#1117,#1342,.T.);
#814=EDGE_CURVE('',#1118,#1117,#1343,.T.);
#815=EDGE_CURVE('',#1115,#1118,#1344,.T.);
#816=EDGE_CURVE('',#1117,#1119,#1345,.T.);
#817=EDGE_CURVE('',#1119,#1120,#1346,.T.);
#818=EDGE_CURVE('',#1121,#1120,#1347,.T.);
#819=EDGE_CURVE('',#1121,#1122,#1348,.T.);
#820=EDGE_CURVE('',#1123,#1122,#1349,.T.);
#821=EDGE_CURVE('',#1123,#1124,#1350,.T.);
#822=EDGE_CURVE('',#1124,#1125,#1351,.T.);
#823=EDGE_CURVE('',#1125,#1126,#1352,.T.);
#824=EDGE_CURVE('',#1127,#1126,#1353,.T.);
#825=EDGE_CURVE('',#1128,#1127,#1354,.T.);
#826=EDGE_CURVE('',#1128,#1118,#1355,.T.);
#827=EDGE_CURVE('',#1119,#1129,#1356,.F.);
#828=EDGE_CURVE('',#1129,#1130,#1357,.F.);
#829=EDGE_CURVE('',#1130,#1124,#1358,.F.);
#830=EDGE_CURVE('',#1131,#1123,#1359,.F.);
#831=EDGE_CURVE('',#1132,#1131,#1360,.F.);
#832=EDGE_CURVE('',#1120,#1132,#1361,.F.);
#833=EDGE_CURVE('',#1131,#1133,#1362,.T.);
#834=EDGE_CURVE('',#1122,#1133,#1363,.F.);
#835=EDGE_CURVE('',#1134,#1132,#1364,.T.);
#836=EDGE_CURVE('',#1134,#1121,#1365,.F.);
#837=EDGE_CURVE('',#1133,#1134,#1366,.F.);
#838=EDGE_CURVE('',#1135,#1127,#1367,.T.);
#839=EDGE_CURVE('',#1136,#1135,#1368,.T.);
#840=EDGE_CURVE('',#1136,#1128,#1369,.T.);
#841=EDGE_CURVE('',#1137,#1126,#1370,.T.);
#842=EDGE_CURVE('',#1135,#1137,#1371,.T.);
#843=EDGE_CURVE('',#1138,#1125,#1372,.T.);
#844=EDGE_CURVE('',#1138,#1137,#1373,.T.);
#845=EDGE_CURVE('',#1136,#1115,#1374,.T.);
#846=EDGE_CURVE('',#1130,#1138,#1375,.T.);
#847=EDGE_CURVE('',#1116,#1129,#1376,.T.);
#848=EDGE_CURVE('',#1139,#1140,#1377,.T.);
#849=EDGE_CURVE('',#1141,#1139,#1378,.T.);
#850=EDGE_CURVE('',#1141,#1142,#1379,.T.);
#851=EDGE_CURVE('',#1142,#1140,#1380,.T.);
#852=EDGE_CURVE('',#1139,#1143,#1381,.T.);
#853=EDGE_CURVE('',#1144,#1143,#1382,.T.);
#854=EDGE_CURVE('',#1141,#1144,#1383,.T.);
#855=EDGE_CURVE('',#1143,#1145,#1384,.T.);
#856=EDGE_CURVE('',#1146,#1145,#1385,.T.);
#857=EDGE_CURVE('',#1144,#1146,#1386,.T.);
#858=EDGE_CURVE('',#1147,#1147,#100,.T.);
#859=EDGE_CURVE('',#1148,#1148,#101,.T.);
#860=EDGE_CURVE('',#1140,#1145,#1387,.T.);
#861=EDGE_CURVE('',#1142,#1146,#1388,.T.);
#862=EDGE_CURVE('',#1149,#1149,#102,.T.);
#863=EDGE_CURVE('',#1150,#1150,#103,.T.);
#864=EDGE_CURVE('',#1151,#1151,#104,.T.);
#865=EDGE_CURVE('',#1152,#1152,#105,.T.);
#866=EDGE_CURVE('',#1153,#1153,#106,.T.);
#867=EDGE_CURVE('',#1154,#1154,#107,.T.);
#868=EDGE_CURVE('',#1155,#1155,#108,.T.);
#869=EDGE_CURVE('',#1156,#1156,#109,.T.);
#870=EDGE_CURVE('',#1157,#1157,#110,.T.);
#871=EDGE_CURVE('',#1158,#1158,#111,.T.);
#872=EDGE_CURVE('',#1159,#1159,#112,.T.);
#873=EDGE_CURVE('',#1160,#1160,#113,.T.);
#874=EDGE_CURVE('',#1161,#1162,#1389,.T.);
#875=EDGE_CURVE('',#1163,#1161,#1390,.T.);
#876=EDGE_CURVE('',#1163,#1164,#1391,.T.);
#877=EDGE_CURVE('',#1164,#1162,#1392,.T.);
#878=EDGE_CURVE('',#1165,#1165,#114,.T.);
#879=EDGE_CURVE('',#1166,#1166,#115,.T.);
#880=EDGE_CURVE('',#1167,#1163,#1393,.T.);
#881=EDGE_CURVE('',#1167,#1168,#1394,.T.);
#882=EDGE_CURVE('',#1168,#1164,#1395,.T.);
#883=EDGE_CURVE('',#1168,#1169,#1396,.T.);
#884=EDGE_CURVE('',#1169,#1162,#1397,.T.);
#885=EDGE_CURVE('',#1170,#1170,#116,.T.);
#886=EDGE_CURVE('',#1171,#1171,#117,.T.);
#887=EDGE_CURVE('',#1172,#1172,#118,.T.);
#888=EDGE_CURVE('',#1173,#1173,#119,.T.);
#889=EDGE_CURVE('',#1174,#1174,#120,.T.);
#890=EDGE_CURVE('',#1175,#1175,#121,.T.);
#891=EDGE_CURVE('',#1176,#1176,#122,.T.);
#892=EDGE_CURVE('',#1177,#1177,#123,.T.);
#893=EDGE_CURVE('',#1178,#1178,#124,.F.);
#894=EDGE_CURVE('',#1179,#1179,#125,.F.);
#895=EDGE_CURVE('',#1180,#1180,#126,.T.);
#896=EDGE_CURVE('',#1181,#1181,#127,.T.);
#897=EDGE_CURVE('',#1182,#1183,#1398,.T.);
#898=EDGE_CURVE('',#1183,#1184,#128,.T.);
#899=EDGE_CURVE('',#1184,#1185,#1399,.T.);
#900=EDGE_CURVE('',#1185,#1186,#129,.T.);
#901=EDGE_CURVE('',#1187,#1186,#1400,.T.);
#902=EDGE_CURVE('',#1182,#1187,#1401,.T.);
#903=EDGE_CURVE('',#1188,#1183,#1402,.F.);
#904=EDGE_CURVE('',#1188,#1189,#130,.F.);
#905=EDGE_CURVE('',#1184,#1189,#1403,.T.);
#906=EDGE_CURVE('',#1187,#1190,#1404,.T.);
#907=EDGE_CURVE('',#1190,#1191,#1405,.T.);
#908=EDGE_CURVE('',#1182,#1191,#1406,.T.);
#909=EDGE_CURVE('',#1192,#1185,#1407,.F.);
#910=EDGE_CURVE('',#1192,#1193,#131,.F.);
#911=EDGE_CURVE('',#1186,#1193,#1408,.T.);
#912=EDGE_CURVE('',#1193,#1190,#1409,.T.);
#913=EDGE_CURVE('',#1192,#1189,#1410,.T.);
#914=EDGE_CURVE('',#1188,#1191,#1411,.T.);
#915=EDGE_CURVE('',#1194,#1169,#1412,.T.);
#916=EDGE_CURVE('',#1194,#1161,#1413,.T.);
#917=EDGE_CURVE('',#1167,#1194,#1414,.T.);
#918=EDGE_CURVE('',#1195,#1195,#132,.T.);
#919=EDGE_CURVE('',#1196,#1196,#133,.F.);
#920=EDGE_CURVE('',#1197,#1197,#134,.F.);
#921=EDGE_CURVE('',#1198,#1198,#135,.F.);
#922=EDGE_CURVE('',#1199,#1199,#136,.F.);
#923=EDGE_CURVE('',#1200,#1200,#137,.F.);
#924=EDGE_CURVE('',#1201,#1201,#138,.T.);
#925=EDGE_CURVE('',#1202,#1202,#139,.T.);
#926=EDGE_CURVE('',#1203,#1203,#140,.T.);
#927=EDGE_CURVE('',#1204,#1204,#141,.T.);
#928=EDGE_CURVE('',#1205,#1205,#142,.T.);
#929=EDGE_CURVE('',#1206,#1206,#143,.T.);
#930=EDGE_CURVE('',#1207,#1207,#144,.T.);
#931=EDGE_CURVE('',#1208,#1209,#1415,.T.);
#932=EDGE_CURVE('',#1209,#1210,#1416,.F.);
#933=EDGE_CURVE('',#1211,#1210,#145,.T.);
#934=EDGE_CURVE('',#1211,#1212,#1417,.F.);
#935=EDGE_CURVE('',#1213,#1212,#146,.T.);
#936=EDGE_CURVE('',#1213,#1214,#1418,.F.);
#937=EDGE_CURVE('',#1215,#1214,#1419,.T.);
#938=EDGE_CURVE('',#1215,#1208,#1420,.T.);
#939=EDGE_CURVE('',#1216,#1217,#1421,.T.);
#940=EDGE_CURVE('',#1217,#1218,#1422,.T.);
#941=EDGE_CURVE('',#1218,#1219,#1423,.T.);
#942=EDGE_CURVE('',#1219,#1220,#1424,.T.);
#943=EDGE_CURVE('',#1220,#1221,#1425,.T.);
#944=EDGE_CURVE('',#1221,#1222,#1426,.T.);
#945=EDGE_CURVE('',#1222,#1223,#1427,.T.);
#946=EDGE_CURVE('',#1223,#1224,#1428,.T.);
#947=EDGE_CURVE('',#1224,#1225,#1429,.T.);
#948=EDGE_CURVE('',#1225,#1226,#1430,.T.);
#949=EDGE_CURVE('',#1226,#1227,#1431,.T.);
#950=EDGE_CURVE('',#1227,#1216,#1432,.T.);
#951=EDGE_CURVE('',#1228,#1229,#22,.T.);
#952=EDGE_CURVE('',#1229,#1230,#23,.T.);
#953=EDGE_CURVE('',#1230,#1231,#24,.T.);
#954=EDGE_CURVE('',#1231,#1232,#25,.T.);
#955=EDGE_CURVE('',#1232,#1233,#1433,.T.);
#956=EDGE_CURVE('',#1233,#1234,#1434,.T.);
#957=EDGE_CURVE('',#1234,#1235,#1435,.T.);
#958=EDGE_CURVE('',#1235,#1236,#26,.T.);
#959=EDGE_CURVE('',#1236,#1237,#27,.T.);
#960=EDGE_CURVE('',#1237,#1238,#28,.T.);
#961=EDGE_CURVE('',#1238,#1239,#29,.T.);
#962=EDGE_CURVE('',#1239,#1240,#1436,.T.);
#963=EDGE_CURVE('',#1240,#1241,#1437,.T.);
#964=EDGE_CURVE('',#1241,#1242,#1438,.T.);
#965=EDGE_CURVE('',#1242,#1243,#30,.T.);
#966=EDGE_CURVE('',#1243,#1228,#31,.T.);
#967=EDGE_CURVE('',#1244,#1245,#1439,.T.);
#968=EDGE_CURVE('',#1245,#1246,#1440,.T.);
#969=EDGE_CURVE('',#1246,#1247,#1441,.T.);
#970=EDGE_CURVE('',#1247,#1248,#1442,.T.);
#971=EDGE_CURVE('',#1248,#1249,#1443,.T.);
#972=EDGE_CURVE('',#1249,#1244,#1444,.T.);
#973=EDGE_CURVE('',#1250,#1251,#1445,.T.);
#974=EDGE_CURVE('',#1251,#1252,#1446,.T.);
#975=EDGE_CURVE('',#1252,#1253,#1447,.T.);
#976=EDGE_CURVE('',#1253,#1254,#1448,.T.);
#977=EDGE_CURVE('',#1254,#1255,#1449,.T.);
#978=EDGE_CURVE('',#1255,#1256,#1450,.T.);
#979=EDGE_CURVE('',#1256,#1257,#1451,.T.);
#980=EDGE_CURVE('',#1257,#1258,#1452,.T.);
#981=EDGE_CURVE('',#1258,#1259,#1453,.T.);
#982=EDGE_CURVE('',#1259,#1250,#1454,.T.);
#983=EDGE_CURVE('',#1214,#1260,#1455,.F.);
#984=EDGE_CURVE('',#1260,#1261,#1456,.T.);
#985=EDGE_CURVE('',#1261,#1215,#1457,.T.);
#986=EDGE_CURVE('',#1262,#1263,#1458,.F.);
#987=EDGE_CURVE('',#1263,#1264,#1459,.T.);
#988=EDGE_CURVE('',#1264,#1265,#1460,.T.);
#989=EDGE_CURVE('',#1265,#1262,#1461,.T.);
#990=EDGE_CURVE('',#1266,#1267,#1462,.T.);
#991=EDGE_CURVE('',#1266,#1209,#1463,.T.);
#992=EDGE_CURVE('',#1267,#1208,#1464,.T.);
#993=EDGE_CURVE('',#1267,#1261,#1465,.T.);
#994=EDGE_CURVE('',#1268,#1268,#147,.F.);
#995=EDGE_CURVE('',#1212,#1213,#32,.T.);
#996=EDGE_CURVE('',#1269,#1269,#148,.F.);
#997=EDGE_CURVE('',#1210,#1211,#33,.T.);
#998=EDGE_CURVE('',#1270,#1270,#149,.F.);
#999=EDGE_CURVE('',#1271,#1271,#150,.F.);
#1000=EDGE_CURVE('',#1272,#1272,#151,.F.);
#1001=EDGE_CURVE('',#1273,#1273,#152,.T.);
#1002=EDGE_CURVE('',#1274,#1274,#153,.F.);
#1003=EDGE_CURVE('',#1263,#1266,#154,.F.);
#1004=EDGE_CURVE('',#1209,#1262,#20,.F.);
#1005=EDGE_CURVE('',#1214,#1265,#21,.T.);
#1006=EDGE_CURVE('',#1260,#1264,#155,.F.);
#1007=EDGE_CURVE('',#1275,#1217,#1466,.T.);
#1008=EDGE_CURVE('',#1275,#1276,#1467,.T.);
#1009=EDGE_CURVE('',#1276,#1218,#1468,.T.);
#1010=EDGE_CURVE('',#1277,#1216,#1469,.T.);
#1011=EDGE_CURVE('',#1277,#1275,#1470,.T.);
#1012=EDGE_CURVE('',#1278,#1227,#1471,.T.);
#1013=EDGE_CURVE('',#1278,#1277,#1472,.T.);
#1014=EDGE_CURVE('',#1279,#1226,#1473,.T.);
#1015=EDGE_CURVE('',#1279,#1278,#1474,.T.);
#1016=EDGE_CURVE('',#1280,#1225,#1475,.T.);
#1017=EDGE_CURVE('',#1280,#1279,#1476,.T.);
#1018=EDGE_CURVE('',#1281,#1224,#1477,.T.);
#1019=EDGE_CURVE('',#1281,#1280,#1478,.T.);
#1020=EDGE_CURVE('',#1282,#1223,#1479,.T.);
#1021=EDGE_CURVE('',#1282,#1281,#1480,.T.);
#1022=EDGE_CURVE('',#1283,#1222,#1481,.T.);
#1023=EDGE_CURVE('',#1283,#1282,#1482,.T.);
#1024=EDGE_CURVE('',#1284,#1221,#1483,.T.);
#1025=EDGE_CURVE('',#1284,#1283,#1484,.T.);
#1026=EDGE_CURVE('',#1285,#1220,#1485,.T.);
#1027=EDGE_CURVE('',#1285,#1284,#1486,.T.);
#1028=EDGE_CURVE('',#1286,#1219,#1487,.T.);
#1029=EDGE_CURVE('',#1286,#1285,#1488,.T.);
#1030=EDGE_CURVE('',#1276,#1286,#1489,.T.);
#1031=EDGE_CURVE('',#1287,#1229,#1490,.T.);
#1032=EDGE_CURVE('',#1287,#1288,#34,.T.);
#1033=EDGE_CURVE('',#1288,#1230,#1491,.T.);
#1034=EDGE_CURVE('',#1289,#1228,#1492,.T.);
#1035=EDGE_CURVE('',#1289,#1287,#35,.T.);
#1036=EDGE_CURVE('',#1290,#1243,#1493,.T.);
#1037=EDGE_CURVE('',#1290,#1289,#36,.T.);
#1038=EDGE_CURVE('',#1291,#1242,#1494,.T.);
#1039=EDGE_CURVE('',#1291,#1290,#37,.T.);
#1040=EDGE_CURVE('',#1292,#1241,#1495,.T.);
#1041=EDGE_CURVE('',#1292,#1291,#1496,.T.);
#1042=EDGE_CURVE('',#1293,#1240,#1497,.T.);
#1043=EDGE_CURVE('',#1293,#1292,#1498,.T.);
#1044=EDGE_CURVE('',#1294,#1239,#1499,.T.);
#1045=EDGE_CURVE('',#1294,#1293,#1500,.T.);
#1046=EDGE_CURVE('',#1295,#1238,#1501,.T.);
#1047=EDGE_CURVE('',#1295,#1294,#38,.T.);
#1048=EDGE_CURVE('',#1296,#1237,#1502,.T.);
#1049=EDGE_CURVE('',#1296,#1295,#39,.T.);
#1050=EDGE_CURVE('',#1297,#1236,#1503,.T.);
#1051=EDGE_CURVE('',#1297,#1296,#40,.T.);
#1052=EDGE_CURVE('',#1298,#1235,#1504,.T.);
#1053=EDGE_CURVE('',#1298,#1297,#41,.T.);
#1054=EDGE_CURVE('',#1299,#1234,#1505,.T.);
#1055=EDGE_CURVE('',#1299,#1298,#1506,.T.);
#1056=EDGE_CURVE('',#1300,#1233,#1507,.T.);
#1057=EDGE_CURVE('',#1300,#1299,#1508,.T.);
#1058=EDGE_CURVE('',#1301,#1232,#1509,.T.);
#1059=EDGE_CURVE('',#1301,#1300,#1510,.T.);
#1060=EDGE_CURVE('',#1302,#1231,#1511,.T.);
#1061=EDGE_CURVE('',#1302,#1301,#42,.T.);
#1062=EDGE_CURVE('',#1288,#1302,#43,.T.);
#1063=EDGE_CURVE('',#1303,#1245,#1512,.T.);
#1064=EDGE_CURVE('',#1303,#1304,#1513,.T.);
#1065=EDGE_CURVE('',#1304,#1246,#1514,.T.);
#1066=EDGE_CURVE('',#1305,#1244,#1515,.T.);
#1067=EDGE_CURVE('',#1305,#1303,#1516,.T.);
#1068=EDGE_CURVE('',#1306,#1249,#1517,.T.);
#1069=EDGE_CURVE('',#1306,#1305,#1518,.T.);
#1070=EDGE_CURVE('',#1307,#1248,#1519,.T.);
#1071=EDGE_CURVE('',#1307,#1306,#1520,.T.);
#1072=EDGE_CURVE('',#1308,#1247,#1521,.T.);
#1073=EDGE_CURVE('',#1308,#1307,#1522,.T.);
#1074=EDGE_CURVE('',#1304,#1308,#1523,.T.);
#1075=EDGE_CURVE('',#1309,#1251,#1524,.T.);
#1076=EDGE_CURVE('',#1309,#1310,#1525,.T.);
#1077=EDGE_CURVE('',#1310,#1252,#1526,.T.);
#1078=EDGE_CURVE('',#1311,#1250,#1527,.T.);
#1079=EDGE_CURVE('',#1311,#1309,#1528,.T.);
#1080=EDGE_CURVE('',#1312,#1259,#1529,.T.);
#1081=EDGE_CURVE('',#1312,#1311,#1530,.T.);
#1082=EDGE_CURVE('',#1313,#1258,#1531,.T.);
#1083=EDGE_CURVE('',#1313,#1312,#1532,.T.);
#1084=EDGE_CURVE('',#1314,#1257,#1533,.T.);
#1085=EDGE_CURVE('',#1314,#1313,#1534,.T.);
#1086=EDGE_CURVE('',#1315,#1256,#1535,.T.);
#1087=EDGE_CURVE('',#1315,#1314,#1536,.T.);
#1088=EDGE_CURVE('',#1316,#1255,#1537,.T.);
#1089=EDGE_CURVE('',#1316,#1315,#1538,.T.);
#1090=EDGE_CURVE('',#1317,#1254,#1539,.T.);
#1091=EDGE_CURVE('',#1317,#1316,#1540,.T.);
#1092=EDGE_CURVE('',#1318,#1253,#1541,.T.);
#1093=EDGE_CURVE('',#1318,#1317,#1542,.T.);
#1094=EDGE_CURVE('',#1310,#1318,#1543,.T.);
#1095=VERTEX_POINT('',#3306);
#1096=VERTEX_POINT('',#3307);
#1097=VERTEX_POINT('',#3309);
#1098=VERTEX_POINT('',#3311);
#1099=VERTEX_POINT('',#3313);
#1100=VERTEX_POINT('',#3317);
#1101=VERTEX_POINT('',#3318);
#1102=VERTEX_POINT('',#3320);
#1103=VERTEX_POINT('',#3322);
#1104=VERTEX_POINT('',#3324);
#1105=VERTEX_POINT('',#3339);
#1106=VERTEX_POINT('',#3340);
#1107=VERTEX_POINT('',#3342);
#1108=VERTEX_POINT('',#3344);
#1109=VERTEX_POINT('',#3346);
#1110=VERTEX_POINT('',#3350);
#1111=VERTEX_POINT('',#3351);
#1112=VERTEX_POINT('',#3353);
#1113=VERTEX_POINT('',#3355);
#1114=VERTEX_POINT('',#3357);
#1115=VERTEX_POINT('',#3372);
#1116=VERTEX_POINT('',#3373);
#1117=VERTEX_POINT('',#3375);
#1118=VERTEX_POINT('',#3377);
#1119=VERTEX_POINT('',#3381);
#1120=VERTEX_POINT('',#3383);
#1121=VERTEX_POINT('',#3385);
#1122=VERTEX_POINT('',#3387);
#1123=VERTEX_POINT('',#3389);
#1124=VERTEX_POINT('',#3391);
#1125=VERTEX_POINT('',#3393);
#1126=VERTEX_POINT('',#3395);
#1127=VERTEX_POINT('',#3397);
#1128=VERTEX_POINT('',#3399);
#1129=VERTEX_POINT('',#3403);
#1130=VERTEX_POINT('',#3405);
#1131=VERTEX_POINT('',#3408);
#1132=VERTEX_POINT('',#3410);
#1133=VERTEX_POINT('',#3414);
#1134=VERTEX_POINT('',#3418);
#1135=VERTEX_POINT('',#3425);
#1136=VERTEX_POINT('',#3427);
#1137=VERTEX_POINT('',#3431);
#1138=VERTEX_POINT('',#3435);
#1139=VERTEX_POINT('',#3447);
#1140=VERTEX_POINT('',#3448);
#1141=VERTEX_POINT('',#3450);
#1142=VERTEX_POINT('',#3452);
#1143=VERTEX_POINT('',#3456);
#1144=VERTEX_POINT('',#3458);
#1145=VERTEX_POINT('',#3462);
#1146=VERTEX_POINT('',#3464);
#1147=VERTEX_POINT('',#3468);
#1148=VERTEX_POINT('',#3470);
#1149=VERTEX_POINT('',#3477);
#1150=VERTEX_POINT('',#3480);
#1151=VERTEX_POINT('',#3485);
#1152=VERTEX_POINT('',#3487);
#1153=VERTEX_POINT('',#3489);
#1154=VERTEX_POINT('',#3491);
#1155=VERTEX_POINT('',#3493);
#1156=VERTEX_POINT('',#3495);
#1157=VERTEX_POINT('',#3497);
#1158=VERTEX_POINT('',#3499);
#1159=VERTEX_POINT('',#3501);
#1160=VERTEX_POINT('',#3503);
#1161=VERTEX_POINT('',#3505);
#1162=VERTEX_POINT('',#3506);
#1163=VERTEX_POINT('',#3508);
#1164=VERTEX_POINT('',#3510);
#1165=VERTEX_POINT('',#3514);
#1166=VERTEX_POINT('',#3517);
#1167=VERTEX_POINT('',#3520);
#1168=VERTEX_POINT('',#3522);
#1169=VERTEX_POINT('',#3526);
#1170=VERTEX_POINT('',#3530);
#1171=VERTEX_POINT('',#3533);
#1172=VERTEX_POINT('',#3536);
#1173=VERTEX_POINT('',#3539);
#1174=VERTEX_POINT('',#3542);
#1175=VERTEX_POINT('',#3545);
#1176=VERTEX_POINT('',#3548);
#1177=VERTEX_POINT('',#3551);
#1178=VERTEX_POINT('',#3554);
#1179=VERTEX_POINT('',#3557);
#1180=VERTEX_POINT('',#3560);
#1181=VERTEX_POINT('',#3562);
#1182=VERTEX_POINT('',#3565);
#1183=VERTEX_POINT('',#3566);
#1184=VERTEX_POINT('',#3568);
#1185=VERTEX_POINT('',#3570);
#1186=VERTEX_POINT('',#3572);
#1187=VERTEX_POINT('',#3574);
#1188=VERTEX_POINT('',#3578);
#1189=VERTEX_POINT('',#3580);
#1190=VERTEX_POINT('',#3584);
#1191=VERTEX_POINT('',#3586);
#1192=VERTEX_POINT('',#3590);
#1193=VERTEX_POINT('',#3592);
#1194=VERTEX_POINT('',#3602);
#1195=VERTEX_POINT('',#3608);
#1196=VERTEX_POINT('',#3611);
#1197=VERTEX_POINT('',#3614);
#1198=VERTEX_POINT('',#3616);
#1199=VERTEX_POINT('',#3618);
#1200=VERTEX_POINT('',#3620);
#1201=VERTEX_POINT('',#3623);
#1202=VERTEX_POINT('',#3627);
#1203=VERTEX_POINT('',#3631);
#1204=VERTEX_POINT('',#3635);
#1205=VERTEX_POINT('',#3640);
#1206=VERTEX_POINT('',#3642);
#1207=VERTEX_POINT('',#3644);
#1208=VERTEX_POINT('',#3646);
#1209=VERTEX_POINT('',#3647);
#1210=VERTEX_POINT('',#3649);
#1211=VERTEX_POINT('',#3651);
#1212=VERTEX_POINT('',#3653);
#1213=VERTEX_POINT('',#3655);
#1214=VERTEX_POINT('',#3657);
#1215=VERTEX_POINT('',#3659);
#1216=VERTEX_POINT('',#3662);
#1217=VERTEX_POINT('',#3663);
#1218=VERTEX_POINT('',#3665);
#1219=VERTEX_POINT('',#3667);
#1220=VERTEX_POINT('',#3669);
#1221=VERTEX_POINT('',#3671);
#1222=VERTEX_POINT('',#3673);
#1223=VERTEX_POINT('',#3675);
#1224=VERTEX_POINT('',#3677);
#1225=VERTEX_POINT('',#3679);
#1226=VERTEX_POINT('',#3681);
#1227=VERTEX_POINT('',#3683);
#1228=VERTEX_POINT('',#3688);
#1229=VERTEX_POINT('',#3689);
#1230=VERTEX_POINT('',#3693);
#1231=VERTEX_POINT('',#3697);
#1232=VERTEX_POINT('',#3701);
#1233=VERTEX_POINT('',#3703);
#1234=VERTEX_POINT('',#3705);
#1235=VERTEX_POINT('',#3707);
#1236=VERTEX_POINT('',#3711);
#1237=VERTEX_POINT('',#3715);
#1238=VERTEX_POINT('',#3719);
#1239=VERTEX_POINT('',#3723);
#1240=VERTEX_POINT('',#3725);
#1241=VERTEX_POINT('',#3727);
#1242=VERTEX_POINT('',#3729);
#1243=VERTEX_POINT('',#3733);
#1244=VERTEX_POINT('',#3738);
#1245=VERTEX_POINT('',#3739);
#1246=VERTEX_POINT('',#3741);
#1247=VERTEX_POINT('',#3743);
#1248=VERTEX_POINT('',#3745);
#1249=VERTEX_POINT('',#3747);
#1250=VERTEX_POINT('',#3750);
#1251=VERTEX_POINT('',#3751);
#1252=VERTEX_POINT('',#3753);
#1253=VERTEX_POINT('',#3755);
#1254=VERTEX_POINT('',#3757);
#1255=VERTEX_POINT('',#3759);
#1256=VERTEX_POINT('',#3761);
#1257=VERTEX_POINT('',#3763);
#1258=VERTEX_POINT('',#3765);
#1259=VERTEX_POINT('',#3767);
#1260=VERTEX_POINT('',#3771);
#1261=VERTEX_POINT('',#3773);
#1262=VERTEX_POINT('',#3777);
#1263=VERTEX_POINT('',#3778);
#1264=VERTEX_POINT('',#3780);
#1265=VERTEX_POINT('',#3782);
#1266=VERTEX_POINT('',#3786);
#1267=VERTEX_POINT('',#3787);
#1268=VERTEX_POINT('',#3794);
#1269=VERTEX_POINT('',#3808);
#1270=VERTEX_POINT('',#3822);
#1271=VERTEX_POINT('',#3825);
#1272=VERTEX_POINT('',#3828);
#1273=VERTEX_POINT('',#3830);
#1274=VERTEX_POINT('',#3833);
#1275=VERTEX_POINT('',#3844);
#1276=VERTEX_POINT('',#3846);
#1277=VERTEX_POINT('',#3850);
#1278=VERTEX_POINT('',#3854);
#1279=VERTEX_POINT('',#3858);
#1280=VERTEX_POINT('',#3862);
#1281=VERTEX_POINT('',#3866);
#1282=VERTEX_POINT('',#3870);
#1283=VERTEX_POINT('',#3874);
#1284=VERTEX_POINT('',#3878);
#1285=VERTEX_POINT('',#3882);
#1286=VERTEX_POINT('',#3886);
#1287=VERTEX_POINT('',#3900);
#1288=VERTEX_POINT('',#3904);
#1289=VERTEX_POINT('',#3915);
#1290=VERTEX_POINT('',#3928);
#1291=VERTEX_POINT('',#3941);
#1292=VERTEX_POINT('',#3947);
#1293=VERTEX_POINT('',#3951);
#1294=VERTEX_POINT('',#3955);
#1295=VERTEX_POINT('',#3966);
#1296=VERTEX_POINT('',#3979);
#1297=VERTEX_POINT('',#3992);
#1298=VERTEX_POINT('',#4005);
#1299=VERTEX_POINT('',#4011);
#1300=VERTEX_POINT('',#4015);
#1301=VERTEX_POINT('',#4019);
#1302=VERTEX_POINT('',#4030);
#1303=VERTEX_POINT('',#4048);
#1304=VERTEX_POINT('',#4050);
#1305=VERTEX_POINT('',#4054);
#1306=VERTEX_POINT('',#4058);
#1307=VERTEX_POINT('',#4062);
#1308=VERTEX_POINT('',#4066);
#1309=VERTEX_POINT('',#4073);
#1310=VERTEX_POINT('',#4075);
#1311=VERTEX_POINT('',#4079);
#1312=VERTEX_POINT('',#4083);
#1313=VERTEX_POINT('',#4087);
#1314=VERTEX_POINT('',#4091);
#1315=VERTEX_POINT('',#4095);
#1316=VERTEX_POINT('',#4099);
#1317=VERTEX_POINT('',#4103);
#1318=VERTEX_POINT('',#4107);
#1319=LINE('',#3305,#1544);
#1320=LINE('',#3312,#1545);
#1321=LINE('',#3314,#1546);
#1322=LINE('',#3321,#1547);
#1323=LINE('',#3323,#1548);
#1324=LINE('',#3325,#1549);
#1325=LINE('',#3327,#1550);
#1326=LINE('',#3328,#1551);
#1327=LINE('',#3330,#1552);
#1328=LINE('',#3331,#1553);
#1329=LINE('',#3334,#1554);
#1330=LINE('',#3343,#1555);
#1331=LINE('',#3345,#1556);
#1332=LINE('',#3347,#1557);
#1333=LINE('',#3349,#1558);
#1334=LINE('',#3356,#1559);
#1335=LINE('',#3358,#1560);
#1336=LINE('',#3360,#1561);
#1337=LINE('',#3361,#1562);
#1338=LINE('',#3363,#1563);
#1339=LINE('',#3364,#1564);
#1340=LINE('',#3367,#1565);
#1341=LINE('',#3371,#1566);
#1342=LINE('',#3374,#1567);
#1343=LINE('',#3376,#1568);
#1344=LINE('',#3378,#1569);
#1345=LINE('',#3380,#1570);
#1346=LINE('',#3382,#1571);
#1347=LINE('',#3384,#1572);
#1348=LINE('',#3386,#1573);
#1349=LINE('',#3388,#1574);
#1350=LINE('',#3390,#1575);
#1351=LINE('',#3392,#1576);
#1352=LINE('',#3394,#1577);
#1353=LINE('',#3396,#1578);
#1354=LINE('',#3398,#1579);
#1355=LINE('',#3400,#1580);
#1356=LINE('',#3402,#1581);
#1357=LINE('',#3404,#1582);
#1358=LINE('',#3406,#1583);
#1359=LINE('',#3407,#1584);
#1360=LINE('',#3409,#1585);
#1361=LINE('',#3411,#1586);
#1362=LINE('',#3413,#1587);
#1363=LINE('',#3415,#1588);
#1364=LINE('',#3417,#1589);
#1365=LINE('',#3419,#1590);
#1366=LINE('',#3421,#1591);
#1367=LINE('',#3424,#1592);
#1368=LINE('',#3426,#1593);
#1369=LINE('',#3428,#1594);
#1370=LINE('',#3430,#1595);
#1371=LINE('',#3432,#1596);
#1372=LINE('',#3434,#1597);
#1373=LINE('',#3436,#1598);
#1374=LINE('',#3438,#1599);
#1375=LINE('',#3440,#1600);
#1376=LINE('',#3441,#1601);
#1377=LINE('',#3446,#1602);
#1378=LINE('',#3449,#1603);
#1379=LINE('',#3451,#1604);
#1380=LINE('',#3453,#1605);
#1381=LINE('',#3455,#1606);
#1382=LINE('',#3457,#1607);
#1383=LINE('',#3459,#1608);
#1384=LINE('',#3461,#1609);
#1385=LINE('',#3463,#1610);
#1386=LINE('',#3465,#1611);
#1387=LINE('',#3472,#1612);
#1388=LINE('',#3473,#1613);
#1389=LINE('',#3504,#1614);
#1390=LINE('',#3507,#1615);
#1391=LINE('',#3509,#1616);
#1392=LINE('',#3511,#1617);
#1393=LINE('',#3519,#1618);
#1394=LINE('',#3521,#1619);
#1395=LINE('',#3523,#1620);
#1396=LINE('',#3525,#1621);
#1397=LINE('',#3527,#1622);
#1398=LINE('',#3564,#1623);
#1399=LINE('',#3569,#1624);
#1400=LINE('',#3573,#1625);
#1401=LINE('',#3575,#1626);
#1402=LINE('',#3577,#1627);
#1403=LINE('',#3581,#1628);
#1404=LINE('',#3583,#1629);
#1405=LINE('',#3585,#1630);
#1406=LINE('',#3587,#1631);
#1407=LINE('',#3589,#1632);
#1408=LINE('',#3593,#1633);
#1409=LINE('',#3595,#1634);
#1410=LINE('',#3597,#1635);
#1411=LINE('',#3599,#1636);
#1412=LINE('',#3601,#1637);
#1413=LINE('',#3603,#1638);
#1414=LINE('',#3605,#1639);
#1415=LINE('',#3645,#1640);
#1416=LINE('',#3648,#1641);
#1417=LINE('',#3652,#1642);
#1418=LINE('',#3656,#1643);
#1419=LINE('',#3658,#1644);
#1420=LINE('',#3660,#1645);
#1421=LINE('',#3661,#1646);
#1422=LINE('',#3664,#1647);
#1423=LINE('',#3666,#1648);
#1424=LINE('',#3668,#1649);
#1425=LINE('',#3670,#1650);
#1426=LINE('',#3672,#1651);
#1427=LINE('',#3674,#1652);
#1428=LINE('',#3676,#1653);
#1429=LINE('',#3678,#1654);
#1430=LINE('',#3680,#1655);
#1431=LINE('',#3682,#1656);
#1432=LINE('',#3684,#1657);
#1433=LINE('',#3702,#1658);
#1434=LINE('',#3704,#1659);
#1435=LINE('',#3706,#1660);
#1436=LINE('',#3724,#1661);
#1437=LINE('',#3726,#1662);
#1438=LINE('',#3728,#1663);
#1439=LINE('',#3737,#1664);
#1440=LINE('',#3740,#1665);
#1441=LINE('',#3742,#1666);
#1442=LINE('',#3744,#1667);
#1443=LINE('',#3746,#1668);
#1444=LINE('',#3748,#1669);
#1445=LINE('',#3749,#1670);
#1446=LINE('',#3752,#1671);
#1447=LINE('',#3754,#1672);
#1448=LINE('',#3756,#1673);
#1449=LINE('',#3758,#1674);
#1450=LINE('',#3760,#1675);
#1451=LINE('',#3762,#1676);
#1452=LINE('',#3764,#1677);
#1453=LINE('',#3766,#1678);
#1454=LINE('',#3768,#1679);
#1455=LINE('',#3770,#1680);
#1456=LINE('',#3772,#1681);
#1457=LINE('',#3774,#1682);
#1458=LINE('',#3776,#1683);
#1459=LINE('',#3779,#1684);
#1460=LINE('',#3781,#1685);
#1461=LINE('',#3783,#1686);
#1462=LINE('',#3785,#1687);
#1463=LINE('',#3788,#1688);
#1464=LINE('',#3789,#1689);
#1465=LINE('',#3791,#1690);
#1466=LINE('',#3843,#1691);
#1467=LINE('',#3845,#1692);
#1468=LINE('',#3847,#1693);
#1469=LINE('',#3849,#1694);
#1470=LINE('',#3851,#1695);
#1471=LINE('',#3853,#1696);
#1472=LINE('',#3855,#1697);
#1473=LINE('',#3857,#1698);
#1474=LINE('',#3859,#1699);
#1475=LINE('',#3861,#1700);
#1476=LINE('',#3863,#1701);
#1477=LINE('',#3865,#1702);
#1478=LINE('',#3867,#1703);
#1479=LINE('',#3869,#1704);
#1480=LINE('',#3871,#1705);
#1481=LINE('',#3873,#1706);
#1482=LINE('',#3875,#1707);
#1483=LINE('',#3877,#1708);
#1484=LINE('',#3879,#1709);
#1485=LINE('',#3881,#1710);
#1486=LINE('',#3883,#1711);
#1487=LINE('',#3885,#1712);
#1488=LINE('',#3887,#1713);
#1489=LINE('',#3889,#1714);
#1490=LINE('',#3899,#1715);
#1491=LINE('',#3905,#1716);
#1492=LINE('',#3914,#1717);
#1493=LINE('',#3927,#1718);
#1494=LINE('',#3940,#1719);
#1495=LINE('',#3946,#1720);
#1496=LINE('',#3948,#1721);
#1497=LINE('',#3950,#1722);
#1498=LINE('',#3952,#1723);
#1499=LINE('',#3954,#1724);
#1500=LINE('',#3956,#1725);
#1501=LINE('',#3965,#1726);
#1502=LINE('',#3978,#1727);
#1503=LINE('',#3991,#1728);
#1504=LINE('',#4004,#1729);
#1505=LINE('',#4010,#1730);
#1506=LINE('',#4012,#1731);
#1507=LINE('',#4014,#1732);
#1508=LINE('',#4016,#1733);
#1509=LINE('',#4018,#1734);
#1510=LINE('',#4020,#1735);
#1511=LINE('',#4029,#1736);
#1512=LINE('',#4047,#1737);
#1513=LINE('',#4049,#1738);
#1514=LINE('',#4051,#1739);
#1515=LINE('',#4053,#1740);
#1516=LINE('',#4055,#1741);
#1517=LINE('',#4057,#1742);
#1518=LINE('',#4059,#1743);
#1519=LINE('',#4061,#1744);
#1520=LINE('',#4063,#1745);
#1521=LINE('',#4065,#1746);
#1522=LINE('',#4067,#1747);
#1523=LINE('',#4069,#1748);
#1524=LINE('',#4072,#1749);
#1525=LINE('',#4074,#1750);
#1526=LINE('',#4076,#1751);
#1527=LINE('',#4078,#1752);
#1528=LINE('',#4080,#1753);
#1529=LINE('',#4082,#1754);
#1530=LINE('',#4084,#1755);
#1531=LINE('',#4086,#1756);
#1532=LINE('',#4088,#1757);
#1533=LINE('',#4090,#1758);
#1534=LINE('',#4092,#1759);
#1535=LINE('',#4094,#1760);
#1536=LINE('',#4096,#1761);
#1537=LINE('',#4098,#1762);
#1538=LINE('',#4100,#1763);
#1539=LINE('',#4102,#1764);
#1540=LINE('',#4104,#1765);
#1541=LINE('',#4106,#1766);
#1542=LINE('',#4108,#1767);
#1543=LINE('',#4110,#1768);
#1544=VECTOR('',#2684,1.);
#1545=VECTOR('',#2689,1.);
#1546=VECTOR('',#2690,1.);
#1547=VECTOR('',#2697,1.);
#1548=VECTOR('',#2698,1.);
#1549=VECTOR('',#2699,1.);
#1550=VECTOR('',#2702,1.);
#1551=VECTOR('',#2703,1.);
#1552=VECTOR('',#2706,1.);
#1553=VECTOR('',#2707,1.);
#1554=VECTOR('',#2712,1.);
#1555=VECTOR('',#2723,1.);
#1556=VECTOR('',#2724,1.);
#1557=VECTOR('',#2725,1.);
#1558=VECTOR('',#2728,1.);
#1559=VECTOR('',#2733,1.);
#1560=VECTOR('',#2734,1.);
#1561=VECTOR('',#2737,1.);
#1562=VECTOR('',#2738,1.);
#1563=VECTOR('',#2741,1.);
#1564=VECTOR('',#2742,1.);
#1565=VECTOR('',#2747,1.);
#1566=VECTOR('',#2754,1.);
#1567=VECTOR('',#2755,1.);
#1568=VECTOR('',#2756,1.);
#1569=VECTOR('',#2757,1.);
#1570=VECTOR('',#2760,1.);
#1571=VECTOR('',#2761,1.);
#1572=VECTOR('',#2762,1.);
#1573=VECTOR('',#2763,1.);
#1574=VECTOR('',#2764,1.);
#1575=VECTOR('',#2765,1.);
#1576=VECTOR('',#2766,1.);
#1577=VECTOR('',#2767,1.);
#1578=VECTOR('',#2768,1.);
#1579=VECTOR('',#2769,1.);
#1580=VECTOR('',#2770,1.);
#1581=VECTOR('',#2773,1.);
#1582=VECTOR('',#2774,1.);
#1583=VECTOR('',#2775,1.);
#1584=VECTOR('',#2776,1.);
#1585=VECTOR('',#2777,1.);
#1586=VECTOR('',#2778,1.);
#1587=VECTOR('',#2781,1.);
#1588=VECTOR('',#2782,1.);
#1589=VECTOR('',#2785,1.);
#1590=VECTOR('',#2786,1.);
#1591=VECTOR('',#2789,1.);
#1592=VECTOR('',#2794,1.);
#1593=VECTOR('',#2795,1.);
#1594=VECTOR('',#2796,1.);
#1595=VECTOR('',#2799,1.);
#1596=VECTOR('',#2800,1.);
#1597=VECTOR('',#2803,1.);
#1598=VECTOR('',#2804,1.);
#1599=VECTOR('',#2807,1.);
#1600=VECTOR('',#2810,1.);
#1601=VECTOR('',#2811,1.);
#1602=VECTOR('',#2820,1.);
#1603=VECTOR('',#2821,1.);
#1604=VECTOR('',#2822,1.);
#1605=VECTOR('',#2823,1.);
#1606=VECTOR('',#2826,1.);
#1607=VECTOR('',#2827,1.);
#1608=VECTOR('',#2828,1.);
#1609=VECTOR('',#2831,1.);
#1610=VECTOR('',#2832,1.);
#1611=VECTOR('',#2833,1.);
#1612=VECTOR('',#2842,1.);
#1613=VECTOR('',#2843,1.);
#1614=VECTOR('',#2880,1.);
#1615=VECTOR('',#2881,1.);
#1616=VECTOR('',#2882,1.);
#1617=VECTOR('',#2883,1.);
#1618=VECTOR('',#2894,1.);
#1619=VECTOR('',#2895,1.);
#1620=VECTOR('',#2896,1.);
#1621=VECTOR('',#2899,1.);
#1622=VECTOR('',#2900,1.);
#1623=VECTOR('',#2949,1.);
#1624=VECTOR('',#2952,1.);
#1625=VECTOR('',#2955,1.);
#1626=VECTOR('',#2956,1.);
#1627=VECTOR('',#2959,1.);
#1628=VECTOR('',#2962,1.);
#1629=VECTOR('',#2965,1.);
#1630=VECTOR('',#2966,1.);
#1631=VECTOR('',#2967,1.);
#1632=VECTOR('',#2970,1.);
#1633=VECTOR('',#2973,1.);
#1634=VECTOR('',#2976,1.);
#1635=VECTOR('',#2979,1.);
#1636=VECTOR('',#2982,1.);
#1637=VECTOR('',#2985,1.);
#1638=VECTOR('',#2986,1.);
#1639=VECTOR('',#2989,1.);
#1640=VECTOR('',#3042,1.);
#1641=VECTOR('',#3043,1.);
#1642=VECTOR('',#3046,1.);
#1643=VECTOR('',#3049,1.);
#1644=VECTOR('',#3050,1.);
#1645=VECTOR('',#3051,1.);
#1646=VECTOR('',#3052,1.);
#1647=VECTOR('',#3053,1.);
#1648=VECTOR('',#3054,1.);
#1649=VECTOR('',#3055,1.);
#1650=VECTOR('',#3056,1.);
#1651=VECTOR('',#3057,1.);
#1652=VECTOR('',#3058,1.);
#1653=VECTOR('',#3059,1.);
#1654=VECTOR('',#3060,1.);
#1655=VECTOR('',#3061,1.);
#1656=VECTOR('',#3062,1.);
#1657=VECTOR('',#3063,1.);
#1658=VECTOR('',#3064,1.);
#1659=VECTOR('',#3065,1.);
#1660=VECTOR('',#3066,1.);
#1661=VECTOR('',#3067,1.);
#1662=VECTOR('',#3068,1.);
#1663=VECTOR('',#3069,1.);
#1664=VECTOR('',#3070,1.);
#1665=VECTOR('',#3071,1.);
#1666=VECTOR('',#3072,1.);
#1667=VECTOR('',#3073,1.);
#1668=VECTOR('',#3074,1.);
#1669=VECTOR('',#3075,1.);
#1670=VECTOR('',#3076,1.);
#1671=VECTOR('',#3077,1.);
#1672=VECTOR('',#3078,1.);
#1673=VECTOR('',#3079,1.);
#1674=VECTOR('',#3080,1.);
#1675=VECTOR('',#3081,1.);
#1676=VECTOR('',#3082,1.);
#1677=VECTOR('',#3083,1.);
#1678=VECTOR('',#3084,1.);
#1679=VECTOR('',#3085,1.);
#1680=VECTOR('',#3088,1.);
#1681=VECTOR('',#3089,1.);
#1682=VECTOR('',#3090,1.);
#1683=VECTOR('',#3093,1.);
#1684=VECTOR('',#3094,1.);
#1685=VECTOR('',#3095,1.);
#1686=VECTOR('',#3096,1.);
#1687=VECTOR('',#3099,1.);
#1688=VECTOR('',#3100,1.);
#1689=VECTOR('',#3101,1.);
#1690=VECTOR('',#3104,1.);
#1691=VECTOR('',#3149,1.);
#1692=VECTOR('',#3150,1.);
#1693=VECTOR('',#3151,1.);
#1694=VECTOR('',#3154,1.);
#1695=VECTOR('',#3155,1.);
#1696=VECTOR('',#3158,1.);
#1697=VECTOR('',#3159,1.);
#1698=VECTOR('',#3162,1.);
#1699=VECTOR('',#3163,1.);
#1700=VECTOR('',#3166,1.);
#1701=VECTOR('',#3167,1.);
#1702=VECTOR('',#3170,1.);
#1703=VECTOR('',#3171,1.);
#1704=VECTOR('',#3174,1.);
#1705=VECTOR('',#3175,1.);
#1706=VECTOR('',#3178,1.);
#1707=VECTOR('',#3179,1.);
#1708=VECTOR('',#3182,1.);
#1709=VECTOR('',#3183,1.);
#1710=VECTOR('',#3186,1.);
#1711=VECTOR('',#3187,1.);
#1712=VECTOR('',#3190,1.);
#1713=VECTOR('',#3191,1.);
#1714=VECTOR('',#3194,1.);
#1715=VECTOR('',#3197,1.);
#1716=VECTOR('',#3198,1.);
#1717=VECTOR('',#3199,1.);
#1718=VECTOR('',#3200,1.);
#1719=VECTOR('',#3201,1.);
#1720=VECTOR('',#3204,1.);
#1721=VECTOR('',#3205,1.);
#1722=VECTOR('',#3208,1.);
#1723=VECTOR('',#3209,1.);
#1724=VECTOR('',#3212,1.);
#1725=VECTOR('',#3213,1.);
#1726=VECTOR('',#3214,1.);
#1727=VECTOR('',#3215,1.);
#1728=VECTOR('',#3216,1.);
#1729=VECTOR('',#3217,1.);
#1730=VECTOR('',#3220,1.);
#1731=VECTOR('',#3221,1.);
#1732=VECTOR('',#3224,1.);
#1733=VECTOR('',#3225,1.);
#1734=VECTOR('',#3228,1.);
#1735=VECTOR('',#3229,1.);
#1736=VECTOR('',#3230,1.);
#1737=VECTOR('',#3235,1.);
#1738=VECTOR('',#3236,1.);
#1739=VECTOR('',#3237,1.);
#1740=VECTOR('',#3240,1.);
#1741=VECTOR('',#3241,1.);
#1742=VECTOR('',#3244,1.);
#1743=VECTOR('',#3245,1.);
#1744=VECTOR('',#3248,1.);
#1745=VECTOR('',#3249,1.);
#1746=VECTOR('',#3252,1.);
#1747=VECTOR('',#3253,1.);
#1748=VECTOR('',#3256,1.);
#1749=VECTOR('',#3261,1.);
#1750=VECTOR('',#3262,1.);
#1751=VECTOR('',#3263,1.);
#1752=VECTOR('',#3266,1.);
#1753=VECTOR('',#3267,1.);
#1754=VECTOR('',#3270,1.);
#1755=VECTOR('',#3271,1.);
#1756=VECTOR('',#3274,1.);
#1757=VECTOR('',#3275,1.);
#1758=VECTOR('',#3278,1.);
#1759=VECTOR('',#3279,1.);
#1760=VECTOR('',#3282,1.);
#1761=VECTOR('',#3283,1.);
#1762=VECTOR('',#3286,1.);
#1763=VECTOR('',#3287,1.);
#1764=VECTOR('',#3290,1.);
#1765=VECTOR('',#3291,1.);
#1766=VECTOR('',#3294,1.);
#1767=VECTOR('',#3295,1.);
#1768=VECTOR('',#3298,1.);
#1769=EDGE_LOOP('',(#156,#157,#158,#159,#160));
#1770=EDGE_LOOP('',(#161,#162,#163,#164,#165));
#1771=EDGE_LOOP('',(#166,#167,#168,#169));
#1772=EDGE_LOOP('',(#170,#171,#172,#173));
#1773=EDGE_LOOP('',(#174,#175,#176,#177));
#1774=EDGE_LOOP('',(#178,#179,#180,#181));
#1775=EDGE_LOOP('',(#182,#183,#184,#185));
#1776=EDGE_LOOP('',(#186,#187,#188,#189,#190));
#1777=EDGE_LOOP('',(#191,#192,#193,#194,#195));
#1778=EDGE_LOOP('',(#196,#197,#198,#199));
#1779=EDGE_LOOP('',(#200,#201,#202,#203));
#1780=EDGE_LOOP('',(#204,#205,#206,#207));
#1781=EDGE_LOOP('',(#208,#209,#210,#211));
#1782=EDGE_LOOP('',(#212,#213,#214,#215));
#1783=EDGE_LOOP('',(#216,#217,#218,#219));
#1784=EDGE_LOOP('',(#220,#221,#222,#223,#224,#225,#226,#227,#228,#229,#230,
#231));
#1785=EDGE_LOOP('',(#232,#233,#234,#235,#236,#237,#238,#239));
#1786=EDGE_LOOP('',(#240,#241,#242,#243));
#1787=EDGE_LOOP('',(#244,#245,#246,#247));
#1788=EDGE_LOOP('',(#248,#249,#250,#251));
#1789=EDGE_LOOP('',(#252,#253,#254,#255));
#1790=EDGE_LOOP('',(#256,#257,#258,#259));
#1791=EDGE_LOOP('',(#260,#261,#262,#263));
#1792=EDGE_LOOP('',(#264,#265,#266,#267));
#1793=EDGE_LOOP('',(#268,#269,#270,#271));
#1794=EDGE_LOOP('',(#272,#273,#274,#275,#276,#277,#278,#279));
#1795=EDGE_LOOP('',(#280,#281,#282,#283));
#1796=EDGE_LOOP('',(#284,#285,#286,#287));
#1797=EDGE_LOOP('',(#288,#289,#290,#291));
#1798=EDGE_LOOP('',(#292,#293,#294,#295));
#1799=EDGE_LOOP('',(#296,#297,#298,#299));
#1800=EDGE_LOOP('',(#300));
#1801=EDGE_LOOP('',(#301));
#1802=EDGE_LOOP('',(#302,#303,#304,#305));
#1803=EDGE_LOOP('',(#306));
#1804=EDGE_LOOP('',(#307,#308,#309,#310));
#1805=EDGE_LOOP('',(#311));
#1806=EDGE_LOOP('',(#312,#313,#314,#315));
#1807=EDGE_LOOP('',(#316));
#1808=EDGE_LOOP('',(#317));
#1809=EDGE_LOOP('',(#318));
#1810=EDGE_LOOP('',(#319));
#1811=EDGE_LOOP('',(#320));
#1812=EDGE_LOOP('',(#321));
#1813=EDGE_LOOP('',(#322));
#1814=EDGE_LOOP('',(#323));
#1815=EDGE_LOOP('',(#324));
#1816=EDGE_LOOP('',(#325));
#1817=EDGE_LOOP('',(#326));
#1818=EDGE_LOOP('',(#327));
#1819=EDGE_LOOP('',(#328));
#1820=EDGE_LOOP('',(#329));
#1821=EDGE_LOOP('',(#330,#331,#332,#333));
#1822=EDGE_LOOP('',(#334));
#1823=EDGE_LOOP('',(#335));
#1824=EDGE_LOOP('',(#336));
#1825=EDGE_LOOP('',(#337));
#1826=EDGE_LOOP('',(#338,#339,#340,#341));
#1827=EDGE_LOOP('',(#342,#343,#344,#345));
#1828=EDGE_LOOP('',(#346));
#1829=EDGE_LOOP('',(#347));
#1830=EDGE_LOOP('',(#348));
#1831=EDGE_LOOP('',(#349));
#1832=EDGE_LOOP('',(#350));
#1833=EDGE_LOOP('',(#351));
#1834=EDGE_LOOP('',(#352));
#1835=EDGE_LOOP('',(#353));
#1836=EDGE_LOOP('',(#354));
#1837=EDGE_LOOP('',(#355));
#1838=EDGE_LOOP('',(#356));
#1839=EDGE_LOOP('',(#357));
#1840=EDGE_LOOP('',(#358));
#1841=EDGE_LOOP('',(#359));
#1842=EDGE_LOOP('',(#360));
#1843=EDGE_LOOP('',(#361));
#1844=EDGE_LOOP('',(#362));
#1845=EDGE_LOOP('',(#363));
#1846=EDGE_LOOP('',(#364));
#1847=EDGE_LOOP('',(#365));
#1848=EDGE_LOOP('',(#366));
#1849=EDGE_LOOP('',(#367));
#1850=EDGE_LOOP('',(#368));
#1851=EDGE_LOOP('',(#369));
#1852=EDGE_LOOP('',(#370,#371,#372,#373,#374,#375));
#1853=EDGE_LOOP('',(#376));
#1854=EDGE_LOOP('',(#377));
#1855=EDGE_LOOP('',(#378));
#1856=EDGE_LOOP('',(#379));
#1857=EDGE_LOOP('',(#380));
#1858=EDGE_LOOP('',(#381));
#1859=EDGE_LOOP('',(#382));
#1860=EDGE_LOOP('',(#383));
#1861=EDGE_LOOP('',(#384,#385,#386,#387));
#1862=EDGE_LOOP('',(#388,#389,#390,#391));
#1863=EDGE_LOOP('',(#392,#393,#394,#395));
#1864=EDGE_LOOP('',(#396,#397,#398,#399));
#1865=EDGE_LOOP('',(#400,#401,#402,#403));
#1866=EDGE_LOOP('',(#404));
#1867=EDGE_LOOP('',(#405,#406,#407,#408));
#1868=EDGE_LOOP('',(#409));
#1869=EDGE_LOOP('',(#410,#411,#412,#413));
#1870=EDGE_LOOP('',(#414,#415,#416,#417));
#1871=EDGE_LOOP('',(#418));
#1872=EDGE_LOOP('',(#419,#420,#421,#422));
#1873=EDGE_LOOP('',(#423));
#1874=EDGE_LOOP('',(#424));
#1875=EDGE_LOOP('',(#425));
#1876=EDGE_LOOP('',(#426));
#1877=EDGE_LOOP('',(#427,#428,#429,#430,#431,#432));
#1878=EDGE_LOOP('',(#433));
#1879=EDGE_LOOP('',(#434));
#1880=EDGE_LOOP('',(#435));
#1881=EDGE_LOOP('',(#436));
#1882=EDGE_LOOP('',(#437));
#1883=EDGE_LOOP('',(#438));
#1884=EDGE_LOOP('',(#439));
#1885=EDGE_LOOP('',(#440));
#1886=EDGE_LOOP('',(#441));
#1887=EDGE_LOOP('',(#442));
#1888=EDGE_LOOP('',(#443));
#1889=EDGE_LOOP('',(#444));
#1890=EDGE_LOOP('',(#445));
#1891=EDGE_LOOP('',(#446));
#1892=EDGE_LOOP('',(#447));
#1893=EDGE_LOOP('',(#448));
#1894=EDGE_LOOP('',(#449));
#1895=EDGE_LOOP('',(#450));
#1896=EDGE_LOOP('',(#451,#452,#453,#454,#455,#456,#457,#458));
#1897=EDGE_LOOP('',(#459,#460,#461,#462,#463,#464,#465,#466,#467,#468,#469,
#470));
#1898=EDGE_LOOP('',(#471,#472,#473,#474,#475,#476,#477,#478,#479,#480,#481,
#482,#483,#484,#485,#486));
#1899=EDGE_LOOP('',(#487,#488,#489,#490,#491,#492));
#1900=EDGE_LOOP('',(#493,#494,#495,#496,#497,#498,#499,#500,#501,#502));
#1901=EDGE_LOOP('',(#503,#504,#505,#506));
#1902=EDGE_LOOP('',(#507,#508,#509,#510));
#1903=EDGE_LOOP('',(#511,#512,#513,#514));
#1904=EDGE_LOOP('',(#515,#516,#517,#518));
#1905=EDGE_LOOP('',(#519));
#1906=EDGE_LOOP('',(#520,#521));
#1907=EDGE_LOOP('',(#522));
#1908=EDGE_LOOP('',(#523,#524));
#1909=EDGE_LOOP('',(#525));
#1910=EDGE_LOOP('',(#526));
#1911=EDGE_LOOP('',(#527));
#1912=EDGE_LOOP('',(#528));
#1913=EDGE_LOOP('',(#529));
#1914=EDGE_LOOP('',(#530));
#1915=EDGE_LOOP('',(#531));
#1916=EDGE_LOOP('',(#532));
#1917=EDGE_LOOP('',(#533,#534,#535,#536));
#1918=EDGE_LOOP('',(#537,#538,#539,#540,#541,#542,#543,#544));
#1919=EDGE_LOOP('',(#545,#546,#547,#548));
#1920=EDGE_LOOP('',(#549));
#1921=EDGE_LOOP('',(#550));
#1922=EDGE_LOOP('',(#551,#552,#553,#554));
#1923=EDGE_LOOP('',(#555,#556,#557,#558));
#1924=EDGE_LOOP('',(#559,#560,#561,#562));
#1925=EDGE_LOOP('',(#563,#564,#565,#566));
#1926=EDGE_LOOP('',(#567,#568,#569,#570));
#1927=EDGE_LOOP('',(#571,#572,#573,#574));
#1928=EDGE_LOOP('',(#575,#576,#577,#578));
#1929=EDGE_LOOP('',(#579,#580,#581,#582));
#1930=EDGE_LOOP('',(#583,#584,#585,#586));
#1931=EDGE_LOOP('',(#587,#588,#589,#590));
#1932=EDGE_LOOP('',(#591,#592,#593,#594));
#1933=EDGE_LOOP('',(#595,#596,#597,#598));
#1934=EDGE_LOOP('',(#599,#600,#601,#602,#603,#604,#605,#606,#607,#608,#609,
#610));
#1935=EDGE_LOOP('',(#611,#612,#613,#614));
#1936=EDGE_LOOP('',(#615,#616,#617,#618));
#1937=EDGE_LOOP('',(#619,#620,#621,#622));
#1938=EDGE_LOOP('',(#623,#624,#625,#626));
#1939=EDGE_LOOP('',(#627,#628,#629,#630));
#1940=EDGE_LOOP('',(#631,#632,#633,#634));
#1941=EDGE_LOOP('',(#635,#636,#637,#638));
#1942=EDGE_LOOP('',(#639,#640,#641,#642));
#1943=EDGE_LOOP('',(#643,#644,#645,#646));
#1944=EDGE_LOOP('',(#647,#648,#649,#650));
#1945=EDGE_LOOP('',(#651,#652,#653,#654));
#1946=EDGE_LOOP('',(#655,#656,#657,#658));
#1947=EDGE_LOOP('',(#659,#660,#661,#662));
#1948=EDGE_LOOP('',(#663,#664,#665,#666));
#1949=EDGE_LOOP('',(#667,#668,#669,#670));
#1950=EDGE_LOOP('',(#671,#672,#673,#674));
#1951=EDGE_LOOP('',(#675,#676,#677,#678,#679,#680,#681,#682,#683,#684,#685,
#686,#687,#688,#689,#690));
#1952=EDGE_LOOP('',(#691,#692,#693,#694));
#1953=EDGE_LOOP('',(#695,#696,#697,#698));
#1954=EDGE_LOOP('',(#699,#700,#701,#702));
#1955=EDGE_LOOP('',(#703,#704,#705,#706));
#1956=EDGE_LOOP('',(#707,#708,#709,#710));
#1957=EDGE_LOOP('',(#711,#712,#713,#714));
#1958=EDGE_LOOP('',(#715,#716,#717,#718,#719,#720));
#1959=EDGE_LOOP('',(#721,#722,#723,#724));
#1960=EDGE_LOOP('',(#725,#726,#727,#728));
#1961=EDGE_LOOP('',(#729,#730,#731,#732));
#1962=EDGE_LOOP('',(#733,#734,#735,#736));
#1963=EDGE_LOOP('',(#737,#738,#739,#740));
#1964=EDGE_LOOP('',(#741,#742,#743,#744));
#1965=EDGE_LOOP('',(#745,#746,#747,#748));
#1966=EDGE_LOOP('',(#749,#750,#751,#752));
#1967=EDGE_LOOP('',(#753,#754,#755,#756));
#1968=EDGE_LOOP('',(#757,#758,#759,#760));
#1969=EDGE_LOOP('',(#761,#762,#763,#764,#765,#766,#767,#768,#769,#770));
#1970=EDGE_LOOP('',(#771));
#1971=EDGE_LOOP('',(#772));
#1972=EDGE_LOOP('',(#773,#774,#775,#776,#777,#778));
#1973=EDGE_LOOP('',(#779));
#1974=EDGE_LOOP('',(#780));
#1975=EDGE_LOOP('',(#781));
#1976=FACE_BOUND('',#1769,.T.);
#1977=FACE_BOUND('',#1770,.T.);
#1978=FACE_BOUND('',#1771,.T.);
#1979=FACE_BOUND('',#1772,.T.);
#1980=FACE_BOUND('',#1773,.T.);
#1981=FACE_BOUND('',#1774,.T.);
#1982=FACE_BOUND('',#1775,.T.);
#1983=FACE_BOUND('',#1776,.T.);
#1984=FACE_BOUND('',#1777,.T.);
#1985=FACE_BOUND('',#1778,.T.);
#1986=FACE_BOUND('',#1779,.T.);
#1987=FACE_BOUND('',#1780,.T.);
#1988=FACE_BOUND('',#1781,.T.);
#1989=FACE_BOUND('',#1782,.T.);
#1990=FACE_BOUND('',#1783,.T.);
#1991=FACE_BOUND('',#1784,.T.);
#1992=FACE_BOUND('',#1785,.T.);
#1993=FACE_BOUND('',#1786,.T.);
#1994=FACE_BOUND('',#1787,.T.);
#1995=FACE_BOUND('',#1788,.T.);
#1996=FACE_BOUND('',#1789,.T.);
#1997=FACE_BOUND('',#1790,.T.);
#1998=FACE_BOUND('',#1791,.T.);
#1999=FACE_BOUND('',#1792,.T.);
#2000=FACE_BOUND('',#1793,.T.);
#2001=FACE_BOUND('',#1794,.T.);
#2002=FACE_BOUND('',#1795,.T.);
#2003=FACE_BOUND('',#1796,.T.);
#2004=FACE_BOUND('',#1797,.T.);
#2005=FACE_BOUND('',#1798,.T.);
#2006=FACE_BOUND('',#1799,.T.);
#2007=FACE_BOUND('',#1800,.T.);
#2008=FACE_BOUND('',#1801,.T.);
#2009=FACE_BOUND('',#1802,.T.);
#2010=FACE_BOUND('',#1803,.T.);
#2011=FACE_BOUND('',#1804,.T.);
#2012=FACE_BOUND('',#1805,.T.);
#2013=FACE_BOUND('',#1806,.T.);
#2014=FACE_BOUND('',#1807,.T.);
#2015=FACE_BOUND('',#1808,.T.);
#2016=FACE_BOUND('',#1809,.T.);
#2017=FACE_BOUND('',#1810,.T.);
#2018=FACE_BOUND('',#1811,.T.);
#2019=FACE_BOUND('',#1812,.T.);
#2020=FACE_BOUND('',#1813,.T.);
#2021=FACE_BOUND('',#1814,.T.);
#2022=FACE_BOUND('',#1815,.T.);
#2023=FACE_BOUND('',#1816,.T.);
#2024=FACE_BOUND('',#1817,.T.);
#2025=FACE_BOUND('',#1818,.T.);
#2026=FACE_BOUND('',#1819,.T.);
#2027=FACE_BOUND('',#1820,.T.);
#2028=FACE_BOUND('',#1821,.T.);
#2029=FACE_BOUND('',#1822,.T.);
#2030=FACE_BOUND('',#1823,.T.);
#2031=FACE_BOUND('',#1824,.T.);
#2032=FACE_BOUND('',#1825,.T.);
#2033=FACE_BOUND('',#1826,.T.);
#2034=FACE_BOUND('',#1827,.T.);
#2035=FACE_BOUND('',#1828,.T.);
#2036=FACE_BOUND('',#1829,.T.);
#2037=FACE_BOUND('',#1830,.T.);
#2038=FACE_BOUND('',#1831,.T.);
#2039=FACE_BOUND('',#1832,.T.);
#2040=FACE_BOUND('',#1833,.T.);
#2041=FACE_BOUND('',#1834,.T.);
#2042=FACE_BOUND('',#1835,.T.);
#2043=FACE_BOUND('',#1836,.T.);
#2044=FACE_BOUND('',#1837,.T.);
#2045=FACE_BOUND('',#1838,.T.);
#2046=FACE_BOUND('',#1839,.T.);
#2047=FACE_BOUND('',#1840,.T.);
#2048=FACE_BOUND('',#1841,.T.);
#2049=FACE_BOUND('',#1842,.T.);
#2050=FACE_BOUND('',#1843,.T.);
#2051=FACE_BOUND('',#1844,.T.);
#2052=FACE_BOUND('',#1845,.T.);
#2053=FACE_BOUND('',#1846,.T.);
#2054=FACE_BOUND('',#1847,.T.);
#2055=FACE_BOUND('',#1848,.T.);
#2056=FACE_BOUND('',#1849,.T.);
#2057=FACE_BOUND('',#1850,.T.);
#2058=FACE_BOUND('',#1851,.T.);
#2059=FACE_BOUND('',#1852,.T.);
#2060=FACE_BOUND('',#1853,.T.);
#2061=FACE_BOUND('',#1854,.T.);
#2062=FACE_BOUND('',#1855,.T.);
#2063=FACE_BOUND('',#1856,.T.);
#2064=FACE_BOUND('',#1857,.T.);
#2065=FACE_BOUND('',#1858,.T.);
#2066=FACE_BOUND('',#1859,.T.);
#2067=FACE_BOUND('',#1860,.T.);
#2068=FACE_BOUND('',#1861,.T.);
#2069=FACE_BOUND('',#1862,.T.);
#2070=FACE_BOUND('',#1863,.T.);
#2071=FACE_BOUND('',#1864,.T.);
#2072=FACE_BOUND('',#1865,.T.);
#2073=FACE_BOUND('',#1866,.T.);
#2074=FACE_BOUND('',#1867,.T.);
#2075=FACE_BOUND('',#1868,.T.);
#2076=FACE_BOUND('',#1869,.T.);
#2077=FACE_BOUND('',#1870,.T.);
#2078=FACE_BOUND('',#1871,.T.);
#2079=FACE_BOUND('',#1872,.T.);
#2080=FACE_BOUND('',#1873,.T.);
#2081=FACE_BOUND('',#1874,.T.);
#2082=FACE_BOUND('',#1875,.T.);
#2083=FACE_BOUND('',#1876,.T.);
#2084=FACE_BOUND('',#1877,.T.);
#2085=FACE_BOUND('',#1878,.T.);
#2086=FACE_BOUND('',#1879,.T.);
#2087=FACE_BOUND('',#1880,.T.);
#2088=FACE_BOUND('',#1881,.T.);
#2089=FACE_BOUND('',#1882,.T.);
#2090=FACE_BOUND('',#1883,.T.);
#2091=FACE_BOUND('',#1884,.T.);
#2092=FACE_BOUND('',#1885,.T.);
#2093=FACE_BOUND('',#1886,.T.);
#2094=FACE_BOUND('',#1887,.T.);
#2095=FACE_BOUND('',#1888,.T.);
#2096=FACE_BOUND('',#1889,.T.);
#2097=FACE_BOUND('',#1890,.T.);
#2098=FACE_BOUND('',#1891,.T.);
#2099=FACE_BOUND('',#1892,.T.);
#2100=FACE_BOUND('',#1893,.T.);
#2101=FACE_BOUND('',#1894,.T.);
#2102=FACE_BOUND('',#1895,.T.);
#2103=FACE_BOUND('',#1896,.T.);
#2104=FACE_BOUND('',#1897,.T.);
#2105=FACE_BOUND('',#1898,.T.);
#2106=FACE_BOUND('',#1899,.T.);
#2107=FACE_BOUND('',#1900,.T.);
#2108=FACE_BOUND('',#1901,.T.);
#2109=FACE_BOUND('',#1902,.T.);
#2110=FACE_BOUND('',#1903,.T.);
#2111=FACE_BOUND('',#1904,.T.);
#2112=FACE_BOUND('',#1905,.T.);
#2113=FACE_BOUND('',#1906,.T.);
#2114=FACE_BOUND('',#1907,.T.);
#2115=FACE_BOUND('',#1908,.T.);
#2116=FACE_BOUND('',#1909,.T.);
#2117=FACE_BOUND('',#1910,.T.);
#2118=FACE_BOUND('',#1911,.T.);
#2119=FACE_BOUND('',#1912,.T.);
#2120=FACE_BOUND('',#1913,.T.);
#2121=FACE_BOUND('',#1914,.T.);
#2122=FACE_BOUND('',#1915,.T.);
#2123=FACE_BOUND('',#1916,.T.);
#2124=FACE_BOUND('',#1917,.T.);
#2125=FACE_BOUND('',#1918,.T.);
#2126=FACE_BOUND('',#1919,.T.);
#2127=FACE_BOUND('',#1920,.T.);
#2128=FACE_BOUND('',#1921,.T.);
#2129=FACE_BOUND('',#1922,.T.);
#2130=FACE_BOUND('',#1923,.T.);
#2131=FACE_BOUND('',#1924,.T.);
#2132=FACE_BOUND('',#1925,.T.);
#2133=FACE_BOUND('',#1926,.T.);
#2134=FACE_BOUND('',#1927,.T.);
#2135=FACE_BOUND('',#1928,.T.);
#2136=FACE_BOUND('',#1929,.T.);
#2137=FACE_BOUND('',#1930,.T.);
#2138=FACE_BOUND('',#1931,.T.);
#2139=FACE_BOUND('',#1932,.T.);
#2140=FACE_BOUND('',#1933,.T.);
#2141=FACE_BOUND('',#1934,.T.);
#2142=FACE_BOUND('',#1935,.T.);
#2143=FACE_BOUND('',#1936,.T.);
#2144=FACE_BOUND('',#1937,.T.);
#2145=FACE_BOUND('',#1938,.T.);
#2146=FACE_BOUND('',#1939,.T.);
#2147=FACE_BOUND('',#1940,.T.);
#2148=FACE_BOUND('',#1941,.T.);
#2149=FACE_BOUND('',#1942,.T.);
#2150=FACE_BOUND('',#1943,.T.);
#2151=FACE_BOUND('',#1944,.T.);
#2152=FACE_BOUND('',#1945,.T.);
#2153=FACE_BOUND('',#1946,.T.);
#2154=FACE_BOUND('',#1947,.T.);
#2155=FACE_BOUND('',#1948,.T.);
#2156=FACE_BOUND('',#1949,.T.);
#2157=FACE_BOUND('',#1950,.T.);
#2158=FACE_BOUND('',#1951,.T.);
#2159=FACE_BOUND('',#1952,.T.);
#2160=FACE_BOUND('',#1953,.T.);
#2161=FACE_BOUND('',#1954,.T.);
#2162=FACE_BOUND('',#1955,.T.);
#2163=FACE_BOUND('',#1956,.T.);
#2164=FACE_BOUND('',#1957,.T.);
#2165=FACE_BOUND('',#1958,.T.);
#2166=FACE_BOUND('',#1959,.T.);
#2167=FACE_BOUND('',#1960,.T.);
#2168=FACE_BOUND('',#1961,.T.);
#2169=FACE_BOUND('',#1962,.T.);
#2170=FACE_BOUND('',#1963,.T.);
#2171=FACE_BOUND('',#1964,.T.);
#2172=FACE_BOUND('',#1965,.T.);
#2173=FACE_BOUND('',#1966,.T.);
#2174=FACE_BOUND('',#1967,.T.);
#2175=FACE_BOUND('',#1968,.T.);
#2176=FACE_BOUND('',#1969,.T.);
#2177=FACE_BOUND('',#1970,.T.);
#2178=FACE_BOUND('',#1971,.T.);
#2179=FACE_BOUND('',#1972,.T.);
#2180=FACE_BOUND('',#1973,.T.);
#2181=FACE_BOUND('',#1974,.T.);
#2182=FACE_BOUND('',#1975,.T.);
#2183=PLANE('',#2482);
#2184=PLANE('',#2485);
#2185=PLANE('',#2488);
#2186=PLANE('',#2489);
#2187=PLANE('',#2490);
#2188=PLANE('',#2494);
#2189=PLANE('',#2497);
#2190=PLANE('',#2500);
#2191=PLANE('',#2501);
#2192=PLANE('',#2502);
#2193=PLANE('',#2506);
#2194=PLANE('',#2507);
#2195=PLANE('',#2508);
#2196=PLANE('',#2509);
#2197=PLANE('',#2510);
#2198=PLANE('',#2511);
#2199=PLANE('',#2512);
#2200=PLANE('',#2513);
#2201=PLANE('',#2514);
#2202=PLANE('',#2515);
#2203=PLANE('',#2516);
#2204=PLANE('',#2517);
#2205=PLANE('',#2518);
#2206=PLANE('',#2519);
#2207=PLANE('',#2521);
#2208=PLANE('',#2522);
#2209=PLANE('',#2523);
#2210=PLANE('',#2527);
#2211=PLANE('',#2528);
#2212=PLANE('',#2529);
#2213=PLANE('',#2533);
#2214=PLANE('',#2535);
#2215=PLANE('',#2550);
#2216=PLANE('',#2551);
#2217=PLANE('',#2575);
#2218=PLANE('',#2580);
#2219=PLANE('',#2583);
#2220=PLANE('',#2584);
#2221=PLANE('',#2585);
#2222=PLANE('',#2586);
#2223=PLANE('',#2587);
#2224=PLANE('',#2588);
#2225=PLANE('',#2592);
#2226=PLANE('',#2597);
#2227=PLANE('',#2600);
#2228=PLANE('',#2603);
#2229=PLANE('',#2606);
#2230=PLANE('',#2610);
#2231=PLANE('',#2616);
#2232=PLANE('',#2617);
#2233=PLANE('',#2618);
#2234=PLANE('',#2619);
#2235=PLANE('',#2641);
#2236=PLANE('',#2642);
#2237=PLANE('',#2643);
#2238=PLANE('',#2644);
#2239=PLANE('',#2645);
#2240=PLANE('',#2646);
#2241=PLANE('',#2647);
#2242=PLANE('',#2648);
#2243=PLANE('',#2649);
#2244=PLANE('',#2650);
#2245=PLANE('',#2651);
#2246=PLANE('',#2652);
#2247=PLANE('',#2653);
#2248=PLANE('',#2654);
#2249=PLANE('',#2655);
#2250=PLANE('',#2656);
#2251=PLANE('',#2657);
#2252=PLANE('',#2658);
#2253=PLANE('',#2659);
#2254=PLANE('',#2660);
#2255=PLANE('',#2661);
#2256=PLANE('',#2662);
#2257=PLANE('',#2663);
#2258=PLANE('',#2664);
#2259=PLANE('',#2665);
#2260=PLANE('',#2666);
#2261=PLANE('',#2667);
#2262=PLANE('',#2668);
#2263=PLANE('',#2669);
#2264=PLANE('',#2670);
#2265=PLANE('',#2671);
#2266=PLANE('',#2672);
#2267=PLANE('',#2673);
#2268=PLANE('',#2674);
#2269=PLANE('',#2675);
#2270=PLANE('',#2676);
#2271=PLANE('',#2677);
#2272=PLANE('',#2678);
#2273=PLANE('',#2679);
#2274=ADVANCED_FACE('',(#1976),#2183,.T.);
#2275=ADVANCED_FACE('',(#1977),#2184,.F.);
#2276=ADVANCED_FACE('',(#1978),#2185,.T.);
#2277=ADVANCED_FACE('',(#1979),#2186,.F.);
#2278=ADVANCED_FACE('',(#1980),#2187,.T.);
#2279=ADVANCED_FACE('',(#1981),#59,.T.);
#2280=ADVANCED_FACE('',(#1982),#60,.T.);
#2281=ADVANCED_FACE('',(#1983),#2188,.F.);
#2282=ADVANCED_FACE('',(#1984),#2189,.T.);
#2283=ADVANCED_FACE('',(#1985),#2190,.T.);
#2284=ADVANCED_FACE('',(#1986),#2191,.F.);
#2285=ADVANCED_FACE('',(#1987),#2192,.F.);
#2286=ADVANCED_FACE('',(#1988),#61,.T.);
#2287=ADVANCED_FACE('',(#1989),#62,.T.);
#2288=ADVANCED_FACE('',(#1990),#2193,.T.);
#2289=ADVANCED_FACE('',(#1991),#2194,.T.);
#2290=ADVANCED_FACE('',(#1992),#2195,.F.);
#2291=ADVANCED_FACE('',(#1993),#2196,.T.);
#2292=ADVANCED_FACE('',(#1994),#2197,.T.);
#2293=ADVANCED_FACE('',(#1995),#2198,.F.);
#2294=ADVANCED_FACE('',(#1996),#2199,.F.);
#2295=ADVANCED_FACE('',(#1997),#2200,.F.);
#2296=ADVANCED_FACE('',(#1998),#2201,.F.);
#2297=ADVANCED_FACE('',(#1999),#2202,.T.);
#2298=ADVANCED_FACE('',(#2000),#2203,.T.);
#2299=ADVANCED_FACE('',(#2001),#2204,.T.);
#2300=ADVANCED_FACE('',(#2002),#2205,.T.);
#2301=ADVANCED_FACE('',(#2003),#2206,.T.);
#2302=ADVANCED_FACE('',(#2004),#2207,.T.);
#2303=ADVANCED_FACE('',(#2005),#2208,.F.);
#2304=ADVANCED_FACE('',(#2006),#2209,.F.);
#2305=ADVANCED_FACE('',(#2007,#2008),#63,.F.);
#2306=ADVANCED_FACE('',(#2009),#2210,.T.);
#2307=ADVANCED_FACE('',(#2010,#2011),#2211,.T.);
#2308=ADVANCED_FACE('',(#2012,#2013),#2212,.F.);
#2309=ADVANCED_FACE('',(#2014,#2015),#64,.T.);
#2310=ADVANCED_FACE('',(#2016,#2017),#2213,.F.);
#2311=ADVANCED_FACE('',(#2018,#2019,#2020,#2021,#2022,#2023,#2024,#2025,
#2026,#2027,#2028),#2214,.F.);
#2312=ADVANCED_FACE('',(#2029,#2030),#65,.F.);
#2313=ADVANCED_FACE('',(#2031,#2032),#66,.F.);
#2314=ADVANCED_FACE('',(#2033),#2215,.T.);
#2315=ADVANCED_FACE('',(#2034),#2216,.T.);
#2316=ADVANCED_FACE('',(#2035,#2036),#67,.F.);
#2317=ADVANCED_FACE('',(#2037,#2038),#68,.F.);
#2318=ADVANCED_FACE('',(#2039,#2040),#69,.F.);
#2319=ADVANCED_FACE('',(#2041,#2042),#70,.F.);
#2320=ADVANCED_FACE('',(#2043,#2044),#71,.F.);
#2321=ADVANCED_FACE('',(#2045,#2046),#72,.F.);
#2322=ADVANCED_FACE('',(#2047,#2048),#73,.F.);
#2323=ADVANCED_FACE('',(#2049,#2050),#74,.F.);
#2324=ADVANCED_FACE('',(#2051,#2052),#44,.T.);
#2325=ADVANCED_FACE('',(#2053,#2054),#45,.T.);
#2326=ADVANCED_FACE('',(#2055,#2056),#75,.F.);
#2327=ADVANCED_FACE('',(#2057,#2058,#2059,#2060,#2061,#2062,#2063,#2064,
#2065,#2066,#2067),#2217,.T.);
#2328=ADVANCED_FACE('',(#2068),#76,.T.);
#2329=ADVANCED_FACE('',(#2069),#2218,.T.);
#2330=ADVANCED_FACE('',(#2070),#77,.T.);
#2331=ADVANCED_FACE('',(#2071),#2219,.T.);
#2332=ADVANCED_FACE('',(#2072),#2220,.F.);
#2333=ADVANCED_FACE('',(#2073,#2074),#2221,.F.);
#2334=ADVANCED_FACE('',(#2075,#2076),#2222,.F.);
#2335=ADVANCED_FACE('',(#2077),#2223,.F.);
#2336=ADVANCED_FACE('',(#2078,#2079),#2224,.F.);
#2337=ADVANCED_FACE('',(#2080,#2081),#78,.F.);
#2338=ADVANCED_FACE('',(#2082,#2083,#2084,#2085,#2086,#2087),#2225,.T.);
#2339=ADVANCED_FACE('',(#2088),#2226,.T.);
#2340=ADVANCED_FACE('',(#2089,#2090),#79,.F.);
#2341=ADVANCED_FACE('',(#2091),#2227,.T.);
#2342=ADVANCED_FACE('',(#2092,#2093),#80,.F.);
#2343=ADVANCED_FACE('',(#2094),#2228,.T.);
#2344=ADVANCED_FACE('',(#2095,#2096),#81,.F.);
#2345=ADVANCED_FACE('',(#2097),#2229,.T.);
#2346=ADVANCED_FACE('',(#2098,#2099),#82,.F.);
#2347=ADVANCED_FACE('',(#2100,#2101,#2102,#2103,#2104,#2105,#2106,#2107),
#2230,.T.);
#2348=ADVANCED_FACE('',(#2108),#2231,.F.);
#2349=ADVANCED_FACE('',(#2109),#2232,.F.);
#2350=ADVANCED_FACE('',(#2110),#2233,.T.);
#2351=ADVANCED_FACE('',(#2111),#2234,.T.);
#2352=ADVANCED_FACE('',(#2112,#2113),#83,.F.);
#2353=ADVANCED_FACE('',(#2114,#2115),#84,.F.);
#2354=ADVANCED_FACE('',(#2116,#2117),#85,.F.);
#2355=ADVANCED_FACE('',(#2118,#2119),#86,.F.);
#2356=ADVANCED_FACE('',(#2120,#2121),#87,.F.);
#2357=ADVANCED_FACE('',(#2122,#2123),#88,.T.);
#2358=ADVANCED_FACE('',(#2124),#89,.T.);
#2359=ADVANCED_FACE('',(#2125),#90,.T.);
#2360=ADVANCED_FACE('',(#2126),#91,.T.);
#2361=ADVANCED_FACE('',(#2127,#2128),#46,.T.);
#2362=ADVANCED_FACE('',(#2129),#2235,.T.);
#2363=ADVANCED_FACE('',(#2130),#2236,.T.);
#2364=ADVANCED_FACE('',(#2131),#2237,.T.);
#2365=ADVANCED_FACE('',(#2132),#2238,.T.);
#2366=ADVANCED_FACE('',(#2133),#2239,.T.);
#2367=ADVANCED_FACE('',(#2134),#2240,.T.);
#2368=ADVANCED_FACE('',(#2135),#2241,.T.);
#2369=ADVANCED_FACE('',(#2136),#2242,.T.);
#2370=ADVANCED_FACE('',(#2137),#2243,.T.);
#2371=ADVANCED_FACE('',(#2138),#2244,.T.);
#2372=ADVANCED_FACE('',(#2139),#2245,.T.);
#2373=ADVANCED_FACE('',(#2140),#2246,.T.);
#2374=ADVANCED_FACE('',(#2141),#2247,.T.);
#2375=ADVANCED_FACE('',(#2142),#10,.T.);
#2376=ADVANCED_FACE('',(#2143),#11,.T.);
#2377=ADVANCED_FACE('',(#2144),#12,.T.);
#2378=ADVANCED_FACE('',(#2145),#13,.T.);
#2379=ADVANCED_FACE('',(#2146),#2248,.T.);
#2380=ADVANCED_FACE('',(#2147),#2249,.T.);
#2381=ADVANCED_FACE('',(#2148),#2250,.T.);
#2382=ADVANCED_FACE('',(#2149),#14,.T.);
#2383=ADVANCED_FACE('',(#2150),#15,.T.);
#2384=ADVANCED_FACE('',(#2151),#16,.T.);
#2385=ADVANCED_FACE('',(#2152),#17,.T.);
#2386=ADVANCED_FACE('',(#2153),#2251,.T.);
#2387=ADVANCED_FACE('',(#2154),#2252,.T.);
#2388=ADVANCED_FACE('',(#2155),#2253,.T.);
#2389=ADVANCED_FACE('',(#2156),#18,.T.);
#2390=ADVANCED_FACE('',(#2157),#19,.T.);
#2391=ADVANCED_FACE('',(#2158),#2254,.T.);
#2392=ADVANCED_FACE('',(#2159),#2255,.T.);
#2393=ADVANCED_FACE('',(#2160),#2256,.T.);
#2394=ADVANCED_FACE('',(#2161),#2257,.T.);
#2395=ADVANCED_FACE('',(#2162),#2258,.T.);
#2396=ADVANCED_FACE('',(#2163),#2259,.T.);
#2397=ADVANCED_FACE('',(#2164),#2260,.T.);
#2398=ADVANCED_FACE('',(#2165),#2261,.T.);
#2399=ADVANCED_FACE('',(#2166),#2262,.T.);
#2400=ADVANCED_FACE('',(#2167),#2263,.T.);
#2401=ADVANCED_FACE('',(#2168),#2264,.T.);
#2402=ADVANCED_FACE('',(#2169),#2265,.T.);
#2403=ADVANCED_FACE('',(#2170),#2266,.T.);
#2404=ADVANCED_FACE('',(#2171),#2267,.T.);
#2405=ADVANCED_FACE('',(#2172),#2268,.T.);
#2406=ADVANCED_FACE('',(#2173),#2269,.T.);
#2407=ADVANCED_FACE('',(#2174),#2270,.T.);
#2408=ADVANCED_FACE('',(#2175),#2271,.T.);
#2409=ADVANCED_FACE('',(#2176),#2272,.T.);
#2410=ADVANCED_FACE('',(#2177,#2178,#2179,#2180,#2181,#2182),#2273,.F.);
#2411=CLOSED_SHELL('',(#2274,#2275,#2276,#2277,#2278,#2279,#2280));
#2412=CLOSED_SHELL('',(#2281,#2282,#2283,#2284,#2285,#2286,#2287));
#2413=CLOSED_SHELL('',(#2288,#2289,#2290,#2291,#2292,#2293,#2294,#2295,
#2296,#2297,#2298,#2299,#2300,#2301));
#2414=CLOSED_SHELL('',(#2302,#2303,#2304,#2305,#2306,#2307,#2308,#2309,
#2310));
#2415=CLOSED_SHELL('',(#2311,#2312,#2313,#2314,#2315,#2316,#2317,#2318,
#2319,#2320,#2321,#2322,#2323,#2324,#2325,#2326,#2327,#2328,#2329,#2330,
#2331,#2332,#2333,#2334,#2335,#2336,#2337,#2338,#2339,#2340,#2341,#2342,
#2343,#2344,#2345,#2346));
#2416=CLOSED_SHELL('',(#2347,#2348,#2349,#2350,#2351,#2352,#2353,#2354,
#2355,#2356,#2357,#2358,#2359,#2360,#2361,#2362,#2363,#2364,#2365,#2366,
#2367,#2368,#2369,#2370,#2371,#2372,#2373,#2374,#2375,#2376,#2377,#2378,
#2379,#2380,#2381,#2382,#2383,#2384,#2385,#2386,#2387,#2388,#2389,#2390,
#2391,#2392,#2393,#2394,#2395,#2396,#2397,#2398,#2399,#2400,#2401,#2402,
#2403,#2404,#2405,#2406,#2407,#2408,#2409,#2410));
#2417=STYLED_ITEM('',(#2423),#2463);
#2418=STYLED_ITEM('',(#2424),#2464);
#2419=STYLED_ITEM('',(#2425),#2465);
#2420=STYLED_ITEM('',(#2426),#2466);
#2421=STYLED_ITEM('',(#2427),#2467);
#2422=STYLED_ITEM('',(#2428),#2468);
#2423=PRESENTATION_STYLE_ASSIGNMENT((#2429));
#2424=PRESENTATION_STYLE_ASSIGNMENT((#2430));
#2425=PRESENTATION_STYLE_ASSIGNMENT((#2431));
#2426=PRESENTATION_STYLE_ASSIGNMENT((#2432));
#2427=PRESENTATION_STYLE_ASSIGNMENT((#2433));
#2428=PRESENTATION_STYLE_ASSIGNMENT((#2434));
#2429=SURFACE_STYLE_USAGE(.BOTH.,#2435);
#2430=SURFACE_STYLE_USAGE(.BOTH.,#2436);
#2431=SURFACE_STYLE_USAGE(.BOTH.,#2437);
#2432=SURFACE_STYLE_USAGE(.BOTH.,#2438);
#2433=SURFACE_STYLE_USAGE(.BOTH.,#2439);
#2434=SURFACE_STYLE_USAGE(.BOTH.,#2440);
#2435=SURFACE_SIDE_STYLE('',(#2441));
#2436=SURFACE_SIDE_STYLE('',(#2442));
#2437=SURFACE_SIDE_STYLE('',(#2443));
#2438=SURFACE_SIDE_STYLE('',(#2444));
#2439=SURFACE_SIDE_STYLE('',(#2445));
#2440=SURFACE_SIDE_STYLE('',(#2446));
#2441=SURFACE_STYLE_FILL_AREA(#2447);
#2442=SURFACE_STYLE_FILL_AREA(#2448);
#2443=SURFACE_STYLE_FILL_AREA(#2449);
#2444=SURFACE_STYLE_FILL_AREA(#2450);
#2445=SURFACE_STYLE_FILL_AREA(#2451);
#2446=SURFACE_STYLE_FILL_AREA(#2452);
#2447=FILL_AREA_STYLE('',(#2453));
#2448=FILL_AREA_STYLE('',(#2454));
#2449=FILL_AREA_STYLE('',(#2455));
#2450=FILL_AREA_STYLE('',(#2456));
#2451=FILL_AREA_STYLE('',(#2457));
#2452=FILL_AREA_STYLE('',(#2458));
#2453=FILL_AREA_STYLE_COLOUR('',#2459);
#2454=FILL_AREA_STYLE_COLOUR('',#2459);
#2455=FILL_AREA_STYLE_COLOUR('',#2460);
#2456=FILL_AREA_STYLE_COLOUR('',#2461);
#2457=FILL_AREA_STYLE_COLOUR('',#2462);
#2458=FILL_AREA_STYLE_COLOUR('',#2462);
#2459=COLOUR_RGB('',0.647058823529412,0.647058823529412,0.647058823529412);
#2460=COLOUR_RGB('',0.917647058823529,0.917647058823529,0.917647058823529);
#2461=COLOUR_RGB('',0.768627450980392,0.886274509803922,0.952941176470588);
#2462=COLOUR_RGB('',0.615686274509804,0.811764705882353,0.929411764705882);
#2463=MANIFOLD_SOLID_BREP('Part 2',#2411);
#2464=MANIFOLD_SOLID_BREP('Part 1',#2412);
#2465=MANIFOLD_SOLID_BREP('Part 3',#2413);
#2466=MANIFOLD_SOLID_BREP('Part 4',#2414);
#2467=MANIFOLD_SOLID_BREP('Part 5',#2415);
#2468=MANIFOLD_SOLID_BREP('Part 6',#2416);
#2469=SHAPE_DEFINITION_REPRESENTATION(#4149,#2475);
#2470=SHAPE_DEFINITION_REPRESENTATION(#4150,#2476);
#2471=SHAPE_DEFINITION_REPRESENTATION(#4151,#2477);
#2472=SHAPE_DEFINITION_REPRESENTATION(#4152,#2478);
#2473=SHAPE_DEFINITION_REPRESENTATION(#4153,#2479);
#2474=SHAPE_DEFINITION_REPRESENTATION(#4154,#2480);
#2475=SHAPE_REPRESENTATION('Part 2',(#2481),#4119);
#2476=SHAPE_REPRESENTATION('Part 1',(#2493),#4120);
#2477=SHAPE_REPRESENTATION('Part 3',(#2505),#4121);
#2478=SHAPE_REPRESENTATION('Part 4',(#2520),#4122);
#2479=SHAPE_REPRESENTATION('Part 5',(#2534),#4123);
#2480=SHAPE_REPRESENTATION('Part 6',(#2609),#4124);
#2481=AXIS2_PLACEMENT_3D('',#3303,#2680,#2681);
#2482=AXIS2_PLACEMENT_3D('',#3304,#2682,#2683);
#2483=AXIS2_PLACEMENT_3D('',#3308,#2685,#2686);
#2484=AXIS2_PLACEMENT_3D('',#3310,#2687,#2688);
#2485=AXIS2_PLACEMENT_3D('',#3315,#2691,#2692);
#2486=AXIS2_PLACEMENT_3D('',#3316,#2693,#2694);
#2487=AXIS2_PLACEMENT_3D('',#3319,#2695,#2696);
#2488=AXIS2_PLACEMENT_3D('',#3326,#2700,#2701);
#2489=AXIS2_PLACEMENT_3D('',#3329,#2704,#2705);
#2490=AXIS2_PLACEMENT_3D('',#3332,#2708,#2709);
#2491=AXIS2_PLACEMENT_3D('',#3333,#2710,#2711);
#2492=AXIS2_PLACEMENT_3D('',#3335,#2713,#2714);
#2493=AXIS2_PLACEMENT_3D('',#3336,#2715,#2716);
#2494=AXIS2_PLACEMENT_3D('',#3337,#2717,#2718);
#2495=AXIS2_PLACEMENT_3D('',#3338,#2719,#2720);
#2496=AXIS2_PLACEMENT_3D('',#3341,#2721,#2722);
#2497=AXIS2_PLACEMENT_3D('',#3348,#2726,#2727);
#2498=AXIS2_PLACEMENT_3D('',#3352,#2729,#2730);
#2499=AXIS2_PLACEMENT_3D('',#3354,#2731,#2732);
#2500=AXIS2_PLACEMENT_3D('',#3359,#2735,#2736);
#2501=AXIS2_PLACEMENT_3D('',#3362,#2739,#2740);
#2502=AXIS2_PLACEMENT_3D('',#3365,#2743,#2744);
#2503=AXIS2_PLACEMENT_3D('',#3366,#2745,#2746);
#2504=AXIS2_PLACEMENT_3D('',#3368,#2748,#2749);
#2505=AXIS2_PLACEMENT_3D('',#3369,#2750,#2751);
#2506=AXIS2_PLACEMENT_3D('',#3370,#2752,#2753);
#2507=AXIS2_PLACEMENT_3D('',#3379,#2758,#2759);
#2508=AXIS2_PLACEMENT_3D('',#3401,#2771,#2772);
#2509=AXIS2_PLACEMENT_3D('',#3412,#2779,#2780);
#2510=AXIS2_PLACEMENT_3D('',#3416,#2783,#2784);
#2511=AXIS2_PLACEMENT_3D('',#3420,#2787,#2788);
#2512=AXIS2_PLACEMENT_3D('',#3422,#2790,#2791);
#2513=AXIS2_PLACEMENT_3D('',#3423,#2792,#2793);
#2514=AXIS2_PLACEMENT_3D('',#3429,#2797,#2798);
#2515=AXIS2_PLACEMENT_3D('',#3433,#2801,#2802);
#2516=AXIS2_PLACEMENT_3D('',#3437,#2805,#2806);
#2517=AXIS2_PLACEMENT_3D('',#3439,#2808,#2809);
#2518=AXIS2_PLACEMENT_3D('',#3442,#2812,#2813);
#2519=AXIS2_PLACEMENT_3D('',#3443,#2814,#2815);
#2520=AXIS2_PLACEMENT_3D('',#3444,#2816,#2817);
#2521=AXIS2_PLACEMENT_3D('',#3445,#2818,#2819);
#2522=AXIS2_PLACEMENT_3D('',#3454,#2824,#2825);
#2523=AXIS2_PLACEMENT_3D('',#3460,#2829,#2830);
#2524=AXIS2_PLACEMENT_3D('',#3466,#2834,#2835);
#2525=AXIS2_PLACEMENT_3D('',#3467,#2836,#2837);
#2526=AXIS2_PLACEMENT_3D('',#3469,#2838,#2839);
#2527=AXIS2_PLACEMENT_3D('',#3471,#2840,#2841);
#2528=AXIS2_PLACEMENT_3D('',#3474,#2844,#2845);
#2529=AXIS2_PLACEMENT_3D('',#3475,#2846,#2847);
#2530=AXIS2_PLACEMENT_3D('',#3476,#2848,#2849);
#2531=AXIS2_PLACEMENT_3D('',#3478,#2850,#2851);
#2532=AXIS2_PLACEMENT_3D('',#3479,#2852,#2853);
#2533=AXIS2_PLACEMENT_3D('',#3481,#2854,#2855);
#2534=AXIS2_PLACEMENT_3D('',#3482,#2856,#2857);
#2535=AXIS2_PLACEMENT_3D('',#3483,#2858,#2859);
#2536=AXIS2_PLACEMENT_3D('',#3484,#2860,#2861);
#2537=AXIS2_PLACEMENT_3D('',#3486,#2862,#2863);
#2538=AXIS2_PLACEMENT_3D('',#3488,#2864,#2865);
#2539=AXIS2_PLACEMENT_3D('',#3490,#2866,#2867);
#2540=AXIS2_PLACEMENT_3D('',#3492,#2868,#2869);
#2541=AXIS2_PLACEMENT_3D('',#3494,#2870,#2871);
#2542=AXIS2_PLACEMENT_3D('',#3496,#2872,#2873);
#2543=AXIS2_PLACEMENT_3D('',#3498,#2874,#2875);
#2544=AXIS2_PLACEMENT_3D('',#3500,#2876,#2877);
#2545=AXIS2_PLACEMENT_3D('',#3502,#2878,#2879);
#2546=AXIS2_PLACEMENT_3D('',#3512,#2884,#2885);
#2547=AXIS2_PLACEMENT_3D('',#3513,#2886,#2887);
#2548=AXIS2_PLACEMENT_3D('',#3515,#2888,#2889);
#2549=AXIS2_PLACEMENT_3D('',#3516,#2890,#2891);
#2550=AXIS2_PLACEMENT_3D('',#3518,#2892,#2893);
#2551=AXIS2_PLACEMENT_3D('',#3524,#2897,#2898);
#2552=AXIS2_PLACEMENT_3D('',#3528,#2901,#2902);
#2553=AXIS2_PLACEMENT_3D('',#3529,#2903,#2904);
#2554=AXIS2_PLACEMENT_3D('',#3531,#2905,#2906);
#2555=AXIS2_PLACEMENT_3D('',#3532,#2907,#2908);
#2556=AXIS2_PLACEMENT_3D('',#3534,#2909,#2910);
#2557=AXIS2_PLACEMENT_3D('',#3535,#2911,#2912);
#2558=AXIS2_PLACEMENT_3D('',#3537,#2913,#2914);
#2559=AXIS2_PLACEMENT_3D('',#3538,#2915,#2916);
#2560=AXIS2_PLACEMENT_3D('',#3540,#2917,#2918);
#2561=AXIS2_PLACEMENT_3D('',#3541,#2919,#2920);
#2562=AXIS2_PLACEMENT_3D('',#3543,#2921,#2922);
#2563=AXIS2_PLACEMENT_3D('',#3544,#2923,#2924);
#2564=AXIS2_PLACEMENT_3D('',#3546,#2925,#2926);
#2565=AXIS2_PLACEMENT_3D('',#3547,#2927,#2928);
#2566=AXIS2_PLACEMENT_3D('',#3549,#2929,#2930);
#2567=AXIS2_PLACEMENT_3D('',#3550,#2931,#2932);
#2568=AXIS2_PLACEMENT_3D('',#3552,#2933,#2934);
#2569=AXIS2_PLACEMENT_3D('',#3553,#2935,#2936);
#2570=AXIS2_PLACEMENT_3D('',#3555,#2937,#2938);
#2571=AXIS2_PLACEMENT_3D('',#3556,#2939,#2940);
#2572=AXIS2_PLACEMENT_3D('',#3558,#2941,#2942);
#2573=AXIS2_PLACEMENT_3D('',#3559,#2943,#2944);
#2574=AXIS2_PLACEMENT_3D('',#3561,#2945,#2946);
#2575=AXIS2_PLACEMENT_3D('',#3563,#2947,#2948);
#2576=AXIS2_PLACEMENT_3D('',#3567,#2950,#2951);
#2577=AXIS2_PLACEMENT_3D('',#3571,#2953,#2954);
#2578=AXIS2_PLACEMENT_3D('',#3576,#2957,#2958);
#2579=AXIS2_PLACEMENT_3D('',#3579,#2960,#2961);
#2580=AXIS2_PLACEMENT_3D('',#3582,#2963,#2964);
#2581=AXIS2_PLACEMENT_3D('',#3588,#2968,#2969);
#2582=AXIS2_PLACEMENT_3D('',#3591,#2971,#2972);
#2583=AXIS2_PLACEMENT_3D('',#3594,#2974,#2975);
#2584=AXIS2_PLACEMENT_3D('',#3596,#2977,#2978);
#2585=AXIS2_PLACEMENT_3D('',#3598,#2980,#2981);
#2586=AXIS2_PLACEMENT_3D('',#3600,#2983,#2984);
#2587=AXIS2_PLACEMENT_3D('',#3604,#2987,#2988);
#2588=AXIS2_PLACEMENT_3D('',#3606,#2990,#2991);
#2589=AXIS2_PLACEMENT_3D('',#3607,#2992,#2993);
#2590=AXIS2_PLACEMENT_3D('',#3609,#2994,#2995);
#2591=AXIS2_PLACEMENT_3D('',#3610,#2996,#2997);
#2592=AXIS2_PLACEMENT_3D('',#3612,#2998,#2999);
#2593=AXIS2_PLACEMENT_3D('',#3613,#3000,#3001);
#2594=AXIS2_PLACEMENT_3D('',#3615,#3002,#3003);
#2595=AXIS2_PLACEMENT_3D('',#3617,#3004,#3005);
#2596=AXIS2_PLACEMENT_3D('',#3619,#3006,#3007);
#2597=AXIS2_PLACEMENT_3D('',#3621,#3008,#3009);
#2598=AXIS2_PLACEMENT_3D('',#3622,#3010,#3011);
#2599=AXIS2_PLACEMENT_3D('',#3624,#3012,#3013);
#2600=AXIS2_PLACEMENT_3D('',#3625,#3014,#3015);
#2601=AXIS2_PLACEMENT_3D('',#3626,#3016,#3017);
#2602=AXIS2_PLACEMENT_3D('',#3628,#3018,#3019);
#2603=AXIS2_PLACEMENT_3D('',#3629,#3020,#3021);
#2604=AXIS2_PLACEMENT_3D('',#3630,#3022,#3023);
#2605=AXIS2_PLACEMENT_3D('',#3632,#3024,#3025);
#2606=AXIS2_PLACEMENT_3D('',#3633,#3026,#3027);
#2607=AXIS2_PLACEMENT_3D('',#3634,#3028,#3029);
#2608=AXIS2_PLACEMENT_3D('',#3636,#3030,#3031);
#2609=AXIS2_PLACEMENT_3D('',#3637,#3032,#3033);
#2610=AXIS2_PLACEMENT_3D('',#3638,#3034,#3035);
#2611=AXIS2_PLACEMENT_3D('',#3639,#3036,#3037);
#2612=AXIS2_PLACEMENT_3D('',#3641,#3038,#3039);
#2613=AXIS2_PLACEMENT_3D('',#3643,#3040,#3041);
#2614=AXIS2_PLACEMENT_3D('',#3650,#3044,#3045);
#2615=AXIS2_PLACEMENT_3D('',#3654,#3047,#3048);
#2616=AXIS2_PLACEMENT_3D('',#3769,#3086,#3087);
#2617=AXIS2_PLACEMENT_3D('',#3775,#3091,#3092);
#2618=AXIS2_PLACEMENT_3D('',#3784,#3097,#3098);
#2619=AXIS2_PLACEMENT_3D('',#3790,#3102,#3103);
#2620=AXIS2_PLACEMENT_3D('',#3792,#3105,#3106);
#2621=AXIS2_PLACEMENT_3D('',#3793,#3107,#3108);
#2622=AXIS2_PLACEMENT_3D('',#3806,#3109,#3110);
#2623=AXIS2_PLACEMENT_3D('',#3807,#3111,#3112);
#2624=AXIS2_PLACEMENT_3D('',#3820,#3113,#3114);
#2625=AXIS2_PLACEMENT_3D('',#3821,#3115,#3116);
#2626=AXIS2_PLACEMENT_3D('',#3823,#3117,#3118);
#2627=AXIS2_PLACEMENT_3D('',#3824,#3119,#3120);
#2628=AXIS2_PLACEMENT_3D('',#3826,#3121,#3122);
#2629=AXIS2_PLACEMENT_3D('',#3827,#3123,#3124);
#2630=AXIS2_PLACEMENT_3D('',#3829,#3125,#3126);
#2631=AXIS2_PLACEMENT_3D('',#3831,#3127,#3128);
#2632=AXIS2_PLACEMENT_3D('',#3832,#3129,#3130);
#2633=AXIS2_PLACEMENT_3D('',#3834,#3131,#3132);
#2634=AXIS2_PLACEMENT_3D('',#3835,#3133,#3134);
#2635=AXIS2_PLACEMENT_3D('',#3836,#3135,#3136);
#2636=AXIS2_PLACEMENT_3D('',#3837,#3137,#3138);
#2637=AXIS2_PLACEMENT_3D('',#3838,#3139,#3140);
#2638=AXIS2_PLACEMENT_3D('',#3839,#3141,#3142);
#2639=AXIS2_PLACEMENT_3D('',#3840,#3143,#3144);
#2640=AXIS2_PLACEMENT_3D('',#3841,#3145,#3146);
#2641=AXIS2_PLACEMENT_3D('',#3842,#3147,#3148);
#2642=AXIS2_PLACEMENT_3D('',#3848,#3152,#3153);
#2643=AXIS2_PLACEMENT_3D('',#3852,#3156,#3157);
#2644=AXIS2_PLACEMENT_3D('',#3856,#3160,#3161);
#2645=AXIS2_PLACEMENT_3D('',#3860,#3164,#3165);
#2646=AXIS2_PLACEMENT_3D('',#3864,#3168,#3169);
#2647=AXIS2_PLACEMENT_3D('',#3868,#3172,#3173);
#2648=AXIS2_PLACEMENT_3D('',#3872,#3176,#3177);
#2649=AXIS2_PLACEMENT_3D('',#3876,#3180,#3181);
#2650=AXIS2_PLACEMENT_3D('',#3880,#3184,#3185);
#2651=AXIS2_PLACEMENT_3D('',#3884,#3188,#3189);
#2652=AXIS2_PLACEMENT_3D('',#3888,#3192,#3193);
#2653=AXIS2_PLACEMENT_3D('',#3890,#3195,#3196);
#2654=AXIS2_PLACEMENT_3D('',#3945,#3202,#3203);
#2655=AXIS2_PLACEMENT_3D('',#3949,#3206,#3207);
#2656=AXIS2_PLACEMENT_3D('',#3953,#3210,#3211);
#2657=AXIS2_PLACEMENT_3D('',#4009,#3218,#3219);
#2658=AXIS2_PLACEMENT_3D('',#4013,#3222,#3223);
#2659=AXIS2_PLACEMENT_3D('',#4017,#3226,#3227);
#2660=AXIS2_PLACEMENT_3D('',#4045,#3231,#3232);
#2661=AXIS2_PLACEMENT_3D('',#4046,#3233,#3234);
#2662=AXIS2_PLACEMENT_3D('',#4052,#3238,#3239);
#2663=AXIS2_PLACEMENT_3D('',#4056,#3242,#3243);
#2664=AXIS2_PLACEMENT_3D('',#4060,#3246,#3247);
#2665=AXIS2_PLACEMENT_3D('',#4064,#3250,#3251);
#2666=AXIS2_PLACEMENT_3D('',#4068,#3254,#3255);
#2667=AXIS2_PLACEMENT_3D('',#4070,#3257,#3258);
#2668=AXIS2_PLACEMENT_3D('',#4071,#3259,#3260);
#2669=AXIS2_PLACEMENT_3D('',#4077,#3264,#3265);
#2670=AXIS2_PLACEMENT_3D('',#4081,#3268,#3269);
#2671=AXIS2_PLACEMENT_3D('',#4085,#3272,#3273);
#2672=AXIS2_PLACEMENT_3D('',#4089,#3276,#3277);
#2673=AXIS2_PLACEMENT_3D('',#4093,#3280,#3281);
#2674=AXIS2_PLACEMENT_3D('',#4097,#3284,#3285);
#2675=AXIS2_PLACEMENT_3D('',#4101,#3288,#3289);
#2676=AXIS2_PLACEMENT_3D('',#4105,#3292,#3293);
#2677=AXIS2_PLACEMENT_3D('',#4109,#3296,#3297);
#2678=AXIS2_PLACEMENT_3D('',#4111,#3299,#3300);
#2679=AXIS2_PLACEMENT_3D('',#4112,#3301,#3302);
#2680=DIRECTION('',(0.,0.,1.));
#2681=DIRECTION('',(1.,0.,0.));
#2682=DIRECTION('',(0.707106781186547,0.707106781186548,3.88875159240464E-16));
#2683=DIRECTION('',(2.7497626213393E-16,2.74976262133931E-16,-1.));
#2684=DIRECTION('',(2.7497626213393E-16,2.74976262133931E-16,-1.));
#2685=DIRECTION('',(0.707106781186547,0.707106781186548,3.88875159240464E-16));
#2686=DIRECTION('',(-0.707106781186548,0.707106781186547,0.));
#2687=DIRECTION('',(0.707106781186547,0.707106781186548,3.88875159240464E-16));
#2688=DIRECTION('',(-0.707106781186548,0.707106781186547,0.));
#2689=DIRECTION('',(2.7497626213393E-16,2.74976262133931E-16,-1.));
#2690=DIRECTION('',(0.5,-0.5,-0.707106781186547));
#2691=DIRECTION('',(0.707106781186547,0.707106781186548,0.));
#2692=DIRECTION('',(0.,0.,-1.));
#2693=DIRECTION('',(0.707106781186547,0.707106781186548,0.));
#2694=DIRECTION('',(-0.707106781186548,0.707106781186547,0.));
#2695=DIRECTION('',(0.707106781186547,0.707106781186548,0.));
#2696=DIRECTION('',(-0.707106781186548,0.707106781186547,0.));
#2697=DIRECTION('',(0.,0.,-1.));
#2698=DIRECTION('',(-0.5,0.5,0.707106781186547));
#2699=DIRECTION('',(0.,0.,-1.));
#2700=DIRECTION('',(0.707106781186548,-0.707106781186547,0.));
#2701=DIRECTION('',(0.707106781186547,0.707106781186548,0.));
#2702=DIRECTION('',(-0.707106781186547,-0.707106781186548,0.));
#2703=DIRECTION('',(-0.707106781186547,-0.707106781186548,0.));
#2704=DIRECTION('',(0.707106781186548,-0.707106781186547,0.));
#2705=DIRECTION('',(0.707106781186547,0.707106781186548,0.));
#2706=DIRECTION('',(-0.707106781186547,-0.707106781186548,0.));
#2707=DIRECTION('',(0.707106781186547,0.707106781186548,0.));
#2708=DIRECTION('',(0.5,-0.5,0.707106781186549));
#2709=DIRECTION('',(0.707106781186547,0.707106781186548,0.));
#2710=DIRECTION('',(0.707106781186547,0.707106781186548,0.));
#2711=DIRECTION('',(-0.707106781186548,0.707106781186547,0.));
#2712=DIRECTION('',(0.707106781186547,0.707106781186548,0.));
#2713=DIRECTION('',(-0.707106781186547,-0.707106781186548,0.));
#2714=DIRECTION('',(0.707106781186548,-0.707106781186547,0.));
#2715=DIRECTION('',(0.,0.,1.));
#2716=DIRECTION('',(1.,0.,0.));
#2717=DIRECTION('',(0.707106781186547,-0.707106781186548,0.));
#2718=DIRECTION('',(0.,0.,-1.));
#2719=DIRECTION('',(0.707106781186547,-0.707106781186548,0.));
#2720=DIRECTION('',(0.707106781186548,0.707106781186547,0.));
#2721=DIRECTION('',(0.707106781186547,-0.707106781186548,0.));
#2722=DIRECTION('',(0.707106781186548,0.707106781186547,0.));
#2723=DIRECTION('',(0.,0.,-1.));
#2724=DIRECTION('',(-0.5,-0.5,-0.707106781186549));
#2725=DIRECTION('',(0.,0.,-1.));
#2726=DIRECTION('',(0.707106781186547,-0.707106781186548,0.));
#2727=DIRECTION('',(0.,0.,-1.));
#2728=DIRECTION('',(0.,0.,-1.));
#2729=DIRECTION('',(0.707106781186547,-0.707106781186548,0.));
#2730=DIRECTION('',(0.707106781186548,0.707106781186547,0.));
#2731=DIRECTION('',(0.707106781186547,-0.707106781186548,0.));
#2732=DIRECTION('',(0.707106781186548,0.707106781186547,0.));
#2733=DIRECTION('',(0.,0.,-1.));
#2734=DIRECTION('',(0.5,0.5,0.707106781186549));
#2735=DIRECTION('',(-0.707106781186548,-0.707106781186547,0.));
#2736=DIRECTION('',(0.707106781186547,-0.707106781186548,0.));
#2737=DIRECTION('',(0.707106781186547,-0.707106781186548,0.));
#2738=DIRECTION('',(-0.707106781186547,0.707106781186548,0.));
#2739=DIRECTION('',(-0.707106781186548,-0.707106781186547,0.));
#2740=DIRECTION('',(0.707106781186547,-0.707106781186548,0.));
#2741=DIRECTION('',(0.707106781186547,-0.707106781186548,0.));
#2742=DIRECTION('',(-0.707106781186547,0.707106781186548,-1.61771349781076E-16));
#2743=DIRECTION('',(0.5,0.5,-0.707106781186547));
#2744=DIRECTION('',(0.707106781186547,-0.707106781186548,0.));
#2745=DIRECTION('',(0.707106781186547,-0.707106781186548,0.));
#2746=DIRECTION('',(0.707106781186548,0.707106781186547,0.));
#2747=DIRECTION('',(0.707106781186547,-0.707106781186548,0.));
#2748=DIRECTION('',(-0.707106781186547,0.707106781186548,0.));
#2749=DIRECTION('',(-0.707106781186548,-0.707106781186547,0.));
#2750=DIRECTION('',(0.,0.,1.));
#2751=DIRECTION('',(1.,0.,0.));
#2752=DIRECTION('',(-0.702943272720956,-0.711245917623681,4.35512518212231E-17));
#2753=DIRECTION('',(0.711245917623681,-0.702943272720956,0.));
#2754=DIRECTION('',(-0.711245917623681,0.702943272720956,-4.30428614459942E-17));
#2755=DIRECTION('',(0.,-6.12323399573677E-17,-1.));
#2756=DIRECTION('',(-0.711245917623681,0.702943272720956,-4.30428614459942E-17));
#2757=DIRECTION('',(0.,-6.12323399573677E-17,-1.));
#2758=DIRECTION('',(0.,-6.12323399573677E-17,-1.));
#2759=DIRECTION('',(1.,0.,0.));
#2760=DIRECTION('',(1.,0.,0.));
#2761=DIRECTION('',(0.707083407313861,-0.707130154286621,4.32992340013842E-17));
#2762=DIRECTION('',(0.999999991427338,-0.000130940151363934,8.01777186238559E-21));
#2763=DIRECTION('',(0.707399451092366,0.706813990095145,-4.32798745281294E-17));
#2764=DIRECTION('',(-1.,0.,0.));
#2765=DIRECTION('',(0.707083407313861,-0.707130154286621,4.32992340013842E-17));
#2766=DIRECTION('',(-1.,0.,0.));
#2767=DIRECTION('',(-0.711245917623681,0.702943272720956,-4.30428614459942E-17));
#2768=DIRECTION('',(1.,0.,0.));
#2769=DIRECTION('',(0.711068673370727,0.703122565240794,-4.30538399465207E-17));
#2770=DIRECTION('',(1.,0.,0.));
#2771=DIRECTION('',(-0.50001652727756,-0.499983472176122,0.707106781186547));
#2772=DIRECTION('',(-0.707083407313861,0.707130154286621,-4.32992340013842E-17));
#2773=DIRECTION('',(-0.816487584617315,-3.53532869855702E-17,-0.577362991683553));
#2774=DIRECTION('',(0.707083407313861,-0.707130154286621,4.32992340013842E-17));
#2775=DIRECTION('',(0.816487584617315,3.53532869855702E-17,0.577362991683553));
#2776=DIRECTION('',(0.816487584617315,3.53532869855702E-17,0.577362991683553));
#2777=DIRECTION('',(0.707083407313861,-0.707130154286621,4.32992340013842E-17));
#2778=DIRECTION('',(-0.81652321616802,0.000106915674433755,-0.577312589528127));
#2779=DIRECTION('',(0.,1.,-6.12323399573677E-17));
#2780=DIRECTION('',(-1.,0.,0.));
#2781=DIRECTION('',(-1.,0.,0.));
#2782=DIRECTION('',(0.816609276267058,-3.53427470153446E-17,-0.577190860907024));
#2783=DIRECTION('',(-0.000130940151363934,-0.999999991427338,6.12323394324435E-17));
#2784=DIRECTION('',(0.999999991427338,-0.000130940151363934,8.01777186238559E-21));
#2785=DIRECTION('',(0.999999991427338,-0.000130940151363934,8.01777186238559E-21));
#2786=DIRECTION('',(-0.816573619456452,0.000106922274248067,0.577241294932558));
#2787=DIRECTION('',(0.,-6.12323399573677E-17,-1.));
#2788=DIRECTION('',(1.,0.,0.));
#2789=DIRECTION('',(0.707399451092366,0.706813990095145,-4.32798745281294E-17));
#2790=DIRECTION('',(0.499792965433797,-0.500206948875051,0.70710678118655));
#2791=DIRECTION('',(-0.707399451092366,-0.706813990095145,4.32798745281294E-17));
#2792=DIRECTION('',(-0.703122565240794,0.711068673370727,-4.35403987408708E-17));
#2793=DIRECTION('',(-0.711068673370727,-0.703122565240794,0.));
#2794=DIRECTION('',(0.,-6.12323399573677E-17,-1.));
#2795=DIRECTION('',(0.711068673370727,0.703122565240794,-4.30538399465207E-17));
#2796=DIRECTION('',(0.,-6.12323399573677E-17,-1.));
#2797=DIRECTION('',(0.,1.,-6.12323399573677E-17));
#2798=DIRECTION('',(0.,6.12323399573677E-17,1.));
#2799=DIRECTION('',(0.,-6.12323399573677E-17,-1.));
#2800=DIRECTION('',(1.,0.,0.));
#2801=DIRECTION('',(-0.702943272720956,-0.711245917623681,4.35512518212231E-17));
#2802=DIRECTION('',(0.711245917623681,-0.702943272720956,0.));
#2803=DIRECTION('',(0.,-6.12323399573677E-17,-1.));
#2804=DIRECTION('',(-0.711245917623681,0.702943272720956,-4.30428614459942E-17));
#2805=DIRECTION('',(0.,1.,-6.12323399573677E-17));
#2806=DIRECTION('',(0.,6.12323399573677E-17,1.));
#2807=DIRECTION('',(1.,0.,0.));
#2808=DIRECTION('',(0.,-6.12323399573677E-17,-1.));
#2809=DIRECTION('',(1.,0.,0.));
#2810=DIRECTION('',(-1.,0.,0.));
#2811=DIRECTION('',(1.,0.,0.));
#2812=DIRECTION('',(0.,1.,-6.12323399573677E-17));
#2813=DIRECTION('',(0.,6.12323399573677E-17,1.));
#2814=DIRECTION('',(0.,-1.,6.12323399573677E-17));
#2815=DIRECTION('',(0.,-6.12323399573677E-17,-1.));
#2816=DIRECTION('',(0.,0.,1.));
#2817=DIRECTION('',(1.,0.,0.));
#2818=DIRECTION('',(-1.,2.08166817117217E-16,-1.27465413135646E-32));
#2819=DIRECTION('',(-2.08166817117217E-16,-1.,0.));
#2820=DIRECTION('',(-2.08166817117217E-16,-1.,6.12323399573677E-17));
#2821=DIRECTION('',(0.,6.12323399573677E-17,1.));
#2822=DIRECTION('',(-2.08166817117217E-16,-1.,6.12323399573677E-17));
#2823=DIRECTION('',(0.,6.12323399573677E-17,1.));
#2824=DIRECTION('',(0.,-1.,6.12323399573677E-17));
#2825=DIRECTION('',(0.,-6.12323399573677E-17,-1.));
#2826=DIRECTION('',(1.,0.,0.));
#2827=DIRECTION('',(0.,6.12323399573677E-17,1.));
#2828=DIRECTION('',(1.,0.,0.));
#2829=DIRECTION('',(-1.,2.08166817117217E-16,-1.27465413135646E-32));
#2830=DIRECTION('',(-2.08166817117217E-16,-1.,0.));
#2831=DIRECTION('',(-2.08166817117217E-16,-1.,6.12323399573677E-17));
#2832=DIRECTION('',(0.,6.12323399573677E-17,1.));
#2833=DIRECTION('',(-2.08166817117217E-16,-1.,6.12323399573677E-17));
#2834=DIRECTION('',(0.,6.12323399573677E-17,1.));
#2835=DIRECTION('',(0.,-1.,6.12323399573677E-17));
#2836=DIRECTION('',(0.,-6.12323399573677E-17,-1.));
#2837=DIRECTION('',(0.,1.,-6.12323399573677E-17));
#2838=DIRECTION('',(0.,-6.12323399573677E-17,-1.));
#2839=DIRECTION('',(0.,1.,-6.12323399573677E-17));
#2840=DIRECTION('',(0.,-1.,6.12323399573677E-17));
#2841=DIRECTION('',(0.,-6.12323399573677E-17,-1.));
#2842=DIRECTION('',(1.,0.,0.));
#2843=DIRECTION('',(1.,0.,0.));
#2844=DIRECTION('',(0.,-6.12323399573677E-17,-1.));
#2845=DIRECTION('',(1.,0.,0.));
#2846=DIRECTION('',(0.,-6.12323399573677E-17,-1.));
#2847=DIRECTION('',(1.,0.,0.));
#2848=DIRECTION('',(0.,-6.12323399573677E-17,-1.));
#2849=DIRECTION('',(0.,1.,-6.12323399573677E-17));
#2850=DIRECTION('',(0.,-6.12323399573677E-17,-1.));
#2851=DIRECTION('',(0.,1.,-6.12323399573677E-17));
#2852=DIRECTION('',(0.,-6.12323399573677E-17,-1.));
#2853=DIRECTION('',(0.,1.,-6.12323399573677E-17));
#2854=DIRECTION('',(0.,-6.12323399573677E-17,-1.));
#2855=DIRECTION('',(1.,0.,0.));
#2856=DIRECTION('',(0.,0.,1.));
#2857=DIRECTION('',(1.,0.,0.));
#2858=DIRECTION('',(0.,-1.,0.));
#2859=DIRECTION('',(1.,0.,0.));
#2860=DIRECTION('',(0.,-1.,0.));
#2861=DIRECTION('',(0.,0.,-1.));
#2862=DIRECTION('',(0.,-1.,0.));
#2863=DIRECTION('',(0.,0.,-1.));
#2864=DIRECTION('',(0.,-1.,0.));
#2865=DIRECTION('',(0.,0.,-1.));
#2866=DIRECTION('',(0.,-1.,0.));
#2867=DIRECTION('',(0.,0.,-1.));
#2868=DIRECTION('',(0.,-1.,0.));
#2869=DIRECTION('',(0.,0.,-1.));
#2870=DIRECTION('',(0.,-1.,0.));
#2871=DIRECTION('',(0.,0.,-1.));
#2872=DIRECTION('',(0.,-1.,0.));
#2873=DIRECTION('',(0.,0.,-1.));
#2874=DIRECTION('',(0.,-1.,0.));
#2875=DIRECTION('',(0.,0.,-1.));
#2876=DIRECTION('',(0.,-1.,0.));
#2877=DIRECTION('',(0.,0.,-1.));
#2878=DIRECTION('',(0.,-1.,0.));
#2879=DIRECTION('',(0.,0.,-1.));
#2880=DIRECTION('',(0.,0.,1.));
#2881=DIRECTION('',(1.,0.,0.));
#2882=DIRECTION('',(0.,0.,1.));
#2883=DIRECTION('',(1.,0.,0.));
#2884=DIRECTION('',(0.,1.,0.));
#2885=DIRECTION('',(0.,0.,1.));
#2886=DIRECTION('',(0.,-1.,0.));
#2887=DIRECTION('',(0.,0.,-1.));
#2888=DIRECTION('',(0.,1.,0.));
#2889=DIRECTION('',(0.,0.,1.));
#2890=DIRECTION('',(0.,-1.,0.));
#2891=DIRECTION('',(0.,0.,-1.));
#2892=DIRECTION('',(1.,0.,0.));
#2893=DIRECTION('',(0.,0.,-1.));
#2894=DIRECTION('',(0.,-1.,0.));
#2895=DIRECTION('',(0.,0.,1.));
#2896=DIRECTION('',(0.,-1.,0.));
#2897=DIRECTION('',(0.,0.,-1.));
#2898=DIRECTION('',(-1.,0.,0.));
#2899=DIRECTION('',(1.,0.,0.));
#2900=DIRECTION('',(0.,-1.,0.));
#2901=DIRECTION('',(0.,1.,0.));
#2902=DIRECTION('',(0.,0.,1.));
#2903=DIRECTION('',(0.,-1.,0.));
#2904=DIRECTION('',(0.,0.,-1.));
#2905=DIRECTION('',(0.,1.,0.));
#2906=DIRECTION('',(0.,0.,1.));
#2907=DIRECTION('',(0.,-1.,0.));
#2908=DIRECTION('',(0.,0.,-1.));
#2909=DIRECTION('',(0.,1.,0.));
#2910=DIRECTION('',(0.,0.,1.));
#2911=DIRECTION('',(0.,-1.,0.));
#2912=DIRECTION('',(0.,0.,-1.));
#2913=DIRECTION('',(0.,1.,0.));
#2914=DIRECTION('',(0.,0.,1.));
#2915=DIRECTION('',(0.,-1.,0.));
#2916=DIRECTION('',(0.,0.,-1.));
#2917=DIRECTION('',(0.,1.,0.));
#2918=DIRECTION('',(0.,0.,1.));
#2919=DIRECTION('',(0.,-1.,0.));
#2920=DIRECTION('',(0.,0.,-1.));
#2921=DIRECTION('',(0.,1.,0.));
#2922=DIRECTION('',(0.,0.,1.));
#2923=DIRECTION('',(0.,-1.,0.));
#2924=DIRECTION('',(0.,0.,-1.));
#2925=DIRECTION('',(0.,1.,0.));
#2926=DIRECTION('',(0.,0.,1.));
#2927=DIRECTION('',(0.,-1.,0.));
#2928=DIRECTION('',(0.,0.,-1.));
#2929=DIRECTION('',(0.,1.,0.));
#2930=DIRECTION('',(0.,0.,1.));
#2931=DIRECTION('',(0.,-1.,0.));
#2932=DIRECTION('',(0.,0.,-1.));
#2933=DIRECTION('',(0.,-1.,0.));
#2934=DIRECTION('',(0.,0.,-1.));
#2935=DIRECTION('',(0.,-1.,0.));
#2936=DIRECTION('',(0.,0.,-1.));
#2937=DIRECTION('',(0.,-1.,0.));
#2938=DIRECTION('',(0.,0.,-1.));
#2939=DIRECTION('',(0.,-1.,0.));
#2940=DIRECTION('',(0.,0.,-1.));
#2941=DIRECTION('',(1.,0.,0.));
#2942=DIRECTION('',(0.,0.,-1.));
#2943=DIRECTION('',(1.,0.,0.));
#2944=DIRECTION('',(0.,0.,-1.));
#2945=DIRECTION('',(1.,0.,0.));
#2946=DIRECTION('',(0.,0.,-1.));
#2947=DIRECTION('',(0.,-1.,0.));
#2948=DIRECTION('',(1.,0.,0.));
#2949=DIRECTION('',(0.,0.,1.));
#2950=DIRECTION('',(0.,-1.,0.));
#2951=DIRECTION('',(0.,0.,-1.));
#2952=DIRECTION('',(-1.,0.,0.));
#2953=DIRECTION('',(0.,-1.,0.));
#2954=DIRECTION('',(0.,0.,-1.));
#2955=DIRECTION('',(0.,0.,1.));
#2956=DIRECTION('',(-1.,0.,0.));
#2957=DIRECTION('',(0.,1.,0.));
#2958=DIRECTION('',(0.,0.,1.));
#2959=DIRECTION('',(0.,1.,0.));
#2960=DIRECTION('',(0.,1.,0.));
#2961=DIRECTION('',(0.,0.,1.));
#2962=DIRECTION('',(0.,1.,0.));
#2963=DIRECTION('',(0.,0.,-1.));
#2964=DIRECTION('',(-1.,0.,0.));
#2965=DIRECTION('',(0.,1.,0.));
#2966=DIRECTION('',(1.,0.,0.));
#2967=DIRECTION('',(0.,1.,0.));
#2968=DIRECTION('',(0.,-1.,0.));
#2969=DIRECTION('',(0.,0.,-1.));
#2970=DIRECTION('',(0.,1.,0.));
#2971=DIRECTION('',(0.,1.,0.));
#2972=DIRECTION('',(0.,0.,1.));
#2973=DIRECTION('',(0.,1.,0.));
#2974=DIRECTION('',(-1.,0.,0.));
#2975=DIRECTION('',(0.,0.,1.));
#2976=DIRECTION('',(0.,0.,-1.));
#2977=DIRECTION('',(0.,0.,-1.));
#2978=DIRECTION('',(-1.,0.,0.));
#2979=DIRECTION('',(1.,0.,0.));
#2980=DIRECTION('',(-1.,0.,0.));
#2981=DIRECTION('',(0.,0.,1.));
#2982=DIRECTION('',(0.,0.,-1.));
#2983=DIRECTION('',(1.,0.,0.));
#2984=DIRECTION('',(0.,0.,-1.));
#2985=DIRECTION('',(0.,0.,1.));
#2986=DIRECTION('',(0.,-1.,0.));
#2987=DIRECTION('',(0.,0.,-1.));
#2988=DIRECTION('',(-1.,0.,0.));
#2989=DIRECTION('',(1.,0.,0.));
#2990=DIRECTION('',(0.,1.,0.));
#2991=DIRECTION('',(-1.,0.,0.));
#2992=DIRECTION('',(0.,1.,0.));
#2993=DIRECTION('',(0.,0.,1.));
#2994=DIRECTION('',(0.,1.,0.));
#2995=DIRECTION('',(0.,0.,1.));
#2996=DIRECTION('',(0.,1.,0.));
#2997=DIRECTION('',(0.,0.,1.));
#2998=DIRECTION('',(0.,1.,0.));
#2999=DIRECTION('',(-1.,0.,0.));
#3000=DIRECTION('',(0.,1.,0.));
#3001=DIRECTION('',(0.,0.,1.));
#3002=DIRECTION('',(0.,1.,0.));
#3003=DIRECTION('',(0.,0.,1.));
#3004=DIRECTION('',(0.,1.,0.));
#3005=DIRECTION('',(0.,0.,1.));
#3006=DIRECTION('',(0.,1.,0.));
#3007=DIRECTION('',(0.,0.,1.));
#3008=DIRECTION('',(0.,1.,0.));
#3009=DIRECTION('',(-1.,0.,0.));
#3010=DIRECTION('',(0.,1.,0.));
#3011=DIRECTION('',(0.,0.,1.));
#3012=DIRECTION('',(0.,1.,0.));
#3013=DIRECTION('',(0.,0.,1.));
#3014=DIRECTION('',(0.,1.,0.));
#3015=DIRECTION('',(-1.,0.,0.));
#3016=DIRECTION('',(0.,1.,0.));
#3017=DIRECTION('',(0.,0.,1.));
#3018=DIRECTION('',(0.,1.,0.));
#3019=DIRECTION('',(0.,0.,1.));
#3020=DIRECTION('',(0.,1.,0.));
#3021=DIRECTION('',(-1.,0.,0.));
#3022=DIRECTION('',(0.,1.,0.));
#3023=DIRECTION('',(0.,0.,1.));
#3024=DIRECTION('',(0.,1.,0.));
#3025=DIRECTION('',(0.,0.,1.));
#3026=DIRECTION('',(0.,1.,0.));
#3027=DIRECTION('',(-1.,0.,0.));
#3028=DIRECTION('',(0.,1.,0.));
#3029=DIRECTION('',(0.,0.,1.));
#3030=DIRECTION('',(0.,1.,0.));
#3031=DIRECTION('',(0.,0.,1.));
#3032=DIRECTION('',(0.,0.,1.));
#3033=DIRECTION('',(1.,0.,0.));
#3034=DIRECTION('',(0.,1.,0.));
#3035=DIRECTION('',(-1.,0.,0.));
#3036=DIRECTION('',(0.,1.,0.));
#3037=DIRECTION('',(0.,0.,1.));
#3038=DIRECTION('',(0.,1.,0.));
#3039=DIRECTION('',(0.,0.,1.));
#3040=DIRECTION('',(0.,1.,0.));
#3041=DIRECTION('',(0.,0.,1.));
#3042=DIRECTION('',(0.,0.,1.));
#3043=DIRECTION('',(-1.,0.,0.));
#3044=DIRECTION('',(0.,1.,0.));
#3045=DIRECTION('',(0.,0.,1.));
#3046=DIRECTION('',(-1.,0.,0.));
#3047=DIRECTION('',(0.,1.,0.));
#3048=DIRECTION('',(0.,0.,1.));
#3049=DIRECTION('',(-1.,0.,0.));
#3050=DIRECTION('',(0.,0.,1.));
#3051=DIRECTION('',(-1.,0.,0.));
#3052=DIRECTION('',(1.,0.,0.));
#3053=DIRECTION('',(0.566110749872388,0.,0.824329193271064));
#3054=DIRECTION('',(0.574175743182164,0.,-0.818732078241234));
#3055=DIRECTION('',(1.,0.,0.));
#3056=DIRECTION('',(-0.590706051179799,0.,0.806886832895152));
#3057=DIRECTION('',(0.590370554981622,0.,0.807132335996206));
#3058=DIRECTION('',(-1.,0.,0.));
#3059=DIRECTION('',(-0.578331672351847,0.,-0.81580173863183));
#3060=DIRECTION('',(-0.567499103600913,0.,0.823374014292509));
#3061=DIRECTION('',(-1.,0.,0.));
#3062=DIRECTION('',(0.583875682533143,0.,-0.811843080494289));
#3063=DIRECTION('',(-0.577654361976577,0.,-0.816281469892239));
#3064=DIRECTION('',(0.,0.,1.));
#3065=DIRECTION('',(-1.,0.,0.));
#3066=DIRECTION('',(0.,0.,-1.));
#3067=DIRECTION('',(0.,0.,1.));
#3068=DIRECTION('',(-1.,0.,0.));
#3069=DIRECTION('',(0.,0.,-1.));
#3070=DIRECTION('',(1.,0.,0.));
#3071=DIRECTION('',(0.,0.,1.));
#3072=DIRECTION('',(-1.,0.,0.));
#3073=DIRECTION('',(0.,0.,-1.));
#3074=DIRECTION('',(-1.,0.,0.));
#3075=DIRECTION('',(0.,0.,-1.));
#3076=DIRECTION('',(1.,0.,0.));
#3077=DIRECTION('',(0.,0.,-1.));
#3078=DIRECTION('',(-1.,0.,0.));
#3079=DIRECTION('',(0.,0.,-1.));
#3080=DIRECTION('',(1.,0.,0.));
#3081=DIRECTION('',(0.,0.,-1.));
#3082=DIRECTION('',(1.,0.,0.));
#3083=DIRECTION('',(0.,0.,1.));
#3084=DIRECTION('',(-1.,0.,0.));
#3085=DIRECTION('',(0.,0.,-1.));
#3086=DIRECTION('',(-1.,0.,0.));
#3087=DIRECTION('',(0.,0.,1.));
#3088=DIRECTION('',(0.,1.,0.));
#3089=DIRECTION('',(0.,0.,-1.));
#3090=DIRECTION('',(0.,1.,0.));
#3091=DIRECTION('',(0.,0.,-1.));
#3092=DIRECTION('',(-1.,0.,0.));
#3093=DIRECTION('',(0.,1.,0.));
#3094=DIRECTION('',(1.,0.,0.));
#3095=DIRECTION('',(0.,1.,0.));
#3096=DIRECTION('',(-1.,0.,0.));
#3097=DIRECTION('',(-1.,0.,0.));
#3098=DIRECTION('',(0.,0.,1.));
#3099=DIRECTION('',(0.,0.,-1.));
#3100=DIRECTION('',(0.,1.,0.));
#3101=DIRECTION('',(0.,1.,0.));
#3102=DIRECTION('',(0.,0.,-1.));
#3103=DIRECTION('',(-1.,0.,0.));
#3104=DIRECTION('',(1.,0.,0.));
#3105=DIRECTION('',(0.,1.,0.));
#3106=DIRECTION('',(0.,0.,1.));
#3107=DIRECTION('',(0.,1.,0.));
#3108=DIRECTION('',(0.,0.,1.));
#3109=DIRECTION('',(0.,1.,0.));
#3110=DIRECTION('',(0.,0.,1.));
#3111=DIRECTION('',(0.,1.,0.));
#3112=DIRECTION('',(0.,0.,1.));
#3113=DIRECTION('',(0.,1.,0.));
#3114=DIRECTION('',(0.,0.,1.));
#3115=DIRECTION('',(0.,1.,0.));
#3116=DIRECTION('',(0.,0.,1.));
#3117=DIRECTION('',(0.,1.,0.));
#3118=DIRECTION('',(0.,0.,1.));
#3119=DIRECTION('',(0.,1.,0.));
#3120=DIRECTION('',(0.,0.,1.));
#3121=DIRECTION('',(0.,1.,0.));
#3122=DIRECTION('',(0.,0.,1.));
#3123=DIRECTION('',(0.,1.,0.));
#3124=DIRECTION('',(0.,0.,1.));
#3125=DIRECTION('',(0.,1.,0.));
#3126=DIRECTION('',(0.,0.,1.));
#3127=DIRECTION('',(0.,-1.,0.));
#3128=DIRECTION('',(0.,0.,-1.));
#3129=DIRECTION('',(0.,1.,0.));
#3130=DIRECTION('',(0.,0.,1.));
#3131=DIRECTION('',(0.,-1.,0.));
#3132=DIRECTION('',(0.,0.,-1.));
#3133=DIRECTION('',(0.,1.,0.));
#3134=DIRECTION('',(0.,0.,1.));
#3135=DIRECTION('',(-0.707106781186548,-0.707106781186548,0.));
#3136=DIRECTION('',(0.707106781186548,-0.707106781186548,0.));
#3137=DIRECTION('',(1.,0.,0.));
#3138=DIRECTION('',(0.,0.,-1.));
#3139=DIRECTION('',(0.707106781186548,-0.707106781186548,0.));
#3140=DIRECTION('',(0.707106781186548,0.707106781186548,0.));
#3141=DIRECTION('',(0.,1.,0.));
#3142=DIRECTION('',(0.,0.,1.));
#3143=DIRECTION('',(0.,1.,0.));
#3144=DIRECTION('',(0.,0.,1.));
#3145=DIRECTION('',(0.,1.,0.));
#3146=DIRECTION('',(0.,0.,1.));
#3147=DIRECTION('',(-0.824329193271064,0.,0.566110749872388));
#3148=DIRECTION('',(0.566110749872388,0.,0.824329193271064));
#3149=DIRECTION('',(0.,1.,0.));
#3150=DIRECTION('',(0.566110749872388,0.,0.824329193271064));
#3151=DIRECTION('',(0.,1.,0.));
#3152=DIRECTION('',(0.,0.,1.));
#3153=DIRECTION('',(1.,0.,0.));
#3154=DIRECTION('',(0.,1.,0.));
#3155=DIRECTION('',(1.,0.,0.));
#3156=DIRECTION('',(0.816281469892239,0.,-0.577654361976577));
#3157=DIRECTION('',(-0.577654361976577,0.,-0.816281469892239));
#3158=DIRECTION('',(0.,1.,0.));
#3159=DIRECTION('',(-0.577654361976577,0.,-0.816281469892239));
#3160=DIRECTION('',(0.811843080494289,0.,0.583875682533143));
#3161=DIRECTION('',(0.583875682533143,0.,-0.811843080494289));
#3162=DIRECTION('',(0.,1.,0.));
#3163=DIRECTION('',(0.583875682533143,0.,-0.811843080494289));
#3164=DIRECTION('',(0.,0.,-1.));
#3165=DIRECTION('',(-1.,0.,0.));
#3166=DIRECTION('',(0.,1.,0.));
#3167=DIRECTION('',(-1.,0.,0.));
#3168=DIRECTION('',(-0.823374014292509,0.,-0.567499103600912));
#3169=DIRECTION('',(-0.567499103600912,0.,0.823374014292509));
#3170=DIRECTION('',(0.,1.,0.));
#3171=DIRECTION('',(-0.567499103600913,0.,0.823374014292509));
#3172=DIRECTION('',(0.81580173863183,0.,-0.578331672351847));
#3173=DIRECTION('',(-0.578331672351847,0.,-0.81580173863183));
#3174=DIRECTION('',(0.,1.,0.));
#3175=DIRECTION('',(-0.578331672351847,0.,-0.81580173863183));
#3176=DIRECTION('',(0.,0.,-1.));
#3177=DIRECTION('',(-1.,0.,0.));
#3178=DIRECTION('',(0.,1.,0.));
#3179=DIRECTION('',(-1.,0.,0.));
#3180=DIRECTION('',(-0.807132335996206,0.,0.590370554981622));
#3181=DIRECTION('',(0.590370554981622,0.,0.807132335996206));
#3182=DIRECTION('',(0.,1.,0.));
#3183=DIRECTION('',(0.590370554981622,0.,0.807132335996206));
#3184=DIRECTION('',(-0.806886832895152,0.,-0.590706051179799));
#3185=DIRECTION('',(-0.590706051179799,0.,0.806886832895152));
#3186=DIRECTION('',(0.,1.,0.));
#3187=DIRECTION('',(-0.590706051179799,0.,0.806886832895152));
#3188=DIRECTION('',(0.,0.,1.));
#3189=DIRECTION('',(1.,0.,0.));
#3190=DIRECTION('',(0.,1.,0.));
#3191=DIRECTION('',(1.,0.,0.));
#3192=DIRECTION('',(0.818732078241234,0.,0.574175743182164));
#3193=DIRECTION('',(0.574175743182164,0.,-0.818732078241234));
#3194=DIRECTION('',(0.574175743182164,0.,-0.818732078241234));
#3195=DIRECTION('',(0.,1.,0.));
#3196=DIRECTION('',(-1.,0.,0.));
#3197=DIRECTION('',(0.,1.,0.));
#3198=DIRECTION('',(0.,1.,0.));
#3199=DIRECTION('',(0.,1.,0.));
#3200=DIRECTION('',(0.,1.,0.));
#3201=DIRECTION('',(0.,1.,0.));
#3202=DIRECTION('',(1.,0.,0.));
#3203=DIRECTION('',(0.,0.,-1.));
#3204=DIRECTION('',(0.,1.,0.));
#3205=DIRECTION('',(0.,0.,-1.));
#3206=DIRECTION('',(0.,0.,-1.));
#3207=DIRECTION('',(-1.,0.,0.));
#3208=DIRECTION('',(0.,1.,0.));
#3209=DIRECTION('',(-1.,0.,0.));
#3210=DIRECTION('',(-1.,0.,0.));
#3211=DIRECTION('',(0.,0.,1.));
#3212=DIRECTION('',(0.,1.,0.));
#3213=DIRECTION('',(0.,0.,1.));
#3214=DIRECTION('',(0.,1.,0.));
#3215=DIRECTION('',(0.,1.,0.));
#3216=DIRECTION('',(0.,1.,0.));
#3217=DIRECTION('',(0.,1.,0.));
#3218=DIRECTION('',(1.,0.,0.));
#3219=DIRECTION('',(0.,0.,-1.));
#3220=DIRECTION('',(0.,1.,0.));
#3221=DIRECTION('',(0.,0.,-1.));
#3222=DIRECTION('',(0.,0.,-1.));
#3223=DIRECTION('',(-1.,0.,0.));
#3224=DIRECTION('',(0.,1.,0.));
#3225=DIRECTION('',(-1.,0.,0.));
#3226=DIRECTION('',(-1.,0.,0.));
#3227=DIRECTION('',(0.,0.,1.));
#3228=DIRECTION('',(0.,1.,0.));
#3229=DIRECTION('',(0.,0.,1.));
#3230=DIRECTION('',(0.,1.,0.));
#3231=DIRECTION('',(0.,1.,0.));
#3232=DIRECTION('',(-1.,0.,0.));
#3233=DIRECTION('',(-1.,0.,0.));
#3234=DIRECTION('',(0.,0.,1.));
#3235=DIRECTION('',(0.,1.,0.));
#3236=DIRECTION('',(0.,0.,1.));
#3237=DIRECTION('',(0.,1.,0.));
#3238=DIRECTION('',(0.,0.,1.));
#3239=DIRECTION('',(1.,0.,0.));
#3240=DIRECTION('',(0.,1.,0.));
#3241=DIRECTION('',(1.,0.,0.));
#3242=DIRECTION('',(1.,0.,0.));
#3243=DIRECTION('',(0.,0.,-1.));
#3244=DIRECTION('',(0.,1.,0.));
#3245=DIRECTION('',(0.,0.,-1.));
#3246=DIRECTION('',(0.,0.,-1.));
#3247=DIRECTION('',(-1.,0.,0.));
#3248=DIRECTION('',(0.,1.,0.));
#3249=DIRECTION('',(-1.,0.,0.));
#3250=DIRECTION('',(1.,0.,0.));
#3251=DIRECTION('',(0.,0.,-1.));
#3252=DIRECTION('',(0.,1.,0.));
#3253=DIRECTION('',(0.,0.,-1.));
#3254=DIRECTION('',(0.,0.,-1.));
#3255=DIRECTION('',(-1.,0.,0.));
#3256=DIRECTION('',(-1.,0.,0.));
#3257=DIRECTION('',(0.,1.,0.));
#3258=DIRECTION('',(-1.,0.,0.));
#3259=DIRECTION('',(1.,0.,0.));
#3260=DIRECTION('',(0.,0.,-1.));
#3261=DIRECTION('',(0.,1.,0.));
#3262=DIRECTION('',(0.,0.,-1.));
#3263=DIRECTION('',(0.,1.,0.));
#3264=DIRECTION('',(0.,0.,1.));
#3265=DIRECTION('',(1.,0.,0.));
#3266=DIRECTION('',(0.,1.,0.));
#3267=DIRECTION('',(1.,0.,0.));
#3268=DIRECTION('',(1.,0.,0.));
#3269=DIRECTION('',(0.,0.,-1.));
#3270=DIRECTION('',(0.,1.,0.));
#3271=DIRECTION('',(0.,0.,-1.));
#3272=DIRECTION('',(0.,0.,-1.));
#3273=DIRECTION('',(-1.,0.,0.));
#3274=DIRECTION('',(0.,1.,0.));
#3275=DIRECTION('',(-1.,0.,0.));
#3276=DIRECTION('',(-1.,0.,0.));
#3277=DIRECTION('',(0.,0.,1.));
#3278=DIRECTION('',(0.,1.,0.));
#3279=DIRECTION('',(0.,0.,1.));
#3280=DIRECTION('',(0.,0.,1.));
#3281=DIRECTION('',(1.,0.,0.));
#3282=DIRECTION('',(0.,1.,0.));
#3283=DIRECTION('',(1.,0.,0.));
#3284=DIRECTION('',(1.,0.,0.));
#3285=DIRECTION('',(0.,0.,-1.));
#3286=DIRECTION('',(0.,1.,0.));
#3287=DIRECTION('',(0.,0.,-1.));
#3288=DIRECTION('',(0.,0.,1.));
#3289=DIRECTION('',(1.,0.,0.));
#3290=DIRECTION('',(0.,1.,0.));
#3291=DIRECTION('',(1.,0.,0.));
#3292=DIRECTION('',(1.,0.,0.));
#3293=DIRECTION('',(0.,0.,-1.));
#3294=DIRECTION('',(0.,1.,0.));
#3295=DIRECTION('',(0.,0.,-1.));
#3296=DIRECTION('',(0.,0.,-1.));
#3297=DIRECTION('',(-1.,0.,0.));
#3298=DIRECTION('',(-1.,0.,0.));
#3299=DIRECTION('',(0.,1.,0.));
#3300=DIRECTION('',(-1.,0.,0.));
#3301=DIRECTION('',(0.,1.,0.));
#3302=DIRECTION('',(-1.,0.,0.));
#3303=CARTESIAN_POINT('',(0.,0.,0.));
#3304=CARTESIAN_POINT('',(-0.130262319830923,-0.0191423910783855,0.00190934715080262));
#3305=CARTESIAN_POINT('',(-0.130262319830923,-0.0191423910783855,0.00190934715080262));
#3306=CARTESIAN_POINT('',(-0.130262319830923,-0.0191423910783855,0.139577347150803));
#3307=CARTESIAN_POINT('',(-0.130262319830923,-0.0191423910783854,-0.137358852849197));
#3308=CARTESIAN_POINT('',(-0.132722910008096,-0.0166818009012126,-0.137358852849197));
#3309=CARTESIAN_POINT('',(-0.13203008678389,-0.0173746241254191,-0.140697864679066));
#3310=CARTESIAN_POINT('',(-0.131337263559683,-0.0180674473496257,-0.137358852849197));
#3311=CARTESIAN_POINT('',(-0.133797853736856,-0.0156068571724527,-0.137358852849197));
#3312=CARTESIAN_POINT('',(-0.133797853736856,-0.0156068571724528,0.00190934715080262));
#3313=CARTESIAN_POINT('',(-0.133797853736856,-0.0156068571724528,0.144577347150803));
#3314=CARTESIAN_POINT('',(-0.0815893316547286,-0.0678153792545803,0.0707433471508028));
#3315=CARTESIAN_POINT('',(-0.233068291904923,-0.121948363152385,0.00190934715080262));
#3316=CARTESIAN_POINT('',(-0.234143235633683,-0.120873419423625,-0.137358852849197));
#3317=CARTESIAN_POINT('',(-0.236603825810856,-0.118412829246452,-0.137358852849197));
#3318=CARTESIAN_POINT('',(-0.234836058857889,-0.120180596199419,-0.140697864679066));
#3319=CARTESIAN_POINT('',(-0.235528882082096,-0.119487772975212,-0.137358852849197));
#3320=CARTESIAN_POINT('',(-0.233068291904923,-0.121948363152385,-0.137358852849197));
#3321=CARTESIAN_POINT('',(-0.233068291904923,-0.121948363152385,0.00190934715080262));
#3322=CARTESIAN_POINT('',(-0.233068291904923,-0.121948363152385,0.139577347150803));
#3323=CARTESIAN_POINT('',(-0.233068291904923,-0.121948363152385,0.139577347150803));
#3324=CARTESIAN_POINT('',(-0.236603825810856,-0.118412829246452,0.144577347150803));
#3325=CARTESIAN_POINT('',(-0.236603825810856,-0.118412829246452,0.00190934715080262));
#3326=CARTESIAN_POINT('',(-0.0364167760409285,0.0747031527116096,0.054828238099993));
#3327=CARTESIAN_POINT('',(-0.0364167760409285,0.0747031527116096,-0.137358852849197));
#3328=CARTESIAN_POINT('',(-0.233068291904923,-0.121948363152385,0.139577347150803));
#3329=CARTESIAN_POINT('',(-0.0399523099468613,0.0782386866175423,0.054828238099993));
#3330=CARTESIAN_POINT('',(-0.236603825810855,-0.118412829246452,-0.137358852849197));
#3331=CARTESIAN_POINT('',(-0.0399523099468613,0.0782386866175423,0.144577347150803));
#3332=CARTESIAN_POINT('',(-0.0364167760409285,0.0747031527116096,0.139577347150803));
#3333=CARTESIAN_POINT('',(-0.0374917197696883,0.0757780964403694,-0.137358852849197));
#3334=CARTESIAN_POINT('',(-0.18343307282089,-0.068777610162419,-0.140697864679066));
#3335=CARTESIAN_POINT('',(-0.184125896045096,-0.0680847869382124,-0.137358852849197));
#3336=CARTESIAN_POINT('',(0.,0.,0.));
#3337=CARTESIAN_POINT('',(0.0972309061408115,-0.0189159739526771,0.00502914366531373));
#3338=CARTESIAN_POINT('',(0.0983058498695713,-0.0178410302239173,-0.134239056334686));
#3339=CARTESIAN_POINT('',(0.100766440046744,-0.0153804400467444,-0.134239056334686));
#3340=CARTESIAN_POINT('',(0.0989986730937779,-0.0171482069997108,-0.137578068164554));
#3341=CARTESIAN_POINT('',(0.0996914963179845,-0.0164553837755041,-0.134239056334686));
#3342=CARTESIAN_POINT('',(0.0972309061408115,-0.0189159739526771,-0.134239056334686));
#3343=CARTESIAN_POINT('',(0.0972309061408115,-0.0189159739526771,0.00502914366531373));
#3344=CARTESIAN_POINT('',(0.0972309061408115,-0.0189159739526771,0.142697143665314));
#3345=CARTESIAN_POINT('',(0.100823008589239,-0.0153238715042495,0.147777143665314));
#3346=CARTESIAN_POINT('',(0.100766440046744,-0.0153804400467444,0.147697143665314));
#3347=CARTESIAN_POINT('',(0.100766440046744,-0.0153804400467444,0.00502914366531373));
#3348=CARTESIAN_POINT('',(0.200036878214811,-0.121721946026677,0.00502914366531373));
#3349=CARTESIAN_POINT('',(0.200036878214811,-0.121721946026677,0.00502914366531373));
#3350=CARTESIAN_POINT('',(0.200036878214811,-0.121721946026677,0.142697143665314));
#3351=CARTESIAN_POINT('',(0.200036878214811,-0.121721946026677,-0.134239056334686));
#3352=CARTESIAN_POINT('',(0.202497468391984,-0.119261355849504,-0.134239056334686));
#3353=CARTESIAN_POINT('',(0.201804645167778,-0.11995417907371,-0.137578068164554));
#3354=CARTESIAN_POINT('',(0.201111821943571,-0.120647002297917,-0.134239056334686));
#3355=CARTESIAN_POINT('',(0.203572412120744,-0.118186412120744,-0.134239056334686));
#3356=CARTESIAN_POINT('',(0.203572412120744,-0.118186412120744,0.00502914366531373));
#3357=CARTESIAN_POINT('',(0.203572412120744,-0.118186412120744,0.147697143665314));
#3358=CARTESIAN_POINT('',(0.151363890038616,-0.170394934202871,0.0738631436653136));
#3359=CARTESIAN_POINT('',(0.00338536235081652,0.0749295698373181,0.054828238099993));
#3360=CARTESIAN_POINT('',(0.200036878214811,-0.121721946026677,-0.134239056334686));
#3361=CARTESIAN_POINT('',(0.00338536235081652,0.0749295698373181,0.142697143665314));
#3362=CARTESIAN_POINT('',(0.00692089625674927,0.0784651037432508,0.054828238099993));
#3363=CARTESIAN_POINT('',(0.00692089625674927,0.0784651037432508,-0.134239056334686));
#3364=CARTESIAN_POINT('',(0.152169426083744,-0.0667834260837442,0.147697143665314));
#3365=CARTESIAN_POINT('',(0.152225994626239,-0.0667268575412493,0.147777143665314));
#3366=CARTESIAN_POINT('',(0.149708835906571,-0.0692440162609172,-0.134239056334686));
#3367=CARTESIAN_POINT('',(0.150401659130777,-0.0685511930367106,-0.137578068164554));
#3368=CARTESIAN_POINT('',(0.00584595252798947,0.077390160014491,-0.134239056334686));
#3369=CARTESIAN_POINT('',(0.,0.,0.));
#3370=CARTESIAN_POINT('',(0.14951967818359,-0.10409924961288,0.201054958769514));
#3371=CARTESIAN_POINT('',(0.14951967818359,-0.10409924961288,0.201054958769514));
#3372=CARTESIAN_POINT('',(0.159199663188331,-0.113666236460209,0.201054958769514));
#3373=CARTESIAN_POINT('',(0.156717747921859,-0.111213293537374,0.201054958769514));
#3374=CARTESIAN_POINT('',(0.156717747921859,-0.111213293537374,0.201054958769514));
#3375=CARTESIAN_POINT('',(0.156717747921859,-0.111213293537374,0.198565758769514));
#3376=CARTESIAN_POINT('',(0.14951967818359,-0.10409924961288,0.198565758769514));
#3377=CARTESIAN_POINT('',(0.159199663188331,-0.113666236460209,0.198565758769514));
#3378=CARTESIAN_POINT('',(0.159199663188331,-0.113666236460209,0.201054958769514));
#3379=CARTESIAN_POINT('',(0.00158612430095667,0.0776035206695203,0.198565758769514));
#3380=CARTESIAN_POINT('',(0.159094515173275,-0.111213293537374,0.198565758769514));
#3381=CARTESIAN_POINT('',(0.16147128242469,-0.111213293537374,0.198565758769514));
#3382=CARTESIAN_POINT('',(-0.0128744185141977,0.0631439338121864,0.198565758769514));
#3383=CARTESIAN_POINT('',(0.168319965591215,-0.118062429486699,0.198565758769514));
#3384=CARTESIAN_POINT('',(-2.18247392695242E-5,-0.118040386787004,0.198565758769514));
#3385=CARTESIAN_POINT('',(-0.168362284094591,-0.118018344261586,0.198565758769514));
#3386=CARTESIAN_POINT('',(0.0144931748635277,0.0646857790697041,0.198565758769514));
#3387=CARTESIAN_POINT('',(-0.0655128191133904,-0.015254,0.198565758769514));
#3388=CARTESIAN_POINT('',(0.00635,-0.015254,0.198565758769514));
#3389=CARTESIAN_POINT('',(0.0655183325659922,-0.015254,0.198565758769514));
#3390=CARTESIAN_POINT('',(-0.0128744185141977,0.0631439338121864,0.198565758769514));
#3391=CARTESIAN_POINT('',(0.155790627214551,-0.105532262765551,0.198565758769514));
#3392=CARTESIAN_POINT('',(0.153380122119997,-0.105532262765551,0.198565758769514));
#3393=CARTESIAN_POINT('',(0.150969617025445,-0.105532262765551,0.198565758769514));
#3394=CARTESIAN_POINT('',(0.14951967818359,-0.10409924961288,0.198565758769514));
#3395=CARTESIAN_POINT('',(0.148069739341736,-0.102666236460209,0.198565758769514));
#3396=CARTESIAN_POINT('',(-3.77520918846131E-5,-0.102666236460209,0.198565758769514));
#3397=CARTESIAN_POINT('',(-0.148145243525505,-0.102666236460209,0.198565758769514));
#3398=CARTESIAN_POINT('',(-0.153707399964333,-0.108166236460209,0.198565758769514));
#3399=CARTESIAN_POINT('',(-0.15926955640316,-0.113666236460209,0.198565758769514));
#3400=CARTESIAN_POINT('',(-3.49466074146543E-5,-0.113666236460209,0.198565758769514));
#3401=CARTESIAN_POINT('',(0.0777021347217612,-0.0202541652727756,0.203645758769514));
#3402=CARTESIAN_POINT('',(0.108021175944382,-0.111213293537374,0.160769576727457));
#3403=CARTESIAN_POINT('',(0.164991426467355,-0.111213293537374,0.201054958769514));
#3404=CARTESIAN_POINT('',(0.0758701019180355,-0.0220860769644444,0.201054958769514));
#3405=CARTESIAN_POINT('',(0.159310771257214,-0.105532262765551,0.201054958769514));
#3406=CARTESIAN_POINT('',(0.106127540754115,-0.105532262765551,0.163447492778396));
#3407=CARTESIAN_POINT('',(0.0260736467540575,-0.015254,0.170673232005532));
#3408=CARTESIAN_POINT('',(0.0725891666545826,-0.015254,0.203565758769513));
#3409=CARTESIAN_POINT('',(0.0776455643094183,-0.0203107319453607,0.203565758769513));
#3410=CARTESIAN_POINT('',(0.175391725595924,-0.118063355464033,0.203565758769513));
#3411=CARTESIAN_POINT('',(0.0560847812731644,-0.11804773339455,0.119211266929214));
#3412=CARTESIAN_POINT('',(0.00635,-0.015254,0.198565758769514));
#3413=CARTESIAN_POINT('',(0.00635,-0.015254,0.203565758769513));
#3414=CARTESIAN_POINT('',(-0.0725868160490297,-0.015254,0.203565758769513));
#3415=CARTESIAN_POINT('',(-0.0175910471588867,-0.015254,0.164693979921921));
#3416=CARTESIAN_POINT('',(-2.18247392695242E-5,-0.118040386787004,0.198565758769514));
#3417=CARTESIAN_POINT('',(-2.18247392695242E-5,-0.118040386787004,0.203565758769513));
#3418=CARTESIAN_POINT('',(-0.175435354114225,-0.118017418112719,0.203565758769513));
#3419=CARTESIAN_POINT('',(-0.056114130466859,-0.118033042051938,0.119216796214257));
#3420=CARTESIAN_POINT('',(0.00158612430095667,0.0776035206695203,0.203565758769513));
#3421=CARTESIAN_POINT('',(-0.129071789475144,-0.07169222508779,0.203565758769513));
#3422=CARTESIAN_POINT('',(-0.129128334594351,-0.0716356331317026,0.203645758769514));
#3423=CARTESIAN_POINT('',(-0.153707399964333,-0.108166236460209,0.201054958769514));
#3424=CARTESIAN_POINT('',(-0.148145243525505,-0.102666236460209,0.201054958769514));
#3425=CARTESIAN_POINT('',(-0.148145243525505,-0.102666236460209,0.201054958769514));
#3426=CARTESIAN_POINT('',(-0.153707399964333,-0.108166236460209,0.201054958769514));
#3427=CARTESIAN_POINT('',(-0.15926955640316,-0.113666236460209,0.201054958769514));
#3428=CARTESIAN_POINT('',(-0.15926955640316,-0.113666236460209,0.201054958769514));
#3429=CARTESIAN_POINT('',(-3.77520918846131E-5,-0.102666236460209,0.201054958769514));
#3430=CARTESIAN_POINT('',(0.148069739341736,-0.102666236460209,0.201054958769514));
#3431=CARTESIAN_POINT('',(0.148069739341736,-0.102666236460209,0.201054958769514));
#3432=CARTESIAN_POINT('',(-3.77520918846131E-5,-0.102666236460209,0.201054958769514));
#3433=CARTESIAN_POINT('',(0.14951967818359,-0.10409924961288,0.201054958769514));
#3434=CARTESIAN_POINT('',(0.150969617025445,-0.105532262765551,0.201054958769514));
#3435=CARTESIAN_POINT('',(0.150969617025445,-0.105532262765551,0.201054958769514));
#3436=CARTESIAN_POINT('',(0.14951967818359,-0.10409924961288,0.201054958769514));
#3437=CARTESIAN_POINT('',(-3.49466074146543E-5,-0.113666236460209,0.201054958769514));
#3438=CARTESIAN_POINT('',(-3.49466074146543E-5,-0.113666236460209,0.201054958769514));
#3439=CARTESIAN_POINT('',(0.00742293120622628,-0.0666582147433497,0.201054958769514));
#3440=CARTESIAN_POINT('',(0.153380122119997,-0.105532262765551,0.201054958769514));
#3441=CARTESIAN_POINT('',(0.159094515173275,-0.111213293537374,0.201054958769514));
#3442=CARTESIAN_POINT('',(0.159094515173275,-0.111213293537374,0.201054958769514));
#3443=CARTESIAN_POINT('',(0.153380122119997,-0.105532262765551,0.201054958769514));
#3444=CARTESIAN_POINT('',(0.,0.,0.));
#3445=CARTESIAN_POINT('',(-0.122251305033445,0.22939909696579,-0.0417182412304868));
#3446=CARTESIAN_POINT('',(-0.122251305033445,0.22939909696579,-0.0366382412304867));
#3447=CARTESIAN_POINT('',(-0.122251305033445,0.27939909696579,-0.0366382412304867));
#3448=CARTESIAN_POINT('',(-0.122251305033445,0.17939909696579,-0.0366382412304867));
#3449=CARTESIAN_POINT('',(-0.122251305033445,0.27939909696579,-0.0417182412304868));
#3450=CARTESIAN_POINT('',(-0.122251305033445,0.27939909696579,-0.0417182412304868));
#3451=CARTESIAN_POINT('',(-0.122251305033445,0.22939909696579,-0.0417182412304868));
#3452=CARTESIAN_POINT('',(-0.122251305033445,0.17939909696579,-0.0417182412304868));
#3453=CARTESIAN_POINT('',(-0.122251305033445,0.17939909696579,-0.0417182412304868));
#3454=CARTESIAN_POINT('',(-0.0722513050334453,0.27939909696579,-0.0417182412304868));
#3455=CARTESIAN_POINT('',(-0.0722513050334453,0.27939909696579,-0.0366382412304867));
#3456=CARTESIAN_POINT('',(-0.0222513050334453,0.27939909696579,-0.0366382412304867));
#3457=CARTESIAN_POINT('',(-0.0222513050334453,0.27939909696579,-0.0417182412304868));
#3458=CARTESIAN_POINT('',(-0.0222513050334453,0.27939909696579,-0.0417182412304868));
#3459=CARTESIAN_POINT('',(-0.0722513050334453,0.27939909696579,-0.0417182412304868));
#3460=CARTESIAN_POINT('',(-0.0222513050334453,0.22939909696579,-0.0417182412304868));
#3461=CARTESIAN_POINT('',(-0.0222513050334453,0.22939909696579,-0.0366382412304867));
#3462=CARTESIAN_POINT('',(-0.0222513050334453,0.17939909696579,-0.0366382412304867));
#3463=CARTESIAN_POINT('',(-0.0222513050334453,0.17939909696579,-0.0417182412304868));
#3464=CARTESIAN_POINT('',(-0.0222513050334453,0.17939909696579,-0.0417182412304868));
#3465=CARTESIAN_POINT('',(-0.0222513050334453,0.22939909696579,-0.0417182412304868));
#3466=CARTESIAN_POINT('',(-0.0722513050334453,0.22939909696579,-0.0417182412304868));
#3467=CARTESIAN_POINT('',(-0.0722513050334453,0.22939909696579,-0.0417182412304868));
#3468=CARTESIAN_POINT('',(-0.0722513050334453,0.26689909696579,-0.0417182412304868));
#3469=CARTESIAN_POINT('',(-0.0722513050334453,0.22939909696579,-0.0112382412304867));
#3470=CARTESIAN_POINT('',(-0.0722513050334453,0.26689909696579,-0.0112382412304867));
#3471=CARTESIAN_POINT('',(-0.0722513050334454,0.17939909696579,-0.0417182412304868));
#3472=CARTESIAN_POINT('',(-0.0722513050334454,0.17939909696579,-0.0366382412304867));
#3473=CARTESIAN_POINT('',(-0.0722513050334454,0.17939909696579,-0.0417182412304868));
#3474=CARTESIAN_POINT('',(-0.0703791592516877,0.0806683337395453,-0.0417182412304868));
#3475=CARTESIAN_POINT('',(-0.0703791592516877,0.0806683337395453,-0.0366382412304867));
#3476=CARTESIAN_POINT('',(-0.0722513050334454,0.22939909696579,-0.0366382412304867));
#3477=CARTESIAN_POINT('',(-0.0722513050334454,0.26839909696579,-0.0366382412304867));
#3478=CARTESIAN_POINT('',(-0.0722513050334454,0.22939909696579,-0.0112382412304867));
#3479=CARTESIAN_POINT('',(-0.0722513050334454,0.22939909696579,-0.0112382412304867));
#3480=CARTESIAN_POINT('',(-0.0722513050334454,0.26839909696579,-0.0112382412304867));
#3481=CARTESIAN_POINT('',(-0.0703791592516877,0.0806683337395453,-0.0112382412304867));
#3482=CARTESIAN_POINT('',(0.,0.,0.));
#3483=CARTESIAN_POINT('',(0.,0.,0.00531425915900674));
#3484=CARTESIAN_POINT('',(0.0525,0.,-0.0118572404514998));
#3485=CARTESIAN_POINT('',(0.0525,0.,-0.0140572404514998));
#3486=CARTESIAN_POINT('',(0.0525,0.,-0.1168572404515));
#3487=CARTESIAN_POINT('',(0.0525,0.,-0.1190572404515));
#3488=CARTESIAN_POINT('',(-0.0525,0.,-0.1168572404515));
#3489=CARTESIAN_POINT('',(-0.0525,0.,-0.1190572404515));
#3490=CARTESIAN_POINT('',(-0.0525,0.,-0.0118572404514998));
#3491=CARTESIAN_POINT('',(-0.0525,0.,-0.0140572404514998));
#3492=CARTESIAN_POINT('',(0.0525,0.,0.127477021664381));
#3493=CARTESIAN_POINT('',(0.0525,0.,0.125277021664381));
#3494=CARTESIAN_POINT('',(0.0525,0.,0.022477021664381));
#3495=CARTESIAN_POINT('',(0.0525,0.,0.020277021664381));
#3496=CARTESIAN_POINT('',(-0.0525,0.,0.022477021664381));
#3497=CARTESIAN_POINT('',(-0.0525,0.,0.020277021664381));
#3498=CARTESIAN_POINT('',(-0.0525,0.,0.127477021664381));
#3499=CARTESIAN_POINT('',(-0.0525,0.,0.125277021664381));
#3500=CARTESIAN_POINT('',(4.16333634234433E-17,0.,0.074977021664381));
#3501=CARTESIAN_POINT('',(4.16333634234433E-17,0.,0.014977021664381));
#3502=CARTESIAN_POINT('',(-3.24610635090336E-18,0.,-0.0643572404514999));
#3503=CARTESIAN_POINT('',(-3.24610635090336E-18,0.,-0.1243572404515));
#3504=CARTESIAN_POINT('',(0.0677,0.,0.00532124163800937));
#3505=CARTESIAN_POINT('',(0.0677,0.,-0.1320572404515));
#3506=CARTESIAN_POINT('',(0.0677,0.,0.142699723727518));
#3507=CARTESIAN_POINT('',(0.,0.,-0.1320572404515));
#3508=CARTESIAN_POINT('',(-0.0677,0.,-0.1320572404515));
#3509=CARTESIAN_POINT('',(-0.0677,0.,0.00532124163800937));
#3510=CARTESIAN_POINT('',(-0.0677,0.,0.142699723727519));
#3511=CARTESIAN_POINT('',(4.16333634234433E-17,0.,0.142699723727519));
#3512=CARTESIAN_POINT('',(4.16333634234433E-17,-0.015,0.074977021664381));
#3513=CARTESIAN_POINT('',(4.16333634234433E-17,-0.0115202,0.074977021664381));
#3514=CARTESIAN_POINT('',(4.16333634234433E-17,-0.0115202,0.014977021664381));
#3515=CARTESIAN_POINT('',(-3.24610635090336E-18,-0.015,-0.0643572404514999));
#3516=CARTESIAN_POINT('',(-3.24610635090336E-18,-0.0115202,-0.0643572404514999));
#3517=CARTESIAN_POINT('',(-3.24610635090336E-18,-0.0115202,-0.1243572404515));
#3518=CARTESIAN_POINT('',(-0.0677,0.127,0.00532124163800937));
#3519=CARTESIAN_POINT('',(-0.0677,0.127,-0.1320572404515));
#3520=CARTESIAN_POINT('',(-0.0677,0.127,-0.1320572404515));
#3521=CARTESIAN_POINT('',(-0.0677,0.127,0.00532124163800937));
#3522=CARTESIAN_POINT('',(-0.0677,0.127,0.142699723727519));
#3523=CARTESIAN_POINT('',(-0.0677,0.127,0.142699723727519));
#3524=CARTESIAN_POINT('',(4.16333634234433E-17,0.127,0.142699723727519));
#3525=CARTESIAN_POINT('',(4.16333634234433E-17,0.127,0.142699723727519));
#3526=CARTESIAN_POINT('',(0.0677,0.127,0.142699723727518));
#3527=CARTESIAN_POINT('',(0.0677,0.127,0.142699723727518));
#3528=CARTESIAN_POINT('',(0.0525,-0.015,-0.0118572404514998));
#3529=CARTESIAN_POINT('',(0.0525,-0.015,-0.0118572404514998));
#3530=CARTESIAN_POINT('',(0.0525,-0.015,-0.0140572404514998));
#3531=CARTESIAN_POINT('',(0.0525,-0.015,-0.1168572404515));
#3532=CARTESIAN_POINT('',(0.0525,-0.015,-0.1168572404515));
#3533=CARTESIAN_POINT('',(0.0525,-0.015,-0.1190572404515));
#3534=CARTESIAN_POINT('',(-0.0525,-0.015,-0.1168572404515));
#3535=CARTESIAN_POINT('',(-0.0525,-0.015,-0.1168572404515));
#3536=CARTESIAN_POINT('',(-0.0525,-0.015,-0.1190572404515));
#3537=CARTESIAN_POINT('',(-0.0525,-0.015,-0.0118572404514998));
#3538=CARTESIAN_POINT('',(-0.0525,-0.015,-0.0118572404514998));
#3539=CARTESIAN_POINT('',(-0.0525,-0.015,-0.0140572404514998));
#3540=CARTESIAN_POINT('',(0.0525,-0.015,0.127477021664381));
#3541=CARTESIAN_POINT('',(0.0525,-0.015,0.127477021664381));
#3542=CARTESIAN_POINT('',(0.0525,-0.015,0.125277021664381));
#3543=CARTESIAN_POINT('',(0.0525,-0.015,0.022477021664381));
#3544=CARTESIAN_POINT('',(0.0525,-0.015,0.022477021664381));
#3545=CARTESIAN_POINT('',(0.0525,-0.015,0.020277021664381));
#3546=CARTESIAN_POINT('',(-0.0525,-0.015,0.022477021664381));
#3547=CARTESIAN_POINT('',(-0.0525,-0.015,0.022477021664381));
#3548=CARTESIAN_POINT('',(-0.0525,-0.015,0.020277021664381));
#3549=CARTESIAN_POINT('',(-0.0525,-0.015,0.127477021664381));
#3550=CARTESIAN_POINT('',(-0.0525,-0.015,0.127477021664381));
#3551=CARTESIAN_POINT('',(-0.0525,-0.015,0.125277021664381));
#3552=CARTESIAN_POINT('',(4.16333634234433E-17,-0.0115202,0.074977021664381));
#3553=CARTESIAN_POINT('',(4.16333634234433E-17,-0.015,0.074977021664381));
#3554=CARTESIAN_POINT('',(4.16333634234433E-17,-0.015,0.011497221664381));
#3555=CARTESIAN_POINT('',(-3.24610635090336E-18,-0.0115202,-0.0643572404514999));
#3556=CARTESIAN_POINT('',(-3.24610635090336E-18,-0.015,-0.0643572404514999));
#3557=CARTESIAN_POINT('',(-3.24610635090336E-18,-0.015,-0.1278370404515));
#3558=CARTESIAN_POINT('',(0.0473,0.110736459493637,-0.1220572404515));
#3559=CARTESIAN_POINT('',(0.0727,0.110736459493637,-0.1220572404515));
#3560=CARTESIAN_POINT('',(0.0727,0.110736459493637,-0.1260572404515));
#3561=CARTESIAN_POINT('',(0.0677,0.110736459493637,-0.1220572404515));
#3562=CARTESIAN_POINT('',(0.0677,0.110736459493637,-0.1260572404515));
#3563=CARTESIAN_POINT('',(0.,-0.015,0.00531425915900674));
#3564=CARTESIAN_POINT('',(0.0727,-0.015,0.00531425915900674));
#3565=CARTESIAN_POINT('',(0.0727,-0.015,-0.1370572404515));
#3566=CARTESIAN_POINT('',(0.0727,-0.015,0.144205958769513));
#3567=CARTESIAN_POINT('',(0.0692202,-0.015,0.144205958769513));
#3568=CARTESIAN_POINT('',(0.0692202,-0.015,0.147685758769513));
#3569=CARTESIAN_POINT('',(0.00635,-0.015,0.147685758769513));
#3570=CARTESIAN_POINT('',(-0.0692202,-0.015,0.147685758769513));
#3571=CARTESIAN_POINT('',(-0.0692202,-0.015,0.144205958769513));
#3572=CARTESIAN_POINT('',(-0.0727,-0.015,0.144205958769513));
#3573=CARTESIAN_POINT('',(-0.0727,-0.015,0.00531425915900674));
#3574=CARTESIAN_POINT('',(-0.0727,-0.015,-0.1370572404515));
#3575=CARTESIAN_POINT('',(-0.00635,-0.015,-0.1370572404515));
#3576=CARTESIAN_POINT('',(0.0692202,-0.015,0.144205958769513));
#3577=CARTESIAN_POINT('',(0.0727,-0.015,0.144205958769513));
#3578=CARTESIAN_POINT('',(0.0727,0.12938,0.144205958769513));
#3579=CARTESIAN_POINT('',(0.0692202,0.12938,0.144205958769513));
#3580=CARTESIAN_POINT('',(0.0692202,0.12938,0.147685758769513));
#3581=CARTESIAN_POINT('',(0.0692202,-0.015,0.147685758769513));
#3582=CARTESIAN_POINT('',(-0.00635,-0.015,-0.1370572404515));
#3583=CARTESIAN_POINT('',(-0.0727,-0.015,-0.1370572404515));
#3584=CARTESIAN_POINT('',(-0.0727,0.12938,-0.1370572404515));
#3585=CARTESIAN_POINT('',(-0.00635,0.12938,-0.1370572404515));
#3586=CARTESIAN_POINT('',(0.0727,0.12938,-0.1370572404515));
#3587=CARTESIAN_POINT('',(0.0727,-0.015,-0.1370572404515));
#3588=CARTESIAN_POINT('',(-0.0692202,-0.015,0.144205958769513));
#3589=CARTESIAN_POINT('',(-0.0692202,-0.015,0.147685758769513));
#3590=CARTESIAN_POINT('',(-0.0692202,0.12938,0.147685758769513));
#3591=CARTESIAN_POINT('',(-0.0692202,0.12938,0.144205958769513));
#3592=CARTESIAN_POINT('',(-0.0727,0.12938,0.144205958769513));
#3593=CARTESIAN_POINT('',(-0.0727,0.137,0.144205958769513));
#3594=CARTESIAN_POINT('',(-0.0727,-0.015,0.00531425915900674));
#3595=CARTESIAN_POINT('',(-0.0727,0.12938,0.00531425915900674));
#3596=CARTESIAN_POINT('',(0.00635,-0.015,0.147685758769513));
#3597=CARTESIAN_POINT('',(0.00635,0.12938,0.147685758769513));
#3598=CARTESIAN_POINT('',(0.0727,-0.015,0.00531425915900674));
#3599=CARTESIAN_POINT('',(0.0727,0.12938,0.00531425915900674));
#3600=CARTESIAN_POINT('',(0.0677,0.127,0.00532124163800937));
#3601=CARTESIAN_POINT('',(0.0677,0.127,0.00532124163800937));
#3602=CARTESIAN_POINT('',(0.0677,0.127,-0.1320572404515));
#3603=CARTESIAN_POINT('',(0.0677,0.127,-0.1320572404515));
#3604=CARTESIAN_POINT('',(0.,0.127,-0.1320572404515));
#3605=CARTESIAN_POINT('',(0.,0.127,-0.1320572404515));
#3606=CARTESIAN_POINT('',(0.,0.127,0.00531425915900674));
#3607=CARTESIAN_POINT('',(8.3826352495973E-18,0.127,-0.0759697109460831));
#3608=CARTESIAN_POINT('',(8.3826352495973E-18,0.127,-0.0384697109460831));
#3609=CARTESIAN_POINT('',(8.3826352495973E-18,0.1116,-0.0759697109460831));
#3610=CARTESIAN_POINT('',(8.3826352495973E-18,0.12938,-0.0759697109460831));
#3611=CARTESIAN_POINT('',(8.3826352495973E-18,0.12938,-0.0384697109460831));
#3612=CARTESIAN_POINT('',(6.93889390390723E-18,0.12938,0.00357435915900674));
#3613=CARTESIAN_POINT('',(-0.0702000111341476,0.12938,0.145192742347717));
#3614=CARTESIAN_POINT('',(-0.0702000111341476,0.12938,0.146792742347717));
#3615=CARTESIAN_POINT('',(0.0702000036835671,0.12938,-0.134557247161865));
#3616=CARTESIAN_POINT('',(0.0702000036835671,0.12938,-0.132957247161865));
#3617=CARTESIAN_POINT('',(-0.0702005475759506,0.12938,-0.134556472301483));
#3618=CARTESIAN_POINT('',(-0.0702005475759506,0.12938,-0.132956472301483));
#3619=CARTESIAN_POINT('',(0.0702000036835671,0.12938,0.145192742347717));
#3620=CARTESIAN_POINT('',(0.0702000036835671,0.12938,0.146792742347717));
#3621=CARTESIAN_POINT('',(0.,0.127,0.00531425915900674));
#3622=CARTESIAN_POINT('',(0.0702000036835671,0.127,-0.134557247161865));
#3623=CARTESIAN_POINT('',(0.0702000036835671,0.127,-0.132957247161865));
#3624=CARTESIAN_POINT('',(0.0702000036835671,0.127,-0.134557247161865));
#3625=CARTESIAN_POINT('',(0.,0.127,0.00531425915900674));
#3626=CARTESIAN_POINT('',(-0.0702005475759506,0.127,-0.134556472301483));
#3627=CARTESIAN_POINT('',(-0.0702005475759506,0.127,-0.132956472301483));
#3628=CARTESIAN_POINT('',(-0.0702005475759506,0.127,-0.134556472301483));
#3629=CARTESIAN_POINT('',(0.,0.127,0.00531425915900674));
#3630=CARTESIAN_POINT('',(-0.0702000111341476,0.127,0.145192742347717));
#3631=CARTESIAN_POINT('',(-0.0702000111341476,0.127,0.146792742347717));
#3632=CARTESIAN_POINT('',(-0.0702000111341476,0.127,0.145192742347717));
#3633=CARTESIAN_POINT('',(0.,0.127,0.00531425915900674));
#3634=CARTESIAN_POINT('',(0.0702000036835671,0.127,0.145192742347717));
#3635=CARTESIAN_POINT('',(0.0702000036835671,0.127,0.146792742347717));
#3636=CARTESIAN_POINT('',(0.0702000036835671,0.127,0.145192742347717));
#3637=CARTESIAN_POINT('',(0.,0.,0.));
#3638=CARTESIAN_POINT('',(0.,0.137,0.00531425915900674));
#3639=CARTESIAN_POINT('',(4.31114741718901E-18,0.137,-0.0759697109460831));
#3640=CARTESIAN_POINT('',(4.31114741718901E-18,0.137,-0.0369697109460831));
#3641=CARTESIAN_POINT('',(0.0702000036835671,0.137,-0.134557247161865));
#3642=CARTESIAN_POINT('',(0.0702000036835671,0.137,-0.132957247161865));
#3643=CARTESIAN_POINT('',(-0.0702005475759506,0.137,-0.134556472301483));
#3644=CARTESIAN_POINT('',(-0.0702005475759506,0.137,-0.132956472301483));
#3645=CARTESIAN_POINT('',(-0.0727,0.137,0.00531425915900674));
#3646=CARTESIAN_POINT('',(-0.0727,0.137,-0.1370572404515));
#3647=CARTESIAN_POINT('',(-0.0727,0.137,0.144205958769513));
#3648=CARTESIAN_POINT('',(0.0727,0.137,0.144205958769513));
#3649=CARTESIAN_POINT('',(-0.0714594785492827,0.137,0.144205958769513));
#3650=CARTESIAN_POINT('',(-0.0702000111341476,0.137,0.145192742347717));
#3651=CARTESIAN_POINT('',(-0.0689405437190126,0.137,0.144205958769513));
#3652=CARTESIAN_POINT('',(0.0727,0.137,0.144205958769513));
#3653=CARTESIAN_POINT('',(0.068940536268432,0.137,0.144205958769513));
#3654=CARTESIAN_POINT('',(0.0702000036835671,0.137,0.145192742347717));
#3655=CARTESIAN_POINT('',(0.0714594710987021,0.137,0.144205958769513));
#3656=CARTESIAN_POINT('',(0.0727,0.137,0.144205958769513));
#3657=CARTESIAN_POINT('',(0.0727,0.137,0.144205958769513));
#3658=CARTESIAN_POINT('',(0.0727,0.137,0.00531425915900674));
#3659=CARTESIAN_POINT('',(0.0727,0.137,-0.1370572404515));
#3660=CARTESIAN_POINT('',(-0.00635,0.137,-0.1370572404515));
#3661=CARTESIAN_POINT('',(-0.0659525257979361,0.137,0.0835091600227905));
#3662=CARTESIAN_POINT('',(-0.0688268538516918,0.137,0.0835091600227905));
#3663=CARTESIAN_POINT('',(-0.0630781977441804,0.137,0.0835091600227905));
#3664=CARTESIAN_POINT('',(-0.0573120950323974,0.137,0.0919053383285261));
#3665=CARTESIAN_POINT('',(-0.0515459923206143,0.137,0.100301516634262));
#3666=CARTESIAN_POINT('',(-0.0456577633789297,0.137,0.0919053383285261));
#3667=CARTESIAN_POINT('',(-0.039769534437245,0.137,0.0835091600227905));
#3668=CARTESIAN_POINT('',(-0.0368952063834893,0.137,0.0835091600227905));
#3669=CARTESIAN_POINT('',(-0.0340208783297336,0.137,0.0835091600227905));
#3670=CARTESIAN_POINT('',(-0.0413266438684905,0.137,0.0934886176661791));
#3671=CARTESIAN_POINT('',(-0.0486324094072474,0.137,0.103468075309568));
#3672=CARTESIAN_POINT('',(-0.0418849352051835,0.137,0.112692967318207));
#3673=CARTESIAN_POINT('',(-0.0351374610031197,0.137,0.121917859326846));
#3674=CARTESIAN_POINT('',(-0.0380117890568754,0.137,0.121917859326846));
#3675=CARTESIAN_POINT('',(-0.0408861171106311,0.137,0.121917859326846));
#3676=CARTESIAN_POINT('',(-0.0462291396688265,0.137,0.11438092628149));
#3677=CARTESIAN_POINT('',(-0.0515721622270218,0.137,0.106843993236133));
#3678=CARTESIAN_POINT('',(-0.0567668886489081,0.137,0.11438092628149));
#3679=CARTESIAN_POINT('',(-0.0619616150707943,0.137,0.121917859326846));
#3680=CARTESIAN_POINT('',(-0.06483594312455,0.137,0.121917859326846));
#3681=CARTESIAN_POINT('',(-0.0677102711783057,0.137,0.121917859326846));
#3682=CARTESIAN_POINT('',(-0.0611416246700264,0.137,0.112784561990633));
#3683=CARTESIAN_POINT('',(-0.054572978161747,0.137,0.10365126465442));
#3684=CARTESIAN_POINT('',(-0.0616999160067194,0.137,0.0935802123386053));
#3685=CARTESIAN_POINT('',(-0.0208923086153107,0.137,0.0847478689260783));
#3686=CARTESIAN_POINT('',(-0.0172808615310775,0.137,0.0829595919882333));
#3687=CARTESIAN_POINT('',(-0.0123696424286057,0.137,0.0829595919882333));
#3688=CARTESIAN_POINT('',(-0.0208923086153107,0.137,0.0847478689260783));
#3689=CARTESIAN_POINT('',(-0.0123696424286057,0.137,0.0829595919882333));
#3690=CARTESIAN_POINT('',(-0.0123696424286057,0.137,0.0829595919882333));
#3691=CARTESIAN_POINT('',(-0.00765905927525798,0.137,0.0829595919882333));
#3692=CARTESIAN_POINT('',(-0.00414356851451885,0.137,0.0846780825089916));
#3693=CARTESIAN_POINT('',(-0.00414356851451885,0.137,0.0846780825089916));
#3694=CARTESIAN_POINT('',(-0.00414356851451885,0.137,0.0846780825089916));
#3695=CARTESIAN_POINT('',(-0.00062807775377971,0.137,0.08639657302975));
#3696=CARTESIAN_POINT('',(0.00130849532037436,0.137,0.0896678113306859));
#3697=CARTESIAN_POINT('',(0.00130849532037436,0.137,0.0896678113306859));
#3698=CARTESIAN_POINT('',(0.00130849532037436,0.137,0.0896678113306859));
#3699=CARTESIAN_POINT('',(0.00324506839452843,0.137,0.0929390496316218));
#3700=CARTESIAN_POINT('',(0.00324506839452843,0.137,0.0974664434401171));
#3701=CARTESIAN_POINT('',(0.00324506839452843,0.137,0.0974664434401171));
#3702=CARTESIAN_POINT('',(0.00324506839452843,0.137,0.109692151383482));
#3703=CARTESIAN_POINT('',(0.00324506839452843,0.137,0.121917859326846));
#3704=CARTESIAN_POINT('',(0.000641162706983431,0.137,0.121917859326846));
#3705=CARTESIAN_POINT('',(-0.00196274298056157,0.137,0.121917859326846));
#3706=CARTESIAN_POINT('',(-0.00196274298056157,0.137,0.109910233936877));
#3707=CARTESIAN_POINT('',(-0.00196274298056157,0.137,0.0979026085469086));
#3708=CARTESIAN_POINT('',(-0.00196274298056157,0.137,0.0979026085469086));
#3709=CARTESIAN_POINT('',(-0.00196274298056157,0.137,0.0926424573590036));
#3710=CARTESIAN_POINT('',(-0.00463207343412528,0.137,0.089916425441557));
#3711=CARTESIAN_POINT('',(-0.00463207343412528,0.137,0.089916425441557));
#3712=CARTESIAN_POINT('',(-0.00463207343412528,0.137,0.089916425441557));
#3713=CARTESIAN_POINT('',(-0.00730140388768899,0.137,0.0871903935241104));
#3714=CARTESIAN_POINT('',(-0.0123434725221982,0.137,0.0871903935241104));
#3715=CARTESIAN_POINT('',(-0.0123434725221982,0.137,0.0871903935241104));
#3716=CARTESIAN_POINT('',(-0.0123434725221982,0.137,0.0871903935241104));
#3717=CARTESIAN_POINT('',(-0.0175251139908807,0.137,0.0871903935241104));
#3718=CARTESIAN_POINT('',(-0.0203994420446364,0.137,0.0900123817650512));
#3719=CARTESIAN_POINT('',(-0.0203994420446364,0.137,0.0900123817650512));
#3720=CARTESIAN_POINT('',(-0.0203994420446364,0.137,0.0900123817650512));
#3721=CARTESIAN_POINT('',(-0.0232737700983921,0.137,0.0928343700059919));
#3722=CARTESIAN_POINT('',(-0.0232737700983921,0.137,0.0982602639344776));
#3723=CARTESIAN_POINT('',(-0.0232737700983921,0.137,0.0982602639344776));
#3724=CARTESIAN_POINT('',(-0.0232737700983921,0.137,0.110089061630662));
#3725=CARTESIAN_POINT('',(-0.0232737700983921,0.137,0.121917859326846));
#3726=CARTESIAN_POINT('',(-0.0258645908327334,0.137,0.121917859326846));
#3727=CARTESIAN_POINT('',(-0.0284554115670747,0.137,0.121917859326846));
#3728=CARTESIAN_POINT('',(-0.0284554115670747,0.137,0.109936403843285));
#3729=CARTESIAN_POINT('',(-0.0284554115670747,0.137,0.0979549483597236));
#3730=CARTESIAN_POINT('',(-0.0284554115670747,0.137,0.0979549483597236));
#3731=CARTESIAN_POINT('',(-0.0284554115670747,0.137,0.0932967050191908));
#3732=CARTESIAN_POINT('',(-0.0264795836333093,0.137,0.089916425441557));
#3733=CARTESIAN_POINT('',(-0.0264795836333093,0.137,0.089916425441557));
#3734=CARTESIAN_POINT('',(-0.0264795836333093,0.137,0.089916425441557));
#3735=CARTESIAN_POINT('',(-0.024503755699544,0.137,0.0865361458639232));
#3736=CARTESIAN_POINT('',(-0.0208923086153107,0.137,0.0847478689260783));
#3737=CARTESIAN_POINT('',(0.0217122990160787,0.137,0.0835091600227905));
#3738=CARTESIAN_POINT('',(0.00940371970242379,0.137,0.0835091600227905));
#3739=CARTESIAN_POINT('',(0.0340208783297336,0.137,0.0835091600227905));
#3740=CARTESIAN_POINT('',(0.0340208783297336,0.137,0.102713509674818));
#3741=CARTESIAN_POINT('',(0.0340208783297336,0.137,0.121917859326846));
#3742=CARTESIAN_POINT('',(0.0314169726421886,0.137,0.121917859326846));
#3743=CARTESIAN_POINT('',(0.0288130669546436,0.137,0.121917859326846));
#3744=CARTESIAN_POINT('',(0.0288130669546436,0.137,0.104841995395961));
#3745=CARTESIAN_POINT('',(0.0288130669546436,0.137,0.0877661314650751));
#3746=CARTESIAN_POINT('',(0.0191083933285337,0.137,0.0877661314650751));
#3747=CARTESIAN_POINT('',(0.00940371970242379,0.137,0.0877661314650752));
#3748=CARTESIAN_POINT('',(0.00940371970242379,0.137,0.0856376457439328));
#3749=CARTESIAN_POINT('',(0.0518731161507079,0.137,0.117669611186697));
#3750=CARTESIAN_POINT('',(0.0408337772978161,0.137,0.117669611186697));
#3751=CARTESIAN_POINT('',(0.0629124550035997,0.137,0.117669611186697));
#3752=CARTESIAN_POINT('',(0.0629124550035997,0.137,0.110525226737453));
#3753=CARTESIAN_POINT('',(0.0629124550035997,0.137,0.103380842288209));
#3754=CARTESIAN_POINT('',(0.0522002399808015,0.137,0.103380842288209));
#3755=CARTESIAN_POINT('',(0.0414880249580033,0.137,0.103380842288209));
#3756=CARTESIAN_POINT('',(0.0414880249580033,0.137,0.101226186660659));
#3757=CARTESIAN_POINT('',(0.0414880249580033,0.137,0.0990715310331097));
#3758=CARTESIAN_POINT('',(0.0522002399808015,0.137,0.0990715310331097));
#3759=CARTESIAN_POINT('',(0.0629124550035997,0.137,0.0990715310331097));
#3760=CARTESIAN_POINT('',(0.0629124550035997,0.137,0.0912903455279501));
#3761=CARTESIAN_POINT('',(0.0629124550035997,0.137,0.0835091600227905));
#3762=CARTESIAN_POINT('',(0.0655163606911447,0.137,0.0835091600227905));
#3763=CARTESIAN_POINT('',(0.0681202663786896,0.137,0.0835091600227905));
#3764=CARTESIAN_POINT('',(0.0681202663786896,0.137,0.102713509674818));
#3765=CARTESIAN_POINT('',(0.0681202663786896,0.137,0.121917859326846));
#3766=CARTESIAN_POINT('',(0.0544770218382529,0.137,0.121917859326846));
#3767=CARTESIAN_POINT('',(0.0408337772978161,0.137,0.121917859326846));
#3768=CARTESIAN_POINT('',(0.0408337772978161,0.137,0.119793735256772));
#3769=CARTESIAN_POINT('',(0.0727,-0.015,0.00531425915900674));
#3770=CARTESIAN_POINT('',(0.0727,-0.015,0.144205958769513));
#3771=CARTESIAN_POINT('',(0.0727,0.12938,0.144205958769513));
#3772=CARTESIAN_POINT('',(0.0727,0.12938,0.00531425915900674));
#3773=CARTESIAN_POINT('',(0.0727,0.12938,-0.1370572404515));
#3774=CARTESIAN_POINT('',(0.0727,-0.015,-0.1370572404515));
#3775=CARTESIAN_POINT('',(0.00635,-0.015,0.147685758769513));
#3776=CARTESIAN_POINT('',(-0.0692202,-0.015,0.147685758769513));
#3777=CARTESIAN_POINT('',(-0.0692202,0.1335202,0.147685758769513));
#3778=CARTESIAN_POINT('',(-0.0692202,0.12938,0.147685758769513));
#3779=CARTESIAN_POINT('',(0.00635,0.12938,0.147685758769513));
#3780=CARTESIAN_POINT('',(0.0692202,0.12938,0.147685758769513));
#3781=CARTESIAN_POINT('',(0.0692202,-0.015,0.147685758769513));
#3782=CARTESIAN_POINT('',(0.0692202,0.1335202,0.147685758769513));
#3783=CARTESIAN_POINT('',(-0.0727,0.1335202,0.147685758769513));
#3784=CARTESIAN_POINT('',(-0.0727,-0.015,0.00531425915900674));
#3785=CARTESIAN_POINT('',(-0.0727,0.12938,0.00531425915900674));
#3786=CARTESIAN_POINT('',(-0.0727,0.12938,0.144205958769513));
#3787=CARTESIAN_POINT('',(-0.0727,0.12938,-0.1370572404515));
#3788=CARTESIAN_POINT('',(-0.0727,0.137,0.144205958769513));
#3789=CARTESIAN_POINT('',(-0.0727,-0.015,-0.1370572404515));
#3790=CARTESIAN_POINT('',(-0.00635,-0.015,-0.1370572404515));
#3791=CARTESIAN_POINT('',(-0.00635,0.12938,-0.1370572404515));
#3792=CARTESIAN_POINT('',(0.0702000036835671,0.127,0.145192742347717));
#3793=CARTESIAN_POINT('',(0.0702000036835671,0.12938,0.145192742347717));
#3794=CARTESIAN_POINT('',(0.0702000036835671,0.12938,0.146792742347717));
#3795=CARTESIAN_POINT('',(0.068940536268432,0.137,0.144205958769513));
#3796=CARTESIAN_POINT('',(0.0687432214939716,0.137,0.144457798721501));
#3797=CARTESIAN_POINT('',(0.0685122825168029,0.136937339566266,0.145076525562217));
#3798=CARTESIAN_POINT('',(0.0687199713692449,0.13656370330336,0.145972246126058));
#3799=CARTESIAN_POINT('',(0.069278065574792,0.136075872473564,0.146595794481029));
#3800=CARTESIAN_POINT('',(0.070199386670104,0.135733843994645,0.146891000568671));
#3801=CARTESIAN_POINT('',(0.0711215482614797,0.136075341932021,0.146596656904098));
#3802=CARTESIAN_POINT('',(0.0716799955439404,0.13656417876075,0.145970615602295));
#3803=CARTESIAN_POINT('',(0.0718880415125967,0.136935705295205,0.145082647404744));
#3804=CARTESIAN_POINT('',(0.071657095534176,0.137,0.144458193953004));
#3805=CARTESIAN_POINT('',(0.0714594710987021,0.137,0.144205958769513));
#3806=CARTESIAN_POINT('',(-0.0702000111341476,0.127,0.145192742347717));
#3807=CARTESIAN_POINT('',(-0.0702000111341476,0.12938,0.145192742347717));
#3808=CARTESIAN_POINT('',(-0.0702000111341476,0.12938,0.146792742347717));
#3809=CARTESIAN_POINT('',(-0.0714594785492827,0.137,0.144205958769513));
#3810=CARTESIAN_POINT('',(-0.0716567933237431,0.137,0.144457798721501));
#3811=CARTESIAN_POINT('',(-0.0718877323009118,0.136937339566266,0.145076525562217));
#3812=CARTESIAN_POINT('',(-0.0716800434484699,0.13656370330336,0.145972246126058));
#3813=CARTESIAN_POINT('',(-0.0711219492429227,0.136075872473564,0.146595794481029));
#3814=CARTESIAN_POINT('',(-0.0702006281476108,0.135733843994645,0.146891000568671));
#3815=CARTESIAN_POINT('',(-0.069278466556235,0.136075341932021,0.146596656904098));
#3816=CARTESIAN_POINT('',(-0.0687200192737743,0.13656417876075,0.145970615602295));
#3817=CARTESIAN_POINT('',(-0.0685119733051181,0.136935705295205,0.145082647404744));
#3818=CARTESIAN_POINT('',(-0.0687429192835387,0.137,0.144458193953004));
#3819=CARTESIAN_POINT('',(-0.0689405437190126,0.137,0.144205958769513));
#3820=CARTESIAN_POINT('',(-0.0702005475759506,0.127,-0.134556472301483));
#3821=CARTESIAN_POINT('',(-0.0702005475759506,0.12938,-0.134556472301483));
#3822=CARTESIAN_POINT('',(-0.0702005475759506,0.12938,-0.132956472301483));
#3823=CARTESIAN_POINT('',(0.0702000036835671,0.127,-0.134557247161865));
#3824=CARTESIAN_POINT('',(0.0702000036835671,0.12938,-0.134557247161865));
#3825=CARTESIAN_POINT('',(0.0702000036835671,0.12938,-0.132957247161865));
#3826=CARTESIAN_POINT('',(8.3826352495973E-18,0.1116,-0.0759697109460831));
#3827=CARTESIAN_POINT('',(8.3826352495973E-18,0.12938,-0.0759697109460831));
#3828=CARTESIAN_POINT('',(8.3826352495973E-18,0.12938,-0.0384697109460831));
#3829=CARTESIAN_POINT('',(8.3826352495973E-18,0.161781912773847,-0.0759697109460831));
#3830=CARTESIAN_POINT('',(8.3826352495973E-18,0.161781912773847,-0.0384697109460831));
#3831=CARTESIAN_POINT('',(4.31114741718901E-18,0.1624,-0.0759697109460831));
#3832=CARTESIAN_POINT('',(4.31114741718901E-18,0.1589202,-0.0759697109460831));
#3833=CARTESIAN_POINT('',(4.31114741718901E-18,0.1589202,-0.0369697109460831));
#3834=CARTESIAN_POINT('',(-0.0692202,-0.015,0.144205958769513));
#3835=CARTESIAN_POINT('',(-0.0692202,0.12938,0.144205958769513));
#3836=CARTESIAN_POINT('',(-0.0692202,0.1335202,0.144205958769513));
#3837=CARTESIAN_POINT('',(0.00635,0.1335202,0.144205958769513));
#3838=CARTESIAN_POINT('',(0.0692202,0.1335202,0.144205958769513));
#3839=CARTESIAN_POINT('',(0.0692202,-0.015,0.144205958769513));
#3840=CARTESIAN_POINT('',(0.0692202,0.12938,0.144205958769513));
#3841=CARTESIAN_POINT('',(4.31114741718901E-18,0.1589202,-0.0759697109460831));
#3842=CARTESIAN_POINT('',(-0.0573120950323974,0.134206,0.0919053383285261));
#3843=CARTESIAN_POINT('',(-0.0630781977441804,0.134206,0.0835091600227905));
#3844=CARTESIAN_POINT('',(-0.0630781977441804,0.134206,0.0835091600227905));
#3845=CARTESIAN_POINT('',(-0.0573120950323974,0.134206,0.0919053383285261));
#3846=CARTESIAN_POINT('',(-0.0515459923206143,0.134206,0.100301516634262));
#3847=CARTESIAN_POINT('',(-0.0515459923206143,0.134206,0.100301516634262));
#3848=CARTESIAN_POINT('',(-0.0659525257979361,0.134206,0.0835091600227905));
#3849=CARTESIAN_POINT('',(-0.0688268538516918,0.134206,0.0835091600227905));
#3850=CARTESIAN_POINT('',(-0.0688268538516918,0.134206,0.0835091600227905));
#3851=CARTESIAN_POINT('',(-0.0659525257979361,0.134206,0.0835091600227905));
#3852=CARTESIAN_POINT('',(-0.0616999160067194,0.134206,0.0935802123386053));
#3853=CARTESIAN_POINT('',(-0.054572978161747,0.134206,0.10365126465442));
#3854=CARTESIAN_POINT('',(-0.054572978161747,0.134206,0.10365126465442));
#3855=CARTESIAN_POINT('',(-0.0616999160067194,0.134206,0.0935802123386053));
#3856=CARTESIAN_POINT('',(-0.0611416246700264,0.134206,0.112784561990633));
#3857=CARTESIAN_POINT('',(-0.0677102711783057,0.134206,0.121917859326846));
#3858=CARTESIAN_POINT('',(-0.0677102711783057,0.134206,0.121917859326846));
#3859=CARTESIAN_POINT('',(-0.0611416246700264,0.134206,0.112784561990633));
#3860=CARTESIAN_POINT('',(-0.06483594312455,0.134206,0.121917859326846));
#3861=CARTESIAN_POINT('',(-0.0619616150707943,0.134206,0.121917859326846));
#3862=CARTESIAN_POINT('',(-0.0619616150707943,0.134206,0.121917859326846));
#3863=CARTESIAN_POINT('',(-0.06483594312455,0.134206,0.121917859326846));
#3864=CARTESIAN_POINT('',(-0.0567668886489081,0.134206,0.11438092628149));
#3865=CARTESIAN_POINT('',(-0.0515721622270218,0.134206,0.106843993236133));
#3866=CARTESIAN_POINT('',(-0.0515721622270218,0.134206,0.106843993236133));
#3867=CARTESIAN_POINT('',(-0.0567668886489081,0.134206,0.11438092628149));
#3868=CARTESIAN_POINT('',(-0.0462291396688265,0.134206,0.11438092628149));
#3869=CARTESIAN_POINT('',(-0.0408861171106311,0.134206,0.121917859326846));
#3870=CARTESIAN_POINT('',(-0.0408861171106311,0.134206,0.121917859326846));
#3871=CARTESIAN_POINT('',(-0.0462291396688265,0.134206,0.11438092628149));
#3872=CARTESIAN_POINT('',(-0.0380117890568754,0.134206,0.121917859326846));
#3873=CARTESIAN_POINT('',(-0.0351374610031197,0.134206,0.121917859326846));
#3874=CARTESIAN_POINT('',(-0.0351374610031197,0.134206,0.121917859326846));
#3875=CARTESIAN_POINT('',(-0.0380117890568754,0.134206,0.121917859326846));
#3876=CARTESIAN_POINT('',(-0.0418849352051835,0.134206,0.112692967318207));
#3877=CARTESIAN_POINT('',(-0.0486324094072474,0.134206,0.103468075309568));
#3878=CARTESIAN_POINT('',(-0.0486324094072474,0.134206,0.103468075309568));
#3879=CARTESIAN_POINT('',(-0.0418849352051835,0.134206,0.112692967318207));
#3880=CARTESIAN_POINT('',(-0.0413266438684905,0.134206,0.0934886176661791));
#3881=CARTESIAN_POINT('',(-0.0340208783297336,0.134206,0.0835091600227905));
#3882=CARTESIAN_POINT('',(-0.0340208783297336,0.134206,0.0835091600227905));
#3883=CARTESIAN_POINT('',(-0.0413266438684905,0.134206,0.0934886176661791));
#3884=CARTESIAN_POINT('',(-0.0368952063834893,0.134206,0.0835091600227905));
#3885=CARTESIAN_POINT('',(-0.039769534437245,0.134206,0.0835091600227905));
#3886=CARTESIAN_POINT('',(-0.039769534437245,0.134206,0.0835091600227905));
#3887=CARTESIAN_POINT('',(-0.0368952063834893,0.134206,0.0835091600227905));
#3888=CARTESIAN_POINT('',(-0.0456577633789297,0.134206,0.0919053383285261));
#3889=CARTESIAN_POINT('',(-0.0456577633789297,0.134206,0.0919053383285261));
#3890=CARTESIAN_POINT('',(0.,0.134206,0.00357435915900672));
#3891=CARTESIAN_POINT('',(-0.0123696424286057,0.134206,0.0829595919882333));
#3892=CARTESIAN_POINT('',(-0.0123696424286057,0.137,0.0829595919882333));
#3893=CARTESIAN_POINT('',(-0.00922925365970722,0.134206,0.0829595919882333));
#3894=CARTESIAN_POINT('',(-0.00922925365970722,0.137,0.0829595919882333));
#3895=CARTESIAN_POINT('',(-0.00648722902167827,0.134206,0.0835324221618194));
#3896=CARTESIAN_POINT('',(-0.00648722902167827,0.137,0.0835324221618194));
#3897=CARTESIAN_POINT('',(-0.00414356851451885,0.134206,0.0846780825089916));
#3898=CARTESIAN_POINT('',(-0.00414356851451885,0.137,0.0846780825089916));
#3899=CARTESIAN_POINT('',(-0.0123696424286057,0.134206,0.0829595919882333));
#3900=CARTESIAN_POINT('',(-0.0123696424286057,0.134206,0.0829595919882333));
#3901=CARTESIAN_POINT('',(-0.0123696424286057,0.134206,0.0829595919882333));
#3902=CARTESIAN_POINT('',(-0.00765905927525798,0.134206,0.0829595919882333));
#3903=CARTESIAN_POINT('',(-0.00414356851451885,0.134206,0.0846780825089916));
#3904=CARTESIAN_POINT('',(-0.00414356851451885,0.134206,0.0846780825089916));
#3905=CARTESIAN_POINT('',(-0.00414356851451885,0.134206,0.0846780825089916));
#3906=CARTESIAN_POINT('',(-0.0208923086153107,0.134206,0.0847478689260783));
#3907=CARTESIAN_POINT('',(-0.0208923086153107,0.137,0.0847478689260783));
#3908=CARTESIAN_POINT('',(-0.0184846772258219,0.134206,0.0835556843008483));
#3909=CARTESIAN_POINT('',(-0.0184846772258219,0.137,0.0835556843008483));
#3910=CARTESIAN_POINT('',(-0.0156437884969202,0.134206,0.0829595919882333));
#3911=CARTESIAN_POINT('',(-0.0156437884969202,0.137,0.0829595919882333));
#3912=CARTESIAN_POINT('',(-0.0123696424286057,0.134206,0.0829595919882333));
#3913=CARTESIAN_POINT('',(-0.0123696424286057,0.137,0.0829595919882333));
#3914=CARTESIAN_POINT('',(-0.0208923086153107,0.134206,0.0847478689260783));
#3915=CARTESIAN_POINT('',(-0.0208923086153107,0.134206,0.0847478689260783));
#3916=CARTESIAN_POINT('',(-0.0208923086153107,0.134206,0.0847478689260783));
#3917=CARTESIAN_POINT('',(-0.0172808615310775,0.134206,0.0829595919882333));
#3918=CARTESIAN_POINT('',(-0.0123696424286057,0.134206,0.0829595919882333));
#3919=CARTESIAN_POINT('',(-0.0264795836333093,0.134206,0.089916425441557));
#3920=CARTESIAN_POINT('',(-0.0264795836333093,0.137,0.089916425441557));
#3921=CARTESIAN_POINT('',(-0.0251623650107991,0.134206,0.0876629057231345));
#3922=CARTESIAN_POINT('',(-0.0251623650107991,0.137,0.0876629057231345));
#3923=CARTESIAN_POINT('',(-0.0232999400047996,0.134206,0.0859400535513082));
#3924=CARTESIAN_POINT('',(-0.0232999400047996,0.137,0.0859400535513082));
#3925=CARTESIAN_POINT('',(-0.0208923086153107,0.134206,0.0847478689260783));
#3926=CARTESIAN_POINT('',(-0.0208923086153107,0.137,0.0847478689260783));
#3927=CARTESIAN_POINT('',(-0.0264795836333093,0.134206,0.089916425441557));
#3928=CARTESIAN_POINT('',(-0.0264795836333093,0.134206,0.089916425441557));
#3929=CARTESIAN_POINT('',(-0.0264795836333093,0.134206,0.089916425441557));
#3930=CARTESIAN_POINT('',(-0.024503755699544,0.134206,0.0865361458639232));
#3931=CARTESIAN_POINT('',(-0.0208923086153107,0.134206,0.0847478689260783));
#3932=CARTESIAN_POINT('',(-0.0284554115670747,0.134206,0.0979549483597236));
#3933=CARTESIAN_POINT('',(-0.0284554115670747,0.137,0.0979549483597236));
#3934=CARTESIAN_POINT('',(-0.0284554115670747,0.134206,0.0948494527993684));
#3935=CARTESIAN_POINT('',(-0.0284554115670747,0.137,0.0948494527993684));
#3936=CARTESIAN_POINT('',(-0.0277968022558196,0.134206,0.0921699451599795));
#3937=CARTESIAN_POINT('',(-0.0277968022558196,0.137,0.0921699451599795));
#3938=CARTESIAN_POINT('',(-0.0264795836333093,0.134206,0.089916425441557));
#3939=CARTESIAN_POINT('',(-0.0264795836333093,0.137,0.089916425441557));
#3940=CARTESIAN_POINT('',(-0.0284554115670747,0.134206,0.0979549483597236));
#3941=CARTESIAN_POINT('',(-0.0284554115670747,0.134206,0.0979549483597236));
#3942=CARTESIAN_POINT('',(-0.0284554115670747,0.134206,0.0979549483597236));
#3943=CARTESIAN_POINT('',(-0.0284554115670747,0.134206,0.0932967050191908));
#3944=CARTESIAN_POINT('',(-0.0264795836333093,0.134206,0.089916425441557));
#3945=CARTESIAN_POINT('',(-0.0284554115670747,0.134206,0.109936403843285));
#3946=CARTESIAN_POINT('',(-0.0284554115670747,0.134206,0.121917859326846));
#3947=CARTESIAN_POINT('',(-0.0284554115670747,0.134206,0.121917859326846));
#3948=CARTESIAN_POINT('',(-0.0284554115670747,0.134206,0.109936403843285));
#3949=CARTESIAN_POINT('',(-0.0258645908327334,0.134206,0.121917859326846));
#3950=CARTESIAN_POINT('',(-0.0232737700983921,0.134206,0.121917859326846));
#3951=CARTESIAN_POINT('',(-0.0232737700983921,0.134206,0.121917859326846));
#3952=CARTESIAN_POINT('',(-0.0258645908327334,0.134206,0.121917859326846));
#3953=CARTESIAN_POINT('',(-0.0232737700983921,0.134206,0.110089061630662));
#3954=CARTESIAN_POINT('',(-0.0232737700983921,0.134206,0.0982602639344776));
#3955=CARTESIAN_POINT('',(-0.0232737700983921,0.134206,0.0982602639344776));
#3956=CARTESIAN_POINT('',(-0.0232737700983921,0.134206,0.110089061630662));
#3957=CARTESIAN_POINT('',(-0.0203994420446364,0.134206,0.0900123817650512));
#3958=CARTESIAN_POINT('',(-0.0203994420446364,0.137,0.0900123817650512));
#3959=CARTESIAN_POINT('',(-0.0223156607471402,0.134206,0.0918937072590117));
#3960=CARTESIAN_POINT('',(-0.0223156607471402,0.137,0.0918937072590117));
#3961=CARTESIAN_POINT('',(-0.0232737700983921,0.134206,0.0946430013154871));
#3962=CARTESIAN_POINT('',(-0.0232737700983921,0.137,0.0946430013154871));
#3963=CARTESIAN_POINT('',(-0.0232737700983921,0.134206,0.0982602639344776));
#3964=CARTESIAN_POINT('',(-0.0232737700983921,0.137,0.0982602639344776));
#3965=CARTESIAN_POINT('',(-0.0203994420446364,0.134206,0.0900123817650512));
#3966=CARTESIAN_POINT('',(-0.0203994420446364,0.134206,0.0900123817650512));
#3967=CARTESIAN_POINT('',(-0.0203994420446364,0.134206,0.0900123817650512));
#3968=CARTESIAN_POINT('',(-0.0232737700983921,0.134206,0.0928343700059919));
#3969=CARTESIAN_POINT('',(-0.0232737700983921,0.134206,0.0982602639344776));
#3970=CARTESIAN_POINT('',(-0.0123434725221982,0.134206,0.0871903935241104));
#3971=CARTESIAN_POINT('',(-0.0123434725221982,0.137,0.0871903935241104));
#3972=CARTESIAN_POINT('',(-0.0157979001679865,0.134206,0.0871903935241104));
#3973=CARTESIAN_POINT('',(-0.0157979001679865,0.137,0.0871903935241104));
#3974=CARTESIAN_POINT('',(-0.0184832233421326,0.134206,0.0881310562710907));
#3975=CARTESIAN_POINT('',(-0.0184832233421326,0.137,0.0881310562710907));
#3976=CARTESIAN_POINT('',(-0.0203994420446364,0.134206,0.0900123817650512));
#3977=CARTESIAN_POINT('',(-0.0203994420446364,0.137,0.0900123817650512));
#3978=CARTESIAN_POINT('',(-0.0123434725221982,0.134206,0.0871903935241104));
#3979=CARTESIAN_POINT('',(-0.0123434725221982,0.134206,0.0871903935241104));
#3980=CARTESIAN_POINT('',(-0.0123434725221982,0.134206,0.0871903935241104));
#3981=CARTESIAN_POINT('',(-0.0175251139908807,0.134206,0.0871903935241104));
#3982=CARTESIAN_POINT('',(-0.0203994420446364,0.134206,0.0900123817650512));
#3983=CARTESIAN_POINT('',(-0.00463207343412528,0.134206,0.089916425441557));
#3984=CARTESIAN_POINT('',(-0.00463207343412528,0.137,0.089916425441557));
#3985=CARTESIAN_POINT('',(-0.00641162706983442,0.134206,0.0880990708299259));
#3986=CARTESIAN_POINT('',(-0.00641162706983442,0.137,0.0880990708299259));
#3987=CARTESIAN_POINT('',(-0.0089820934325254,0.134206,0.0871903935241104));
#3988=CARTESIAN_POINT('',(-0.0089820934325254,0.137,0.0871903935241104));
#3989=CARTESIAN_POINT('',(-0.0123434725221982,0.134206,0.0871903935241104));
#3990=CARTESIAN_POINT('',(-0.0123434725221982,0.137,0.0871903935241104));
#3991=CARTESIAN_POINT('',(-0.00463207343412528,0.134206,0.089916425441557));
#3992=CARTESIAN_POINT('',(-0.00463207343412528,0.134206,0.089916425441557));
#3993=CARTESIAN_POINT('',(-0.00463207343412528,0.134206,0.089916425441557));
#3994=CARTESIAN_POINT('',(-0.00730140388768899,0.134206,0.0871903935241104));
#3995=CARTESIAN_POINT('',(-0.0123434725221982,0.134206,0.0871903935241104));
#3996=CARTESIAN_POINT('',(-0.00196274298056157,0.134206,0.0979026085469086));
#3997=CARTESIAN_POINT('',(-0.00196274298056157,0.137,0.0979026085469086));
#3998=CARTESIAN_POINT('',(-0.00196274298056157,0.134206,0.0943958410883053));
#3999=CARTESIAN_POINT('',(-0.00196274298056157,0.137,0.0943958410883053));
#4000=CARTESIAN_POINT('',(-0.00285251979841614,0.134206,0.0917337800531881));
#4001=CARTESIAN_POINT('',(-0.00285251979841614,0.137,0.0917337800531881));
#4002=CARTESIAN_POINT('',(-0.00463207343412528,0.134206,0.089916425441557));
#4003=CARTESIAN_POINT('',(-0.00463207343412528,0.137,0.089916425441557));
#4004=CARTESIAN_POINT('',(-0.00196274298056157,0.134206,0.0979026085469086));
#4005=CARTESIAN_POINT('',(-0.00196274298056157,0.134206,0.0979026085469086));
#4006=CARTESIAN_POINT('',(-0.00196274298056157,0.134206,0.0979026085469086));
#4007=CARTESIAN_POINT('',(-0.00196274298056157,0.134206,0.0926424573590036));
#4008=CARTESIAN_POINT('',(-0.00463207343412528,0.134206,0.089916425441557));
#4009=CARTESIAN_POINT('',(-0.00196274298056157,0.134206,0.109910233936877));
#4010=CARTESIAN_POINT('',(-0.00196274298056157,0.134206,0.121917859326846));
#4011=CARTESIAN_POINT('',(-0.00196274298056157,0.134206,0.121917859326846));
#4012=CARTESIAN_POINT('',(-0.00196274298056157,0.134206,0.109910233936877));
#4013=CARTESIAN_POINT('',(0.000641162706983431,0.134206,0.121917859326846));
#4014=CARTESIAN_POINT('',(0.00324506839452843,0.134206,0.121917859326846));
#4015=CARTESIAN_POINT('',(0.00324506839452843,0.134206,0.121917859326846));
#4016=CARTESIAN_POINT('',(0.000641162706983431,0.134206,0.121917859326846));
#4017=CARTESIAN_POINT('',(0.00324506839452843,0.134206,0.109692151383482));
#4018=CARTESIAN_POINT('',(0.00324506839452843,0.134206,0.0974664434401171));
#4019=CARTESIAN_POINT('',(0.00324506839452843,0.134206,0.0974664434401171));
#4020=CARTESIAN_POINT('',(0.00324506839452843,0.134206,0.109692151383482));
#4021=CARTESIAN_POINT('',(0.00130849532037436,0.134206,0.0896678113306859));
#4022=CARTESIAN_POINT('',(0.00130849532037436,0.137,0.0896678113306859));
#4023=CARTESIAN_POINT('',(0.00259954403647707,0.134206,0.0918486368646432));
#4024=CARTESIAN_POINT('',(0.00259954403647707,0.137,0.0918486368646432));
#4025=CARTESIAN_POINT('',(0.00324506839452843,0.134206,0.0944481809011202));
#4026=CARTESIAN_POINT('',(0.00324506839452843,0.137,0.0944481809011202));
#4027=CARTESIAN_POINT('',(0.00324506839452843,0.134206,0.0974664434401171));
#4028=CARTESIAN_POINT('',(0.00324506839452843,0.137,0.0974664434401171));
#4029=CARTESIAN_POINT('',(0.00130849532037436,0.134206,0.0896678113306859));
#4030=CARTESIAN_POINT('',(0.00130849532037436,0.134206,0.0896678113306859));
#4031=CARTESIAN_POINT('',(0.00130849532037436,0.134206,0.0896678113306859));
#4032=CARTESIAN_POINT('',(0.00324506839452843,0.134206,0.0929390496316218));
#4033=CARTESIAN_POINT('',(0.00324506839452843,0.134206,0.0974664434401171));
#4034=CARTESIAN_POINT('',(-0.00414356851451885,0.134206,0.0846780825089916));
#4035=CARTESIAN_POINT('',(-0.00414356851451885,0.137,0.0846780825089916));
#4036=CARTESIAN_POINT('',(-0.00179990800735942,0.134206,0.0858237428561639));
#4037=CARTESIAN_POINT('',(-0.00179990800735942,0.137,0.0858237428561639));
#4038=CARTESIAN_POINT('',(1.74466042716466E-5,0.134206,0.0874869857967286));
#4039=CARTESIAN_POINT('',(1.74466042716466E-5,0.137,0.0874869857967286));
#4040=CARTESIAN_POINT('',(0.00130849532037436,0.134206,0.0896678113306859));
#4041=CARTESIAN_POINT('',(0.00130849532037436,0.137,0.0896678113306859));
#4042=CARTESIAN_POINT('',(-0.00414356851451885,0.134206,0.0846780825089916));
#4043=CARTESIAN_POINT('',(-0.00062807775377971,0.134206,0.08639657302975));
#4044=CARTESIAN_POINT('',(0.00130849532037436,0.134206,0.0896678113306859));
#4045=CARTESIAN_POINT('',(0.,0.134206,0.00357435915900672));
#4046=CARTESIAN_POINT('',(0.0340208783297336,0.134206,0.102713509674818));
#4047=CARTESIAN_POINT('',(0.0340208783297336,0.134206,0.0835091600227905));
#4048=CARTESIAN_POINT('',(0.0340208783297336,0.134206,0.0835091600227905));
#4049=CARTESIAN_POINT('',(0.0340208783297336,0.134206,0.102713509674818));
#4050=CARTESIAN_POINT('',(0.0340208783297336,0.134206,0.121917859326846));
#4051=CARTESIAN_POINT('',(0.0340208783297336,0.134206,0.121917859326846));
#4052=CARTESIAN_POINT('',(0.0217122990160787,0.134206,0.0835091600227905));
#4053=CARTESIAN_POINT('',(0.00940371970242379,0.134206,0.0835091600227905));
#4054=CARTESIAN_POINT('',(0.00940371970242379,0.134206,0.0835091600227905));
#4055=CARTESIAN_POINT('',(0.0217122990160787,0.134206,0.0835091600227905));
#4056=CARTESIAN_POINT('',(0.00940371970242379,0.134206,0.0856376457439328));
#4057=CARTESIAN_POINT('',(0.00940371970242379,0.134206,0.0877661314650752));
#4058=CARTESIAN_POINT('',(0.00940371970242379,0.134206,0.0877661314650752));
#4059=CARTESIAN_POINT('',(0.00940371970242379,0.134206,0.0856376457439328));
#4060=CARTESIAN_POINT('',(0.0191083933285337,0.134206,0.0877661314650751));
#4061=CARTESIAN_POINT('',(0.0288130669546436,0.134206,0.0877661314650751));
#4062=CARTESIAN_POINT('',(0.0288130669546436,0.134206,0.0877661314650751));
#4063=CARTESIAN_POINT('',(0.0191083933285337,0.134206,0.0877661314650751));
#4064=CARTESIAN_POINT('',(0.0288130669546436,0.134206,0.104841995395961));
#4065=CARTESIAN_POINT('',(0.0288130669546436,0.134206,0.121917859326846));
#4066=CARTESIAN_POINT('',(0.0288130669546436,0.134206,0.121917859326846));
#4067=CARTESIAN_POINT('',(0.0288130669546436,0.134206,0.104841995395961));
#4068=CARTESIAN_POINT('',(0.0314169726421886,0.134206,0.121917859326846));
#4069=CARTESIAN_POINT('',(0.0314169726421886,0.134206,0.121917859326846));
#4070=CARTESIAN_POINT('',(0.,0.134206,0.00357435915900672));
#4071=CARTESIAN_POINT('',(0.0629124550035997,0.134206,0.110525226737453));
#4072=CARTESIAN_POINT('',(0.0629124550035997,0.134206,0.117669611186697));
#4073=CARTESIAN_POINT('',(0.0629124550035997,0.134206,0.117669611186697));
#4074=CARTESIAN_POINT('',(0.0629124550035997,0.134206,0.110525226737453));
#4075=CARTESIAN_POINT('',(0.0629124550035997,0.134206,0.103380842288209));
#4076=CARTESIAN_POINT('',(0.0629124550035997,0.134206,0.103380842288209));
#4077=CARTESIAN_POINT('',(0.0518731161507079,0.134206,0.117669611186697));
#4078=CARTESIAN_POINT('',(0.0408337772978161,0.134206,0.117669611186697));
#4079=CARTESIAN_POINT('',(0.0408337772978161,0.134206,0.117669611186697));
#4080=CARTESIAN_POINT('',(0.0518731161507079,0.134206,0.117669611186697));
#4081=CARTESIAN_POINT('',(0.0408337772978161,0.134206,0.119793735256772));
#4082=CARTESIAN_POINT('',(0.0408337772978161,0.134206,0.121917859326846));
#4083=CARTESIAN_POINT('',(0.0408337772978161,0.134206,0.121917859326846));
#4084=CARTESIAN_POINT('',(0.0408337772978161,0.134206,0.119793735256772));
#4085=CARTESIAN_POINT('',(0.0544770218382529,0.134206,0.121917859326846));
#4086=CARTESIAN_POINT('',(0.0681202663786896,0.134206,0.121917859326846));
#4087=CARTESIAN_POINT('',(0.0681202663786896,0.134206,0.121917859326846));
#4088=CARTESIAN_POINT('',(0.0544770218382529,0.134206,0.121917859326846));
#4089=CARTESIAN_POINT('',(0.0681202663786896,0.134206,0.102713509674818));
#4090=CARTESIAN_POINT('',(0.0681202663786896,0.134206,0.0835091600227905));
#4091=CARTESIAN_POINT('',(0.0681202663786896,0.134206,0.0835091600227905));
#4092=CARTESIAN_POINT('',(0.0681202663786896,0.134206,0.102713509674818));
#4093=CARTESIAN_POINT('',(0.0655163606911447,0.134206,0.0835091600227905));
#4094=CARTESIAN_POINT('',(0.0629124550035997,0.134206,0.0835091600227905));
#4095=CARTESIAN_POINT('',(0.0629124550035997,0.134206,0.0835091600227905));
#4096=CARTESIAN_POINT('',(0.0655163606911447,0.134206,0.0835091600227905));
#4097=CARTESIAN_POINT('',(0.0629124550035997,0.134206,0.0912903455279501));
#4098=CARTESIAN_POINT('',(0.0629124550035997,0.134206,0.0990715310331097));
#4099=CARTESIAN_POINT('',(0.0629124550035997,0.134206,0.0990715310331097));
#4100=CARTESIAN_POINT('',(0.0629124550035997,0.134206,0.0912903455279501));
#4101=CARTESIAN_POINT('',(0.0522002399808015,0.134206,0.0990715310331097));
#4102=CARTESIAN_POINT('',(0.0414880249580033,0.134206,0.0990715310331097));
#4103=CARTESIAN_POINT('',(0.0414880249580033,0.134206,0.0990715310331097));
#4104=CARTESIAN_POINT('',(0.0522002399808015,0.134206,0.0990715310331097));
#4105=CARTESIAN_POINT('',(0.0414880249580033,0.134206,0.101226186660659));
#4106=CARTESIAN_POINT('',(0.0414880249580033,0.134206,0.103380842288209));
#4107=CARTESIAN_POINT('',(0.0414880249580033,0.134206,0.103380842288209));
#4108=CARTESIAN_POINT('',(0.0414880249580033,0.134206,0.101226186660659));
#4109=CARTESIAN_POINT('',(0.0522002399808015,0.134206,0.103380842288209));
#4110=CARTESIAN_POINT('',(0.0522002399808015,0.134206,0.103380842288209));
#4111=CARTESIAN_POINT('',(0.,0.134206,0.00357435915900672));
#4112=CARTESIAN_POINT('',(6.93889390390723E-18,0.12938,0.00357435915900674));
#4113=MECHANICAL_DESIGN_GEOMETRIC_PRESENTATION_REPRESENTATION('',(#2417),
#4119);
#4114=MECHANICAL_DESIGN_GEOMETRIC_PRESENTATION_REPRESENTATION('',(#2418),
#4120);
#4115=MECHANICAL_DESIGN_GEOMETRIC_PRESENTATION_REPRESENTATION('',(#2419),
#4121);
#4116=MECHANICAL_DESIGN_GEOMETRIC_PRESENTATION_REPRESENTATION('',(#2420),
#4122);
#4117=MECHANICAL_DESIGN_GEOMETRIC_PRESENTATION_REPRESENTATION('',(#2421),
#4123);
#4118=MECHANICAL_DESIGN_GEOMETRIC_PRESENTATION_REPRESENTATION('',(#2422),
#4124);
#4119=(
GEOMETRIC_REPRESENTATION_CONTEXT(3)
GLOBAL_UNCERTAINTY_ASSIGNED_CONTEXT((#4125))
GLOBAL_UNIT_ASSIGNED_CONTEXT((#4143,#4137,#4131))
REPRESENTATION_CONTEXT('Part 2','TOP_LEVEL_ASSEMBLY_PART')
);
#4120=(
GEOMETRIC_REPRESENTATION_CONTEXT(3)
GLOBAL_UNCERTAINTY_ASSIGNED_CONTEXT((#4126))
GLOBAL_UNIT_ASSIGNED_CONTEXT((#4144,#4138,#4132))
REPRESENTATION_CONTEXT('Part 1','TOP_LEVEL_ASSEMBLY_PART')
);
#4121=(
GEOMETRIC_REPRESENTATION_CONTEXT(3)
GLOBAL_UNCERTAINTY_ASSIGNED_CONTEXT((#4127))
GLOBAL_UNIT_ASSIGNED_CONTEXT((#4145,#4139,#4133))
REPRESENTATION_CONTEXT('Part 3','TOP_LEVEL_ASSEMBLY_PART')
);
#4122=(
GEOMETRIC_REPRESENTATION_CONTEXT(3)
GLOBAL_UNCERTAINTY_ASSIGNED_CONTEXT((#4128))
GLOBAL_UNIT_ASSIGNED_CONTEXT((#4146,#4140,#4134))
REPRESENTATION_CONTEXT('Part 4','TOP_LEVEL_ASSEMBLY_PART')
);
#4123=(
GEOMETRIC_REPRESENTATION_CONTEXT(3)
GLOBAL_UNCERTAINTY_ASSIGNED_CONTEXT((#4129))
GLOBAL_UNIT_ASSIGNED_CONTEXT((#4147,#4141,#4135))
REPRESENTATION_CONTEXT('Part 5','TOP_LEVEL_ASSEMBLY_PART')
);
#4124=(
GEOMETRIC_REPRESENTATION_CONTEXT(3)
GLOBAL_UNCERTAINTY_ASSIGNED_CONTEXT((#4130))
GLOBAL_UNIT_ASSIGNED_CONTEXT((#4148,#4142,#4136))
REPRESENTATION_CONTEXT('Part 6','TOP_LEVEL_ASSEMBLY_PART')
);
#4125=UNCERTAINTY_MEASURE_WITH_UNIT(LENGTH_MEASURE(1.E-8),#4143,
'DISTANCE_ACCURACY_VALUE','Maximum Tolerance applied to model');
#4126=UNCERTAINTY_MEASURE_WITH_UNIT(LENGTH_MEASURE(1.E-8),#4144,
'DISTANCE_ACCURACY_VALUE','Maximum Tolerance applied to model');
#4127=UNCERTAINTY_MEASURE_WITH_UNIT(LENGTH_MEASURE(1.E-8),#4145,
'DISTANCE_ACCURACY_VALUE','Maximum Tolerance applied to model');
#4128=UNCERTAINTY_MEASURE_WITH_UNIT(LENGTH_MEASURE(1.E-8),#4146,
'DISTANCE_ACCURACY_VALUE','Maximum Tolerance applied to model');
#4129=UNCERTAINTY_MEASURE_WITH_UNIT(LENGTH_MEASURE(1.E-8),#4147,
'DISTANCE_ACCURACY_VALUE','Maximum Tolerance applied to model');
#4130=UNCERTAINTY_MEASURE_WITH_UNIT(LENGTH_MEASURE(2.E-5),#4148,
'DISTANCE_ACCURACY_VALUE','Maximum Tolerance applied to model');
#4131=(
NAMED_UNIT(*)
SI_UNIT($,.STERADIAN.)
SOLID_ANGLE_UNIT()
);
#4132=(
NAMED_UNIT(*)
SI_UNIT($,.STERADIAN.)
SOLID_ANGLE_UNIT()
);
#4133=(
NAMED_UNIT(*)
SI_UNIT($,.STERADIAN.)
SOLID_ANGLE_UNIT()
);
#4134=(
NAMED_UNIT(*)
SI_UNIT($,.STERADIAN.)
SOLID_ANGLE_UNIT()
);
#4135=(
NAMED_UNIT(*)
SI_UNIT($,.STERADIAN.)
SOLID_ANGLE_UNIT()
);
#4136=(
NAMED_UNIT(*)
SI_UNIT($,.STERADIAN.)
SOLID_ANGLE_UNIT()
);
#4137=(
NAMED_UNIT(*)
PLANE_ANGLE_UNIT()
SI_UNIT($,.RADIAN.)
);
#4138=(
NAMED_UNIT(*)
PLANE_ANGLE_UNIT()
SI_UNIT($,.RADIAN.)
);
#4139=(
NAMED_UNIT(*)
PLANE_ANGLE_UNIT()
SI_UNIT($,.RADIAN.)
);
#4140=(
NAMED_UNIT(*)
PLANE_ANGLE_UNIT()
SI_UNIT($,.RADIAN.)
);
#4141=(
NAMED_UNIT(*)
PLANE_ANGLE_UNIT()
SI_UNIT($,.RADIAN.)
);
#4142=(
NAMED_UNIT(*)
PLANE_ANGLE_UNIT()
SI_UNIT($,.RADIAN.)
);
#4143=(
LENGTH_UNIT()
NAMED_UNIT(*)
SI_UNIT($,.METRE.)
);
#4144=(
LENGTH_UNIT()
NAMED_UNIT(*)
SI_UNIT($,.METRE.)
);
#4145=(
LENGTH_UNIT()
NAMED_UNIT(*)
SI_UNIT($,.METRE.)
);
#4146=(
LENGTH_UNIT()
NAMED_UNIT(*)
SI_UNIT($,.METRE.)
);
#4147=(
LENGTH_UNIT()
NAMED_UNIT(*)
SI_UNIT($,.METRE.)
);
#4148=(
LENGTH_UNIT()
NAMED_UNIT(*)
SI_UNIT($,.METRE.)
);
#4149=PRODUCT_DEFINITION_SHAPE('','',#4155);
#4150=PRODUCT_DEFINITION_SHAPE('','',#4156);
#4151=PRODUCT_DEFINITION_SHAPE('','',#4157);
#4152=PRODUCT_DEFINITION_SHAPE('','',#4158);
#4153=PRODUCT_DEFINITION_SHAPE('','',#4159);
#4154=PRODUCT_DEFINITION_SHAPE('','',#4160);
#4155=PRODUCT_DEFINITION('','',#4167,#4161);
#4156=PRODUCT_DEFINITION('','',#4168,#4162);
#4157=PRODUCT_DEFINITION('','',#4169,#4163);
#4158=PRODUCT_DEFINITION('','',#4170,#4164);
#4159=PRODUCT_DEFINITION('','',#4171,#4165);
#4160=PRODUCT_DEFINITION('','',#4172,#4166);
#4161=PRODUCT_DEFINITION_CONTEXT('',#4203,'design');
#4162=PRODUCT_DEFINITION_CONTEXT('',#4204,'design');
#4163=PRODUCT_DEFINITION_CONTEXT('',#4205,'design');
#4164=PRODUCT_DEFINITION_CONTEXT('',#4206,'design');
#4165=PRODUCT_DEFINITION_CONTEXT('',#4207,'design');
#4166=PRODUCT_DEFINITION_CONTEXT('',#4208,'design');
#4167=PRODUCT_DEFINITION_FORMATION_WITH_SPECIFIED_SOURCE('','',#4179,
 .NOT_KNOWN.);
#4168=PRODUCT_DEFINITION_FORMATION_WITH_SPECIFIED_SOURCE('','',#4180,
 .NOT_KNOWN.);
#4169=PRODUCT_DEFINITION_FORMATION_WITH_SPECIFIED_SOURCE('','',#4181,
 .NOT_KNOWN.);
#4170=PRODUCT_DEFINITION_FORMATION_WITH_SPECIFIED_SOURCE('','',#4182,
 .NOT_KNOWN.);
#4171=PRODUCT_DEFINITION_FORMATION_WITH_SPECIFIED_SOURCE('','',#4183,
 .NOT_KNOWN.);
#4172=PRODUCT_DEFINITION_FORMATION_WITH_SPECIFIED_SOURCE('','',#4184,
 .NOT_KNOWN.);
#4173=PRODUCT_RELATED_PRODUCT_CATEGORY('','',(#4179));
#4174=PRODUCT_RELATED_PRODUCT_CATEGORY('','',(#4180));
#4175=PRODUCT_RELATED_PRODUCT_CATEGORY('','',(#4181));
#4176=PRODUCT_RELATED_PRODUCT_CATEGORY('','',(#4182));
#4177=PRODUCT_RELATED_PRODUCT_CATEGORY('','',(#4183));
#4178=PRODUCT_RELATED_PRODUCT_CATEGORY('','',(#4184));
#4179=PRODUCT('Part 2','Part 2','Part 2',(#4191));
#4180=PRODUCT('Part 1','Part 1','Part 1',(#4192));
#4181=PRODUCT('Part 3','Part 3','Part 3',(#4193));
#4182=PRODUCT('Part 4','Part 4','Part 4',(#4194));
#4183=PRODUCT('Part 5','Part 5','Part 5',(#4195));
#4184=PRODUCT('Part 6','Part 6','Part 6',(#4196));
#4185=PRODUCT_CATEGORY('','');
#4186=PRODUCT_CATEGORY('','');
#4187=PRODUCT_CATEGORY('','');
#4188=PRODUCT_CATEGORY('','');
#4189=PRODUCT_CATEGORY('','');
#4190=PRODUCT_CATEGORY('','');
#4191=PRODUCT_CONTEXT('',#4203,'mechanical');
#4192=PRODUCT_CONTEXT('',#4204,'mechanical');
#4193=PRODUCT_CONTEXT('',#4205,'mechanical');
#4194=PRODUCT_CONTEXT('',#4206,'mechanical');
#4195=PRODUCT_CONTEXT('',#4207,'mechanical');
#4196=PRODUCT_CONTEXT('',#4208,'mechanical');
#4197=APPLICATION_PROTOCOL_DEFINITION('international standard',
'ap242_managed_model_based_3d_engineering',2020,#4203);
#4198=APPLICATION_PROTOCOL_DEFINITION('international standard',
'ap242_managed_model_based_3d_engineering',2020,#4204);
#4199=APPLICATION_PROTOCOL_DEFINITION('international standard',
'ap242_managed_model_based_3d_engineering',2020,#4205);
#4200=APPLICATION_PROTOCOL_DEFINITION('international standard',
'ap242_managed_model_based_3d_engineering',2020,#4206);
#4201=APPLICATION_PROTOCOL_DEFINITION('international standard',
'ap242_managed_model_based_3d_engineering',2020,#4207);
#4202=APPLICATION_PROTOCOL_DEFINITION('international standard',
'ap242_managed_model_based_3d_engineering',2020,#4208);
#4203=APPLICATION_CONTEXT('managed model based 3d engineering');
#4204=APPLICATION_CONTEXT('managed model based 3d engineering');
#4205=APPLICATION_CONTEXT('managed model based 3d engineering');
#4206=APPLICATION_CONTEXT('managed model based 3d engineering');
#4207=APPLICATION_CONTEXT('managed model based 3d engineering');
#4208=APPLICATION_CONTEXT('managed model based 3d engineering');
ENDSEC;
END-ISO-10303-21;
