ISO-10303-21;
HEADER;
/* Generated by software containing ST-Developer
 * from STEP Tools, Inc. (www.steptools.com) 
 */
/* OPTION: using custom renumber hook */

FILE_DESCRIPTION(
/* description */ ('STEP AP242 Edition 2',
'CAx-IF Rec.Pracs.---Representation and Presentation of Product Manufa
cturing Information (PMI)---4.0---2014-10-13',
'CAx-IF Rec.Pracs.---3D Tessellated Geometry---0.4---2014-09-14','2;1',
'CAx-IF Rec.Pracs.---User Defined Attributes---1.5---2016-08-15'),
/* implementation_level */ '2;1');

FILE_NAME(
/* name */ 'Part Studio 1',
/* time_stamp */ '2026-06-23T22:44:45Z',
/* author */ (''),
/* organization */ (''),
/* preprocessor_version */ 'ST-DEVELOPER v20',
/* originating_system */ 'ONSHAPE BY PTC INC, 1.216',
/* authorisation */ '  ');

FILE_SCHEMA (('AP242_MANAGED_MODEL_BASED_3D_ENGINEERING_MIM_LF { 1 0 10303 442 3 1 4 }'));
ENDSEC;

DATA;
#10=ELLIPSE('',#6735,0.0049211803543459,0.0034798);
#11=ELLIPSE('',#6737,0.0049211803543459,0.0034798);
#12=SHAPE_REPRESENTATION_RELATIONSHIP('','',#6435,#19);
#13=SHAPE_REPRESENTATION_RELATIONSHIP('','',#6436,#20);
#14=SHAPE_REPRESENTATION_RELATIONSHIP('','',#6437,#21);
#15=SHAPE_REPRESENTATION_RELATIONSHIP('','',#6438,#22);
#16=SHAPE_REPRESENTATION_RELATIONSHIP('','',#6439,#23);
#17=SHAPE_REPRESENTATION_RELATIONSHIP('','',#6440,#24);
#18=SHAPE_REPRESENTATION_RELATIONSHIP('','',#6441,#25);
#19=ADVANCED_BREP_SHAPE_REPRESENTATION('',(#6421),#10930);
#20=ADVANCED_BREP_SHAPE_REPRESENTATION('',(#6422),#10931);
#21=ADVANCED_BREP_SHAPE_REPRESENTATION('',(#6423),#10932);
#22=ADVANCED_BREP_SHAPE_REPRESENTATION('',(#6424),#10933);
#23=ADVANCED_BREP_SHAPE_REPRESENTATION('',(#6425),#10934);
#24=ADVANCED_BREP_SHAPE_REPRESENTATION('',(#6426),#10935);
#25=ADVANCED_BREP_SHAPE_REPRESENTATION('',(#6427),#10936);
#26=B_SPLINE_SURFACE_WITH_KNOTS('',3,1,((#8883,#8884),(#8885,#8886),(#8887,
#8888),(#8889,#8890)),.SURF_OF_LINEAR_EXTRUSION.,.F.,.F.,.F.,(4,4),(2,2),
(0.,1.),(0.,1.),.PIECEWISE_BEZIER_KNOTS.);
#27=B_SPLINE_SURFACE_WITH_KNOTS('',3,1,((#8896,#8897),(#8898,#8899),(#8900,
#8901),(#8902,#8903)),.SURF_OF_LINEAR_EXTRUSION.,.F.,.F.,.F.,(4,4),(2,2),
(0.,1.),(0.,1.),.PIECEWISE_BEZIER_KNOTS.);
#28=B_SPLINE_SURFACE_WITH_KNOTS('',3,1,((#8909,#8910),(#8911,#8912),(#8913,
#8914),(#8915,#8916)),.SURF_OF_LINEAR_EXTRUSION.,.F.,.F.,.F.,(4,4),(2,2),
(0.,1.),(0.,1.),.PIECEWISE_BEZIER_KNOTS.);
#29=B_SPLINE_SURFACE_WITH_KNOTS('',3,1,((#8922,#8923),(#8924,#8925),(#8926,
#8927),(#8928,#8929)),.SURF_OF_LINEAR_EXTRUSION.,.F.,.F.,.F.,(4,4),(2,2),
(0.,1.),(0.,1.),.PIECEWISE_BEZIER_KNOTS.);
#30=B_SPLINE_SURFACE_WITH_KNOTS('',3,1,((#8939,#8940),(#8941,#8942),(#8943,
#8944),(#8945,#8946)),.SURF_OF_LINEAR_EXTRUSION.,.F.,.F.,.F.,(4,4),(2,2),
(0.,1.),(0.,1.),.PIECEWISE_BEZIER_KNOTS.);
#31=B_SPLINE_SURFACE_WITH_KNOTS('',3,1,((#8956,#8957),(#8958,#8959),(#8960,
#8961),(#8962,#8963)),.SURF_OF_LINEAR_EXTRUSION.,.F.,.F.,.F.,(4,4),(2,2),
(0.,1.),(0.,1.),.PIECEWISE_BEZIER_KNOTS.);
#32=B_SPLINE_SURFACE_WITH_KNOTS('',3,1,((#8973,#8974),(#8975,#8976),(#8977,
#8978),(#8979,#8980)),.SURF_OF_LINEAR_EXTRUSION.,.F.,.F.,.F.,(4,4),(2,2),
(0.,1.),(0.,1.),.PIECEWISE_BEZIER_KNOTS.);
#33=B_SPLINE_SURFACE_WITH_KNOTS('',3,1,((#8998,#8999),(#9000,#9001),(#9002,
#9003),(#9004,#9005)),.SURF_OF_LINEAR_EXTRUSION.,.F.,.F.,.F.,(4,4),(2,2),
(0.,1.),(0.,1.),.PIECEWISE_BEZIER_KNOTS.);
#34=B_SPLINE_SURFACE_WITH_KNOTS('',3,1,((#9011,#9012),(#9013,#9014),(#9015,
#9016),(#9017,#9018)),.SURF_OF_LINEAR_EXTRUSION.,.F.,.F.,.F.,(4,4),(2,2),
(0.,1.),(0.,1.),.PIECEWISE_BEZIER_KNOTS.);
#35=B_SPLINE_SURFACE_WITH_KNOTS('',3,1,((#9024,#9025),(#9026,#9027),(#9028,
#9029),(#9030,#9031)),.SURF_OF_LINEAR_EXTRUSION.,.F.,.F.,.F.,(4,4),(2,2),
(0.,1.),(0.,1.),.PIECEWISE_BEZIER_KNOTS.);
#36=B_SPLINE_SURFACE_WITH_KNOTS('',3,1,((#9037,#9038),(#9039,#9040),(#9041,
#9042),(#9043,#9044)),.SURF_OF_LINEAR_EXTRUSION.,.F.,.F.,.F.,(4,4),(2,2),
(0.,1.),(0.,1.),.PIECEWISE_BEZIER_KNOTS.);
#37=B_SPLINE_SURFACE_WITH_KNOTS('',3,1,((#9050,#9051),(#9052,#9053),(#9054,
#9055),(#9056,#9057)),.SURF_OF_LINEAR_EXTRUSION.,.F.,.F.,.F.,(4,4),(2,2),
(0.,1.),(0.,1.),.PIECEWISE_BEZIER_KNOTS.);
#38=B_SPLINE_SURFACE_WITH_KNOTS('',3,1,((#9062,#9063),(#9064,#9065),(#9066,
#9067),(#9068,#9069)),.SURF_OF_LINEAR_EXTRUSION.,.F.,.F.,.F.,(4,4),(2,2),
(0.,1.),(0.,1.),.PIECEWISE_BEZIER_KNOTS.);
#39=B_SPLINE_SURFACE_WITH_KNOTS('',3,1,((#9082,#9083),(#9084,#9085),(#9086,
#9087),(#9088,#9089)),.SURF_OF_LINEAR_EXTRUSION.,.F.,.F.,.F.,(4,4),(2,2),
(0.,1.),(0.,1.),.PIECEWISE_BEZIER_KNOTS.);
#40=B_SPLINE_SURFACE_WITH_KNOTS('',3,1,((#9099,#9100),(#9101,#9102),(#9103,
#9104),(#9105,#9106)),.SURF_OF_LINEAR_EXTRUSION.,.F.,.F.,.F.,(4,4),(2,2),
(0.,1.),(0.,1.),.PIECEWISE_BEZIER_KNOTS.);
#41=B_SPLINE_SURFACE_WITH_KNOTS('',3,1,((#9116,#9117),(#9118,#9119),(#9120,
#9121),(#9122,#9123)),.SURF_OF_LINEAR_EXTRUSION.,.F.,.F.,.F.,(4,4),(2,2),
(0.,1.),(0.,1.),.PIECEWISE_BEZIER_KNOTS.);
#42=B_SPLINE_SURFACE_WITH_KNOTS('',3,1,((#9133,#9134),(#9135,#9136),(#9137,
#9138),(#9139,#9140)),.SURF_OF_LINEAR_EXTRUSION.,.F.,.F.,.F.,(4,4),(2,2),
(0.,1.),(0.,1.),.PIECEWISE_BEZIER_KNOTS.);
#43=B_SPLINE_SURFACE_WITH_KNOTS('',3,1,((#9150,#9151),(#9152,#9153),(#9154,
#9155),(#9156,#9157)),.SURF_OF_LINEAR_EXTRUSION.,.F.,.F.,.F.,(4,4),(2,2),
(0.,1.),(0.,1.),.PIECEWISE_BEZIER_KNOTS.);
#44=B_SPLINE_SURFACE_WITH_KNOTS('',3,1,((#9179,#9180),(#9181,#9182),(#9183,
#9184),(#9185,#9186)),.SURF_OF_LINEAR_EXTRUSION.,.F.,.F.,.F.,(4,4),(2,2),
(0.,1.),(0.,1.),.PIECEWISE_BEZIER_KNOTS.);
#45=B_SPLINE_SURFACE_WITH_KNOTS('',3,1,((#9196,#9197),(#9198,#9199),(#9200,
#9201),(#9202,#9203)),.SURF_OF_LINEAR_EXTRUSION.,.F.,.F.,.F.,(4,4),(2,2),
(0.,1.),(0.,1.),.PIECEWISE_BEZIER_KNOTS.);
#46=B_SPLINE_SURFACE_WITH_KNOTS('',3,1,((#9211,#9212),(#9213,#9214),(#9215,
#9216),(#9217,#9218)),.SURF_OF_LINEAR_EXTRUSION.,.F.,.F.,.F.,(4,4),(2,2),
(0.,1.),(0.,1.),.PIECEWISE_BEZIER_KNOTS.);
#47=B_SPLINE_SURFACE_WITH_KNOTS('',3,1,((#9224,#9225),(#9226,#9227),(#9228,
#9229),(#9230,#9231)),.SURF_OF_LINEAR_EXTRUSION.,.F.,.F.,.F.,(4,4),(2,2),
(0.,1.),(0.,1.),.PIECEWISE_BEZIER_KNOTS.);
#48=B_SPLINE_SURFACE_WITH_KNOTS('',3,1,((#9241,#9242),(#9243,#9244),(#9245,
#9246),(#9247,#9248)),.SURF_OF_LINEAR_EXTRUSION.,.F.,.F.,.F.,(4,4),(2,2),
(0.,1.),(0.,1.),.PIECEWISE_BEZIER_KNOTS.);
#49=B_SPLINE_SURFACE_WITH_KNOTS('',3,1,((#9254,#9255),(#9256,#9257),(#9258,
#9259),(#9260,#9261)),.SURF_OF_LINEAR_EXTRUSION.,.F.,.F.,.F.,(4,4),(2,2),
(0.,1.),(0.,1.),.PIECEWISE_BEZIER_KNOTS.);
#50=B_SPLINE_SURFACE_WITH_KNOTS('',3,1,((#9275,#9276),(#9277,#9278),(#9279,
#9280),(#9281,#9282)),.SURF_OF_LINEAR_EXTRUSION.,.F.,.F.,.F.,(4,4),(2,2),
(0.,1.),(0.,1.),.PIECEWISE_BEZIER_KNOTS.);
#51=B_SPLINE_SURFACE_WITH_KNOTS('',3,1,((#9288,#9289),(#9290,#9291),(#9292,
#9293),(#9294,#9295)),.SURF_OF_LINEAR_EXTRUSION.,.F.,.F.,.F.,(4,4),(2,2),
(0.,1.),(0.,1.),.PIECEWISE_BEZIER_KNOTS.);
#52=B_SPLINE_SURFACE_WITH_KNOTS('',3,1,((#9301,#9302),(#9303,#9304),(#9305,
#9306),(#9307,#9308)),.SURF_OF_LINEAR_EXTRUSION.,.F.,.F.,.F.,(4,4),(2,2),
(0.,1.),(0.,1.),.PIECEWISE_BEZIER_KNOTS.);
#53=B_SPLINE_SURFACE_WITH_KNOTS('',3,1,((#9318,#9319),(#9320,#9321),(#9322,
#9323),(#9324,#9325)),.SURF_OF_LINEAR_EXTRUSION.,.F.,.F.,.F.,(4,4),(2,2),
(0.,1.),(0.,1.),.PIECEWISE_BEZIER_KNOTS.);
#54=B_SPLINE_SURFACE_WITH_KNOTS('',3,1,((#9331,#9332),(#9333,#9334),(#9335,
#9336),(#9337,#9338)),.SURF_OF_LINEAR_EXTRUSION.,.F.,.F.,.F.,(4,4),(2,2),
(0.,1.),(0.,1.),.PIECEWISE_BEZIER_KNOTS.);
#55=B_SPLINE_SURFACE_WITH_KNOTS('',3,1,((#9344,#9345),(#9346,#9347),(#9348,
#9349),(#9350,#9351)),.SURF_OF_LINEAR_EXTRUSION.,.F.,.F.,.F.,(4,4),(2,2),
(0.,1.),(0.,1.),.PIECEWISE_BEZIER_KNOTS.);
#56=B_SPLINE_SURFACE_WITH_KNOTS('',3,1,((#9361,#9362),(#9363,#9364),(#9365,
#9366),(#9367,#9368)),.SURF_OF_LINEAR_EXTRUSION.,.F.,.F.,.F.,(4,4),(2,2),
(0.,1.),(0.,1.),.PIECEWISE_BEZIER_KNOTS.);
#57=B_SPLINE_SURFACE_WITH_KNOTS('',3,1,((#9374,#9375),(#9376,#9377),(#9378,
#9379),(#9380,#9381)),.SURF_OF_LINEAR_EXTRUSION.,.F.,.F.,.F.,(4,4),(2,2),
(0.,1.),(0.,1.),.PIECEWISE_BEZIER_KNOTS.);
#58=B_SPLINE_SURFACE_WITH_KNOTS('',3,1,((#9387,#9388),(#9389,#9390),(#9391,
#9392),(#9393,#9394)),.SURF_OF_LINEAR_EXTRUSION.,.F.,.F.,.F.,(4,4),(2,2),
(0.,1.),(0.,1.),.PIECEWISE_BEZIER_KNOTS.);
#59=B_SPLINE_SURFACE_WITH_KNOTS('',3,1,((#9400,#9401),(#9402,#9403),(#9404,
#9405),(#9406,#9407)),.SURF_OF_LINEAR_EXTRUSION.,.F.,.F.,.F.,(4,4),(2,2),
(0.,1.),(0.,1.),.PIECEWISE_BEZIER_KNOTS.);
#60=B_SPLINE_SURFACE_WITH_KNOTS('',3,1,((#9421,#9422),(#9423,#9424),(#9425,
#9426),(#9427,#9428)),.SURF_OF_LINEAR_EXTRUSION.,.F.,.F.,.F.,(4,4),(2,2),
(0.,1.),(0.,1.),.PIECEWISE_BEZIER_KNOTS.);
#61=B_SPLINE_SURFACE_WITH_KNOTS('',3,1,((#9434,#9435),(#9436,#9437),(#9438,
#9439),(#9440,#9441)),.SURF_OF_LINEAR_EXTRUSION.,.F.,.F.,.F.,(4,4),(2,2),
(0.,1.),(0.,1.),.PIECEWISE_BEZIER_KNOTS.);
#62=B_SPLINE_SURFACE_WITH_KNOTS('',3,1,((#9447,#9448),(#9449,#9450),(#9451,
#9452),(#9453,#9454)),.SURF_OF_LINEAR_EXTRUSION.,.F.,.F.,.F.,(4,4),(2,2),
(0.,1.),(0.,1.),.PIECEWISE_BEZIER_KNOTS.);
#63=B_SPLINE_SURFACE_WITH_KNOTS('',3,1,((#9458,#9459),(#9460,#9461),(#9462,
#9463),(#9464,#9465)),.SURF_OF_LINEAR_EXTRUSION.,.F.,.F.,.F.,(4,4),(2,2),
(0.,1.),(0.,1.),.PIECEWISE_BEZIER_KNOTS.);
#64=B_SPLINE_SURFACE_WITH_KNOTS('',3,1,((#9473,#9474),(#9475,#9476),(#9477,
#9478),(#9479,#9480)),.SURF_OF_LINEAR_EXTRUSION.,.F.,.F.,.F.,(4,4),(2,2),
(0.,1.),(0.,1.),.PIECEWISE_BEZIER_KNOTS.);
#65=B_SPLINE_SURFACE_WITH_KNOTS('',3,1,((#9493,#9494),(#9495,#9496),(#9497,
#9498),(#9499,#9500)),.SURF_OF_LINEAR_EXTRUSION.,.F.,.F.,.F.,(4,4),(2,2),
(0.,1.),(0.,1.),.PIECEWISE_BEZIER_KNOTS.);
#66=B_SPLINE_SURFACE_WITH_KNOTS('',3,1,((#9510,#9511),(#9512,#9513),(#9514,
#9515),(#9516,#9517)),.SURF_OF_LINEAR_EXTRUSION.,.F.,.F.,.F.,(4,4),(2,2),
(0.,1.),(0.,1.),.PIECEWISE_BEZIER_KNOTS.);
#67=B_SPLINE_SURFACE_WITH_KNOTS('',3,1,((#9527,#9528),(#9529,#9530),(#9531,
#9532),(#9533,#9534)),.SURF_OF_LINEAR_EXTRUSION.,.F.,.F.,.F.,(4,4),(2,2),
(0.,1.),(0.,1.),.PIECEWISE_BEZIER_KNOTS.);
#68=B_SPLINE_SURFACE_WITH_KNOTS('',3,1,((#9544,#9545),(#9546,#9547),(#9548,
#9549),(#9550,#9551)),.SURF_OF_LINEAR_EXTRUSION.,.F.,.F.,.F.,(4,4),(2,2),
(0.,1.),(0.,1.),.PIECEWISE_BEZIER_KNOTS.);
#69=B_SPLINE_SURFACE_WITH_KNOTS('',3,1,((#9561,#9562),(#9563,#9564),(#9565,
#9566),(#9567,#9568)),.SURF_OF_LINEAR_EXTRUSION.,.F.,.F.,.F.,(4,4),(2,2),
(0.,1.),(0.,1.),.PIECEWISE_BEZIER_KNOTS.);
#70=B_SPLINE_SURFACE_WITH_KNOTS('',3,1,((#9590,#9591),(#9592,#9593),(#9594,
#9595),(#9596,#9597)),.SURF_OF_LINEAR_EXTRUSION.,.F.,.F.,.F.,(4,4),(2,2),
(0.,1.),(0.,1.),.PIECEWISE_BEZIER_KNOTS.);
#71=B_SPLINE_SURFACE_WITH_KNOTS('',3,1,((#9607,#9608),(#9609,#9610),(#9611,
#9612),(#9613,#9614)),.SURF_OF_LINEAR_EXTRUSION.,.F.,.F.,.F.,(4,4),(2,2),
(0.,1.),(0.,1.),.PIECEWISE_BEZIER_KNOTS.);
#72=B_SPLINE_SURFACE_WITH_KNOTS('',3,1,((#9622,#9623),(#9624,#9625),(#9626,
#9627),(#9628,#9629)),.SURF_OF_LINEAR_EXTRUSION.,.F.,.F.,.F.,(4,4),(2,2),
(0.,1.),(0.,1.),.PIECEWISE_BEZIER_KNOTS.);
#73=B_SPLINE_SURFACE_WITH_KNOTS('',3,1,((#9635,#9636),(#9637,#9638),(#9639,
#9640),(#9641,#9642)),.SURF_OF_LINEAR_EXTRUSION.,.F.,.F.,.F.,(4,4),(2,2),
(0.,1.),(0.,1.),.PIECEWISE_BEZIER_KNOTS.);
#74=B_SPLINE_SURFACE_WITH_KNOTS('',3,1,((#9652,#9653),(#9654,#9655),(#9656,
#9657),(#9658,#9659)),.SURF_OF_LINEAR_EXTRUSION.,.F.,.F.,.F.,(4,4),(2,2),
(0.,1.),(0.,1.),.PIECEWISE_BEZIER_KNOTS.);
#75=B_SPLINE_SURFACE_WITH_KNOTS('',3,1,((#9665,#9666),(#9667,#9668),(#9669,
#9670),(#9671,#9672)),.SURF_OF_LINEAR_EXTRUSION.,.F.,.F.,.F.,(4,4),(2,2),
(0.,1.),(0.,1.),.PIECEWISE_BEZIER_KNOTS.);
#76=B_SPLINE_SURFACE_WITH_KNOTS('',3,1,((#9686,#9687),(#9688,#9689),(#9690,
#9691),(#9692,#9693)),.SURF_OF_LINEAR_EXTRUSION.,.F.,.F.,.F.,(4,4),(2,2),
(0.,1.),(0.,1.),.PIECEWISE_BEZIER_KNOTS.);
#77=B_SPLINE_SURFACE_WITH_KNOTS('',3,1,((#9699,#9700),(#9701,#9702),(#9703,
#9704),(#9705,#9706)),.SURF_OF_LINEAR_EXTRUSION.,.F.,.F.,.F.,(4,4),(2,2),
(0.,1.),(0.,1.),.PIECEWISE_BEZIER_KNOTS.);
#78=B_SPLINE_SURFACE_WITH_KNOTS('',3,1,((#9712,#9713),(#9714,#9715),(#9716,
#9717),(#9718,#9719)),.SURF_OF_LINEAR_EXTRUSION.,.F.,.F.,.F.,(4,4),(2,2),
(0.,1.),(0.,1.),.PIECEWISE_BEZIER_KNOTS.);
#79=B_SPLINE_SURFACE_WITH_KNOTS('',3,1,((#9729,#9730),(#9731,#9732),(#9733,
#9734),(#9735,#9736)),.SURF_OF_LINEAR_EXTRUSION.,.F.,.F.,.F.,(4,4),(2,2),
(0.,1.),(0.,1.),.PIECEWISE_BEZIER_KNOTS.);
#80=B_SPLINE_SURFACE_WITH_KNOTS('',3,1,((#9742,#9743),(#9744,#9745),(#9746,
#9747),(#9748,#9749)),.SURF_OF_LINEAR_EXTRUSION.,.F.,.F.,.F.,(4,4),(2,2),
(0.,1.),(0.,1.),.PIECEWISE_BEZIER_KNOTS.);
#81=B_SPLINE_SURFACE_WITH_KNOTS('',3,1,((#9755,#9756),(#9757,#9758),(#9759,
#9760),(#9761,#9762)),.SURF_OF_LINEAR_EXTRUSION.,.F.,.F.,.F.,(4,4),(2,2),
(0.,1.),(0.,1.),.PIECEWISE_BEZIER_KNOTS.);
#82=B_SPLINE_SURFACE_WITH_KNOTS('',3,1,((#9772,#9773),(#9774,#9775),(#9776,
#9777),(#9778,#9779)),.SURF_OF_LINEAR_EXTRUSION.,.F.,.F.,.F.,(4,4),(2,2),
(0.,1.),(0.,1.),.PIECEWISE_BEZIER_KNOTS.);
#83=B_SPLINE_SURFACE_WITH_KNOTS('',3,1,((#9785,#9786),(#9787,#9788),(#9789,
#9790),(#9791,#9792)),.SURF_OF_LINEAR_EXTRUSION.,.F.,.F.,.F.,(4,4),(2,2),
(0.,1.),(0.,1.),.PIECEWISE_BEZIER_KNOTS.);
#84=B_SPLINE_SURFACE_WITH_KNOTS('',3,1,((#9798,#9799),(#9800,#9801),(#9802,
#9803),(#9804,#9805)),.SURF_OF_LINEAR_EXTRUSION.,.F.,.F.,.F.,(4,4),(2,2),
(0.,1.),(0.,1.),.PIECEWISE_BEZIER_KNOTS.);
#85=B_SPLINE_SURFACE_WITH_KNOTS('',3,1,((#9811,#9812),(#9813,#9814),(#9815,
#9816),(#9817,#9818)),.SURF_OF_LINEAR_EXTRUSION.,.F.,.F.,.F.,(4,4),(2,2),
(0.,1.),(0.,1.),.PIECEWISE_BEZIER_KNOTS.);
#86=B_SPLINE_SURFACE_WITH_KNOTS('',3,1,((#9832,#9833),(#9834,#9835),(#9836,
#9837),(#9838,#9839)),.SURF_OF_LINEAR_EXTRUSION.,.F.,.F.,.F.,(4,4),(2,2),
(0.,1.),(0.,1.),.PIECEWISE_BEZIER_KNOTS.);
#87=B_SPLINE_SURFACE_WITH_KNOTS('',3,1,((#9845,#9846),(#9847,#9848),(#9849,
#9850),(#9851,#9852)),.SURF_OF_LINEAR_EXTRUSION.,.F.,.F.,.F.,(4,4),(2,2),
(0.,1.),(0.,1.),.PIECEWISE_BEZIER_KNOTS.);
#88=B_SPLINE_SURFACE_WITH_KNOTS('',3,1,((#9858,#9859),(#9860,#9861),(#9862,
#9863),(#9864,#9865)),.SURF_OF_LINEAR_EXTRUSION.,.F.,.F.,.F.,(4,4),(2,2),
(0.,1.),(0.,1.),.PIECEWISE_BEZIER_KNOTS.);
#89=B_SPLINE_SURFACE_WITH_KNOTS('',3,1,((#9869,#9870),(#9871,#9872),(#9873,
#9874),(#9875,#9876)),.SURF_OF_LINEAR_EXTRUSION.,.F.,.F.,.F.,(4,4),(2,2),
(0.,1.),(0.,1.),.PIECEWISE_BEZIER_KNOTS.);
#90=B_SPLINE_SURFACE_WITH_KNOTS('',3,1,((#9898,#9899),(#9900,#9901),(#9902,
#9903),(#9904,#9905)),.SURF_OF_LINEAR_EXTRUSION.,.F.,.F.,.F.,(4,4),(2,2),
(0.,1.),(0.,1.),.PIECEWISE_BEZIER_KNOTS.);
#91=B_SPLINE_SURFACE_WITH_KNOTS('',3,1,((#9911,#9912),(#9913,#9914),(#9915,
#9916),(#9917,#9918)),.SURF_OF_LINEAR_EXTRUSION.,.F.,.F.,.F.,(4,4),(2,2),
(0.,1.),(0.,1.),.PIECEWISE_BEZIER_KNOTS.);
#92=B_SPLINE_SURFACE_WITH_KNOTS('',3,1,((#9924,#9925),(#9926,#9927),(#9928,
#9929),(#9930,#9931)),.SURF_OF_LINEAR_EXTRUSION.,.F.,.F.,.F.,(4,4),(2,2),
(0.,1.),(0.,1.),.PIECEWISE_BEZIER_KNOTS.);
#93=B_SPLINE_SURFACE_WITH_KNOTS('',3,1,((#9937,#9938),(#9939,#9940),(#9941,
#9942),(#9943,#9944)),.SURF_OF_LINEAR_EXTRUSION.,.F.,.F.,.F.,(4,4),(2,2),
(0.,1.),(0.,1.),.PIECEWISE_BEZIER_KNOTS.);
#94=B_SPLINE_SURFACE_WITH_KNOTS('',3,1,((#9954,#9955),(#9956,#9957),(#9958,
#9959),(#9960,#9961)),.SURF_OF_LINEAR_EXTRUSION.,.F.,.F.,.F.,(4,4),(2,2),
(0.,1.),(0.,1.),.PIECEWISE_BEZIER_KNOTS.);
#95=B_SPLINE_SURFACE_WITH_KNOTS('',3,1,((#9971,#9972),(#9973,#9974),(#9975,
#9976),(#9977,#9978)),.SURF_OF_LINEAR_EXTRUSION.,.F.,.F.,.F.,(4,4),(2,2),
(0.,1.),(0.,1.),.PIECEWISE_BEZIER_KNOTS.);
#96=B_SPLINE_SURFACE_WITH_KNOTS('',3,1,((#9988,#9989),(#9990,#9991),(#9992,
#9993),(#9994,#9995)),.SURF_OF_LINEAR_EXTRUSION.,.F.,.F.,.F.,(4,4),(2,2),
(0.,1.),(0.,1.),.PIECEWISE_BEZIER_KNOTS.);
#97=B_SPLINE_SURFACE_WITH_KNOTS('',3,1,((#10013,#10014),(#10015,#10016),
(#10017,#10018),(#10019,#10020)),.SURF_OF_LINEAR_EXTRUSION.,.F.,.F.,.F.,
(4,4),(2,2),(0.,1.),(0.,1.),.PIECEWISE_BEZIER_KNOTS.);
#98=B_SPLINE_SURFACE_WITH_KNOTS('',3,1,((#10026,#10027),(#10028,#10029),
(#10030,#10031),(#10032,#10033)),.SURF_OF_LINEAR_EXTRUSION.,.F.,.F.,.F.,
(4,4),(2,2),(0.,1.),(0.,1.),.PIECEWISE_BEZIER_KNOTS.);
#99=B_SPLINE_SURFACE_WITH_KNOTS('',3,1,((#10039,#10040),(#10041,#10042),
(#10043,#10044),(#10045,#10046)),.SURF_OF_LINEAR_EXTRUSION.,.F.,.F.,.F.,
(4,4),(2,2),(0.,1.),(0.,1.),.PIECEWISE_BEZIER_KNOTS.);
#100=B_SPLINE_SURFACE_WITH_KNOTS('',3,1,((#10052,#10053),(#10054,#10055),
(#10056,#10057),(#10058,#10059)),.SURF_OF_LINEAR_EXTRUSION.,.F.,.F.,.F.,
(4,4),(2,2),(0.,1.),(0.,1.),.PIECEWISE_BEZIER_KNOTS.);
#101=B_SPLINE_SURFACE_WITH_KNOTS('',3,1,((#10065,#10066),(#10067,#10068),
(#10069,#10070),(#10071,#10072)),.SURF_OF_LINEAR_EXTRUSION.,.F.,.F.,.F.,
(4,4),(2,2),(0.,1.),(0.,1.),.PIECEWISE_BEZIER_KNOTS.);
#102=B_SPLINE_SURFACE_WITH_KNOTS('',3,1,((#10693,#10694),(#10695,#10696),
(#10697,#10698),(#10699,#10700)),.SURF_OF_LINEAR_EXTRUSION.,.F.,.F.,.F.,
(4,4),(2,2),(0.,1.),(0.,1.),.PIECEWISE_BEZIER_KNOTS.);
#103=B_SPLINE_SURFACE_WITH_KNOTS('',3,1,((#10708,#10709),(#10710,#10711),
(#10712,#10713),(#10714,#10715)),.SURF_OF_LINEAR_EXTRUSION.,.F.,.F.,.F.,
(4,4),(2,2),(0.,1.),(0.,1.),.PIECEWISE_BEZIER_KNOTS.);
#104=B_SPLINE_SURFACE_WITH_KNOTS('',3,1,((#10721,#10722),(#10723,#10724),
(#10725,#10726),(#10727,#10728)),.SURF_OF_LINEAR_EXTRUSION.,.F.,.F.,.F.,
(4,4),(2,2),(0.,1.),(0.,1.),.PIECEWISE_BEZIER_KNOTS.);
#105=B_SPLINE_SURFACE_WITH_KNOTS('',3,1,((#10734,#10735),(#10736,#10737),
(#10738,#10739),(#10740,#10741)),.SURF_OF_LINEAR_EXTRUSION.,.F.,.F.,.F.,
(4,4),(2,2),(0.,1.),(0.,1.),.PIECEWISE_BEZIER_KNOTS.);
#106=B_SPLINE_SURFACE_WITH_KNOTS('',3,1,((#10759,#10760),(#10761,#10762),
(#10763,#10764),(#10765,#10766)),.SURF_OF_LINEAR_EXTRUSION.,.F.,.F.,.F.,
(4,4),(2,2),(0.,1.),(0.,1.),.PIECEWISE_BEZIER_KNOTS.);
#107=B_SPLINE_SURFACE_WITH_KNOTS('',3,1,((#10772,#10773),(#10774,#10775),
(#10776,#10777),(#10778,#10779)),.SURF_OF_LINEAR_EXTRUSION.,.F.,.F.,.F.,
(4,4),(2,2),(0.,1.),(0.,1.),.PIECEWISE_BEZIER_KNOTS.);
#108=B_SPLINE_SURFACE_WITH_KNOTS('',3,1,((#10785,#10786),(#10787,#10788),
(#10789,#10790),(#10791,#10792)),.SURF_OF_LINEAR_EXTRUSION.,.F.,.F.,.F.,
(4,4),(2,2),(0.,1.),(0.,1.),.PIECEWISE_BEZIER_KNOTS.);
#109=B_SPLINE_SURFACE_WITH_KNOTS('',3,1,((#10798,#10799),(#10800,#10801),
(#10802,#10803),(#10804,#10805)),.SURF_OF_LINEAR_EXTRUSION.,.F.,.F.,.F.,
(4,4),(2,2),(0.,1.),(0.,1.),.PIECEWISE_BEZIER_KNOTS.);
#110=B_SPLINE_SURFACE_WITH_KNOTS('',3,1,((#10823,#10824),(#10825,#10826),
(#10827,#10828),(#10829,#10830)),.SURF_OF_LINEAR_EXTRUSION.,.F.,.F.,.F.,
(4,4),(2,2),(0.,1.),(0.,1.),.PIECEWISE_BEZIER_KNOTS.);
#111=B_SPLINE_SURFACE_WITH_KNOTS('',3,1,((#10836,#10837),(#10838,#10839),
(#10840,#10841),(#10842,#10843)),.SURF_OF_LINEAR_EXTRUSION.,.F.,.F.,.F.,
(4,4),(2,2),(0.,1.),(0.,1.),.PIECEWISE_BEZIER_KNOTS.);
#112=TOROIDAL_SURFACE('',#6490,0.0634798,0.0034798);
#113=TOROIDAL_SURFACE('',#6493,0.0634798,0.0034798);
#114=TOROIDAL_SURFACE('',#6740,0.0355202,0.0034798);
#115=CYLINDRICAL_SURFACE('',#6472,0.06);
#116=CYLINDRICAL_SURFACE('',#6474,0.06);
#117=CYLINDRICAL_SURFACE('',#6478,0.0022);
#118=CYLINDRICAL_SURFACE('',#6480,0.0022);
#119=CYLINDRICAL_SURFACE('',#6482,0.0022);
#120=CYLINDRICAL_SURFACE('',#6484,0.0022);
#121=CYLINDRICAL_SURFACE('',#6486,0.0022);
#122=CYLINDRICAL_SURFACE('',#6487,0.0022);
#123=CYLINDRICAL_SURFACE('',#6488,0.0022);
#124=CYLINDRICAL_SURFACE('',#6489,0.0022);
#125=CYLINDRICAL_SURFACE('',#6495,0.004);
#126=CYLINDRICAL_SURFACE('',#6496,0.0034798);
#127=CYLINDRICAL_SURFACE('',#6499,0.0034798);
#128=CYLINDRICAL_SURFACE('',#6505,0.0375);
#129=CYLINDRICAL_SURFACE('',#6514,0.0016);
#130=CYLINDRICAL_SURFACE('',#6517,0.0016);
#131=CYLINDRICAL_SURFACE('',#6520,0.0016);
#132=CYLINDRICAL_SURFACE('',#6523,0.0016);
#133=CYLINDRICAL_SURFACE('',#6586,0.0205434200660974);
#134=CYLINDRICAL_SURFACE('',#6597,0.0204194257842978);
#135=CYLINDRICAL_SURFACE('',#6644,0.0034798);
#136=CYLINDRICAL_SURFACE('',#6645,0.0034798);
#137=CYLINDRICAL_SURFACE('',#6666,0.0034798);
#138=CYLINDRICAL_SURFACE('',#6667,0.0034798);
#139=CYLINDRICAL_SURFACE('',#6699,0.0375);
#140=CYLINDRICAL_SURFACE('',#6706,0.039);
#141=CYLINDRICAL_SURFACE('',#6720,0.0016);
#142=CYLINDRICAL_SURFACE('',#6722,0.0016);
#143=CYLINDRICAL_SURFACE('',#6724,0.0016);
#144=CYLINDRICAL_SURFACE('',#6726,0.0016);
#145=CYLINDRICAL_SURFACE('',#6728,0.0375);
#146=CYLINDRICAL_SURFACE('',#6731,0.039);
#147=CYLINDRICAL_SURFACE('',#6733,0.0034798);
#148=CYLINDRICAL_SURFACE('',#6736,0.0034798);
#149=CYLINDRICAL_SURFACE('',#6738,0.0034798);
#150=CYLINDRICAL_SURFACE('',#6781,0.00372074911005026);
#151=CIRCLE('',#6444,0.0204194257842978);
#152=CIRCLE('',#6446,0.0022);
#153=CIRCLE('',#6447,0.0022);
#154=CIRCLE('',#6448,0.0022);
#155=CIRCLE('',#6449,0.0022);
#156=CIRCLE('',#6450,0.0205434200660974);
#157=CIRCLE('',#6452,0.0034798);
#158=CIRCLE('',#6453,0.0034798);
#159=CIRCLE('',#6454,0.0634798);
#160=CIRCLE('',#6455,0.0634798);
#161=CIRCLE('',#6457,0.004);
#162=CIRCLE('',#6459,0.004);
#163=CIRCLE('',#6462,0.0022);
#164=CIRCLE('',#6463,0.0022);
#165=CIRCLE('',#6464,0.0022);
#166=CIRCLE('',#6465,0.0022);
#167=CIRCLE('',#6466,0.0022);
#168=CIRCLE('',#6467,0.0022);
#169=CIRCLE('',#6468,0.0022);
#170=CIRCLE('',#6469,0.0022);
#171=CIRCLE('',#6470,0.06);
#172=CIRCLE('',#6471,0.06);
#173=CIRCLE('',#6473,0.06);
#174=CIRCLE('',#6475,0.06);
#175=CIRCLE('',#6479,0.0022);
#176=CIRCLE('',#6481,0.0022);
#177=CIRCLE('',#6483,0.0022);
#178=CIRCLE('',#6485,0.0022);
#179=CIRCLE('',#6491,0.0634798);
#180=CIRCLE('',#6492,0.0634798);
#181=CIRCLE('',#6494,0.0634798);
#182=CIRCLE('',#6497,0.0034798);
#183=CIRCLE('',#6500,0.0034798);
#184=CIRCLE('',#6504,0.0375);
#185=CIRCLE('',#6506,0.0375);
#186=CIRCLE('',#6508,0.0016);
#187=CIRCLE('',#6509,0.0016);
#188=CIRCLE('',#6510,0.0016);
#189=CIRCLE('',#6511,0.0016);
#190=CIRCLE('',#6513,0.0016);
#191=CIRCLE('',#6516,0.0016);
#192=CIRCLE('',#6519,0.0016);
#193=CIRCLE('',#6522,0.0016);
#194=CIRCLE('',#6587,0.0205434200660974);
#195=CIRCLE('',#6598,0.0204194257842978);
#196=CIRCLE('',#6636,0.0034798);
#197=CIRCLE('',#6637,0.0034798);
#198=CIRCLE('',#6639,0.0034798);
#199=CIRCLE('',#6640,0.0034798);
#200=CIRCLE('',#6658,0.0034798);
#201=CIRCLE('',#6659,0.0034798);
#202=CIRCLE('',#6661,0.0034798);
#203=CIRCLE('',#6662,0.0034798);
#204=CIRCLE('',#6700,0.0375);
#205=CIRCLE('',#6701,0.0375);
#206=CIRCLE('',#6705,0.039);
#207=CIRCLE('',#6707,0.039);
#208=CIRCLE('',#6711,0.039);
#209=CIRCLE('',#6712,0.0016);
#210=CIRCLE('',#6713,0.0016);
#211=CIRCLE('',#6714,0.0016);
#212=CIRCLE('',#6715,0.0016);
#213=CIRCLE('',#6721,0.0016);
#214=CIRCLE('',#6723,0.0016);
#215=CIRCLE('',#6725,0.0016);
#216=CIRCLE('',#6727,0.0016);
#217=CIRCLE('',#6729,0.0375);
#218=CIRCLE('',#6730,0.0375);
#219=CIRCLE('',#6732,0.039);
#220=CIRCLE('',#6734,0.0034798);
#221=CIRCLE('',#6739,0.0034798);
#222=CIRCLE('',#6782,0.00372074911005026);
#223=CIRCLE('',#6783,0.00372074911005026);
#224=B_SPLINE_CURVE_WITH_KNOTS('',2,(#8121,#8122,#8123),.UNSPECIFIED.,.F.,
 .F.,(3,3),(0.,1.),.PIECEWISE_BEZIER_KNOTS.);
#225=B_SPLINE_CURVE_WITH_KNOTS('',2,(#8126,#8127,#8128),.UNSPECIFIED.,.F.,
 .F.,(3,3),(0.,1.),.PIECEWISE_BEZIER_KNOTS.);
#226=B_SPLINE_CURVE_WITH_KNOTS('',2,(#8130,#8131,#8132),.UNSPECIFIED.,.F.,
 .F.,(3,3),(0.,1.),.PIECEWISE_BEZIER_KNOTS.);
#227=B_SPLINE_CURVE_WITH_KNOTS('',2,(#8134,#8135,#8136),.UNSPECIFIED.,.F.,
 .F.,(3,3),(0.,1.),.PIECEWISE_BEZIER_KNOTS.);
#228=B_SPLINE_CURVE_WITH_KNOTS('',2,(#8138,#8139,#8140),.UNSPECIFIED.,.F.,
 .F.,(3,3),(0.,1.),.PIECEWISE_BEZIER_KNOTS.);
#229=B_SPLINE_CURVE_WITH_KNOTS('',2,(#8146,#8147,#8148),.UNSPECIFIED.,.F.,
 .F.,(3,3),(0.,1.),.PIECEWISE_BEZIER_KNOTS.);
#230=B_SPLINE_CURVE_WITH_KNOTS('',2,(#8150,#8151,#8152),.UNSPECIFIED.,.F.,
 .F.,(3,3),(0.,1.),.PIECEWISE_BEZIER_KNOTS.);
#231=B_SPLINE_CURVE_WITH_KNOTS('',2,(#8154,#8155,#8156),.UNSPECIFIED.,.F.,
 .F.,(3,3),(0.,1.),.PIECEWISE_BEZIER_KNOTS.);
#232=B_SPLINE_CURVE_WITH_KNOTS('',2,(#8158,#8159,#8160),.UNSPECIFIED.,.F.,
 .F.,(3,3),(0.,1.),.PIECEWISE_BEZIER_KNOTS.);
#233=B_SPLINE_CURVE_WITH_KNOTS('',2,(#8164,#8165,#8166),.UNSPECIFIED.,.F.,
 .F.,(3,3),(0.,1.),.PIECEWISE_BEZIER_KNOTS.);
#234=B_SPLINE_CURVE_WITH_KNOTS('',2,(#8168,#8169,#8170),.UNSPECIFIED.,.F.,
 .F.,(3,3),(0.,1.),.PIECEWISE_BEZIER_KNOTS.);
#235=B_SPLINE_CURVE_WITH_KNOTS('',2,(#8172,#8173,#8174),.UNSPECIFIED.,.F.,
 .F.,(3,3),(0.,1.),.PIECEWISE_BEZIER_KNOTS.);
#236=B_SPLINE_CURVE_WITH_KNOTS('',2,(#8178,#8179,#8180),.UNSPECIFIED.,.F.,
 .F.,(3,3),(0.,1.),.PIECEWISE_BEZIER_KNOTS.);
#237=B_SPLINE_CURVE_WITH_KNOTS('',2,(#8182,#8183,#8184),.UNSPECIFIED.,.F.,
 .F.,(3,3),(0.,1.),.PIECEWISE_BEZIER_KNOTS.);
#238=B_SPLINE_CURVE_WITH_KNOTS('',2,(#8186,#8187,#8188),.UNSPECIFIED.,.F.,
 .F.,(3,3),(0.,1.),.PIECEWISE_BEZIER_KNOTS.);
#239=B_SPLINE_CURVE_WITH_KNOTS('',2,(#8194,#8195,#8196),.UNSPECIFIED.,.F.,
 .F.,(3,3),(0.,1.),.PIECEWISE_BEZIER_KNOTS.);
#240=B_SPLINE_CURVE_WITH_KNOTS('',2,(#8198,#8199,#8200),.UNSPECIFIED.,.F.,
 .F.,(3,3),(0.,1.),.PIECEWISE_BEZIER_KNOTS.);
#241=B_SPLINE_CURVE_WITH_KNOTS('',2,(#8204,#8205,#8206),.UNSPECIFIED.,.F.,
 .F.,(3,3),(0.,1.),.PIECEWISE_BEZIER_KNOTS.);
#242=B_SPLINE_CURVE_WITH_KNOTS('',2,(#8212,#8213,#8214),.UNSPECIFIED.,.F.,
 .F.,(3,3),(0.,1.),.PIECEWISE_BEZIER_KNOTS.);
#243=B_SPLINE_CURVE_WITH_KNOTS('',2,(#8216,#8217,#8218),.UNSPECIFIED.,.F.,
 .F.,(3,3),(0.,1.),.PIECEWISE_BEZIER_KNOTS.);
#244=B_SPLINE_CURVE_WITH_KNOTS('',2,(#8220,#8221,#8222),.UNSPECIFIED.,.F.,
 .F.,(3,3),(0.,1.),.PIECEWISE_BEZIER_KNOTS.);
#245=B_SPLINE_CURVE_WITH_KNOTS('',2,(#8224,#8225,#8226),.UNSPECIFIED.,.F.,
 .F.,(3,3),(0.,1.),.PIECEWISE_BEZIER_KNOTS.);
#246=B_SPLINE_CURVE_WITH_KNOTS('',2,(#8228,#8229,#8230),.UNSPECIFIED.,.F.,
 .F.,(3,3),(0.,1.),.PIECEWISE_BEZIER_KNOTS.);
#247=B_SPLINE_CURVE_WITH_KNOTS('',2,(#8238,#8239,#8240),.UNSPECIFIED.,.F.,
 .F.,(3,3),(0.,1.),.PIECEWISE_BEZIER_KNOTS.);
#248=B_SPLINE_CURVE_WITH_KNOTS('',2,(#8244,#8245,#8246),.UNSPECIFIED.,.F.,
 .F.,(3,3),(0.,1.),.PIECEWISE_BEZIER_KNOTS.);
#249=B_SPLINE_CURVE_WITH_KNOTS('',2,(#8250,#8251,#8252),.UNSPECIFIED.,.F.,
 .F.,(3,3),(0.,1.),.PIECEWISE_BEZIER_KNOTS.);
#250=B_SPLINE_CURVE_WITH_KNOTS('',2,(#8256,#8257,#8258),.UNSPECIFIED.,.F.,
 .F.,(3,3),(0.,1.),.PIECEWISE_BEZIER_KNOTS.);
#251=B_SPLINE_CURVE_WITH_KNOTS('',2,(#8260,#8261,#8262),.UNSPECIFIED.,.F.,
 .F.,(3,3),(0.,1.),.PIECEWISE_BEZIER_KNOTS.);
#252=B_SPLINE_CURVE_WITH_KNOTS('',2,(#8264,#8265,#8266),.UNSPECIFIED.,.F.,
 .F.,(3,3),(0.,1.),.PIECEWISE_BEZIER_KNOTS.);
#253=B_SPLINE_CURVE_WITH_KNOTS('',2,(#8268,#8269,#8270),.UNSPECIFIED.,.F.,
 .F.,(3,3),(0.,1.),.PIECEWISE_BEZIER_KNOTS.);
#254=B_SPLINE_CURVE_WITH_KNOTS('',2,(#8299,#8300,#8301),.UNSPECIFIED.,.F.,
 .F.,(3,3),(0.,1.),.PIECEWISE_BEZIER_KNOTS.);
#255=B_SPLINE_CURVE_WITH_KNOTS('',2,(#8303,#8304,#8305),.UNSPECIFIED.,.F.,
 .F.,(3,3),(0.,1.),.PIECEWISE_BEZIER_KNOTS.);
#256=B_SPLINE_CURVE_WITH_KNOTS('',2,(#8307,#8308,#8309),.UNSPECIFIED.,.F.,
 .F.,(3,3),(0.,1.),.PIECEWISE_BEZIER_KNOTS.);
#257=B_SPLINE_CURVE_WITH_KNOTS('',2,(#8311,#8312,#8313),.UNSPECIFIED.,.F.,
 .F.,(3,3),(0.,1.),.PIECEWISE_BEZIER_KNOTS.);
#258=B_SPLINE_CURVE_WITH_KNOTS('',2,(#8315,#8316,#8317),.UNSPECIFIED.,.F.,
 .F.,(3,3),(0.,1.),.PIECEWISE_BEZIER_KNOTS.);
#259=B_SPLINE_CURVE_WITH_KNOTS('',2,(#8325,#8326,#8327),.UNSPECIFIED.,.F.,
 .F.,(3,3),(0.,1.),.PIECEWISE_BEZIER_KNOTS.);
#260=B_SPLINE_CURVE_WITH_KNOTS('',2,(#8331,#8332,#8333),.UNSPECIFIED.,.F.,
 .F.,(3,3),(0.,1.),.PIECEWISE_BEZIER_KNOTS.);
#261=B_SPLINE_CURVE_WITH_KNOTS('',2,(#8337,#8338,#8339),.UNSPECIFIED.,.F.,
 .F.,(3,3),(0.,1.),.PIECEWISE_BEZIER_KNOTS.);
#262=B_SPLINE_CURVE_WITH_KNOTS('',2,(#8343,#8344,#8345),.UNSPECIFIED.,.F.,
 .F.,(3,3),(0.,1.),.PIECEWISE_BEZIER_KNOTS.);
#263=B_SPLINE_CURVE_WITH_KNOTS('',2,(#8347,#8348,#8349),.UNSPECIFIED.,.F.,
 .F.,(3,3),(0.,1.),.PIECEWISE_BEZIER_KNOTS.);
#264=B_SPLINE_CURVE_WITH_KNOTS('',2,(#8351,#8352,#8353),.UNSPECIFIED.,.F.,
 .F.,(3,3),(0.,1.),.PIECEWISE_BEZIER_KNOTS.);
#265=B_SPLINE_CURVE_WITH_KNOTS('',2,(#8355,#8356,#8357),.UNSPECIFIED.,.F.,
 .F.,(3,3),(0.,1.),.PIECEWISE_BEZIER_KNOTS.);
#266=B_SPLINE_CURVE_WITH_KNOTS('',2,(#8396,#8397,#8398),.UNSPECIFIED.,.F.,
 .F.,(3,3),(0.,1.),.PIECEWISE_BEZIER_KNOTS.);
#267=B_SPLINE_CURVE_WITH_KNOTS('',2,(#8401,#8402,#8403),.UNSPECIFIED.,.F.,
 .F.,(3,3),(0.,1.),.PIECEWISE_BEZIER_KNOTS.);
#268=B_SPLINE_CURVE_WITH_KNOTS('',2,(#8405,#8406,#8407),.UNSPECIFIED.,.F.,
 .F.,(3,3),(0.,1.),.PIECEWISE_BEZIER_KNOTS.);
#269=B_SPLINE_CURVE_WITH_KNOTS('',2,(#8409,#8410,#8411),.UNSPECIFIED.,.F.,
 .F.,(3,3),(0.,1.),.PIECEWISE_BEZIER_KNOTS.);
#270=B_SPLINE_CURVE_WITH_KNOTS('',2,(#8413,#8414,#8415),.UNSPECIFIED.,.F.,
 .F.,(3,3),(0.,1.),.PIECEWISE_BEZIER_KNOTS.);
#271=B_SPLINE_CURVE_WITH_KNOTS('',2,(#8421,#8422,#8423),.UNSPECIFIED.,.F.,
 .F.,(3,3),(0.,1.),.PIECEWISE_BEZIER_KNOTS.);
#272=B_SPLINE_CURVE_WITH_KNOTS('',2,(#8425,#8426,#8427),.UNSPECIFIED.,.F.,
 .F.,(3,3),(0.,1.),.PIECEWISE_BEZIER_KNOTS.);
#273=B_SPLINE_CURVE_WITH_KNOTS('',2,(#8429,#8430,#8431),.UNSPECIFIED.,.F.,
 .F.,(3,3),(0.,1.),.PIECEWISE_BEZIER_KNOTS.);
#274=B_SPLINE_CURVE_WITH_KNOTS('',2,(#8433,#8434,#8435),.UNSPECIFIED.,.F.,
 .F.,(3,3),(0.,1.),.PIECEWISE_BEZIER_KNOTS.);
#275=B_SPLINE_CURVE_WITH_KNOTS('',2,(#8439,#8440,#8441),.UNSPECIFIED.,.F.,
 .F.,(3,3),(0.,1.),.PIECEWISE_BEZIER_KNOTS.);
#276=B_SPLINE_CURVE_WITH_KNOTS('',2,(#8443,#8444,#8445),.UNSPECIFIED.,.F.,
 .F.,(3,3),(0.,1.),.PIECEWISE_BEZIER_KNOTS.);
#277=B_SPLINE_CURVE_WITH_KNOTS('',2,(#8447,#8448,#8449),.UNSPECIFIED.,.F.,
 .F.,(3,3),(0.,1.),.PIECEWISE_BEZIER_KNOTS.);
#278=B_SPLINE_CURVE_WITH_KNOTS('',2,(#8453,#8454,#8455),.UNSPECIFIED.,.F.,
 .F.,(3,3),(0.,1.),.PIECEWISE_BEZIER_KNOTS.);
#279=B_SPLINE_CURVE_WITH_KNOTS('',2,(#8457,#8458,#8459),.UNSPECIFIED.,.F.,
 .F.,(3,3),(0.,1.),.PIECEWISE_BEZIER_KNOTS.);
#280=B_SPLINE_CURVE_WITH_KNOTS('',2,(#8461,#8462,#8463),.UNSPECIFIED.,.F.,
 .F.,(3,3),(0.,1.),.PIECEWISE_BEZIER_KNOTS.);
#281=B_SPLINE_CURVE_WITH_KNOTS('',2,(#8469,#8470,#8471),.UNSPECIFIED.,.F.,
 .F.,(3,3),(0.,1.),.PIECEWISE_BEZIER_KNOTS.);
#282=B_SPLINE_CURVE_WITH_KNOTS('',2,(#8473,#8474,#8475),.UNSPECIFIED.,.F.,
 .F.,(3,3),(0.,1.),.PIECEWISE_BEZIER_KNOTS.);
#283=B_SPLINE_CURVE_WITH_KNOTS('',2,(#8479,#8480,#8481),.UNSPECIFIED.,.F.,
 .F.,(3,3),(0.,1.),.PIECEWISE_BEZIER_KNOTS.);
#284=B_SPLINE_CURVE_WITH_KNOTS('',2,(#8893,#8894,#8895),.UNSPECIFIED.,.F.,
 .F.,(3,3),(0.,1.),.PIECEWISE_BEZIER_KNOTS.);
#285=B_SPLINE_CURVE_WITH_KNOTS('',2,(#8906,#8907,#8908),.UNSPECIFIED.,.F.,
 .F.,(3,3),(0.,1.),.PIECEWISE_BEZIER_KNOTS.);
#286=B_SPLINE_CURVE_WITH_KNOTS('',2,(#8919,#8920,#8921),.UNSPECIFIED.,.F.,
 .F.,(3,3),(0.,1.),.PIECEWISE_BEZIER_KNOTS.);
#287=B_SPLINE_CURVE_WITH_KNOTS('',2,(#8932,#8933,#8934),.UNSPECIFIED.,.F.,
 .F.,(3,3),(0.,1.),.PIECEWISE_BEZIER_KNOTS.);
#288=B_SPLINE_CURVE_WITH_KNOTS('',2,(#8949,#8950,#8951),.UNSPECIFIED.,.F.,
 .F.,(3,3),(0.,1.),.PIECEWISE_BEZIER_KNOTS.);
#289=B_SPLINE_CURVE_WITH_KNOTS('',2,(#8966,#8967,#8968),.UNSPECIFIED.,.F.,
 .F.,(3,3),(0.,1.),.PIECEWISE_BEZIER_KNOTS.);
#290=B_SPLINE_CURVE_WITH_KNOTS('',2,(#8983,#8984,#8985),.UNSPECIFIED.,.F.,
 .F.,(3,3),(0.,1.),.PIECEWISE_BEZIER_KNOTS.);
#291=B_SPLINE_CURVE_WITH_KNOTS('',2,(#9008,#9009,#9010),.UNSPECIFIED.,.F.,
 .F.,(3,3),(0.,1.),.PIECEWISE_BEZIER_KNOTS.);
#292=B_SPLINE_CURVE_WITH_KNOTS('',2,(#9021,#9022,#9023),.UNSPECIFIED.,.F.,
 .F.,(3,3),(0.,1.),.PIECEWISE_BEZIER_KNOTS.);
#293=B_SPLINE_CURVE_WITH_KNOTS('',2,(#9034,#9035,#9036),.UNSPECIFIED.,.F.,
 .F.,(3,3),(0.,1.),.PIECEWISE_BEZIER_KNOTS.);
#294=B_SPLINE_CURVE_WITH_KNOTS('',2,(#9047,#9048,#9049),.UNSPECIFIED.,.F.,
 .F.,(3,3),(0.,1.),.PIECEWISE_BEZIER_KNOTS.);
#295=B_SPLINE_CURVE_WITH_KNOTS('',2,(#9058,#9059,#9060),.UNSPECIFIED.,.F.,
 .F.,(3,3),(0.,1.),.PIECEWISE_BEZIER_KNOTS.);
#296=B_SPLINE_CURVE_WITH_KNOTS('',2,(#9070,#9071,#9072),.UNSPECIFIED.,.F.,
 .F.,(3,3),(0.,1.),.PIECEWISE_BEZIER_KNOTS.);
#297=B_SPLINE_CURVE_WITH_KNOTS('',2,(#9077,#9078,#9079),.UNSPECIFIED.,.F.,
 .F.,(3,3),(0.,1.),.PIECEWISE_BEZIER_KNOTS.);
#298=B_SPLINE_CURVE_WITH_KNOTS('',2,(#9090,#9091,#9092),.UNSPECIFIED.,.F.,
 .F.,(3,3),(0.,1.),.PIECEWISE_BEZIER_KNOTS.);
#299=B_SPLINE_CURVE_WITH_KNOTS('',2,(#9096,#9097,#9098),.UNSPECIFIED.,.F.,
 .F.,(3,3),(0.,1.),.PIECEWISE_BEZIER_KNOTS.);
#300=B_SPLINE_CURVE_WITH_KNOTS('',2,(#9107,#9108,#9109),.UNSPECIFIED.,.F.,
 .F.,(3,3),(0.,1.),.PIECEWISE_BEZIER_KNOTS.);
#301=B_SPLINE_CURVE_WITH_KNOTS('',2,(#9113,#9114,#9115),.UNSPECIFIED.,.F.,
 .F.,(3,3),(0.,1.),.PIECEWISE_BEZIER_KNOTS.);
#302=B_SPLINE_CURVE_WITH_KNOTS('',2,(#9124,#9125,#9126),.UNSPECIFIED.,.F.,
 .F.,(3,3),(0.,1.),.PIECEWISE_BEZIER_KNOTS.);
#303=B_SPLINE_CURVE_WITH_KNOTS('',2,(#9130,#9131,#9132),.UNSPECIFIED.,.F.,
 .F.,(3,3),(0.,1.),.PIECEWISE_BEZIER_KNOTS.);
#304=B_SPLINE_CURVE_WITH_KNOTS('',2,(#9141,#9142,#9143),.UNSPECIFIED.,.F.,
 .F.,(3,3),(0.,1.),.PIECEWISE_BEZIER_KNOTS.);
#305=B_SPLINE_CURVE_WITH_KNOTS('',2,(#9147,#9148,#9149),.UNSPECIFIED.,.F.,
 .F.,(3,3),(0.,1.),.PIECEWISE_BEZIER_KNOTS.);
#306=B_SPLINE_CURVE_WITH_KNOTS('',2,(#9158,#9159,#9160),.UNSPECIFIED.,.F.,
 .F.,(3,3),(0.,1.),.PIECEWISE_BEZIER_KNOTS.);
#307=B_SPLINE_CURVE_WITH_KNOTS('',2,(#9164,#9165,#9166),.UNSPECIFIED.,.F.,
 .F.,(3,3),(0.,1.),.PIECEWISE_BEZIER_KNOTS.);
#308=B_SPLINE_CURVE_WITH_KNOTS('',2,(#9187,#9188,#9189),.UNSPECIFIED.,.F.,
 .F.,(3,3),(0.,1.),.PIECEWISE_BEZIER_KNOTS.);
#309=B_SPLINE_CURVE_WITH_KNOTS('',2,(#9193,#9194,#9195),.UNSPECIFIED.,.F.,
 .F.,(3,3),(0.,1.),.PIECEWISE_BEZIER_KNOTS.);
#310=B_SPLINE_CURVE_WITH_KNOTS('',2,(#9206,#9207,#9208),.UNSPECIFIED.,.F.,
 .F.,(3,3),(0.,1.),.PIECEWISE_BEZIER_KNOTS.);
#311=B_SPLINE_CURVE_WITH_KNOTS('',2,(#9221,#9222,#9223),.UNSPECIFIED.,.F.,
 .F.,(3,3),(0.,1.),.PIECEWISE_BEZIER_KNOTS.);
#312=B_SPLINE_CURVE_WITH_KNOTS('',2,(#9234,#9235,#9236),.UNSPECIFIED.,.F.,
 .F.,(3,3),(0.,1.),.PIECEWISE_BEZIER_KNOTS.);
#313=B_SPLINE_CURVE_WITH_KNOTS('',2,(#9251,#9252,#9253),.UNSPECIFIED.,.F.,
 .F.,(3,3),(0.,1.),.PIECEWISE_BEZIER_KNOTS.);
#314=B_SPLINE_CURVE_WITH_KNOTS('',2,(#9264,#9265,#9266),.UNSPECIFIED.,.F.,
 .F.,(3,3),(0.,1.),.PIECEWISE_BEZIER_KNOTS.);
#315=B_SPLINE_CURVE_WITH_KNOTS('',2,(#9285,#9286,#9287),.UNSPECIFIED.,.F.,
 .F.,(3,3),(0.,1.),.PIECEWISE_BEZIER_KNOTS.);
#316=B_SPLINE_CURVE_WITH_KNOTS('',2,(#9298,#9299,#9300),.UNSPECIFIED.,.F.,
 .F.,(3,3),(0.,1.),.PIECEWISE_BEZIER_KNOTS.);
#317=B_SPLINE_CURVE_WITH_KNOTS('',2,(#9311,#9312,#9313),.UNSPECIFIED.,.F.,
 .F.,(3,3),(0.,1.),.PIECEWISE_BEZIER_KNOTS.);
#318=B_SPLINE_CURVE_WITH_KNOTS('',2,(#9328,#9329,#9330),.UNSPECIFIED.,.F.,
 .F.,(3,3),(0.,1.),.PIECEWISE_BEZIER_KNOTS.);
#319=B_SPLINE_CURVE_WITH_KNOTS('',2,(#9341,#9342,#9343),.UNSPECIFIED.,.F.,
 .F.,(3,3),(0.,1.),.PIECEWISE_BEZIER_KNOTS.);
#320=B_SPLINE_CURVE_WITH_KNOTS('',2,(#9354,#9355,#9356),.UNSPECIFIED.,.F.,
 .F.,(3,3),(0.,1.),.PIECEWISE_BEZIER_KNOTS.);
#321=B_SPLINE_CURVE_WITH_KNOTS('',2,(#9371,#9372,#9373),.UNSPECIFIED.,.F.,
 .F.,(3,3),(0.,1.),.PIECEWISE_BEZIER_KNOTS.);
#322=B_SPLINE_CURVE_WITH_KNOTS('',2,(#9384,#9385,#9386),.UNSPECIFIED.,.F.,
 .F.,(3,3),(0.,1.),.PIECEWISE_BEZIER_KNOTS.);
#323=B_SPLINE_CURVE_WITH_KNOTS('',2,(#9397,#9398,#9399),.UNSPECIFIED.,.F.,
 .F.,(3,3),(0.,1.),.PIECEWISE_BEZIER_KNOTS.);
#324=B_SPLINE_CURVE_WITH_KNOTS('',2,(#9410,#9411,#9412),.UNSPECIFIED.,.F.,
 .F.,(3,3),(0.,1.),.PIECEWISE_BEZIER_KNOTS.);
#325=B_SPLINE_CURVE_WITH_KNOTS('',2,(#9431,#9432,#9433),.UNSPECIFIED.,.F.,
 .F.,(3,3),(0.,1.),.PIECEWISE_BEZIER_KNOTS.);
#326=B_SPLINE_CURVE_WITH_KNOTS('',2,(#9444,#9445,#9446),.UNSPECIFIED.,.F.,
 .F.,(3,3),(0.,1.),.PIECEWISE_BEZIER_KNOTS.);
#327=B_SPLINE_CURVE_WITH_KNOTS('',2,(#9455,#9456,#9457),.UNSPECIFIED.,.F.,
 .F.,(3,3),(0.,1.),.PIECEWISE_BEZIER_KNOTS.);
#328=B_SPLINE_CURVE_WITH_KNOTS('',2,(#9466,#9467,#9468),.UNSPECIFIED.,.F.,
 .F.,(3,3),(0.,1.),.PIECEWISE_BEZIER_KNOTS.);
#329=B_SPLINE_CURVE_WITH_KNOTS('',2,(#9469,#9470,#9471),.UNSPECIFIED.,.F.,
 .F.,(3,3),(0.,1.),.PIECEWISE_BEZIER_KNOTS.);
#330=B_SPLINE_CURVE_WITH_KNOTS('',2,(#9481,#9482,#9483),.UNSPECIFIED.,.F.,
 .F.,(3,3),(0.,1.),.PIECEWISE_BEZIER_KNOTS.);
#331=B_SPLINE_CURVE_WITH_KNOTS('',2,(#9488,#9489,#9490),.UNSPECIFIED.,.F.,
 .F.,(3,3),(0.,1.),.PIECEWISE_BEZIER_KNOTS.);
#332=B_SPLINE_CURVE_WITH_KNOTS('',2,(#9501,#9502,#9503),.UNSPECIFIED.,.F.,
 .F.,(3,3),(0.,1.),.PIECEWISE_BEZIER_KNOTS.);
#333=B_SPLINE_CURVE_WITH_KNOTS('',2,(#9507,#9508,#9509),.UNSPECIFIED.,.F.,
 .F.,(3,3),(0.,1.),.PIECEWISE_BEZIER_KNOTS.);
#334=B_SPLINE_CURVE_WITH_KNOTS('',2,(#9518,#9519,#9520),.UNSPECIFIED.,.F.,
 .F.,(3,3),(0.,1.),.PIECEWISE_BEZIER_KNOTS.);
#335=B_SPLINE_CURVE_WITH_KNOTS('',2,(#9524,#9525,#9526),.UNSPECIFIED.,.F.,
 .F.,(3,3),(0.,1.),.PIECEWISE_BEZIER_KNOTS.);
#336=B_SPLINE_CURVE_WITH_KNOTS('',2,(#9535,#9536,#9537),.UNSPECIFIED.,.F.,
 .F.,(3,3),(0.,1.),.PIECEWISE_BEZIER_KNOTS.);
#337=B_SPLINE_CURVE_WITH_KNOTS('',2,(#9541,#9542,#9543),.UNSPECIFIED.,.F.,
 .F.,(3,3),(0.,1.),.PIECEWISE_BEZIER_KNOTS.);
#338=B_SPLINE_CURVE_WITH_KNOTS('',2,(#9552,#9553,#9554),.UNSPECIFIED.,.F.,
 .F.,(3,3),(0.,1.),.PIECEWISE_BEZIER_KNOTS.);
#339=B_SPLINE_CURVE_WITH_KNOTS('',2,(#9558,#9559,#9560),.UNSPECIFIED.,.F.,
 .F.,(3,3),(0.,1.),.PIECEWISE_BEZIER_KNOTS.);
#340=B_SPLINE_CURVE_WITH_KNOTS('',2,(#9569,#9570,#9571),.UNSPECIFIED.,.F.,
 .F.,(3,3),(0.,1.),.PIECEWISE_BEZIER_KNOTS.);
#341=B_SPLINE_CURVE_WITH_KNOTS('',2,(#9575,#9576,#9577),.UNSPECIFIED.,.F.,
 .F.,(3,3),(0.,1.),.PIECEWISE_BEZIER_KNOTS.);
#342=B_SPLINE_CURVE_WITH_KNOTS('',2,(#9598,#9599,#9600),.UNSPECIFIED.,.F.,
 .F.,(3,3),(0.,1.),.PIECEWISE_BEZIER_KNOTS.);
#343=B_SPLINE_CURVE_WITH_KNOTS('',2,(#9604,#9605,#9606),.UNSPECIFIED.,.F.,
 .F.,(3,3),(0.,1.),.PIECEWISE_BEZIER_KNOTS.);
#344=B_SPLINE_CURVE_WITH_KNOTS('',2,(#9617,#9618,#9619),.UNSPECIFIED.,.F.,
 .F.,(3,3),(0.,1.),.PIECEWISE_BEZIER_KNOTS.);
#345=B_SPLINE_CURVE_WITH_KNOTS('',2,(#9632,#9633,#9634),.UNSPECIFIED.,.F.,
 .F.,(3,3),(0.,1.),.PIECEWISE_BEZIER_KNOTS.);
#346=B_SPLINE_CURVE_WITH_KNOTS('',2,(#9645,#9646,#9647),.UNSPECIFIED.,.F.,
 .F.,(3,3),(0.,1.),.PIECEWISE_BEZIER_KNOTS.);
#347=B_SPLINE_CURVE_WITH_KNOTS('',2,(#9662,#9663,#9664),.UNSPECIFIED.,.F.,
 .F.,(3,3),(0.,1.),.PIECEWISE_BEZIER_KNOTS.);
#348=B_SPLINE_CURVE_WITH_KNOTS('',2,(#9675,#9676,#9677),.UNSPECIFIED.,.F.,
 .F.,(3,3),(0.,1.),.PIECEWISE_BEZIER_KNOTS.);
#349=B_SPLINE_CURVE_WITH_KNOTS('',2,(#9696,#9697,#9698),.UNSPECIFIED.,.F.,
 .F.,(3,3),(0.,1.),.PIECEWISE_BEZIER_KNOTS.);
#350=B_SPLINE_CURVE_WITH_KNOTS('',2,(#9709,#9710,#9711),.UNSPECIFIED.,.F.,
 .F.,(3,3),(0.,1.),.PIECEWISE_BEZIER_KNOTS.);
#351=B_SPLINE_CURVE_WITH_KNOTS('',2,(#9722,#9723,#9724),.UNSPECIFIED.,.F.,
 .F.,(3,3),(0.,1.),.PIECEWISE_BEZIER_KNOTS.);
#352=B_SPLINE_CURVE_WITH_KNOTS('',2,(#9739,#9740,#9741),.UNSPECIFIED.,.F.,
 .F.,(3,3),(0.,1.),.PIECEWISE_BEZIER_KNOTS.);
#353=B_SPLINE_CURVE_WITH_KNOTS('',2,(#9752,#9753,#9754),.UNSPECIFIED.,.F.,
 .F.,(3,3),(0.,1.),.PIECEWISE_BEZIER_KNOTS.);
#354=B_SPLINE_CURVE_WITH_KNOTS('',2,(#9765,#9766,#9767),.UNSPECIFIED.,.F.,
 .F.,(3,3),(0.,1.),.PIECEWISE_BEZIER_KNOTS.);
#355=B_SPLINE_CURVE_WITH_KNOTS('',2,(#9782,#9783,#9784),.UNSPECIFIED.,.F.,
 .F.,(3,3),(0.,1.),.PIECEWISE_BEZIER_KNOTS.);
#356=B_SPLINE_CURVE_WITH_KNOTS('',2,(#9795,#9796,#9797),.UNSPECIFIED.,.F.,
 .F.,(3,3),(0.,1.),.PIECEWISE_BEZIER_KNOTS.);
#357=B_SPLINE_CURVE_WITH_KNOTS('',2,(#9808,#9809,#9810),.UNSPECIFIED.,.F.,
 .F.,(3,3),(0.,1.),.PIECEWISE_BEZIER_KNOTS.);
#358=B_SPLINE_CURVE_WITH_KNOTS('',2,(#9821,#9822,#9823),.UNSPECIFIED.,.F.,
 .F.,(3,3),(0.,1.),.PIECEWISE_BEZIER_KNOTS.);
#359=B_SPLINE_CURVE_WITH_KNOTS('',2,(#9842,#9843,#9844),.UNSPECIFIED.,.F.,
 .F.,(3,3),(0.,1.),.PIECEWISE_BEZIER_KNOTS.);
#360=B_SPLINE_CURVE_WITH_KNOTS('',2,(#9855,#9856,#9857),.UNSPECIFIED.,.F.,
 .F.,(3,3),(0.,1.),.PIECEWISE_BEZIER_KNOTS.);
#361=B_SPLINE_CURVE_WITH_KNOTS('',2,(#9866,#9867,#9868),.UNSPECIFIED.,.F.,
 .F.,(3,3),(0.,1.),.PIECEWISE_BEZIER_KNOTS.);
#362=B_SPLINE_CURVE_WITH_KNOTS('',2,(#9877,#9878,#9879),.UNSPECIFIED.,.F.,
 .F.,(3,3),(0.,1.),.PIECEWISE_BEZIER_KNOTS.);
#363=B_SPLINE_CURVE_WITH_KNOTS('',2,(#9880,#9881,#9882),.UNSPECIFIED.,.F.,
 .F.,(3,3),(0.,1.),.PIECEWISE_BEZIER_KNOTS.);
#364=B_SPLINE_CURVE_WITH_KNOTS('',2,(#9908,#9909,#9910),.UNSPECIFIED.,.F.,
 .F.,(3,3),(0.,1.),.PIECEWISE_BEZIER_KNOTS.);
#365=B_SPLINE_CURVE_WITH_KNOTS('',2,(#9921,#9922,#9923),.UNSPECIFIED.,.F.,
 .F.,(3,3),(0.,1.),.PIECEWISE_BEZIER_KNOTS.);
#366=B_SPLINE_CURVE_WITH_KNOTS('',2,(#9934,#9935,#9936),.UNSPECIFIED.,.F.,
 .F.,(3,3),(0.,1.),.PIECEWISE_BEZIER_KNOTS.);
#367=B_SPLINE_CURVE_WITH_KNOTS('',2,(#9947,#9948,#9949),.UNSPECIFIED.,.F.,
 .F.,(3,3),(0.,1.),.PIECEWISE_BEZIER_KNOTS.);
#368=B_SPLINE_CURVE_WITH_KNOTS('',2,(#9964,#9965,#9966),.UNSPECIFIED.,.F.,
 .F.,(3,3),(0.,1.),.PIECEWISE_BEZIER_KNOTS.);
#369=B_SPLINE_CURVE_WITH_KNOTS('',2,(#9981,#9982,#9983),.UNSPECIFIED.,.F.,
 .F.,(3,3),(0.,1.),.PIECEWISE_BEZIER_KNOTS.);
#370=B_SPLINE_CURVE_WITH_KNOTS('',2,(#9998,#9999,#10000),.UNSPECIFIED.,
 .F.,.F.,(3,3),(0.,1.),.PIECEWISE_BEZIER_KNOTS.);
#371=B_SPLINE_CURVE_WITH_KNOTS('',2,(#10023,#10024,#10025),
 .UNSPECIFIED.,.F.,.F.,(3,3),(0.,1.),.PIECEWISE_BEZIER_KNOTS.);
#372=B_SPLINE_CURVE_WITH_KNOTS('',2,(#10036,#10037,#10038),
 .UNSPECIFIED.,.F.,.F.,(3,3),(0.,1.),.PIECEWISE_BEZIER_KNOTS.);
#373=B_SPLINE_CURVE_WITH_KNOTS('',2,(#10049,#10050,#10051),
 .UNSPECIFIED.,.F.,.F.,(3,3),(0.,1.),.PIECEWISE_BEZIER_KNOTS.);
#374=B_SPLINE_CURVE_WITH_KNOTS('',2,(#10062,#10063,#10064),
 .UNSPECIFIED.,.F.,.F.,(3,3),(0.,1.),.PIECEWISE_BEZIER_KNOTS.);
#375=B_SPLINE_CURVE_WITH_KNOTS('',2,(#10073,#10074,#10075),
 .UNSPECIFIED.,.F.,.F.,(3,3),(0.,1.),.PIECEWISE_BEZIER_KNOTS.);
#376=B_SPLINE_CURVE_WITH_KNOTS('',2,(#10487,#10488,#10489),
 .UNSPECIFIED.,.F.,.F.,(3,3),(0.,1.),.PIECEWISE_BEZIER_KNOTS.);
#377=B_SPLINE_CURVE_WITH_KNOTS('',2,(#10492,#10493,#10494),
 .UNSPECIFIED.,.F.,.F.,(3,3),(0.,1.),.PIECEWISE_BEZIER_KNOTS.);
#378=B_SPLINE_CURVE_WITH_KNOTS('',2,(#10496,#10497,#10498),
 .UNSPECIFIED.,.F.,.F.,(3,3),(0.,1.),.PIECEWISE_BEZIER_KNOTS.);
#379=B_SPLINE_CURVE_WITH_KNOTS('',2,(#10500,#10501,#10502),
 .UNSPECIFIED.,.F.,.F.,(3,3),(0.,1.),.PIECEWISE_BEZIER_KNOTS.);
#380=B_SPLINE_CURVE_WITH_KNOTS('',2,(#10510,#10511,#10512),
 .UNSPECIFIED.,.F.,.F.,(3,3),(0.,1.),.PIECEWISE_BEZIER_KNOTS.);
#381=B_SPLINE_CURVE_WITH_KNOTS('',2,(#10514,#10515,#10516),
 .UNSPECIFIED.,.F.,.F.,(3,3),(0.,1.),.PIECEWISE_BEZIER_KNOTS.);
#382=B_SPLINE_CURVE_WITH_KNOTS('',2,(#10518,#10519,#10520),
 .UNSPECIFIED.,.F.,.F.,(3,3),(0.,1.),.PIECEWISE_BEZIER_KNOTS.);
#383=B_SPLINE_CURVE_WITH_KNOTS('',2,(#10522,#10523,#10524),
 .UNSPECIFIED.,.F.,.F.,(3,3),(0.,1.),.PIECEWISE_BEZIER_KNOTS.);
#384=B_SPLINE_CURVE_WITH_KNOTS('',2,(#10532,#10533,#10534),
 .UNSPECIFIED.,.F.,.F.,(3,3),(0.,1.),.PIECEWISE_BEZIER_KNOTS.);
#385=B_SPLINE_CURVE_WITH_KNOTS('',2,(#10536,#10537,#10538),
 .UNSPECIFIED.,.F.,.F.,(3,3),(0.,1.),.PIECEWISE_BEZIER_KNOTS.);
#386=B_SPLINE_CURVE_WITH_KNOTS('',3,(#10597,#10598,#10599,#10600,#10601,
#10602,#10603,#10604,#10605,#10606,#10607),.UNSPECIFIED.,.F.,.F.,(4,1,1,
1,1,1,1,1,4),(0.,0.000946485786232245,0.00189297157246449,0.00283945735869673,
0.00378594314492898,0.00473242893116122,0.00567891471739347,0.00662540050362571,
0.00757188628985796),.UNSPECIFIED.);
#387=B_SPLINE_CURVE_WITH_KNOTS('',3,(#10611,#10612,#10613,#10614,#10615,
#10616,#10617,#10618,#10619,#10620,#10621),.UNSPECIFIED.,.F.,.F.,(4,1,1,
1,1,1,1,1,4),(0.,0.00094648578623224,0.00189297157246448,0.00283945735869672,
0.00378594314492896,0.0047324289311612,0.00567891471739344,0.00662540050362568,
0.00757188628985792),.UNSPECIFIED.);
#388=B_SPLINE_CURVE_WITH_KNOTS('',2,(#10703,#10704,#10705),
 .UNSPECIFIED.,.F.,.F.,(3,3),(0.,1.),.PIECEWISE_BEZIER_KNOTS.);
#389=B_SPLINE_CURVE_WITH_KNOTS('',2,(#10718,#10719,#10720),
 .UNSPECIFIED.,.F.,.F.,(3,3),(0.,1.),.PIECEWISE_BEZIER_KNOTS.);
#390=B_SPLINE_CURVE_WITH_KNOTS('',2,(#10731,#10732,#10733),
 .UNSPECIFIED.,.F.,.F.,(3,3),(0.,1.),.PIECEWISE_BEZIER_KNOTS.);
#391=B_SPLINE_CURVE_WITH_KNOTS('',2,(#10744,#10745,#10746),
 .UNSPECIFIED.,.F.,.F.,(3,3),(0.,1.),.PIECEWISE_BEZIER_KNOTS.);
#392=B_SPLINE_CURVE_WITH_KNOTS('',2,(#10769,#10770,#10771),
 .UNSPECIFIED.,.F.,.F.,(3,3),(0.,1.),.PIECEWISE_BEZIER_KNOTS.);
#393=B_SPLINE_CURVE_WITH_KNOTS('',2,(#10782,#10783,#10784),
 .UNSPECIFIED.,.F.,.F.,(3,3),(0.,1.),.PIECEWISE_BEZIER_KNOTS.);
#394=B_SPLINE_CURVE_WITH_KNOTS('',2,(#10795,#10796,#10797),
 .UNSPECIFIED.,.F.,.F.,(3,3),(0.,1.),.PIECEWISE_BEZIER_KNOTS.);
#395=B_SPLINE_CURVE_WITH_KNOTS('',2,(#10808,#10809,#10810),
 .UNSPECIFIED.,.F.,.F.,(3,3),(0.,1.),.PIECEWISE_BEZIER_KNOTS.);
#396=B_SPLINE_CURVE_WITH_KNOTS('',2,(#10833,#10834,#10835),
 .UNSPECIFIED.,.F.,.F.,(3,3),(0.,1.),.PIECEWISE_BEZIER_KNOTS.);
#397=B_SPLINE_CURVE_WITH_KNOTS('',2,(#10844,#10845,#10846),
 .UNSPECIFIED.,.F.,.F.,(3,3),(0.,1.),.PIECEWISE_BEZIER_KNOTS.);
#398=ORIENTED_EDGE('',*,*,#2170,.F.);
#399=ORIENTED_EDGE('',*,*,#2171,.T.);
#400=ORIENTED_EDGE('',*,*,#2172,.T.);
#401=ORIENTED_EDGE('',*,*,#2173,.F.);
#402=ORIENTED_EDGE('',*,*,#2174,.T.);
#403=ORIENTED_EDGE('',*,*,#2175,.T.);
#404=ORIENTED_EDGE('',*,*,#2176,.T.);
#405=ORIENTED_EDGE('',*,*,#2177,.T.);
#406=ORIENTED_EDGE('',*,*,#2178,.T.);
#407=ORIENTED_EDGE('',*,*,#2179,.T.);
#408=ORIENTED_EDGE('',*,*,#2180,.T.);
#409=ORIENTED_EDGE('',*,*,#2181,.T.);
#410=ORIENTED_EDGE('',*,*,#2182,.T.);
#411=ORIENTED_EDGE('',*,*,#2183,.T.);
#412=ORIENTED_EDGE('',*,*,#2184,.T.);
#413=ORIENTED_EDGE('',*,*,#2185,.T.);
#414=ORIENTED_EDGE('',*,*,#2186,.T.);
#415=ORIENTED_EDGE('',*,*,#2187,.T.);
#416=ORIENTED_EDGE('',*,*,#2188,.T.);
#417=ORIENTED_EDGE('',*,*,#2189,.T.);
#418=ORIENTED_EDGE('',*,*,#2190,.T.);
#419=ORIENTED_EDGE('',*,*,#2191,.T.);
#420=ORIENTED_EDGE('',*,*,#2192,.T.);
#421=ORIENTED_EDGE('',*,*,#2193,.T.);
#422=ORIENTED_EDGE('',*,*,#2194,.T.);
#423=ORIENTED_EDGE('',*,*,#2195,.T.);
#424=ORIENTED_EDGE('',*,*,#2196,.T.);
#425=ORIENTED_EDGE('',*,*,#2197,.T.);
#426=ORIENTED_EDGE('',*,*,#2198,.T.);
#427=ORIENTED_EDGE('',*,*,#2199,.T.);
#428=ORIENTED_EDGE('',*,*,#2200,.T.);
#429=ORIENTED_EDGE('',*,*,#2201,.T.);
#430=ORIENTED_EDGE('',*,*,#2202,.T.);
#431=ORIENTED_EDGE('',*,*,#2203,.T.);
#432=ORIENTED_EDGE('',*,*,#2204,.T.);
#433=ORIENTED_EDGE('',*,*,#2205,.T.);
#434=ORIENTED_EDGE('',*,*,#2206,.T.);
#435=ORIENTED_EDGE('',*,*,#2207,.T.);
#436=ORIENTED_EDGE('',*,*,#2208,.T.);
#437=ORIENTED_EDGE('',*,*,#2209,.T.);
#438=ORIENTED_EDGE('',*,*,#2210,.T.);
#439=ORIENTED_EDGE('',*,*,#2211,.T.);
#440=ORIENTED_EDGE('',*,*,#2212,.T.);
#441=ORIENTED_EDGE('',*,*,#2213,.T.);
#442=ORIENTED_EDGE('',*,*,#2214,.T.);
#443=ORIENTED_EDGE('',*,*,#2215,.T.);
#444=ORIENTED_EDGE('',*,*,#2216,.T.);
#445=ORIENTED_EDGE('',*,*,#2217,.T.);
#446=ORIENTED_EDGE('',*,*,#2218,.T.);
#447=ORIENTED_EDGE('',*,*,#2219,.T.);
#448=ORIENTED_EDGE('',*,*,#2220,.T.);
#449=ORIENTED_EDGE('',*,*,#2221,.T.);
#450=ORIENTED_EDGE('',*,*,#2222,.T.);
#451=ORIENTED_EDGE('',*,*,#2223,.T.);
#452=ORIENTED_EDGE('',*,*,#2224,.T.);
#453=ORIENTED_EDGE('',*,*,#2225,.T.);
#454=ORIENTED_EDGE('',*,*,#2226,.T.);
#455=ORIENTED_EDGE('',*,*,#2227,.T.);
#456=ORIENTED_EDGE('',*,*,#2228,.T.);
#457=ORIENTED_EDGE('',*,*,#2229,.T.);
#458=ORIENTED_EDGE('',*,*,#2230,.T.);
#459=ORIENTED_EDGE('',*,*,#2231,.T.);
#460=ORIENTED_EDGE('',*,*,#2232,.T.);
#461=ORIENTED_EDGE('',*,*,#2233,.T.);
#462=ORIENTED_EDGE('',*,*,#2234,.T.);
#463=ORIENTED_EDGE('',*,*,#2235,.T.);
#464=ORIENTED_EDGE('',*,*,#2236,.T.);
#465=ORIENTED_EDGE('',*,*,#2237,.T.);
#466=ORIENTED_EDGE('',*,*,#2238,.T.);
#467=ORIENTED_EDGE('',*,*,#2239,.T.);
#468=ORIENTED_EDGE('',*,*,#2240,.T.);
#469=ORIENTED_EDGE('',*,*,#2241,.T.);
#470=ORIENTED_EDGE('',*,*,#2242,.T.);
#471=ORIENTED_EDGE('',*,*,#2243,.T.);
#472=ORIENTED_EDGE('',*,*,#2244,.T.);
#473=ORIENTED_EDGE('',*,*,#2245,.T.);
#474=ORIENTED_EDGE('',*,*,#2246,.T.);
#475=ORIENTED_EDGE('',*,*,#2247,.T.);
#476=ORIENTED_EDGE('',*,*,#2248,.T.);
#477=ORIENTED_EDGE('',*,*,#2249,.T.);
#478=ORIENTED_EDGE('',*,*,#2250,.T.);
#479=ORIENTED_EDGE('',*,*,#2251,.T.);
#480=ORIENTED_EDGE('',*,*,#2252,.T.);
#481=ORIENTED_EDGE('',*,*,#2253,.T.);
#482=ORIENTED_EDGE('',*,*,#2254,.T.);
#483=ORIENTED_EDGE('',*,*,#2255,.T.);
#484=ORIENTED_EDGE('',*,*,#2256,.T.);
#485=ORIENTED_EDGE('',*,*,#2257,.T.);
#486=ORIENTED_EDGE('',*,*,#2258,.T.);
#487=ORIENTED_EDGE('',*,*,#2259,.T.);
#488=ORIENTED_EDGE('',*,*,#2260,.T.);
#489=ORIENTED_EDGE('',*,*,#2261,.F.);
#490=ORIENTED_EDGE('',*,*,#2262,.F.);
#491=ORIENTED_EDGE('',*,*,#2263,.T.);
#492=ORIENTED_EDGE('',*,*,#2264,.T.);
#493=ORIENTED_EDGE('',*,*,#2265,.F.);
#494=ORIENTED_EDGE('',*,*,#2266,.F.);
#495=ORIENTED_EDGE('',*,*,#2267,.F.);
#496=ORIENTED_EDGE('',*,*,#2268,.F.);
#497=ORIENTED_EDGE('',*,*,#2269,.T.);
#498=ORIENTED_EDGE('',*,*,#2270,.T.);
#499=ORIENTED_EDGE('',*,*,#2271,.T.);
#500=ORIENTED_EDGE('',*,*,#2272,.T.);
#501=ORIENTED_EDGE('',*,*,#2273,.T.);
#502=ORIENTED_EDGE('',*,*,#2274,.T.);
#503=ORIENTED_EDGE('',*,*,#2275,.T.);
#504=ORIENTED_EDGE('',*,*,#2276,.T.);
#505=ORIENTED_EDGE('',*,*,#2277,.T.);
#506=ORIENTED_EDGE('',*,*,#2278,.T.);
#507=ORIENTED_EDGE('',*,*,#2279,.T.);
#508=ORIENTED_EDGE('',*,*,#2280,.T.);
#509=ORIENTED_EDGE('',*,*,#2281,.T.);
#510=ORIENTED_EDGE('',*,*,#2282,.T.);
#511=ORIENTED_EDGE('',*,*,#2283,.T.);
#512=ORIENTED_EDGE('',*,*,#2284,.T.);
#513=ORIENTED_EDGE('',*,*,#2285,.T.);
#514=ORIENTED_EDGE('',*,*,#2286,.T.);
#515=ORIENTED_EDGE('',*,*,#2287,.T.);
#516=ORIENTED_EDGE('',*,*,#2288,.T.);
#517=ORIENTED_EDGE('',*,*,#2289,.T.);
#518=ORIENTED_EDGE('',*,*,#2290,.T.);
#519=ORIENTED_EDGE('',*,*,#2291,.T.);
#520=ORIENTED_EDGE('',*,*,#2292,.T.);
#521=ORIENTED_EDGE('',*,*,#2293,.T.);
#522=ORIENTED_EDGE('',*,*,#2294,.T.);
#523=ORIENTED_EDGE('',*,*,#2295,.T.);
#524=ORIENTED_EDGE('',*,*,#2296,.F.);
#525=ORIENTED_EDGE('',*,*,#2297,.F.);
#526=ORIENTED_EDGE('',*,*,#2298,.T.);
#527=ORIENTED_EDGE('',*,*,#2299,.F.);
#528=ORIENTED_EDGE('',*,*,#2300,.T.);
#529=ORIENTED_EDGE('',*,*,#2301,.T.);
#530=ORIENTED_EDGE('',*,*,#2302,.T.);
#531=ORIENTED_EDGE('',*,*,#2303,.F.);
#532=ORIENTED_EDGE('',*,*,#2304,.T.);
#533=ORIENTED_EDGE('',*,*,#2305,.T.);
#534=ORIENTED_EDGE('',*,*,#2306,.T.);
#535=ORIENTED_EDGE('',*,*,#2307,.T.);
#536=ORIENTED_EDGE('',*,*,#2308,.T.);
#537=ORIENTED_EDGE('',*,*,#2309,.F.);
#538=ORIENTED_EDGE('',*,*,#2310,.T.);
#539=ORIENTED_EDGE('',*,*,#2311,.T.);
#540=ORIENTED_EDGE('',*,*,#2312,.T.);
#541=ORIENTED_EDGE('',*,*,#2313,.T.);
#542=ORIENTED_EDGE('',*,*,#2314,.F.);
#543=ORIENTED_EDGE('',*,*,#2315,.F.);
#544=ORIENTED_EDGE('',*,*,#2316,.F.);
#545=ORIENTED_EDGE('',*,*,#2317,.T.);
#546=ORIENTED_EDGE('',*,*,#2318,.F.);
#547=ORIENTED_EDGE('',*,*,#2319,.F.);
#548=ORIENTED_EDGE('',*,*,#2320,.F.);
#549=ORIENTED_EDGE('',*,*,#2321,.T.);
#550=ORIENTED_EDGE('',*,*,#2322,.F.);
#551=ORIENTED_EDGE('',*,*,#2323,.F.);
#552=ORIENTED_EDGE('',*,*,#2324,.T.);
#553=ORIENTED_EDGE('',*,*,#2325,.T.);
#554=ORIENTED_EDGE('',*,*,#2326,.T.);
#555=ORIENTED_EDGE('',*,*,#2327,.F.);
#556=ORIENTED_EDGE('',*,*,#2328,.F.);
#557=ORIENTED_EDGE('',*,*,#2329,.T.);
#558=ORIENTED_EDGE('',*,*,#2330,.F.);
#559=ORIENTED_EDGE('',*,*,#2331,.T.);
#560=ORIENTED_EDGE('',*,*,#2332,.F.);
#561=ORIENTED_EDGE('',*,*,#2333,.T.);
#562=ORIENTED_EDGE('',*,*,#2334,.T.);
#563=ORIENTED_EDGE('',*,*,#2335,.F.);
#564=ORIENTED_EDGE('',*,*,#2336,.F.);
#565=ORIENTED_EDGE('',*,*,#2306,.F.);
#566=ORIENTED_EDGE('',*,*,#2337,.T.);
#567=ORIENTED_EDGE('',*,*,#2338,.T.);
#568=ORIENTED_EDGE('',*,*,#2339,.F.);
#569=ORIENTED_EDGE('',*,*,#2302,.F.);
#570=ORIENTED_EDGE('',*,*,#2340,.F.);
#571=ORIENTED_EDGE('',*,*,#2341,.F.);
#572=ORIENTED_EDGE('',*,*,#2342,.T.);
#573=ORIENTED_EDGE('',*,*,#2298,.F.);
#574=ORIENTED_EDGE('',*,*,#2343,.T.);
#575=ORIENTED_EDGE('',*,*,#2344,.F.);
#576=ORIENTED_EDGE('',*,*,#2345,.T.);
#577=ORIENTED_EDGE('',*,*,#2346,.T.);
#578=ORIENTED_EDGE('',*,*,#2347,.F.);
#579=ORIENTED_EDGE('',*,*,#2348,.F.);
#580=ORIENTED_EDGE('',*,*,#2349,.T.);
#581=ORIENTED_EDGE('',*,*,#2350,.T.);
#582=ORIENTED_EDGE('',*,*,#2351,.F.);
#583=ORIENTED_EDGE('',*,*,#2352,.T.);
#584=ORIENTED_EDGE('',*,*,#2353,.T.);
#585=ORIENTED_EDGE('',*,*,#2354,.F.);
#586=ORIENTED_EDGE('',*,*,#2355,.F.);
#587=ORIENTED_EDGE('',*,*,#2356,.T.);
#588=ORIENTED_EDGE('',*,*,#2314,.T.);
#589=ORIENTED_EDGE('',*,*,#2357,.T.);
#590=ORIENTED_EDGE('',*,*,#2358,.T.);
#591=ORIENTED_EDGE('',*,*,#2359,.F.);
#592=ORIENTED_EDGE('',*,*,#2322,.T.);
#593=ORIENTED_EDGE('',*,*,#2360,.F.);
#594=ORIENTED_EDGE('',*,*,#2361,.F.);
#595=ORIENTED_EDGE('',*,*,#2362,.T.);
#596=ORIENTED_EDGE('',*,*,#2318,.T.);
#597=ORIENTED_EDGE('',*,*,#2363,.F.);
#598=ORIENTED_EDGE('',*,*,#2364,.T.);
#599=ORIENTED_EDGE('',*,*,#2365,.T.);
#600=ORIENTED_EDGE('',*,*,#2366,.T.);
#601=ORIENTED_EDGE('',*,*,#2367,.T.);
#602=ORIENTED_EDGE('',*,*,#2368,.T.);
#603=ORIENTED_EDGE('',*,*,#2369,.T.);
#604=ORIENTED_EDGE('',*,*,#2370,.T.);
#605=ORIENTED_EDGE('',*,*,#2371,.T.);
#606=ORIENTED_EDGE('',*,*,#2372,.T.);
#607=ORIENTED_EDGE('',*,*,#2373,.T.);
#608=ORIENTED_EDGE('',*,*,#2346,.F.);
#609=ORIENTED_EDGE('',*,*,#2374,.F.);
#610=ORIENTED_EDGE('',*,*,#2375,.T.);
#611=ORIENTED_EDGE('',*,*,#2376,.T.);
#612=ORIENTED_EDGE('',*,*,#2377,.T.);
#613=ORIENTED_EDGE('',*,*,#2372,.F.);
#614=ORIENTED_EDGE('',*,*,#2378,.T.);
#615=ORIENTED_EDGE('',*,*,#2373,.F.);
#616=ORIENTED_EDGE('',*,*,#2375,.F.);
#617=ORIENTED_EDGE('',*,*,#2379,.F.);
#618=ORIENTED_EDGE('',*,*,#2380,.T.);
#619=ORIENTED_EDGE('',*,*,#2381,.T.);
#620=ORIENTED_EDGE('',*,*,#2376,.F.);
#621=ORIENTED_EDGE('',*,*,#2381,.F.);
#622=ORIENTED_EDGE('',*,*,#2382,.T.);
#623=ORIENTED_EDGE('',*,*,#2347,.T.);
#624=ORIENTED_EDGE('',*,*,#2383,.T.);
#625=ORIENTED_EDGE('',*,*,#2364,.F.);
#626=ORIENTED_EDGE('',*,*,#2384,.T.);
#627=ORIENTED_EDGE('',*,*,#2365,.F.);
#628=ORIENTED_EDGE('',*,*,#2385,.T.);
#629=ORIENTED_EDGE('',*,*,#2366,.F.);
#630=ORIENTED_EDGE('',*,*,#2386,.T.);
#631=ORIENTED_EDGE('',*,*,#2367,.F.);
#632=ORIENTED_EDGE('',*,*,#2368,.F.);
#633=ORIENTED_EDGE('',*,*,#2266,.T.);
#634=ORIENTED_EDGE('',*,*,#2369,.F.);
#635=ORIENTED_EDGE('',*,*,#2267,.T.);
#636=ORIENTED_EDGE('',*,*,#2370,.F.);
#637=ORIENTED_EDGE('',*,*,#2268,.T.);
#638=ORIENTED_EDGE('',*,*,#2371,.F.);
#639=ORIENTED_EDGE('',*,*,#2261,.T.);
#640=ORIENTED_EDGE('',*,*,#2329,.F.);
#641=ORIENTED_EDGE('',*,*,#2387,.F.);
#642=ORIENTED_EDGE('',*,*,#2324,.F.);
#643=ORIENTED_EDGE('',*,*,#2388,.F.);
#644=ORIENTED_EDGE('',*,*,#2377,.F.);
#645=ORIENTED_EDGE('',*,*,#2389,.F.);
#646=ORIENTED_EDGE('',*,*,#2378,.F.);
#647=ORIENTED_EDGE('',*,*,#2336,.T.);
#648=ORIENTED_EDGE('',*,*,#2350,.F.);
#649=ORIENTED_EDGE('',*,*,#2345,.F.);
#650=ORIENTED_EDGE('',*,*,#2390,.T.);
#651=ORIENTED_EDGE('',*,*,#2391,.F.);
#652=ORIENTED_EDGE('',*,*,#2307,.F.);
#653=ORIENTED_EDGE('',*,*,#2359,.T.);
#654=ORIENTED_EDGE('',*,*,#2392,.T.);
#655=ORIENTED_EDGE('',*,*,#2343,.F.);
#656=ORIENTED_EDGE('',*,*,#2323,.T.);
#657=ORIENTED_EDGE('',*,*,#2393,.F.);
#658=ORIENTED_EDGE('',*,*,#2394,.T.);
#659=ORIENTED_EDGE('',*,*,#2357,.F.);
#660=ORIENTED_EDGE('',*,*,#2313,.F.);
#661=ORIENTED_EDGE('',*,*,#2395,.T.);
#662=ORIENTED_EDGE('',*,*,#2396,.T.);
#663=ORIENTED_EDGE('',*,*,#2308,.F.);
#664=ORIENTED_EDGE('',*,*,#2391,.T.);
#665=ORIENTED_EDGE('',*,*,#2397,.F.);
#666=ORIENTED_EDGE('',*,*,#2393,.T.);
#667=ORIENTED_EDGE('',*,*,#2312,.F.);
#668=ORIENTED_EDGE('',*,*,#2398,.F.);
#669=ORIENTED_EDGE('',*,*,#2374,.T.);
#670=ORIENTED_EDGE('',*,*,#2349,.F.);
#671=ORIENTED_EDGE('',*,*,#2399,.F.);
#672=ORIENTED_EDGE('',*,*,#2379,.T.);
#673=ORIENTED_EDGE('',*,*,#2400,.T.);
#674=ORIENTED_EDGE('',*,*,#2399,.T.);
#675=ORIENTED_EDGE('',*,*,#2348,.T.);
#676=ORIENTED_EDGE('',*,*,#2382,.F.);
#677=ORIENTED_EDGE('',*,*,#2380,.F.);
#678=ORIENTED_EDGE('',*,*,#2400,.F.);
#679=ORIENTED_EDGE('',*,*,#2401,.F.);
#680=ORIENTED_EDGE('',*,*,#2402,.T.);
#681=ORIENTED_EDGE('',*,*,#2403,.T.);
#682=ORIENTED_EDGE('',*,*,#2358,.F.);
#683=ORIENTED_EDGE('',*,*,#2394,.F.);
#684=ORIENTED_EDGE('',*,*,#2397,.T.);
#685=ORIENTED_EDGE('',*,*,#2390,.F.);
#686=ORIENTED_EDGE('',*,*,#2344,.T.);
#687=ORIENTED_EDGE('',*,*,#2392,.F.);
#688=ORIENTED_EDGE('',*,*,#2401,.T.);
#689=ORIENTED_EDGE('',*,*,#2404,.T.);
#690=ORIENTED_EDGE('',*,*,#2405,.T.);
#691=ORIENTED_EDGE('',*,*,#2406,.T.);
#692=ORIENTED_EDGE('',*,*,#2406,.F.);
#693=ORIENTED_EDGE('',*,*,#2403,.F.);
#694=ORIENTED_EDGE('',*,*,#2407,.T.);
#695=ORIENTED_EDGE('',*,*,#2407,.F.);
#696=ORIENTED_EDGE('',*,*,#2404,.F.);
#697=ORIENTED_EDGE('',*,*,#2408,.T.);
#698=ORIENTED_EDGE('',*,*,#2408,.F.);
#699=ORIENTED_EDGE('',*,*,#2402,.F.);
#700=ORIENTED_EDGE('',*,*,#2409,.T.);
#701=ORIENTED_EDGE('',*,*,#2409,.F.);
#702=ORIENTED_EDGE('',*,*,#2405,.F.);
#703=ORIENTED_EDGE('',*,*,#2362,.F.);
#704=ORIENTED_EDGE('',*,*,#2410,.F.);
#705=ORIENTED_EDGE('',*,*,#2411,.T.);
#706=ORIENTED_EDGE('',*,*,#2319,.T.);
#707=ORIENTED_EDGE('',*,*,#2361,.T.);
#708=ORIENTED_EDGE('',*,*,#2412,.F.);
#709=ORIENTED_EDGE('',*,*,#2413,.F.);
#710=ORIENTED_EDGE('',*,*,#2410,.T.);
#711=ORIENTED_EDGE('',*,*,#2360,.T.);
#712=ORIENTED_EDGE('',*,*,#2321,.F.);
#713=ORIENTED_EDGE('',*,*,#2414,.F.);
#714=ORIENTED_EDGE('',*,*,#2412,.T.);
#715=ORIENTED_EDGE('',*,*,#2411,.F.);
#716=ORIENTED_EDGE('',*,*,#2413,.T.);
#717=ORIENTED_EDGE('',*,*,#2414,.T.);
#718=ORIENTED_EDGE('',*,*,#2320,.T.);
#719=ORIENTED_EDGE('',*,*,#2356,.F.);
#720=ORIENTED_EDGE('',*,*,#2415,.F.);
#721=ORIENTED_EDGE('',*,*,#2416,.T.);
#722=ORIENTED_EDGE('',*,*,#2315,.T.);
#723=ORIENTED_EDGE('',*,*,#2355,.T.);
#724=ORIENTED_EDGE('',*,*,#2417,.F.);
#725=ORIENTED_EDGE('',*,*,#2418,.F.);
#726=ORIENTED_EDGE('',*,*,#2415,.T.);
#727=ORIENTED_EDGE('',*,*,#2363,.T.);
#728=ORIENTED_EDGE('',*,*,#2317,.F.);
#729=ORIENTED_EDGE('',*,*,#2419,.F.);
#730=ORIENTED_EDGE('',*,*,#2417,.T.);
#731=ORIENTED_EDGE('',*,*,#2416,.F.);
#732=ORIENTED_EDGE('',*,*,#2418,.T.);
#733=ORIENTED_EDGE('',*,*,#2419,.T.);
#734=ORIENTED_EDGE('',*,*,#2316,.T.);
#735=ORIENTED_EDGE('',*,*,#2342,.F.);
#736=ORIENTED_EDGE('',*,*,#2420,.F.);
#737=ORIENTED_EDGE('',*,*,#2421,.T.);
#738=ORIENTED_EDGE('',*,*,#2299,.T.);
#739=ORIENTED_EDGE('',*,*,#2341,.T.);
#740=ORIENTED_EDGE('',*,*,#2422,.F.);
#741=ORIENTED_EDGE('',*,*,#2423,.F.);
#742=ORIENTED_EDGE('',*,*,#2420,.T.);
#743=ORIENTED_EDGE('',*,*,#2340,.T.);
#744=ORIENTED_EDGE('',*,*,#2301,.F.);
#745=ORIENTED_EDGE('',*,*,#2424,.F.);
#746=ORIENTED_EDGE('',*,*,#2422,.T.);
#747=ORIENTED_EDGE('',*,*,#2421,.F.);
#748=ORIENTED_EDGE('',*,*,#2423,.T.);
#749=ORIENTED_EDGE('',*,*,#2424,.T.);
#750=ORIENTED_EDGE('',*,*,#2300,.F.);
#751=ORIENTED_EDGE('',*,*,#2337,.F.);
#752=ORIENTED_EDGE('',*,*,#2305,.F.);
#753=ORIENTED_EDGE('',*,*,#2425,.T.);
#754=ORIENTED_EDGE('',*,*,#2426,.T.);
#755=ORIENTED_EDGE('',*,*,#2339,.T.);
#756=ORIENTED_EDGE('',*,*,#2427,.F.);
#757=ORIENTED_EDGE('',*,*,#2428,.F.);
#758=ORIENTED_EDGE('',*,*,#2303,.T.);
#759=ORIENTED_EDGE('',*,*,#2338,.F.);
#760=ORIENTED_EDGE('',*,*,#2426,.F.);
#761=ORIENTED_EDGE('',*,*,#2429,.T.);
#762=ORIENTED_EDGE('',*,*,#2427,.T.);
#763=ORIENTED_EDGE('',*,*,#2425,.F.);
#764=ORIENTED_EDGE('',*,*,#2304,.F.);
#765=ORIENTED_EDGE('',*,*,#2428,.T.);
#766=ORIENTED_EDGE('',*,*,#2429,.F.);
#767=ORIENTED_EDGE('',*,*,#2395,.F.);
#768=ORIENTED_EDGE('',*,*,#2430,.F.);
#769=ORIENTED_EDGE('',*,*,#2431,.T.);
#770=ORIENTED_EDGE('',*,*,#2432,.T.);
#771=ORIENTED_EDGE('',*,*,#2398,.T.);
#772=ORIENTED_EDGE('',*,*,#2311,.F.);
#773=ORIENTED_EDGE('',*,*,#2433,.F.);
#774=ORIENTED_EDGE('',*,*,#2430,.T.);
#775=ORIENTED_EDGE('',*,*,#2396,.F.);
#776=ORIENTED_EDGE('',*,*,#2432,.F.);
#777=ORIENTED_EDGE('',*,*,#2434,.T.);
#778=ORIENTED_EDGE('',*,*,#2309,.T.);
#779=ORIENTED_EDGE('',*,*,#2431,.F.);
#780=ORIENTED_EDGE('',*,*,#2433,.T.);
#781=ORIENTED_EDGE('',*,*,#2310,.F.);
#782=ORIENTED_EDGE('',*,*,#2434,.F.);
#783=ORIENTED_EDGE('',*,*,#2351,.T.);
#784=ORIENTED_EDGE('',*,*,#2435,.T.);
#785=ORIENTED_EDGE('',*,*,#2436,.F.);
#786=ORIENTED_EDGE('',*,*,#2437,.F.);
#787=ORIENTED_EDGE('',*,*,#2437,.T.);
#788=ORIENTED_EDGE('',*,*,#2438,.T.);
#789=ORIENTED_EDGE('',*,*,#2439,.F.);
#790=ORIENTED_EDGE('',*,*,#2352,.F.);
#791=ORIENTED_EDGE('',*,*,#2439,.T.);
#792=ORIENTED_EDGE('',*,*,#2440,.T.);
#793=ORIENTED_EDGE('',*,*,#2441,.F.);
#794=ORIENTED_EDGE('',*,*,#2353,.F.);
#795=ORIENTED_EDGE('',*,*,#2354,.T.);
#796=ORIENTED_EDGE('',*,*,#2441,.T.);
#797=ORIENTED_EDGE('',*,*,#2442,.F.);
#798=ORIENTED_EDGE('',*,*,#2435,.F.);
#799=ORIENTED_EDGE('',*,*,#2295,.F.);
#800=ORIENTED_EDGE('',*,*,#2443,.F.);
#801=ORIENTED_EDGE('',*,*,#2173,.T.);
#802=ORIENTED_EDGE('',*,*,#2444,.T.);
#803=ORIENTED_EDGE('',*,*,#2296,.T.);
#804=ORIENTED_EDGE('',*,*,#2444,.F.);
#805=ORIENTED_EDGE('',*,*,#2172,.F.);
#806=ORIENTED_EDGE('',*,*,#2445,.T.);
#807=ORIENTED_EDGE('',*,*,#2297,.T.);
#808=ORIENTED_EDGE('',*,*,#2445,.F.);
#809=ORIENTED_EDGE('',*,*,#2171,.F.);
#810=ORIENTED_EDGE('',*,*,#2446,.T.);
#811=ORIENTED_EDGE('',*,*,#2294,.F.);
#812=ORIENTED_EDGE('',*,*,#2446,.F.);
#813=ORIENTED_EDGE('',*,*,#2170,.T.);
#814=ORIENTED_EDGE('',*,*,#2443,.T.);
#815=ORIENTED_EDGE('',*,*,#2447,.F.);
#816=ORIENTED_EDGE('',*,*,#2388,.T.);
#817=ORIENTED_EDGE('',*,*,#2448,.T.);
#818=ORIENTED_EDGE('',*,*,#2387,.T.);
#819=ORIENTED_EDGE('',*,*,#2331,.F.);
#820=ORIENTED_EDGE('',*,*,#2449,.F.);
#821=ORIENTED_EDGE('',*,*,#2262,.T.);
#822=ORIENTED_EDGE('',*,*,#2450,.T.);
#823=ORIENTED_EDGE('',*,*,#2325,.F.);
#824=ORIENTED_EDGE('',*,*,#2448,.F.);
#825=ORIENTED_EDGE('',*,*,#2330,.T.);
#826=ORIENTED_EDGE('',*,*,#2447,.T.);
#827=ORIENTED_EDGE('',*,*,#2328,.T.);
#828=ORIENTED_EDGE('',*,*,#2451,.F.);
#829=ORIENTED_EDGE('',*,*,#2263,.F.);
#830=ORIENTED_EDGE('',*,*,#2449,.T.);
#831=ORIENTED_EDGE('',*,*,#2327,.T.);
#832=ORIENTED_EDGE('',*,*,#2452,.F.);
#833=ORIENTED_EDGE('',*,*,#2264,.F.);
#834=ORIENTED_EDGE('',*,*,#2451,.T.);
#835=ORIENTED_EDGE('',*,*,#2326,.F.);
#836=ORIENTED_EDGE('',*,*,#2450,.F.);
#837=ORIENTED_EDGE('',*,*,#2265,.T.);
#838=ORIENTED_EDGE('',*,*,#2452,.T.);
#839=ORIENTED_EDGE('',*,*,#2389,.T.);
#840=ORIENTED_EDGE('',*,*,#2386,.F.);
#841=ORIENTED_EDGE('',*,*,#2385,.F.);
#842=ORIENTED_EDGE('',*,*,#2384,.F.);
#843=ORIENTED_EDGE('',*,*,#2383,.F.);
#844=ORIENTED_EDGE('',*,*,#2252,.F.);
#845=ORIENTED_EDGE('',*,*,#2453,.F.);
#846=ORIENTED_EDGE('',*,*,#2454,.T.);
#847=ORIENTED_EDGE('',*,*,#2455,.T.);
#848=ORIENTED_EDGE('',*,*,#2251,.F.);
#849=ORIENTED_EDGE('',*,*,#2456,.F.);
#850=ORIENTED_EDGE('',*,*,#2457,.T.);
#851=ORIENTED_EDGE('',*,*,#2453,.T.);
#852=ORIENTED_EDGE('',*,*,#2260,.F.);
#853=ORIENTED_EDGE('',*,*,#2458,.F.);
#854=ORIENTED_EDGE('',*,*,#2459,.T.);
#855=ORIENTED_EDGE('',*,*,#2456,.T.);
#856=ORIENTED_EDGE('',*,*,#2259,.F.);
#857=ORIENTED_EDGE('',*,*,#2460,.F.);
#858=ORIENTED_EDGE('',*,*,#2461,.T.);
#859=ORIENTED_EDGE('',*,*,#2458,.T.);
#860=ORIENTED_EDGE('',*,*,#2258,.F.);
#861=ORIENTED_EDGE('',*,*,#2462,.F.);
#862=ORIENTED_EDGE('',*,*,#2463,.T.);
#863=ORIENTED_EDGE('',*,*,#2460,.T.);
#864=ORIENTED_EDGE('',*,*,#2257,.F.);
#865=ORIENTED_EDGE('',*,*,#2464,.F.);
#866=ORIENTED_EDGE('',*,*,#2465,.T.);
#867=ORIENTED_EDGE('',*,*,#2462,.T.);
#868=ORIENTED_EDGE('',*,*,#2256,.F.);
#869=ORIENTED_EDGE('',*,*,#2466,.F.);
#870=ORIENTED_EDGE('',*,*,#2467,.T.);
#871=ORIENTED_EDGE('',*,*,#2464,.T.);
#872=ORIENTED_EDGE('',*,*,#2255,.F.);
#873=ORIENTED_EDGE('',*,*,#2468,.F.);
#874=ORIENTED_EDGE('',*,*,#2469,.T.);
#875=ORIENTED_EDGE('',*,*,#2466,.T.);
#876=ORIENTED_EDGE('',*,*,#2254,.F.);
#877=ORIENTED_EDGE('',*,*,#2470,.F.);
#878=ORIENTED_EDGE('',*,*,#2471,.T.);
#879=ORIENTED_EDGE('',*,*,#2468,.T.);
#880=ORIENTED_EDGE('',*,*,#2253,.F.);
#881=ORIENTED_EDGE('',*,*,#2455,.F.);
#882=ORIENTED_EDGE('',*,*,#2472,.T.);
#883=ORIENTED_EDGE('',*,*,#2470,.T.);
#884=ORIENTED_EDGE('',*,*,#2454,.F.);
#885=ORIENTED_EDGE('',*,*,#2457,.F.);
#886=ORIENTED_EDGE('',*,*,#2459,.F.);
#887=ORIENTED_EDGE('',*,*,#2461,.F.);
#888=ORIENTED_EDGE('',*,*,#2463,.F.);
#889=ORIENTED_EDGE('',*,*,#2465,.F.);
#890=ORIENTED_EDGE('',*,*,#2467,.F.);
#891=ORIENTED_EDGE('',*,*,#2469,.F.);
#892=ORIENTED_EDGE('',*,*,#2471,.F.);
#893=ORIENTED_EDGE('',*,*,#2472,.F.);
#894=ORIENTED_EDGE('',*,*,#2231,.F.);
#895=ORIENTED_EDGE('',*,*,#2473,.F.);
#896=ORIENTED_EDGE('',*,*,#2474,.T.);
#897=ORIENTED_EDGE('',*,*,#2475,.T.);
#898=ORIENTED_EDGE('',*,*,#2230,.F.);
#899=ORIENTED_EDGE('',*,*,#2476,.F.);
#900=ORIENTED_EDGE('',*,*,#2477,.T.);
#901=ORIENTED_EDGE('',*,*,#2473,.T.);
#902=ORIENTED_EDGE('',*,*,#2250,.F.);
#903=ORIENTED_EDGE('',*,*,#2478,.F.);
#904=ORIENTED_EDGE('',*,*,#2479,.T.);
#905=ORIENTED_EDGE('',*,*,#2476,.T.);
#906=ORIENTED_EDGE('',*,*,#2249,.F.);
#907=ORIENTED_EDGE('',*,*,#2480,.F.);
#908=ORIENTED_EDGE('',*,*,#2481,.T.);
#909=ORIENTED_EDGE('',*,*,#2478,.T.);
#910=ORIENTED_EDGE('',*,*,#2248,.F.);
#911=ORIENTED_EDGE('',*,*,#2482,.F.);
#912=ORIENTED_EDGE('',*,*,#2483,.T.);
#913=ORIENTED_EDGE('',*,*,#2480,.T.);
#914=ORIENTED_EDGE('',*,*,#2247,.F.);
#915=ORIENTED_EDGE('',*,*,#2484,.F.);
#916=ORIENTED_EDGE('',*,*,#2485,.T.);
#917=ORIENTED_EDGE('',*,*,#2482,.T.);
#918=ORIENTED_EDGE('',*,*,#2246,.F.);
#919=ORIENTED_EDGE('',*,*,#2486,.F.);
#920=ORIENTED_EDGE('',*,*,#2487,.T.);
#921=ORIENTED_EDGE('',*,*,#2484,.T.);
#922=ORIENTED_EDGE('',*,*,#2245,.F.);
#923=ORIENTED_EDGE('',*,*,#2488,.F.);
#924=ORIENTED_EDGE('',*,*,#2489,.T.);
#925=ORIENTED_EDGE('',*,*,#2486,.T.);
#926=ORIENTED_EDGE('',*,*,#2244,.F.);
#927=ORIENTED_EDGE('',*,*,#2490,.F.);
#928=ORIENTED_EDGE('',*,*,#2491,.T.);
#929=ORIENTED_EDGE('',*,*,#2488,.T.);
#930=ORIENTED_EDGE('',*,*,#2243,.F.);
#931=ORIENTED_EDGE('',*,*,#2492,.F.);
#932=ORIENTED_EDGE('',*,*,#2493,.T.);
#933=ORIENTED_EDGE('',*,*,#2490,.T.);
#934=ORIENTED_EDGE('',*,*,#2242,.F.);
#935=ORIENTED_EDGE('',*,*,#2494,.F.);
#936=ORIENTED_EDGE('',*,*,#2495,.T.);
#937=ORIENTED_EDGE('',*,*,#2492,.T.);
#938=ORIENTED_EDGE('',*,*,#2241,.F.);
#939=ORIENTED_EDGE('',*,*,#2496,.F.);
#940=ORIENTED_EDGE('',*,*,#2497,.T.);
#941=ORIENTED_EDGE('',*,*,#2494,.T.);
#942=ORIENTED_EDGE('',*,*,#2240,.F.);
#943=ORIENTED_EDGE('',*,*,#2498,.F.);
#944=ORIENTED_EDGE('',*,*,#2499,.T.);
#945=ORIENTED_EDGE('',*,*,#2496,.T.);
#946=ORIENTED_EDGE('',*,*,#2239,.F.);
#947=ORIENTED_EDGE('',*,*,#2500,.F.);
#948=ORIENTED_EDGE('',*,*,#2501,.T.);
#949=ORIENTED_EDGE('',*,*,#2498,.T.);
#950=ORIENTED_EDGE('',*,*,#2238,.F.);
#951=ORIENTED_EDGE('',*,*,#2502,.F.);
#952=ORIENTED_EDGE('',*,*,#2503,.T.);
#953=ORIENTED_EDGE('',*,*,#2500,.T.);
#954=ORIENTED_EDGE('',*,*,#2237,.F.);
#955=ORIENTED_EDGE('',*,*,#2504,.F.);
#956=ORIENTED_EDGE('',*,*,#2505,.T.);
#957=ORIENTED_EDGE('',*,*,#2502,.T.);
#958=ORIENTED_EDGE('',*,*,#2236,.F.);
#959=ORIENTED_EDGE('',*,*,#2506,.F.);
#960=ORIENTED_EDGE('',*,*,#2507,.T.);
#961=ORIENTED_EDGE('',*,*,#2504,.T.);
#962=ORIENTED_EDGE('',*,*,#2235,.F.);
#963=ORIENTED_EDGE('',*,*,#2508,.F.);
#964=ORIENTED_EDGE('',*,*,#2509,.T.);
#965=ORIENTED_EDGE('',*,*,#2506,.T.);
#966=ORIENTED_EDGE('',*,*,#2234,.F.);
#967=ORIENTED_EDGE('',*,*,#2510,.F.);
#968=ORIENTED_EDGE('',*,*,#2511,.T.);
#969=ORIENTED_EDGE('',*,*,#2508,.T.);
#970=ORIENTED_EDGE('',*,*,#2233,.F.);
#971=ORIENTED_EDGE('',*,*,#2512,.F.);
#972=ORIENTED_EDGE('',*,*,#2513,.T.);
#973=ORIENTED_EDGE('',*,*,#2510,.T.);
#974=ORIENTED_EDGE('',*,*,#2232,.F.);
#975=ORIENTED_EDGE('',*,*,#2475,.F.);
#976=ORIENTED_EDGE('',*,*,#2514,.T.);
#977=ORIENTED_EDGE('',*,*,#2512,.T.);
#978=ORIENTED_EDGE('',*,*,#2474,.F.);
#979=ORIENTED_EDGE('',*,*,#2477,.F.);
#980=ORIENTED_EDGE('',*,*,#2479,.F.);
#981=ORIENTED_EDGE('',*,*,#2481,.F.);
#982=ORIENTED_EDGE('',*,*,#2483,.F.);
#983=ORIENTED_EDGE('',*,*,#2485,.F.);
#984=ORIENTED_EDGE('',*,*,#2487,.F.);
#985=ORIENTED_EDGE('',*,*,#2489,.F.);
#986=ORIENTED_EDGE('',*,*,#2491,.F.);
#987=ORIENTED_EDGE('',*,*,#2493,.F.);
#988=ORIENTED_EDGE('',*,*,#2495,.F.);
#989=ORIENTED_EDGE('',*,*,#2497,.F.);
#990=ORIENTED_EDGE('',*,*,#2499,.F.);
#991=ORIENTED_EDGE('',*,*,#2501,.F.);
#992=ORIENTED_EDGE('',*,*,#2503,.F.);
#993=ORIENTED_EDGE('',*,*,#2505,.F.);
#994=ORIENTED_EDGE('',*,*,#2507,.F.);
#995=ORIENTED_EDGE('',*,*,#2509,.F.);
#996=ORIENTED_EDGE('',*,*,#2511,.F.);
#997=ORIENTED_EDGE('',*,*,#2513,.F.);
#998=ORIENTED_EDGE('',*,*,#2514,.F.);
#999=ORIENTED_EDGE('',*,*,#2515,.F.);
#1000=ORIENTED_EDGE('',*,*,#2516,.F.);
#1001=ORIENTED_EDGE('',*,*,#2517,.T.);
#1002=ORIENTED_EDGE('',*,*,#2518,.T.);
#1003=ORIENTED_EDGE('',*,*,#2519,.F.);
#1004=ORIENTED_EDGE('',*,*,#2520,.F.);
#1005=ORIENTED_EDGE('',*,*,#2521,.T.);
#1006=ORIENTED_EDGE('',*,*,#2516,.T.);
#1007=ORIENTED_EDGE('',*,*,#2522,.F.);
#1008=ORIENTED_EDGE('',*,*,#2523,.F.);
#1009=ORIENTED_EDGE('',*,*,#2524,.T.);
#1010=ORIENTED_EDGE('',*,*,#2520,.T.);
#1011=ORIENTED_EDGE('',*,*,#2525,.F.);
#1012=ORIENTED_EDGE('',*,*,#2526,.F.);
#1013=ORIENTED_EDGE('',*,*,#2527,.T.);
#1014=ORIENTED_EDGE('',*,*,#2523,.T.);
#1015=ORIENTED_EDGE('',*,*,#2528,.F.);
#1016=ORIENTED_EDGE('',*,*,#2529,.F.);
#1017=ORIENTED_EDGE('',*,*,#2530,.T.);
#1018=ORIENTED_EDGE('',*,*,#2526,.T.);
#1019=ORIENTED_EDGE('',*,*,#2531,.F.);
#1020=ORIENTED_EDGE('',*,*,#2532,.F.);
#1021=ORIENTED_EDGE('',*,*,#2533,.T.);
#1022=ORIENTED_EDGE('',*,*,#2529,.T.);
#1023=ORIENTED_EDGE('',*,*,#2534,.F.);
#1024=ORIENTED_EDGE('',*,*,#2535,.F.);
#1025=ORIENTED_EDGE('',*,*,#2536,.T.);
#1026=ORIENTED_EDGE('',*,*,#2532,.T.);
#1027=ORIENTED_EDGE('',*,*,#2537,.F.);
#1028=ORIENTED_EDGE('',*,*,#2538,.F.);
#1029=ORIENTED_EDGE('',*,*,#2539,.T.);
#1030=ORIENTED_EDGE('',*,*,#2535,.T.);
#1031=ORIENTED_EDGE('',*,*,#2540,.F.);
#1032=ORIENTED_EDGE('',*,*,#2541,.F.);
#1033=ORIENTED_EDGE('',*,*,#2542,.T.);
#1034=ORIENTED_EDGE('',*,*,#2538,.T.);
#1035=ORIENTED_EDGE('',*,*,#2270,.F.);
#1036=ORIENTED_EDGE('',*,*,#2543,.F.);
#1037=ORIENTED_EDGE('',*,*,#2544,.T.);
#1038=ORIENTED_EDGE('',*,*,#2545,.T.);
#1039=ORIENTED_EDGE('',*,*,#2269,.F.);
#1040=ORIENTED_EDGE('',*,*,#2546,.F.);
#1041=ORIENTED_EDGE('',*,*,#2547,.T.);
#1042=ORIENTED_EDGE('',*,*,#2543,.T.);
#1043=ORIENTED_EDGE('',*,*,#2293,.F.);
#1044=ORIENTED_EDGE('',*,*,#2548,.F.);
#1045=ORIENTED_EDGE('',*,*,#2549,.T.);
#1046=ORIENTED_EDGE('',*,*,#2546,.T.);
#1047=ORIENTED_EDGE('',*,*,#2292,.F.);
#1048=ORIENTED_EDGE('',*,*,#2550,.F.);
#1049=ORIENTED_EDGE('',*,*,#2551,.T.);
#1050=ORIENTED_EDGE('',*,*,#2548,.T.);
#1051=ORIENTED_EDGE('',*,*,#2291,.F.);
#1052=ORIENTED_EDGE('',*,*,#2552,.F.);
#1053=ORIENTED_EDGE('',*,*,#2553,.T.);
#1054=ORIENTED_EDGE('',*,*,#2550,.T.);
#1055=ORIENTED_EDGE('',*,*,#2290,.F.);
#1056=ORIENTED_EDGE('',*,*,#2554,.F.);
#1057=ORIENTED_EDGE('',*,*,#2555,.T.);
#1058=ORIENTED_EDGE('',*,*,#2552,.T.);
#1059=ORIENTED_EDGE('',*,*,#2289,.F.);
#1060=ORIENTED_EDGE('',*,*,#2556,.F.);
#1061=ORIENTED_EDGE('',*,*,#2557,.T.);
#1062=ORIENTED_EDGE('',*,*,#2554,.T.);
#1063=ORIENTED_EDGE('',*,*,#2288,.F.);
#1064=ORIENTED_EDGE('',*,*,#2558,.F.);
#1065=ORIENTED_EDGE('',*,*,#2559,.T.);
#1066=ORIENTED_EDGE('',*,*,#2556,.T.);
#1067=ORIENTED_EDGE('',*,*,#2287,.F.);
#1068=ORIENTED_EDGE('',*,*,#2560,.F.);
#1069=ORIENTED_EDGE('',*,*,#2561,.T.);
#1070=ORIENTED_EDGE('',*,*,#2558,.T.);
#1071=ORIENTED_EDGE('',*,*,#2286,.F.);
#1072=ORIENTED_EDGE('',*,*,#2562,.F.);
#1073=ORIENTED_EDGE('',*,*,#2563,.T.);
#1074=ORIENTED_EDGE('',*,*,#2560,.T.);
#1075=ORIENTED_EDGE('',*,*,#2285,.F.);
#1076=ORIENTED_EDGE('',*,*,#2564,.F.);
#1077=ORIENTED_EDGE('',*,*,#2565,.T.);
#1078=ORIENTED_EDGE('',*,*,#2562,.T.);
#1079=ORIENTED_EDGE('',*,*,#2284,.F.);
#1080=ORIENTED_EDGE('',*,*,#2566,.F.);
#1081=ORIENTED_EDGE('',*,*,#2567,.T.);
#1082=ORIENTED_EDGE('',*,*,#2564,.T.);
#1083=ORIENTED_EDGE('',*,*,#2283,.F.);
#1084=ORIENTED_EDGE('',*,*,#2568,.F.);
#1085=ORIENTED_EDGE('',*,*,#2569,.T.);
#1086=ORIENTED_EDGE('',*,*,#2566,.T.);
#1087=ORIENTED_EDGE('',*,*,#2282,.F.);
#1088=ORIENTED_EDGE('',*,*,#2570,.F.);
#1089=ORIENTED_EDGE('',*,*,#2571,.T.);
#1090=ORIENTED_EDGE('',*,*,#2568,.T.);
#1091=ORIENTED_EDGE('',*,*,#2281,.F.);
#1092=ORIENTED_EDGE('',*,*,#2572,.F.);
#1093=ORIENTED_EDGE('',*,*,#2573,.T.);
#1094=ORIENTED_EDGE('',*,*,#2570,.T.);
#1095=ORIENTED_EDGE('',*,*,#2280,.F.);
#1096=ORIENTED_EDGE('',*,*,#2574,.F.);
#1097=ORIENTED_EDGE('',*,*,#2575,.T.);
#1098=ORIENTED_EDGE('',*,*,#2572,.T.);
#1099=ORIENTED_EDGE('',*,*,#2279,.F.);
#1100=ORIENTED_EDGE('',*,*,#2576,.F.);
#1101=ORIENTED_EDGE('',*,*,#2577,.T.);
#1102=ORIENTED_EDGE('',*,*,#2574,.T.);
#1103=ORIENTED_EDGE('',*,*,#2278,.F.);
#1104=ORIENTED_EDGE('',*,*,#2578,.F.);
#1105=ORIENTED_EDGE('',*,*,#2579,.T.);
#1106=ORIENTED_EDGE('',*,*,#2576,.T.);
#1107=ORIENTED_EDGE('',*,*,#2277,.F.);
#1108=ORIENTED_EDGE('',*,*,#2580,.F.);
#1109=ORIENTED_EDGE('',*,*,#2581,.T.);
#1110=ORIENTED_EDGE('',*,*,#2578,.T.);
#1111=ORIENTED_EDGE('',*,*,#2276,.F.);
#1112=ORIENTED_EDGE('',*,*,#2582,.F.);
#1113=ORIENTED_EDGE('',*,*,#2583,.T.);
#1114=ORIENTED_EDGE('',*,*,#2580,.T.);
#1115=ORIENTED_EDGE('',*,*,#2275,.F.);
#1116=ORIENTED_EDGE('',*,*,#2584,.F.);
#1117=ORIENTED_EDGE('',*,*,#2585,.T.);
#1118=ORIENTED_EDGE('',*,*,#2582,.T.);
#1119=ORIENTED_EDGE('',*,*,#2274,.F.);
#1120=ORIENTED_EDGE('',*,*,#2586,.F.);
#1121=ORIENTED_EDGE('',*,*,#2587,.T.);
#1122=ORIENTED_EDGE('',*,*,#2584,.T.);
#1123=ORIENTED_EDGE('',*,*,#2273,.F.);
#1124=ORIENTED_EDGE('',*,*,#2588,.F.);
#1125=ORIENTED_EDGE('',*,*,#2589,.T.);
#1126=ORIENTED_EDGE('',*,*,#2586,.T.);
#1127=ORIENTED_EDGE('',*,*,#2272,.F.);
#1128=ORIENTED_EDGE('',*,*,#2590,.F.);
#1129=ORIENTED_EDGE('',*,*,#2591,.T.);
#1130=ORIENTED_EDGE('',*,*,#2588,.T.);
#1131=ORIENTED_EDGE('',*,*,#2271,.F.);
#1132=ORIENTED_EDGE('',*,*,#2545,.F.);
#1133=ORIENTED_EDGE('',*,*,#2592,.T.);
#1134=ORIENTED_EDGE('',*,*,#2590,.T.);
#1135=ORIENTED_EDGE('',*,*,#2593,.F.);
#1136=ORIENTED_EDGE('',*,*,#2518,.F.);
#1137=ORIENTED_EDGE('',*,*,#2594,.T.);
#1138=ORIENTED_EDGE('',*,*,#2541,.T.);
#1139=ORIENTED_EDGE('',*,*,#2544,.F.);
#1140=ORIENTED_EDGE('',*,*,#2547,.F.);
#1141=ORIENTED_EDGE('',*,*,#2549,.F.);
#1142=ORIENTED_EDGE('',*,*,#2551,.F.);
#1143=ORIENTED_EDGE('',*,*,#2553,.F.);
#1144=ORIENTED_EDGE('',*,*,#2555,.F.);
#1145=ORIENTED_EDGE('',*,*,#2557,.F.);
#1146=ORIENTED_EDGE('',*,*,#2559,.F.);
#1147=ORIENTED_EDGE('',*,*,#2561,.F.);
#1148=ORIENTED_EDGE('',*,*,#2563,.F.);
#1149=ORIENTED_EDGE('',*,*,#2565,.F.);
#1150=ORIENTED_EDGE('',*,*,#2567,.F.);
#1151=ORIENTED_EDGE('',*,*,#2569,.F.);
#1152=ORIENTED_EDGE('',*,*,#2571,.F.);
#1153=ORIENTED_EDGE('',*,*,#2573,.F.);
#1154=ORIENTED_EDGE('',*,*,#2575,.F.);
#1155=ORIENTED_EDGE('',*,*,#2577,.F.);
#1156=ORIENTED_EDGE('',*,*,#2579,.F.);
#1157=ORIENTED_EDGE('',*,*,#2581,.F.);
#1158=ORIENTED_EDGE('',*,*,#2583,.F.);
#1159=ORIENTED_EDGE('',*,*,#2585,.F.);
#1160=ORIENTED_EDGE('',*,*,#2587,.F.);
#1161=ORIENTED_EDGE('',*,*,#2589,.F.);
#1162=ORIENTED_EDGE('',*,*,#2591,.F.);
#1163=ORIENTED_EDGE('',*,*,#2592,.F.);
#1164=ORIENTED_EDGE('',*,*,#2517,.F.);
#1165=ORIENTED_EDGE('',*,*,#2521,.F.);
#1166=ORIENTED_EDGE('',*,*,#2524,.F.);
#1167=ORIENTED_EDGE('',*,*,#2527,.F.);
#1168=ORIENTED_EDGE('',*,*,#2530,.F.);
#1169=ORIENTED_EDGE('',*,*,#2533,.F.);
#1170=ORIENTED_EDGE('',*,*,#2536,.F.);
#1171=ORIENTED_EDGE('',*,*,#2539,.F.);
#1172=ORIENTED_EDGE('',*,*,#2542,.F.);
#1173=ORIENTED_EDGE('',*,*,#2594,.F.);
#1174=ORIENTED_EDGE('',*,*,#2595,.F.);
#1175=ORIENTED_EDGE('',*,*,#2596,.F.);
#1176=ORIENTED_EDGE('',*,*,#2597,.T.);
#1177=ORIENTED_EDGE('',*,*,#2598,.T.);
#1178=ORIENTED_EDGE('',*,*,#2599,.F.);
#1179=ORIENTED_EDGE('',*,*,#2600,.F.);
#1180=ORIENTED_EDGE('',*,*,#2601,.T.);
#1181=ORIENTED_EDGE('',*,*,#2596,.T.);
#1182=ORIENTED_EDGE('',*,*,#2602,.F.);
#1183=ORIENTED_EDGE('',*,*,#2603,.F.);
#1184=ORIENTED_EDGE('',*,*,#2604,.T.);
#1185=ORIENTED_EDGE('',*,*,#2600,.T.);
#1186=ORIENTED_EDGE('',*,*,#2605,.F.);
#1187=ORIENTED_EDGE('',*,*,#2606,.F.);
#1188=ORIENTED_EDGE('',*,*,#2607,.T.);
#1189=ORIENTED_EDGE('',*,*,#2603,.T.);
#1190=ORIENTED_EDGE('',*,*,#2608,.F.);
#1191=ORIENTED_EDGE('',*,*,#2609,.F.);
#1192=ORIENTED_EDGE('',*,*,#2610,.T.);
#1193=ORIENTED_EDGE('',*,*,#2606,.T.);
#1194=ORIENTED_EDGE('',*,*,#2611,.F.);
#1195=ORIENTED_EDGE('',*,*,#2612,.F.);
#1196=ORIENTED_EDGE('',*,*,#2613,.T.);
#1197=ORIENTED_EDGE('',*,*,#2609,.T.);
#1198=ORIENTED_EDGE('',*,*,#2614,.F.);
#1199=ORIENTED_EDGE('',*,*,#2615,.F.);
#1200=ORIENTED_EDGE('',*,*,#2616,.T.);
#1201=ORIENTED_EDGE('',*,*,#2612,.T.);
#1202=ORIENTED_EDGE('',*,*,#2617,.F.);
#1203=ORIENTED_EDGE('',*,*,#2618,.F.);
#1204=ORIENTED_EDGE('',*,*,#2619,.T.);
#1205=ORIENTED_EDGE('',*,*,#2615,.T.);
#1206=ORIENTED_EDGE('',*,*,#2620,.F.);
#1207=ORIENTED_EDGE('',*,*,#2621,.F.);
#1208=ORIENTED_EDGE('',*,*,#2622,.T.);
#1209=ORIENTED_EDGE('',*,*,#2618,.T.);
#1210=ORIENTED_EDGE('',*,*,#2175,.F.);
#1211=ORIENTED_EDGE('',*,*,#2623,.F.);
#1212=ORIENTED_EDGE('',*,*,#2624,.T.);
#1213=ORIENTED_EDGE('',*,*,#2625,.T.);
#1214=ORIENTED_EDGE('',*,*,#2174,.F.);
#1215=ORIENTED_EDGE('',*,*,#2626,.F.);
#1216=ORIENTED_EDGE('',*,*,#2627,.T.);
#1217=ORIENTED_EDGE('',*,*,#2623,.T.);
#1218=ORIENTED_EDGE('',*,*,#2198,.F.);
#1219=ORIENTED_EDGE('',*,*,#2628,.F.);
#1220=ORIENTED_EDGE('',*,*,#2629,.T.);
#1221=ORIENTED_EDGE('',*,*,#2626,.T.);
#1222=ORIENTED_EDGE('',*,*,#2197,.F.);
#1223=ORIENTED_EDGE('',*,*,#2630,.F.);
#1224=ORIENTED_EDGE('',*,*,#2631,.T.);
#1225=ORIENTED_EDGE('',*,*,#2628,.T.);
#1226=ORIENTED_EDGE('',*,*,#2196,.F.);
#1227=ORIENTED_EDGE('',*,*,#2632,.F.);
#1228=ORIENTED_EDGE('',*,*,#2633,.T.);
#1229=ORIENTED_EDGE('',*,*,#2630,.T.);
#1230=ORIENTED_EDGE('',*,*,#2195,.F.);
#1231=ORIENTED_EDGE('',*,*,#2634,.F.);
#1232=ORIENTED_EDGE('',*,*,#2635,.T.);
#1233=ORIENTED_EDGE('',*,*,#2632,.T.);
#1234=ORIENTED_EDGE('',*,*,#2194,.F.);
#1235=ORIENTED_EDGE('',*,*,#2636,.F.);
#1236=ORIENTED_EDGE('',*,*,#2637,.T.);
#1237=ORIENTED_EDGE('',*,*,#2634,.T.);
#1238=ORIENTED_EDGE('',*,*,#2193,.F.);
#1239=ORIENTED_EDGE('',*,*,#2638,.F.);
#1240=ORIENTED_EDGE('',*,*,#2639,.T.);
#1241=ORIENTED_EDGE('',*,*,#2636,.T.);
#1242=ORIENTED_EDGE('',*,*,#2192,.F.);
#1243=ORIENTED_EDGE('',*,*,#2640,.F.);
#1244=ORIENTED_EDGE('',*,*,#2641,.T.);
#1245=ORIENTED_EDGE('',*,*,#2638,.T.);
#1246=ORIENTED_EDGE('',*,*,#2191,.F.);
#1247=ORIENTED_EDGE('',*,*,#2642,.F.);
#1248=ORIENTED_EDGE('',*,*,#2643,.T.);
#1249=ORIENTED_EDGE('',*,*,#2640,.T.);
#1250=ORIENTED_EDGE('',*,*,#2190,.F.);
#1251=ORIENTED_EDGE('',*,*,#2644,.F.);
#1252=ORIENTED_EDGE('',*,*,#2645,.T.);
#1253=ORIENTED_EDGE('',*,*,#2642,.T.);
#1254=ORIENTED_EDGE('',*,*,#2189,.F.);
#1255=ORIENTED_EDGE('',*,*,#2646,.F.);
#1256=ORIENTED_EDGE('',*,*,#2647,.T.);
#1257=ORIENTED_EDGE('',*,*,#2644,.T.);
#1258=ORIENTED_EDGE('',*,*,#2188,.F.);
#1259=ORIENTED_EDGE('',*,*,#2648,.F.);
#1260=ORIENTED_EDGE('',*,*,#2649,.T.);
#1261=ORIENTED_EDGE('',*,*,#2646,.T.);
#1262=ORIENTED_EDGE('',*,*,#2187,.F.);
#1263=ORIENTED_EDGE('',*,*,#2650,.F.);
#1264=ORIENTED_EDGE('',*,*,#2651,.T.);
#1265=ORIENTED_EDGE('',*,*,#2648,.T.);
#1266=ORIENTED_EDGE('',*,*,#2186,.F.);
#1267=ORIENTED_EDGE('',*,*,#2652,.F.);
#1268=ORIENTED_EDGE('',*,*,#2653,.T.);
#1269=ORIENTED_EDGE('',*,*,#2650,.T.);
#1270=ORIENTED_EDGE('',*,*,#2185,.F.);
#1271=ORIENTED_EDGE('',*,*,#2654,.F.);
#1272=ORIENTED_EDGE('',*,*,#2655,.T.);
#1273=ORIENTED_EDGE('',*,*,#2652,.T.);
#1274=ORIENTED_EDGE('',*,*,#2184,.F.);
#1275=ORIENTED_EDGE('',*,*,#2656,.F.);
#1276=ORIENTED_EDGE('',*,*,#2657,.T.);
#1277=ORIENTED_EDGE('',*,*,#2654,.T.);
#1278=ORIENTED_EDGE('',*,*,#2183,.F.);
#1279=ORIENTED_EDGE('',*,*,#2658,.F.);
#1280=ORIENTED_EDGE('',*,*,#2659,.T.);
#1281=ORIENTED_EDGE('',*,*,#2656,.T.);
#1282=ORIENTED_EDGE('',*,*,#2182,.F.);
#1283=ORIENTED_EDGE('',*,*,#2660,.F.);
#1284=ORIENTED_EDGE('',*,*,#2661,.T.);
#1285=ORIENTED_EDGE('',*,*,#2658,.T.);
#1286=ORIENTED_EDGE('',*,*,#2181,.F.);
#1287=ORIENTED_EDGE('',*,*,#2662,.F.);
#1288=ORIENTED_EDGE('',*,*,#2663,.T.);
#1289=ORIENTED_EDGE('',*,*,#2660,.T.);
#1290=ORIENTED_EDGE('',*,*,#2180,.F.);
#1291=ORIENTED_EDGE('',*,*,#2664,.F.);
#1292=ORIENTED_EDGE('',*,*,#2665,.T.);
#1293=ORIENTED_EDGE('',*,*,#2662,.T.);
#1294=ORIENTED_EDGE('',*,*,#2179,.F.);
#1295=ORIENTED_EDGE('',*,*,#2666,.F.);
#1296=ORIENTED_EDGE('',*,*,#2667,.T.);
#1297=ORIENTED_EDGE('',*,*,#2664,.T.);
#1298=ORIENTED_EDGE('',*,*,#2178,.F.);
#1299=ORIENTED_EDGE('',*,*,#2668,.F.);
#1300=ORIENTED_EDGE('',*,*,#2669,.T.);
#1301=ORIENTED_EDGE('',*,*,#2666,.T.);
#1302=ORIENTED_EDGE('',*,*,#2177,.F.);
#1303=ORIENTED_EDGE('',*,*,#2670,.F.);
#1304=ORIENTED_EDGE('',*,*,#2671,.T.);
#1305=ORIENTED_EDGE('',*,*,#2668,.T.);
#1306=ORIENTED_EDGE('',*,*,#2176,.F.);
#1307=ORIENTED_EDGE('',*,*,#2625,.F.);
#1308=ORIENTED_EDGE('',*,*,#2672,.T.);
#1309=ORIENTED_EDGE('',*,*,#2670,.T.);
#1310=ORIENTED_EDGE('',*,*,#2673,.F.);
#1311=ORIENTED_EDGE('',*,*,#2598,.F.);
#1312=ORIENTED_EDGE('',*,*,#2674,.T.);
#1313=ORIENTED_EDGE('',*,*,#2621,.T.);
#1314=ORIENTED_EDGE('',*,*,#2624,.F.);
#1315=ORIENTED_EDGE('',*,*,#2627,.F.);
#1316=ORIENTED_EDGE('',*,*,#2629,.F.);
#1317=ORIENTED_EDGE('',*,*,#2631,.F.);
#1318=ORIENTED_EDGE('',*,*,#2633,.F.);
#1319=ORIENTED_EDGE('',*,*,#2635,.F.);
#1320=ORIENTED_EDGE('',*,*,#2637,.F.);
#1321=ORIENTED_EDGE('',*,*,#2639,.F.);
#1322=ORIENTED_EDGE('',*,*,#2641,.F.);
#1323=ORIENTED_EDGE('',*,*,#2643,.F.);
#1324=ORIENTED_EDGE('',*,*,#2645,.F.);
#1325=ORIENTED_EDGE('',*,*,#2647,.F.);
#1326=ORIENTED_EDGE('',*,*,#2649,.F.);
#1327=ORIENTED_EDGE('',*,*,#2651,.F.);
#1328=ORIENTED_EDGE('',*,*,#2653,.F.);
#1329=ORIENTED_EDGE('',*,*,#2655,.F.);
#1330=ORIENTED_EDGE('',*,*,#2657,.F.);
#1331=ORIENTED_EDGE('',*,*,#2659,.F.);
#1332=ORIENTED_EDGE('',*,*,#2661,.F.);
#1333=ORIENTED_EDGE('',*,*,#2663,.F.);
#1334=ORIENTED_EDGE('',*,*,#2665,.F.);
#1335=ORIENTED_EDGE('',*,*,#2667,.F.);
#1336=ORIENTED_EDGE('',*,*,#2669,.F.);
#1337=ORIENTED_EDGE('',*,*,#2671,.F.);
#1338=ORIENTED_EDGE('',*,*,#2672,.F.);
#1339=ORIENTED_EDGE('',*,*,#2597,.F.);
#1340=ORIENTED_EDGE('',*,*,#2601,.F.);
#1341=ORIENTED_EDGE('',*,*,#2604,.F.);
#1342=ORIENTED_EDGE('',*,*,#2607,.F.);
#1343=ORIENTED_EDGE('',*,*,#2610,.F.);
#1344=ORIENTED_EDGE('',*,*,#2613,.F.);
#1345=ORIENTED_EDGE('',*,*,#2616,.F.);
#1346=ORIENTED_EDGE('',*,*,#2619,.F.);
#1347=ORIENTED_EDGE('',*,*,#2622,.F.);
#1348=ORIENTED_EDGE('',*,*,#2674,.F.);
#1349=ORIENTED_EDGE('',*,*,#2200,.F.);
#1350=ORIENTED_EDGE('',*,*,#2675,.F.);
#1351=ORIENTED_EDGE('',*,*,#2676,.T.);
#1352=ORIENTED_EDGE('',*,*,#2677,.T.);
#1353=ORIENTED_EDGE('',*,*,#2199,.F.);
#1354=ORIENTED_EDGE('',*,*,#2678,.F.);
#1355=ORIENTED_EDGE('',*,*,#2679,.T.);
#1356=ORIENTED_EDGE('',*,*,#2675,.T.);
#1357=ORIENTED_EDGE('',*,*,#2219,.F.);
#1358=ORIENTED_EDGE('',*,*,#2680,.F.);
#1359=ORIENTED_EDGE('',*,*,#2681,.T.);
#1360=ORIENTED_EDGE('',*,*,#2678,.T.);
#1361=ORIENTED_EDGE('',*,*,#2218,.F.);
#1362=ORIENTED_EDGE('',*,*,#2682,.F.);
#1363=ORIENTED_EDGE('',*,*,#2683,.T.);
#1364=ORIENTED_EDGE('',*,*,#2680,.T.);
#1365=ORIENTED_EDGE('',*,*,#2217,.F.);
#1366=ORIENTED_EDGE('',*,*,#2684,.F.);
#1367=ORIENTED_EDGE('',*,*,#2685,.T.);
#1368=ORIENTED_EDGE('',*,*,#2682,.T.);
#1369=ORIENTED_EDGE('',*,*,#2216,.F.);
#1370=ORIENTED_EDGE('',*,*,#2686,.F.);
#1371=ORIENTED_EDGE('',*,*,#2687,.T.);
#1372=ORIENTED_EDGE('',*,*,#2684,.T.);
#1373=ORIENTED_EDGE('',*,*,#2215,.F.);
#1374=ORIENTED_EDGE('',*,*,#2688,.F.);
#1375=ORIENTED_EDGE('',*,*,#2689,.T.);
#1376=ORIENTED_EDGE('',*,*,#2686,.T.);
#1377=ORIENTED_EDGE('',*,*,#2214,.F.);
#1378=ORIENTED_EDGE('',*,*,#2690,.F.);
#1379=ORIENTED_EDGE('',*,*,#2691,.T.);
#1380=ORIENTED_EDGE('',*,*,#2688,.T.);
#1381=ORIENTED_EDGE('',*,*,#2213,.F.);
#1382=ORIENTED_EDGE('',*,*,#2692,.F.);
#1383=ORIENTED_EDGE('',*,*,#2693,.T.);
#1384=ORIENTED_EDGE('',*,*,#2690,.T.);
#1385=ORIENTED_EDGE('',*,*,#2212,.F.);
#1386=ORIENTED_EDGE('',*,*,#2694,.F.);
#1387=ORIENTED_EDGE('',*,*,#2695,.T.);
#1388=ORIENTED_EDGE('',*,*,#2692,.T.);
#1389=ORIENTED_EDGE('',*,*,#2211,.F.);
#1390=ORIENTED_EDGE('',*,*,#2696,.F.);
#1391=ORIENTED_EDGE('',*,*,#2697,.T.);
#1392=ORIENTED_EDGE('',*,*,#2694,.T.);
#1393=ORIENTED_EDGE('',*,*,#2210,.F.);
#1394=ORIENTED_EDGE('',*,*,#2698,.F.);
#1395=ORIENTED_EDGE('',*,*,#2699,.T.);
#1396=ORIENTED_EDGE('',*,*,#2696,.T.);
#1397=ORIENTED_EDGE('',*,*,#2209,.F.);
#1398=ORIENTED_EDGE('',*,*,#2700,.F.);
#1399=ORIENTED_EDGE('',*,*,#2701,.T.);
#1400=ORIENTED_EDGE('',*,*,#2698,.T.);
#1401=ORIENTED_EDGE('',*,*,#2208,.F.);
#1402=ORIENTED_EDGE('',*,*,#2702,.F.);
#1403=ORIENTED_EDGE('',*,*,#2703,.T.);
#1404=ORIENTED_EDGE('',*,*,#2700,.T.);
#1405=ORIENTED_EDGE('',*,*,#2207,.F.);
#1406=ORIENTED_EDGE('',*,*,#2704,.F.);
#1407=ORIENTED_EDGE('',*,*,#2705,.T.);
#1408=ORIENTED_EDGE('',*,*,#2702,.T.);
#1409=ORIENTED_EDGE('',*,*,#2206,.F.);
#1410=ORIENTED_EDGE('',*,*,#2706,.F.);
#1411=ORIENTED_EDGE('',*,*,#2707,.T.);
#1412=ORIENTED_EDGE('',*,*,#2704,.T.);
#1413=ORIENTED_EDGE('',*,*,#2205,.F.);
#1414=ORIENTED_EDGE('',*,*,#2708,.F.);
#1415=ORIENTED_EDGE('',*,*,#2709,.T.);
#1416=ORIENTED_EDGE('',*,*,#2706,.T.);
#1417=ORIENTED_EDGE('',*,*,#2204,.F.);
#1418=ORIENTED_EDGE('',*,*,#2710,.F.);
#1419=ORIENTED_EDGE('',*,*,#2711,.T.);
#1420=ORIENTED_EDGE('',*,*,#2708,.T.);
#1421=ORIENTED_EDGE('',*,*,#2203,.F.);
#1422=ORIENTED_EDGE('',*,*,#2712,.F.);
#1423=ORIENTED_EDGE('',*,*,#2713,.T.);
#1424=ORIENTED_EDGE('',*,*,#2710,.T.);
#1425=ORIENTED_EDGE('',*,*,#2202,.F.);
#1426=ORIENTED_EDGE('',*,*,#2714,.F.);
#1427=ORIENTED_EDGE('',*,*,#2715,.T.);
#1428=ORIENTED_EDGE('',*,*,#2712,.T.);
#1429=ORIENTED_EDGE('',*,*,#2201,.F.);
#1430=ORIENTED_EDGE('',*,*,#2677,.F.);
#1431=ORIENTED_EDGE('',*,*,#2716,.T.);
#1432=ORIENTED_EDGE('',*,*,#2714,.T.);
#1433=ORIENTED_EDGE('',*,*,#2676,.F.);
#1434=ORIENTED_EDGE('',*,*,#2679,.F.);
#1435=ORIENTED_EDGE('',*,*,#2681,.F.);
#1436=ORIENTED_EDGE('',*,*,#2683,.F.);
#1437=ORIENTED_EDGE('',*,*,#2685,.F.);
#1438=ORIENTED_EDGE('',*,*,#2687,.F.);
#1439=ORIENTED_EDGE('',*,*,#2689,.F.);
#1440=ORIENTED_EDGE('',*,*,#2691,.F.);
#1441=ORIENTED_EDGE('',*,*,#2693,.F.);
#1442=ORIENTED_EDGE('',*,*,#2695,.F.);
#1443=ORIENTED_EDGE('',*,*,#2697,.F.);
#1444=ORIENTED_EDGE('',*,*,#2699,.F.);
#1445=ORIENTED_EDGE('',*,*,#2701,.F.);
#1446=ORIENTED_EDGE('',*,*,#2703,.F.);
#1447=ORIENTED_EDGE('',*,*,#2705,.F.);
#1448=ORIENTED_EDGE('',*,*,#2707,.F.);
#1449=ORIENTED_EDGE('',*,*,#2709,.F.);
#1450=ORIENTED_EDGE('',*,*,#2711,.F.);
#1451=ORIENTED_EDGE('',*,*,#2713,.F.);
#1452=ORIENTED_EDGE('',*,*,#2715,.F.);
#1453=ORIENTED_EDGE('',*,*,#2716,.F.);
#1454=ORIENTED_EDGE('',*,*,#2221,.F.);
#1455=ORIENTED_EDGE('',*,*,#2717,.F.);
#1456=ORIENTED_EDGE('',*,*,#2718,.T.);
#1457=ORIENTED_EDGE('',*,*,#2719,.T.);
#1458=ORIENTED_EDGE('',*,*,#2220,.F.);
#1459=ORIENTED_EDGE('',*,*,#2720,.F.);
#1460=ORIENTED_EDGE('',*,*,#2721,.T.);
#1461=ORIENTED_EDGE('',*,*,#2717,.T.);
#1462=ORIENTED_EDGE('',*,*,#2229,.F.);
#1463=ORIENTED_EDGE('',*,*,#2722,.F.);
#1464=ORIENTED_EDGE('',*,*,#2723,.T.);
#1465=ORIENTED_EDGE('',*,*,#2720,.T.);
#1466=ORIENTED_EDGE('',*,*,#2228,.F.);
#1467=ORIENTED_EDGE('',*,*,#2724,.F.);
#1468=ORIENTED_EDGE('',*,*,#2725,.T.);
#1469=ORIENTED_EDGE('',*,*,#2722,.T.);
#1470=ORIENTED_EDGE('',*,*,#2227,.F.);
#1471=ORIENTED_EDGE('',*,*,#2726,.F.);
#1472=ORIENTED_EDGE('',*,*,#2727,.T.);
#1473=ORIENTED_EDGE('',*,*,#2724,.T.);
#1474=ORIENTED_EDGE('',*,*,#2226,.F.);
#1475=ORIENTED_EDGE('',*,*,#2728,.F.);
#1476=ORIENTED_EDGE('',*,*,#2729,.T.);
#1477=ORIENTED_EDGE('',*,*,#2726,.T.);
#1478=ORIENTED_EDGE('',*,*,#2225,.F.);
#1479=ORIENTED_EDGE('',*,*,#2730,.F.);
#1480=ORIENTED_EDGE('',*,*,#2731,.T.);
#1481=ORIENTED_EDGE('',*,*,#2728,.T.);
#1482=ORIENTED_EDGE('',*,*,#2224,.F.);
#1483=ORIENTED_EDGE('',*,*,#2732,.F.);
#1484=ORIENTED_EDGE('',*,*,#2733,.T.);
#1485=ORIENTED_EDGE('',*,*,#2730,.T.);
#1486=ORIENTED_EDGE('',*,*,#2223,.F.);
#1487=ORIENTED_EDGE('',*,*,#2734,.F.);
#1488=ORIENTED_EDGE('',*,*,#2735,.T.);
#1489=ORIENTED_EDGE('',*,*,#2732,.T.);
#1490=ORIENTED_EDGE('',*,*,#2222,.F.);
#1491=ORIENTED_EDGE('',*,*,#2719,.F.);
#1492=ORIENTED_EDGE('',*,*,#2736,.T.);
#1493=ORIENTED_EDGE('',*,*,#2734,.T.);
#1494=ORIENTED_EDGE('',*,*,#2718,.F.);
#1495=ORIENTED_EDGE('',*,*,#2721,.F.);
#1496=ORIENTED_EDGE('',*,*,#2723,.F.);
#1497=ORIENTED_EDGE('',*,*,#2725,.F.);
#1498=ORIENTED_EDGE('',*,*,#2727,.F.);
#1499=ORIENTED_EDGE('',*,*,#2729,.F.);
#1500=ORIENTED_EDGE('',*,*,#2731,.F.);
#1501=ORIENTED_EDGE('',*,*,#2733,.F.);
#1502=ORIENTED_EDGE('',*,*,#2735,.F.);
#1503=ORIENTED_EDGE('',*,*,#2736,.F.);
#1504=ORIENTED_EDGE('',*,*,#2519,.T.);
#1505=ORIENTED_EDGE('',*,*,#2515,.T.);
#1506=ORIENTED_EDGE('',*,*,#2593,.T.);
#1507=ORIENTED_EDGE('',*,*,#2540,.T.);
#1508=ORIENTED_EDGE('',*,*,#2537,.T.);
#1509=ORIENTED_EDGE('',*,*,#2534,.T.);
#1510=ORIENTED_EDGE('',*,*,#2531,.T.);
#1511=ORIENTED_EDGE('',*,*,#2528,.T.);
#1512=ORIENTED_EDGE('',*,*,#2525,.T.);
#1513=ORIENTED_EDGE('',*,*,#2522,.T.);
#1514=ORIENTED_EDGE('',*,*,#2599,.T.);
#1515=ORIENTED_EDGE('',*,*,#2595,.T.);
#1516=ORIENTED_EDGE('',*,*,#2673,.T.);
#1517=ORIENTED_EDGE('',*,*,#2620,.T.);
#1518=ORIENTED_EDGE('',*,*,#2617,.T.);
#1519=ORIENTED_EDGE('',*,*,#2614,.T.);
#1520=ORIENTED_EDGE('',*,*,#2611,.T.);
#1521=ORIENTED_EDGE('',*,*,#2608,.T.);
#1522=ORIENTED_EDGE('',*,*,#2605,.T.);
#1523=ORIENTED_EDGE('',*,*,#2602,.T.);
#1524=ORIENTED_EDGE('',*,*,#2436,.T.);
#1525=ORIENTED_EDGE('',*,*,#2442,.T.);
#1526=ORIENTED_EDGE('',*,*,#2440,.F.);
#1527=ORIENTED_EDGE('',*,*,#2438,.F.);
#1528=ORIENTED_EDGE('',*,*,#2333,.F.);
#1529=ORIENTED_EDGE('',*,*,#2737,.F.);
#1530=ORIENTED_EDGE('',*,*,#2738,.T.);
#1531=ORIENTED_EDGE('',*,*,#2739,.T.);
#1532=ORIENTED_EDGE('',*,*,#2332,.T.);
#1533=ORIENTED_EDGE('',*,*,#2740,.F.);
#1534=ORIENTED_EDGE('',*,*,#2741,.F.);
#1535=ORIENTED_EDGE('',*,*,#2737,.T.);
#1536=ORIENTED_EDGE('',*,*,#2335,.T.);
#1537=ORIENTED_EDGE('',*,*,#2742,.F.);
#1538=ORIENTED_EDGE('',*,*,#2743,.F.);
#1539=ORIENTED_EDGE('',*,*,#2740,.T.);
#1540=ORIENTED_EDGE('',*,*,#2334,.F.);
#1541=ORIENTED_EDGE('',*,*,#2739,.F.);
#1542=ORIENTED_EDGE('',*,*,#2744,.T.);
#1543=ORIENTED_EDGE('',*,*,#2742,.T.);
#1544=ORIENTED_EDGE('',*,*,#2738,.F.);
#1545=ORIENTED_EDGE('',*,*,#2741,.T.);
#1546=ORIENTED_EDGE('',*,*,#2743,.T.);
#1547=ORIENTED_EDGE('',*,*,#2744,.F.);
#1548=ORIENTED_EDGE('',*,*,#2745,.T.);
#1549=ORIENTED_EDGE('',*,*,#2746,.T.);
#1550=ORIENTED_EDGE('',*,*,#2747,.F.);
#1551=ORIENTED_EDGE('',*,*,#2748,.T.);
#1552=ORIENTED_EDGE('',*,*,#2749,.T.);
#1553=ORIENTED_EDGE('',*,*,#2750,.T.);
#1554=ORIENTED_EDGE('',*,*,#2751,.T.);
#1555=ORIENTED_EDGE('',*,*,#2752,.T.);
#1556=ORIENTED_EDGE('',*,*,#2753,.F.);
#1557=ORIENTED_EDGE('',*,*,#2754,.T.);
#1558=ORIENTED_EDGE('',*,*,#2747,.T.);
#1559=ORIENTED_EDGE('',*,*,#2755,.T.);
#1560=ORIENTED_EDGE('',*,*,#2750,.F.);
#1561=ORIENTED_EDGE('',*,*,#2756,.T.);
#1562=ORIENTED_EDGE('',*,*,#2757,.F.);
#1563=ORIENTED_EDGE('',*,*,#2758,.T.);
#1564=ORIENTED_EDGE('',*,*,#2759,.T.);
#1565=ORIENTED_EDGE('',*,*,#2760,.F.);
#1566=ORIENTED_EDGE('',*,*,#2761,.F.);
#1567=ORIENTED_EDGE('',*,*,#2762,.T.);
#1568=ORIENTED_EDGE('',*,*,#2763,.T.);
#1569=ORIENTED_EDGE('',*,*,#2764,.F.);
#1570=ORIENTED_EDGE('',*,*,#2753,.T.);
#1571=ORIENTED_EDGE('',*,*,#2765,.T.);
#1572=ORIENTED_EDGE('',*,*,#2749,.F.);
#1573=ORIENTED_EDGE('',*,*,#2766,.T.);
#1574=ORIENTED_EDGE('',*,*,#2748,.F.);
#1575=ORIENTED_EDGE('',*,*,#2756,.F.);
#1576=ORIENTED_EDGE('',*,*,#2754,.F.);
#1577=ORIENTED_EDGE('',*,*,#2766,.F.);
#1578=ORIENTED_EDGE('',*,*,#2767,.F.);
#1579=ORIENTED_EDGE('',*,*,#2745,.F.);
#1580=ORIENTED_EDGE('',*,*,#2765,.F.);
#1581=ORIENTED_EDGE('',*,*,#2752,.F.);
#1582=ORIENTED_EDGE('',*,*,#2746,.F.);
#1583=ORIENTED_EDGE('',*,*,#2767,.T.);
#1584=ORIENTED_EDGE('',*,*,#2751,.F.);
#1585=ORIENTED_EDGE('',*,*,#2755,.F.);
#1586=ORIENTED_EDGE('',*,*,#2762,.F.);
#1587=ORIENTED_EDGE('',*,*,#2768,.F.);
#1588=ORIENTED_EDGE('',*,*,#2769,.T.);
#1589=ORIENTED_EDGE('',*,*,#2770,.T.);
#1590=ORIENTED_EDGE('',*,*,#2761,.T.);
#1591=ORIENTED_EDGE('',*,*,#2771,.F.);
#1592=ORIENTED_EDGE('',*,*,#2772,.F.);
#1593=ORIENTED_EDGE('',*,*,#2768,.T.);
#1594=ORIENTED_EDGE('',*,*,#2764,.T.);
#1595=ORIENTED_EDGE('',*,*,#2773,.F.);
#1596=ORIENTED_EDGE('',*,*,#2774,.F.);
#1597=ORIENTED_EDGE('',*,*,#2771,.T.);
#1598=ORIENTED_EDGE('',*,*,#2763,.F.);
#1599=ORIENTED_EDGE('',*,*,#2770,.F.);
#1600=ORIENTED_EDGE('',*,*,#2775,.T.);
#1601=ORIENTED_EDGE('',*,*,#2773,.T.);
#1602=ORIENTED_EDGE('',*,*,#2769,.F.);
#1603=ORIENTED_EDGE('',*,*,#2772,.T.);
#1604=ORIENTED_EDGE('',*,*,#2774,.T.);
#1605=ORIENTED_EDGE('',*,*,#2775,.F.);
#1606=ORIENTED_EDGE('',*,*,#2758,.F.);
#1607=ORIENTED_EDGE('',*,*,#2776,.F.);
#1608=ORIENTED_EDGE('',*,*,#2777,.T.);
#1609=ORIENTED_EDGE('',*,*,#2778,.T.);
#1610=ORIENTED_EDGE('',*,*,#2757,.T.);
#1611=ORIENTED_EDGE('',*,*,#2779,.F.);
#1612=ORIENTED_EDGE('',*,*,#2780,.F.);
#1613=ORIENTED_EDGE('',*,*,#2776,.T.);
#1614=ORIENTED_EDGE('',*,*,#2760,.T.);
#1615=ORIENTED_EDGE('',*,*,#2781,.F.);
#1616=ORIENTED_EDGE('',*,*,#2782,.F.);
#1617=ORIENTED_EDGE('',*,*,#2779,.T.);
#1618=ORIENTED_EDGE('',*,*,#2759,.F.);
#1619=ORIENTED_EDGE('',*,*,#2778,.F.);
#1620=ORIENTED_EDGE('',*,*,#2783,.T.);
#1621=ORIENTED_EDGE('',*,*,#2781,.T.);
#1622=ORIENTED_EDGE('',*,*,#2777,.F.);
#1623=ORIENTED_EDGE('',*,*,#2780,.T.);
#1624=ORIENTED_EDGE('',*,*,#2782,.T.);
#1625=ORIENTED_EDGE('',*,*,#2783,.F.);
#1626=ORIENTED_EDGE('',*,*,#2784,.T.);
#1627=ORIENTED_EDGE('',*,*,#2785,.T.);
#1628=ORIENTED_EDGE('',*,*,#2786,.T.);
#1629=ORIENTED_EDGE('',*,*,#2787,.F.);
#1630=ORIENTED_EDGE('',*,*,#2788,.F.);
#1631=ORIENTED_EDGE('',*,*,#2789,.F.);
#1632=ORIENTED_EDGE('',*,*,#2790,.T.);
#1633=ORIENTED_EDGE('',*,*,#2791,.F.);
#1634=ORIENTED_EDGE('',*,*,#2792,.F.);
#1635=ORIENTED_EDGE('',*,*,#2793,.F.);
#1636=ORIENTED_EDGE('',*,*,#2794,.T.);
#1637=ORIENTED_EDGE('',*,*,#2795,.F.);
#1638=ORIENTED_EDGE('',*,*,#2796,.T.);
#1639=ORIENTED_EDGE('',*,*,#2797,.T.);
#1640=ORIENTED_EDGE('',*,*,#2798,.T.);
#1641=ORIENTED_EDGE('',*,*,#2799,.F.);
#1642=ORIENTED_EDGE('',*,*,#2800,.T.);
#1643=ORIENTED_EDGE('',*,*,#2801,.T.);
#1644=ORIENTED_EDGE('',*,*,#2799,.T.);
#1645=ORIENTED_EDGE('',*,*,#2802,.T.);
#1646=ORIENTED_EDGE('',*,*,#2784,.F.);
#1647=ORIENTED_EDGE('',*,*,#2803,.T.);
#1648=ORIENTED_EDGE('',*,*,#2795,.T.);
#1649=ORIENTED_EDGE('',*,*,#2804,.T.);
#1650=ORIENTED_EDGE('',*,*,#2805,.T.);
#1651=ORIENTED_EDGE('',*,*,#2806,.F.);
#1652=ORIENTED_EDGE('',*,*,#2791,.T.);
#1653=ORIENTED_EDGE('',*,*,#2807,.T.);
#1654=ORIENTED_EDGE('',*,*,#2808,.T.);
#1655=ORIENTED_EDGE('',*,*,#2809,.F.);
#1656=ORIENTED_EDGE('',*,*,#2787,.T.);
#1657=ORIENTED_EDGE('',*,*,#2810,.T.);
#1658=ORIENTED_EDGE('',*,*,#2801,.F.);
#1659=ORIENTED_EDGE('',*,*,#2811,.T.);
#1660=ORIENTED_EDGE('',*,*,#2796,.F.);
#1661=ORIENTED_EDGE('',*,*,#2811,.F.);
#1662=ORIENTED_EDGE('',*,*,#2800,.F.);
#1663=ORIENTED_EDGE('',*,*,#2803,.F.);
#1664=ORIENTED_EDGE('',*,*,#2810,.F.);
#1665=ORIENTED_EDGE('',*,*,#2786,.F.);
#1666=ORIENTED_EDGE('',*,*,#2812,.F.);
#1667=ORIENTED_EDGE('',*,*,#2797,.F.);
#1668=ORIENTED_EDGE('',*,*,#2785,.F.);
#1669=ORIENTED_EDGE('',*,*,#2802,.F.);
#1670=ORIENTED_EDGE('',*,*,#2798,.F.);
#1671=ORIENTED_EDGE('',*,*,#2812,.T.);
#1672=ORIENTED_EDGE('',*,*,#2807,.F.);
#1673=ORIENTED_EDGE('',*,*,#2790,.F.);
#1674=ORIENTED_EDGE('',*,*,#2813,.T.);
#1675=ORIENTED_EDGE('',*,*,#2814,.T.);
#1676=ORIENTED_EDGE('',*,*,#2809,.T.);
#1677=ORIENTED_EDGE('',*,*,#2815,.F.);
#1678=ORIENTED_EDGE('',*,*,#2816,.F.);
#1679=ORIENTED_EDGE('',*,*,#2788,.T.);
#1680=ORIENTED_EDGE('',*,*,#2808,.F.);
#1681=ORIENTED_EDGE('',*,*,#2814,.F.);
#1682=ORIENTED_EDGE('',*,*,#2817,.T.);
#1683=ORIENTED_EDGE('',*,*,#2815,.T.);
#1684=ORIENTED_EDGE('',*,*,#2813,.F.);
#1685=ORIENTED_EDGE('',*,*,#2789,.T.);
#1686=ORIENTED_EDGE('',*,*,#2816,.T.);
#1687=ORIENTED_EDGE('',*,*,#2817,.F.);
#1688=ORIENTED_EDGE('',*,*,#2804,.F.);
#1689=ORIENTED_EDGE('',*,*,#2794,.F.);
#1690=ORIENTED_EDGE('',*,*,#2818,.T.);
#1691=ORIENTED_EDGE('',*,*,#2819,.T.);
#1692=ORIENTED_EDGE('',*,*,#2806,.T.);
#1693=ORIENTED_EDGE('',*,*,#2820,.F.);
#1694=ORIENTED_EDGE('',*,*,#2821,.F.);
#1695=ORIENTED_EDGE('',*,*,#2792,.T.);
#1696=ORIENTED_EDGE('',*,*,#2805,.F.);
#1697=ORIENTED_EDGE('',*,*,#2819,.F.);
#1698=ORIENTED_EDGE('',*,*,#2822,.T.);
#1699=ORIENTED_EDGE('',*,*,#2820,.T.);
#1700=ORIENTED_EDGE('',*,*,#2818,.F.);
#1701=ORIENTED_EDGE('',*,*,#2793,.T.);
#1702=ORIENTED_EDGE('',*,*,#2821,.T.);
#1703=ORIENTED_EDGE('',*,*,#2822,.F.);
#1704=ORIENTED_EDGE('',*,*,#2823,.T.);
#1705=ORIENTED_EDGE('',*,*,#2824,.T.);
#1706=ORIENTED_EDGE('',*,*,#2825,.F.);
#1707=ORIENTED_EDGE('',*,*,#2826,.F.);
#1708=ORIENTED_EDGE('',*,*,#2825,.T.);
#1709=ORIENTED_EDGE('',*,*,#2827,.T.);
#1710=ORIENTED_EDGE('',*,*,#2828,.T.);
#1711=ORIENTED_EDGE('',*,*,#2829,.F.);
#1712=ORIENTED_EDGE('',*,*,#2830,.T.);
#1713=ORIENTED_EDGE('',*,*,#2831,.F.);
#1714=ORIENTED_EDGE('',*,*,#2832,.T.);
#1715=ORIENTED_EDGE('',*,*,#2833,.T.);
#1716=ORIENTED_EDGE('',*,*,#2834,.T.);
#1717=ORIENTED_EDGE('',*,*,#2835,.F.);
#1718=ORIENTED_EDGE('',*,*,#2836,.F.);
#1719=ORIENTED_EDGE('',*,*,#2837,.T.);
#1720=ORIENTED_EDGE('',*,*,#2828,.F.);
#1721=ORIENTED_EDGE('',*,*,#2838,.T.);
#1722=ORIENTED_EDGE('',*,*,#2839,.T.);
#1723=ORIENTED_EDGE('',*,*,#2840,.T.);
#1724=ORIENTED_EDGE('',*,*,#2832,.F.);
#1725=ORIENTED_EDGE('',*,*,#2841,.F.);
#1726=ORIENTED_EDGE('',*,*,#2842,.F.);
#1727=ORIENTED_EDGE('',*,*,#2843,.F.);
#1728=ORIENTED_EDGE('',*,*,#2844,.F.);
#1729=ORIENTED_EDGE('',*,*,#2841,.T.);
#1730=ORIENTED_EDGE('',*,*,#2831,.T.);
#1731=ORIENTED_EDGE('',*,*,#2845,.T.);
#1732=ORIENTED_EDGE('',*,*,#2846,.F.);
#1733=ORIENTED_EDGE('',*,*,#2847,.F.);
#1734=ORIENTED_EDGE('',*,*,#2848,.F.);
#1735=ORIENTED_EDGE('',*,*,#2849,.T.);
#1736=ORIENTED_EDGE('',*,*,#2829,.T.);
#1737=ORIENTED_EDGE('',*,*,#2843,.T.);
#1738=ORIENTED_EDGE('',*,*,#2850,.F.);
#1739=ORIENTED_EDGE('',*,*,#2851,.T.);
#1740=ORIENTED_EDGE('',*,*,#2844,.T.);
#1741=ORIENTED_EDGE('',*,*,#2852,.T.);
#1742=ORIENTED_EDGE('',*,*,#2853,.F.);
#1743=ORIENTED_EDGE('',*,*,#2854,.F.);
#1744=ORIENTED_EDGE('',*,*,#2846,.T.);
#1745=ORIENTED_EDGE('',*,*,#2855,.T.);
#1746=ORIENTED_EDGE('',*,*,#2850,.T.);
#1747=ORIENTED_EDGE('',*,*,#2842,.T.);
#1748=ORIENTED_EDGE('',*,*,#2845,.F.);
#1749=ORIENTED_EDGE('',*,*,#2830,.F.);
#1750=ORIENTED_EDGE('',*,*,#2851,.F.);
#1751=ORIENTED_EDGE('',*,*,#2855,.F.);
#1752=ORIENTED_EDGE('',*,*,#2836,.T.);
#1753=ORIENTED_EDGE('',*,*,#2856,.F.);
#1754=ORIENTED_EDGE('',*,*,#2857,.F.);
#1755=ORIENTED_EDGE('',*,*,#2858,.T.);
#1756=ORIENTED_EDGE('',*,*,#2835,.T.);
#1757=ORIENTED_EDGE('',*,*,#2859,.F.);
#1758=ORIENTED_EDGE('',*,*,#2860,.F.);
#1759=ORIENTED_EDGE('',*,*,#2856,.T.);
#1760=ORIENTED_EDGE('',*,*,#2861,.F.);
#1761=ORIENTED_EDGE('',*,*,#2862,.T.);
#1762=ORIENTED_EDGE('',*,*,#2859,.T.);
#1763=ORIENTED_EDGE('',*,*,#2834,.F.);
#1764=ORIENTED_EDGE('',*,*,#2837,.F.);
#1765=ORIENTED_EDGE('',*,*,#2858,.F.);
#1766=ORIENTED_EDGE('',*,*,#2863,.T.);
#1767=ORIENTED_EDGE('',*,*,#2826,.T.);
#1768=ORIENTED_EDGE('',*,*,#2857,.T.);
#1769=ORIENTED_EDGE('',*,*,#2860,.T.);
#1770=ORIENTED_EDGE('',*,*,#2862,.F.);
#1771=ORIENTED_EDGE('',*,*,#2864,.F.);
#1772=ORIENTED_EDGE('',*,*,#2839,.F.);
#1773=ORIENTED_EDGE('',*,*,#2865,.F.);
#1774=ORIENTED_EDGE('',*,*,#2823,.F.);
#1775=ORIENTED_EDGE('',*,*,#2863,.F.);
#1776=ORIENTED_EDGE('',*,*,#2827,.F.);
#1777=ORIENTED_EDGE('',*,*,#2824,.F.);
#1778=ORIENTED_EDGE('',*,*,#2865,.T.);
#1779=ORIENTED_EDGE('',*,*,#2838,.F.);
#1780=ORIENTED_EDGE('',*,*,#2864,.T.);
#1781=ORIENTED_EDGE('',*,*,#2861,.T.);
#1782=ORIENTED_EDGE('',*,*,#2833,.F.);
#1783=ORIENTED_EDGE('',*,*,#2840,.F.);
#1784=ORIENTED_EDGE('',*,*,#2854,.T.);
#1785=ORIENTED_EDGE('',*,*,#2866,.F.);
#1786=ORIENTED_EDGE('',*,*,#2867,.F.);
#1787=ORIENTED_EDGE('',*,*,#2847,.T.);
#1788=ORIENTED_EDGE('',*,*,#2853,.T.);
#1789=ORIENTED_EDGE('',*,*,#2868,.F.);
#1790=ORIENTED_EDGE('',*,*,#2869,.F.);
#1791=ORIENTED_EDGE('',*,*,#2866,.T.);
#1792=ORIENTED_EDGE('',*,*,#2852,.F.);
#1793=ORIENTED_EDGE('',*,*,#2849,.F.);
#1794=ORIENTED_EDGE('',*,*,#2870,.T.);
#1795=ORIENTED_EDGE('',*,*,#2868,.T.);
#1796=ORIENTED_EDGE('',*,*,#2848,.T.);
#1797=ORIENTED_EDGE('',*,*,#2867,.T.);
#1798=ORIENTED_EDGE('',*,*,#2869,.T.);
#1799=ORIENTED_EDGE('',*,*,#2870,.F.);
#1800=ORIENTED_EDGE('',*,*,#2871,.F.);
#1801=ORIENTED_EDGE('',*,*,#2872,.F.);
#1802=ORIENTED_EDGE('',*,*,#2873,.T.);
#1803=ORIENTED_EDGE('',*,*,#2874,.T.);
#1804=ORIENTED_EDGE('',*,*,#2875,.T.);
#1805=ORIENTED_EDGE('',*,*,#2876,.F.);
#1806=ORIENTED_EDGE('',*,*,#2877,.F.);
#1807=ORIENTED_EDGE('',*,*,#2872,.T.);
#1808=ORIENTED_EDGE('',*,*,#2878,.T.);
#1809=ORIENTED_EDGE('',*,*,#2879,.F.);
#1810=ORIENTED_EDGE('',*,*,#2880,.F.);
#1811=ORIENTED_EDGE('',*,*,#2876,.T.);
#1812=ORIENTED_EDGE('',*,*,#2881,.T.);
#1813=ORIENTED_EDGE('',*,*,#2882,.F.);
#1814=ORIENTED_EDGE('',*,*,#2883,.F.);
#1815=ORIENTED_EDGE('',*,*,#2874,.F.);
#1816=ORIENTED_EDGE('',*,*,#2884,.T.);
#1817=ORIENTED_EDGE('',*,*,#2879,.T.);
#1818=ORIENTED_EDGE('',*,*,#2881,.F.);
#1819=ORIENTED_EDGE('',*,*,#2873,.F.);
#1820=ORIENTED_EDGE('',*,*,#2877,.T.);
#1821=ORIENTED_EDGE('',*,*,#2880,.T.);
#1822=ORIENTED_EDGE('',*,*,#2884,.F.);
#1823=ORIENTED_EDGE('',*,*,#2885,.T.);
#1824=ORIENTED_EDGE('',*,*,#2871,.T.);
#1825=ORIENTED_EDGE('',*,*,#2883,.T.);
#1826=ORIENTED_EDGE('',*,*,#2878,.F.);
#1827=ORIENTED_EDGE('',*,*,#2875,.F.);
#1828=ORIENTED_EDGE('',*,*,#2886,.T.);
#1829=ORIENTED_EDGE('',*,*,#2885,.F.);
#1830=ORIENTED_EDGE('',*,*,#2886,.F.);
#1831=ORIENTED_EDGE('',*,*,#2882,.T.);
#1832=ORIENTED_EDGE('',*,*,#2887,.F.);
#1833=ORIENTED_EDGE('',*,*,#2888,.F.);
#1834=ORIENTED_EDGE('',*,*,#2889,.F.);
#1835=ORIENTED_EDGE('',*,*,#2890,.T.);
#1836=ORIENTED_EDGE('',*,*,#2891,.T.);
#1837=ORIENTED_EDGE('',*,*,#2892,.F.);
#1838=ORIENTED_EDGE('',*,*,#2893,.T.);
#1839=ORIENTED_EDGE('',*,*,#2894,.F.);
#1840=ORIENTED_EDGE('',*,*,#2895,.T.);
#1841=ORIENTED_EDGE('',*,*,#2896,.F.);
#1842=ORIENTED_EDGE('',*,*,#2897,.T.);
#1843=ORIENTED_EDGE('',*,*,#2898,.T.);
#1844=ORIENTED_EDGE('',*,*,#2899,.T.);
#1845=ORIENTED_EDGE('',*,*,#2900,.T.);
#1846=ORIENTED_EDGE('',*,*,#2901,.T.);
#1847=ORIENTED_EDGE('',*,*,#2902,.T.);
#1848=ORIENTED_EDGE('',*,*,#2903,.T.);
#1849=ORIENTED_EDGE('',*,*,#2904,.T.);
#1850=ORIENTED_EDGE('',*,*,#2905,.T.);
#1851=ORIENTED_EDGE('',*,*,#2906,.T.);
#1852=ORIENTED_EDGE('',*,*,#2907,.T.);
#1853=ORIENTED_EDGE('',*,*,#2908,.T.);
#1854=ORIENTED_EDGE('',*,*,#2909,.T.);
#1855=ORIENTED_EDGE('',*,*,#2910,.T.);
#1856=ORIENTED_EDGE('',*,*,#2911,.T.);
#1857=ORIENTED_EDGE('',*,*,#2912,.T.);
#1858=ORIENTED_EDGE('',*,*,#2913,.T.);
#1859=ORIENTED_EDGE('',*,*,#2914,.T.);
#1860=ORIENTED_EDGE('',*,*,#2915,.T.);
#1861=ORIENTED_EDGE('',*,*,#2916,.T.);
#1862=ORIENTED_EDGE('',*,*,#2917,.T.);
#1863=ORIENTED_EDGE('',*,*,#2918,.T.);
#1864=ORIENTED_EDGE('',*,*,#2919,.T.);
#1865=ORIENTED_EDGE('',*,*,#2920,.T.);
#1866=ORIENTED_EDGE('',*,*,#2921,.T.);
#1867=ORIENTED_EDGE('',*,*,#2922,.T.);
#1868=ORIENTED_EDGE('',*,*,#2923,.T.);
#1869=ORIENTED_EDGE('',*,*,#2924,.T.);
#1870=ORIENTED_EDGE('',*,*,#2925,.T.);
#1871=ORIENTED_EDGE('',*,*,#2926,.T.);
#1872=ORIENTED_EDGE('',*,*,#2927,.T.);
#1873=ORIENTED_EDGE('',*,*,#2928,.T.);
#1874=ORIENTED_EDGE('',*,*,#2929,.T.);
#1875=ORIENTED_EDGE('',*,*,#2930,.T.);
#1876=ORIENTED_EDGE('',*,*,#2931,.T.);
#1877=ORIENTED_EDGE('',*,*,#2932,.T.);
#1878=ORIENTED_EDGE('',*,*,#2933,.T.);
#1879=ORIENTED_EDGE('',*,*,#2934,.T.);
#1880=ORIENTED_EDGE('',*,*,#2935,.T.);
#1881=ORIENTED_EDGE('',*,*,#2936,.T.);
#1882=ORIENTED_EDGE('',*,*,#2937,.T.);
#1883=ORIENTED_EDGE('',*,*,#2938,.T.);
#1884=ORIENTED_EDGE('',*,*,#2939,.T.);
#1885=ORIENTED_EDGE('',*,*,#2940,.T.);
#1886=ORIENTED_EDGE('',*,*,#2941,.T.);
#1887=ORIENTED_EDGE('',*,*,#2942,.T.);
#1888=ORIENTED_EDGE('',*,*,#2943,.T.);
#1889=ORIENTED_EDGE('',*,*,#2944,.T.);
#1890=ORIENTED_EDGE('',*,*,#2896,.T.);
#1891=ORIENTED_EDGE('',*,*,#2945,.T.);
#1892=ORIENTED_EDGE('',*,*,#2946,.T.);
#1893=ORIENTED_EDGE('',*,*,#2947,.T.);
#1894=ORIENTED_EDGE('',*,*,#2948,.T.);
#1895=ORIENTED_EDGE('',*,*,#2949,.F.);
#1896=ORIENTED_EDGE('',*,*,#2950,.T.);
#1897=ORIENTED_EDGE('',*,*,#2890,.F.);
#1898=ORIENTED_EDGE('',*,*,#2951,.F.);
#1899=ORIENTED_EDGE('',*,*,#2952,.F.);
#1900=ORIENTED_EDGE('',*,*,#2951,.T.);
#1901=ORIENTED_EDGE('',*,*,#2897,.F.);
#1902=ORIENTED_EDGE('',*,*,#2944,.F.);
#1903=ORIENTED_EDGE('',*,*,#2953,.T.);
#1904=ORIENTED_EDGE('',*,*,#2894,.T.);
#1905=ORIENTED_EDGE('',*,*,#2954,.T.);
#1906=ORIENTED_EDGE('',*,*,#2955,.T.);
#1907=ORIENTED_EDGE('',*,*,#2892,.T.);
#1908=ORIENTED_EDGE('',*,*,#2956,.T.);
#1909=ORIENTED_EDGE('',*,*,#2957,.T.);
#1910=ORIENTED_EDGE('',*,*,#2889,.T.);
#1911=ORIENTED_EDGE('',*,*,#2958,.T.);
#1912=ORIENTED_EDGE('',*,*,#2888,.T.);
#1913=ORIENTED_EDGE('',*,*,#2959,.T.);
#1914=ORIENTED_EDGE('',*,*,#2960,.T.);
#1915=ORIENTED_EDGE('',*,*,#2961,.T.);
#1916=ORIENTED_EDGE('',*,*,#2887,.T.);
#1917=ORIENTED_EDGE('',*,*,#2962,.F.);
#1918=ORIENTED_EDGE('',*,*,#2945,.F.);
#1919=ORIENTED_EDGE('',*,*,#2963,.F.);
#1920=ORIENTED_EDGE('',*,*,#2950,.F.);
#1921=ORIENTED_EDGE('',*,*,#2963,.T.);
#1922=ORIENTED_EDGE('',*,*,#2948,.F.);
#1923=ORIENTED_EDGE('',*,*,#2964,.F.);
#1924=ORIENTED_EDGE('',*,*,#2895,.F.);
#1925=ORIENTED_EDGE('',*,*,#2954,.F.);
#1926=ORIENTED_EDGE('',*,*,#2893,.F.);
#1927=ORIENTED_EDGE('',*,*,#2956,.F.);
#1928=ORIENTED_EDGE('',*,*,#2891,.F.);
#1929=ORIENTED_EDGE('',*,*,#2965,.F.);
#1930=ORIENTED_EDGE('',*,*,#2942,.F.);
#1931=ORIENTED_EDGE('',*,*,#2964,.T.);
#1932=ORIENTED_EDGE('',*,*,#2947,.F.);
#1933=ORIENTED_EDGE('',*,*,#2961,.F.);
#1934=ORIENTED_EDGE('',*,*,#2960,.F.);
#1935=ORIENTED_EDGE('',*,*,#2899,.F.);
#1936=ORIENTED_EDGE('',*,*,#2966,.F.);
#1937=ORIENTED_EDGE('',*,*,#2967,.T.);
#1938=ORIENTED_EDGE('',*,*,#2968,.T.);
#1939=ORIENTED_EDGE('',*,*,#2898,.F.);
#1940=ORIENTED_EDGE('',*,*,#2969,.F.);
#1941=ORIENTED_EDGE('',*,*,#2970,.T.);
#1942=ORIENTED_EDGE('',*,*,#2966,.T.);
#1943=ORIENTED_EDGE('',*,*,#2909,.F.);
#1944=ORIENTED_EDGE('',*,*,#2971,.F.);
#1945=ORIENTED_EDGE('',*,*,#2972,.T.);
#1946=ORIENTED_EDGE('',*,*,#2969,.T.);
#1947=ORIENTED_EDGE('',*,*,#2908,.F.);
#1948=ORIENTED_EDGE('',*,*,#2973,.F.);
#1949=ORIENTED_EDGE('',*,*,#2974,.T.);
#1950=ORIENTED_EDGE('',*,*,#2971,.T.);
#1951=ORIENTED_EDGE('',*,*,#2907,.F.);
#1952=ORIENTED_EDGE('',*,*,#2975,.F.);
#1953=ORIENTED_EDGE('',*,*,#2976,.T.);
#1954=ORIENTED_EDGE('',*,*,#2973,.T.);
#1955=ORIENTED_EDGE('',*,*,#2906,.F.);
#1956=ORIENTED_EDGE('',*,*,#2977,.F.);
#1957=ORIENTED_EDGE('',*,*,#2978,.T.);
#1958=ORIENTED_EDGE('',*,*,#2975,.T.);
#1959=ORIENTED_EDGE('',*,*,#2905,.F.);
#1960=ORIENTED_EDGE('',*,*,#2979,.F.);
#1961=ORIENTED_EDGE('',*,*,#2980,.T.);
#1962=ORIENTED_EDGE('',*,*,#2977,.T.);
#1963=ORIENTED_EDGE('',*,*,#2904,.F.);
#1964=ORIENTED_EDGE('',*,*,#2981,.F.);
#1965=ORIENTED_EDGE('',*,*,#2982,.T.);
#1966=ORIENTED_EDGE('',*,*,#2979,.T.);
#1967=ORIENTED_EDGE('',*,*,#2903,.F.);
#1968=ORIENTED_EDGE('',*,*,#2983,.F.);
#1969=ORIENTED_EDGE('',*,*,#2984,.T.);
#1970=ORIENTED_EDGE('',*,*,#2981,.T.);
#1971=ORIENTED_EDGE('',*,*,#2902,.F.);
#1972=ORIENTED_EDGE('',*,*,#2985,.F.);
#1973=ORIENTED_EDGE('',*,*,#2986,.T.);
#1974=ORIENTED_EDGE('',*,*,#2983,.T.);
#1975=ORIENTED_EDGE('',*,*,#2901,.F.);
#1976=ORIENTED_EDGE('',*,*,#2987,.F.);
#1977=ORIENTED_EDGE('',*,*,#2988,.T.);
#1978=ORIENTED_EDGE('',*,*,#2985,.T.);
#1979=ORIENTED_EDGE('',*,*,#2900,.F.);
#1980=ORIENTED_EDGE('',*,*,#2968,.F.);
#1981=ORIENTED_EDGE('',*,*,#2989,.T.);
#1982=ORIENTED_EDGE('',*,*,#2987,.T.);
#1983=ORIENTED_EDGE('',*,*,#2967,.F.);
#1984=ORIENTED_EDGE('',*,*,#2970,.F.);
#1985=ORIENTED_EDGE('',*,*,#2972,.F.);
#1986=ORIENTED_EDGE('',*,*,#2974,.F.);
#1987=ORIENTED_EDGE('',*,*,#2976,.F.);
#1988=ORIENTED_EDGE('',*,*,#2978,.F.);
#1989=ORIENTED_EDGE('',*,*,#2980,.F.);
#1990=ORIENTED_EDGE('',*,*,#2982,.F.);
#1991=ORIENTED_EDGE('',*,*,#2984,.F.);
#1992=ORIENTED_EDGE('',*,*,#2986,.F.);
#1993=ORIENTED_EDGE('',*,*,#2988,.F.);
#1994=ORIENTED_EDGE('',*,*,#2989,.F.);
#1995=ORIENTED_EDGE('',*,*,#2911,.F.);
#1996=ORIENTED_EDGE('',*,*,#2990,.F.);
#1997=ORIENTED_EDGE('',*,*,#2991,.T.);
#1998=ORIENTED_EDGE('',*,*,#2992,.T.);
#1999=ORIENTED_EDGE('',*,*,#2910,.F.);
#2000=ORIENTED_EDGE('',*,*,#2993,.F.);
#2001=ORIENTED_EDGE('',*,*,#2994,.T.);
#2002=ORIENTED_EDGE('',*,*,#2990,.T.);
#2003=ORIENTED_EDGE('',*,*,#2925,.F.);
#2004=ORIENTED_EDGE('',*,*,#2995,.F.);
#2005=ORIENTED_EDGE('',*,*,#2996,.T.);
#2006=ORIENTED_EDGE('',*,*,#2993,.T.);
#2007=ORIENTED_EDGE('',*,*,#2924,.F.);
#2008=ORIENTED_EDGE('',*,*,#2997,.F.);
#2009=ORIENTED_EDGE('',*,*,#2998,.T.);
#2010=ORIENTED_EDGE('',*,*,#2995,.T.);
#2011=ORIENTED_EDGE('',*,*,#2923,.F.);
#2012=ORIENTED_EDGE('',*,*,#2999,.F.);
#2013=ORIENTED_EDGE('',*,*,#3000,.T.);
#2014=ORIENTED_EDGE('',*,*,#2997,.T.);
#2015=ORIENTED_EDGE('',*,*,#2922,.F.);
#2016=ORIENTED_EDGE('',*,*,#3001,.F.);
#2017=ORIENTED_EDGE('',*,*,#3002,.T.);
#2018=ORIENTED_EDGE('',*,*,#2999,.T.);
#2019=ORIENTED_EDGE('',*,*,#2921,.F.);
#2020=ORIENTED_EDGE('',*,*,#3003,.F.);
#2021=ORIENTED_EDGE('',*,*,#3004,.T.);
#2022=ORIENTED_EDGE('',*,*,#3001,.T.);
#2023=ORIENTED_EDGE('',*,*,#2920,.F.);
#2024=ORIENTED_EDGE('',*,*,#3005,.F.);
#2025=ORIENTED_EDGE('',*,*,#3006,.T.);
#2026=ORIENTED_EDGE('',*,*,#3003,.T.);
#2027=ORIENTED_EDGE('',*,*,#2919,.F.);
#2028=ORIENTED_EDGE('',*,*,#3007,.F.);
#2029=ORIENTED_EDGE('',*,*,#3008,.T.);
#2030=ORIENTED_EDGE('',*,*,#3005,.T.);
#2031=ORIENTED_EDGE('',*,*,#2918,.F.);
#2032=ORIENTED_EDGE('',*,*,#3009,.F.);
#2033=ORIENTED_EDGE('',*,*,#3010,.T.);
#2034=ORIENTED_EDGE('',*,*,#3007,.T.);
#2035=ORIENTED_EDGE('',*,*,#2917,.F.);
#2036=ORIENTED_EDGE('',*,*,#3011,.F.);
#2037=ORIENTED_EDGE('',*,*,#3012,.T.);
#2038=ORIENTED_EDGE('',*,*,#3009,.T.);
#2039=ORIENTED_EDGE('',*,*,#2916,.F.);
#2040=ORIENTED_EDGE('',*,*,#3013,.F.);
#2041=ORIENTED_EDGE('',*,*,#3014,.T.);
#2042=ORIENTED_EDGE('',*,*,#3011,.T.);
#2043=ORIENTED_EDGE('',*,*,#2915,.F.);
#2044=ORIENTED_EDGE('',*,*,#3015,.F.);
#2045=ORIENTED_EDGE('',*,*,#3016,.T.);
#2046=ORIENTED_EDGE('',*,*,#3013,.T.);
#2047=ORIENTED_EDGE('',*,*,#2914,.F.);
#2048=ORIENTED_EDGE('',*,*,#3017,.F.);
#2049=ORIENTED_EDGE('',*,*,#3018,.T.);
#2050=ORIENTED_EDGE('',*,*,#3015,.T.);
#2051=ORIENTED_EDGE('',*,*,#2913,.F.);
#2052=ORIENTED_EDGE('',*,*,#3019,.F.);
#2053=ORIENTED_EDGE('',*,*,#3020,.T.);
#2054=ORIENTED_EDGE('',*,*,#3017,.T.);
#2055=ORIENTED_EDGE('',*,*,#2912,.F.);
#2056=ORIENTED_EDGE('',*,*,#2992,.F.);
#2057=ORIENTED_EDGE('',*,*,#3021,.T.);
#2058=ORIENTED_EDGE('',*,*,#3019,.T.);
#2059=ORIENTED_EDGE('',*,*,#2991,.F.);
#2060=ORIENTED_EDGE('',*,*,#2994,.F.);
#2061=ORIENTED_EDGE('',*,*,#2996,.F.);
#2062=ORIENTED_EDGE('',*,*,#2998,.F.);
#2063=ORIENTED_EDGE('',*,*,#3000,.F.);
#2064=ORIENTED_EDGE('',*,*,#3002,.F.);
#2065=ORIENTED_EDGE('',*,*,#3004,.F.);
#2066=ORIENTED_EDGE('',*,*,#3006,.F.);
#2067=ORIENTED_EDGE('',*,*,#3008,.F.);
#2068=ORIENTED_EDGE('',*,*,#3010,.F.);
#2069=ORIENTED_EDGE('',*,*,#3012,.F.);
#2070=ORIENTED_EDGE('',*,*,#3014,.F.);
#2071=ORIENTED_EDGE('',*,*,#3016,.F.);
#2072=ORIENTED_EDGE('',*,*,#3018,.F.);
#2073=ORIENTED_EDGE('',*,*,#3020,.F.);
#2074=ORIENTED_EDGE('',*,*,#3021,.F.);
#2075=ORIENTED_EDGE('',*,*,#2927,.F.);
#2076=ORIENTED_EDGE('',*,*,#3022,.F.);
#2077=ORIENTED_EDGE('',*,*,#3023,.T.);
#2078=ORIENTED_EDGE('',*,*,#3024,.T.);
#2079=ORIENTED_EDGE('',*,*,#2926,.F.);
#2080=ORIENTED_EDGE('',*,*,#3025,.F.);
#2081=ORIENTED_EDGE('',*,*,#3026,.T.);
#2082=ORIENTED_EDGE('',*,*,#3022,.T.);
#2083=ORIENTED_EDGE('',*,*,#2931,.F.);
#2084=ORIENTED_EDGE('',*,*,#3027,.F.);
#2085=ORIENTED_EDGE('',*,*,#3028,.T.);
#2086=ORIENTED_EDGE('',*,*,#3025,.T.);
#2087=ORIENTED_EDGE('',*,*,#2930,.F.);
#2088=ORIENTED_EDGE('',*,*,#3029,.F.);
#2089=ORIENTED_EDGE('',*,*,#3030,.T.);
#2090=ORIENTED_EDGE('',*,*,#3027,.T.);
#2091=ORIENTED_EDGE('',*,*,#2929,.F.);
#2092=ORIENTED_EDGE('',*,*,#3031,.F.);
#2093=ORIENTED_EDGE('',*,*,#3032,.T.);
#2094=ORIENTED_EDGE('',*,*,#3029,.T.);
#2095=ORIENTED_EDGE('',*,*,#2928,.F.);
#2096=ORIENTED_EDGE('',*,*,#3024,.F.);
#2097=ORIENTED_EDGE('',*,*,#3033,.T.);
#2098=ORIENTED_EDGE('',*,*,#3031,.T.);
#2099=ORIENTED_EDGE('',*,*,#3023,.F.);
#2100=ORIENTED_EDGE('',*,*,#3026,.F.);
#2101=ORIENTED_EDGE('',*,*,#3028,.F.);
#2102=ORIENTED_EDGE('',*,*,#3030,.F.);
#2103=ORIENTED_EDGE('',*,*,#3032,.F.);
#2104=ORIENTED_EDGE('',*,*,#3033,.F.);
#2105=ORIENTED_EDGE('',*,*,#2933,.F.);
#2106=ORIENTED_EDGE('',*,*,#3034,.F.);
#2107=ORIENTED_EDGE('',*,*,#3035,.T.);
#2108=ORIENTED_EDGE('',*,*,#3036,.T.);
#2109=ORIENTED_EDGE('',*,*,#2932,.F.);
#2110=ORIENTED_EDGE('',*,*,#3037,.F.);
#2111=ORIENTED_EDGE('',*,*,#3038,.T.);
#2112=ORIENTED_EDGE('',*,*,#3034,.T.);
#2113=ORIENTED_EDGE('',*,*,#2941,.F.);
#2114=ORIENTED_EDGE('',*,*,#3039,.F.);
#2115=ORIENTED_EDGE('',*,*,#3040,.T.);
#2116=ORIENTED_EDGE('',*,*,#3037,.T.);
#2117=ORIENTED_EDGE('',*,*,#2940,.F.);
#2118=ORIENTED_EDGE('',*,*,#3041,.F.);
#2119=ORIENTED_EDGE('',*,*,#3042,.T.);
#2120=ORIENTED_EDGE('',*,*,#3039,.T.);
#2121=ORIENTED_EDGE('',*,*,#2939,.F.);
#2122=ORIENTED_EDGE('',*,*,#3043,.F.);
#2123=ORIENTED_EDGE('',*,*,#3044,.T.);
#2124=ORIENTED_EDGE('',*,*,#3041,.T.);
#2125=ORIENTED_EDGE('',*,*,#2938,.F.);
#2126=ORIENTED_EDGE('',*,*,#3045,.F.);
#2127=ORIENTED_EDGE('',*,*,#3046,.T.);
#2128=ORIENTED_EDGE('',*,*,#3043,.T.);
#2129=ORIENTED_EDGE('',*,*,#2937,.F.);
#2130=ORIENTED_EDGE('',*,*,#3047,.F.);
#2131=ORIENTED_EDGE('',*,*,#3048,.T.);
#2132=ORIENTED_EDGE('',*,*,#3045,.T.);
#2133=ORIENTED_EDGE('',*,*,#2936,.F.);
#2134=ORIENTED_EDGE('',*,*,#3049,.F.);
#2135=ORIENTED_EDGE('',*,*,#3050,.T.);
#2136=ORIENTED_EDGE('',*,*,#3047,.T.);
#2137=ORIENTED_EDGE('',*,*,#2935,.F.);
#2138=ORIENTED_EDGE('',*,*,#3051,.F.);
#2139=ORIENTED_EDGE('',*,*,#3052,.T.);
#2140=ORIENTED_EDGE('',*,*,#3049,.T.);
#2141=ORIENTED_EDGE('',*,*,#2934,.F.);
#2142=ORIENTED_EDGE('',*,*,#3036,.F.);
#2143=ORIENTED_EDGE('',*,*,#3053,.T.);
#2144=ORIENTED_EDGE('',*,*,#3051,.T.);
#2145=ORIENTED_EDGE('',*,*,#3035,.F.);
#2146=ORIENTED_EDGE('',*,*,#3038,.F.);
#2147=ORIENTED_EDGE('',*,*,#3040,.F.);
#2148=ORIENTED_EDGE('',*,*,#3042,.F.);
#2149=ORIENTED_EDGE('',*,*,#3044,.F.);
#2150=ORIENTED_EDGE('',*,*,#3046,.F.);
#2151=ORIENTED_EDGE('',*,*,#3048,.F.);
#2152=ORIENTED_EDGE('',*,*,#3050,.F.);
#2153=ORIENTED_EDGE('',*,*,#3052,.F.);
#2154=ORIENTED_EDGE('',*,*,#3053,.F.);
#2155=ORIENTED_EDGE('',*,*,#2955,.F.);
#2156=ORIENTED_EDGE('',*,*,#2958,.F.);
#2157=ORIENTED_EDGE('',*,*,#2949,.T.);
#2158=ORIENTED_EDGE('',*,*,#2952,.T.);
#2159=ORIENTED_EDGE('',*,*,#2943,.F.);
#2160=ORIENTED_EDGE('',*,*,#2965,.T.);
#2161=ORIENTED_EDGE('',*,*,#2946,.F.);
#2162=ORIENTED_EDGE('',*,*,#2962,.T.);
#2163=ORIENTED_EDGE('',*,*,#2959,.F.);
#2164=ORIENTED_EDGE('',*,*,#2957,.F.);
#2165=ORIENTED_EDGE('',*,*,#2953,.F.);
#2166=ORIENTED_EDGE('',*,*,#3054,.F.);
#2167=ORIENTED_EDGE('',*,*,#3055,.T.);
#2168=ORIENTED_EDGE('',*,*,#3054,.T.);
#2169=ORIENTED_EDGE('',*,*,#3055,.F.);
#2170=EDGE_CURVE('',#3056,#3057,#3661,.T.);
#2171=EDGE_CURVE('',#3056,#3058,#3662,.T.);
#2172=EDGE_CURVE('',#3058,#3059,#3663,.T.);
#2173=EDGE_CURVE('',#3057,#3059,#3664,.T.);
#2174=EDGE_CURVE('',#3060,#3061,#224,.T.);
#2175=EDGE_CURVE('',#3061,#3062,#225,.T.);
#2176=EDGE_CURVE('',#3062,#3063,#226,.T.);
#2177=EDGE_CURVE('',#3063,#3064,#227,.T.);
#2178=EDGE_CURVE('',#3064,#3065,#228,.T.);
#2179=EDGE_CURVE('',#3065,#3066,#3665,.T.);
#2180=EDGE_CURVE('',#3066,#3067,#3666,.T.);
#2181=EDGE_CURVE('',#3067,#3068,#229,.T.);
#2182=EDGE_CURVE('',#3068,#3069,#230,.T.);
#2183=EDGE_CURVE('',#3069,#3070,#231,.T.);
#2184=EDGE_CURVE('',#3070,#3071,#232,.T.);
#2185=EDGE_CURVE('',#3071,#3072,#3667,.T.);
#2186=EDGE_CURVE('',#3072,#3073,#233,.T.);
#2187=EDGE_CURVE('',#3073,#3074,#234,.T.);
#2188=EDGE_CURVE('',#3074,#3075,#235,.T.);
#2189=EDGE_CURVE('',#3075,#3076,#3668,.T.);
#2190=EDGE_CURVE('',#3076,#3077,#236,.T.);
#2191=EDGE_CURVE('',#3077,#3078,#237,.T.);
#2192=EDGE_CURVE('',#3078,#3079,#238,.T.);
#2193=EDGE_CURVE('',#3079,#3080,#3669,.T.);
#2194=EDGE_CURVE('',#3080,#3081,#151,.F.);
#2195=EDGE_CURVE('',#3081,#3082,#239,.T.);
#2196=EDGE_CURVE('',#3082,#3083,#240,.T.);
#2197=EDGE_CURVE('',#3083,#3084,#3670,.T.);
#2198=EDGE_CURVE('',#3084,#3060,#241,.T.);
#2199=EDGE_CURVE('',#3085,#3086,#3671,.T.);
#2200=EDGE_CURVE('',#3086,#3087,#3672,.T.);
#2201=EDGE_CURVE('',#3087,#3088,#242,.T.);
#2202=EDGE_CURVE('',#3088,#3089,#243,.T.);
#2203=EDGE_CURVE('',#3089,#3090,#244,.T.);
#2204=EDGE_CURVE('',#3090,#3091,#245,.T.);
#2205=EDGE_CURVE('',#3091,#3092,#246,.T.);
#2206=EDGE_CURVE('',#3092,#3093,#3673,.T.);
#2207=EDGE_CURVE('',#3093,#3094,#3674,.T.);
#2208=EDGE_CURVE('',#3094,#3095,#3675,.T.);
#2209=EDGE_CURVE('',#3095,#3096,#247,.T.);
#2210=EDGE_CURVE('',#3096,#3097,#3676,.T.);
#2211=EDGE_CURVE('',#3097,#3098,#248,.T.);
#2212=EDGE_CURVE('',#3098,#3099,#3677,.T.);
#2213=EDGE_CURVE('',#3099,#3100,#249,.T.);
#2214=EDGE_CURVE('',#3100,#3101,#3678,.T.);
#2215=EDGE_CURVE('',#3101,#3102,#250,.T.);
#2216=EDGE_CURVE('',#3102,#3103,#251,.T.);
#2217=EDGE_CURVE('',#3103,#3104,#252,.T.);
#2218=EDGE_CURVE('',#3104,#3105,#253,.T.);
#2219=EDGE_CURVE('',#3105,#3085,#3679,.T.);
#2220=EDGE_CURVE('',#3106,#3107,#3680,.T.);
#2221=EDGE_CURVE('',#3107,#3108,#3681,.T.);
#2222=EDGE_CURVE('',#3108,#3109,#3682,.T.);
#2223=EDGE_CURVE('',#3109,#3110,#3683,.T.);
#2224=EDGE_CURVE('',#3110,#3111,#3684,.T.);
#2225=EDGE_CURVE('',#3111,#3112,#3685,.T.);
#2226=EDGE_CURVE('',#3112,#3113,#3686,.T.);
#2227=EDGE_CURVE('',#3113,#3114,#3687,.T.);
#2228=EDGE_CURVE('',#3114,#3115,#3688,.T.);
#2229=EDGE_CURVE('',#3115,#3106,#3689,.T.);
#2230=EDGE_CURVE('',#3116,#3117,#3690,.T.);
#2231=EDGE_CURVE('',#3117,#3118,#3691,.T.);
#2232=EDGE_CURVE('',#3118,#3119,#254,.T.);
#2233=EDGE_CURVE('',#3119,#3120,#255,.T.);
#2234=EDGE_CURVE('',#3120,#3121,#256,.T.);
#2235=EDGE_CURVE('',#3121,#3122,#257,.T.);
#2236=EDGE_CURVE('',#3122,#3123,#258,.T.);
#2237=EDGE_CURVE('',#3123,#3124,#3692,.T.);
#2238=EDGE_CURVE('',#3124,#3125,#3693,.T.);
#2239=EDGE_CURVE('',#3125,#3126,#3694,.T.);
#2240=EDGE_CURVE('',#3126,#3127,#259,.T.);
#2241=EDGE_CURVE('',#3127,#3128,#3695,.T.);
#2242=EDGE_CURVE('',#3128,#3129,#260,.T.);
#2243=EDGE_CURVE('',#3129,#3130,#3696,.T.);
#2244=EDGE_CURVE('',#3130,#3131,#261,.T.);
#2245=EDGE_CURVE('',#3131,#3132,#3697,.T.);
#2246=EDGE_CURVE('',#3132,#3133,#262,.T.);
#2247=EDGE_CURVE('',#3133,#3134,#263,.T.);
#2248=EDGE_CURVE('',#3134,#3135,#264,.T.);
#2249=EDGE_CURVE('',#3135,#3136,#265,.T.);
#2250=EDGE_CURVE('',#3136,#3116,#3698,.T.);
#2251=EDGE_CURVE('',#3137,#3138,#3699,.T.);
#2252=EDGE_CURVE('',#3138,#3139,#3700,.T.);
#2253=EDGE_CURVE('',#3139,#3140,#3701,.T.);
#2254=EDGE_CURVE('',#3140,#3141,#3702,.T.);
#2255=EDGE_CURVE('',#3141,#3142,#3703,.T.);
#2256=EDGE_CURVE('',#3142,#3143,#3704,.T.);
#2257=EDGE_CURVE('',#3143,#3144,#3705,.T.);
#2258=EDGE_CURVE('',#3144,#3145,#3706,.T.);
#2259=EDGE_CURVE('',#3145,#3146,#3707,.T.);
#2260=EDGE_CURVE('',#3146,#3137,#3708,.T.);
#2261=EDGE_CURVE('',#3147,#3147,#152,.T.);
#2262=EDGE_CURVE('',#3148,#3149,#3709,.T.);
#2263=EDGE_CURVE('',#3148,#3150,#3710,.T.);
#2264=EDGE_CURVE('',#3150,#3151,#3711,.T.);
#2265=EDGE_CURVE('',#3149,#3151,#3712,.T.);
#2266=EDGE_CURVE('',#3152,#3152,#153,.T.);
#2267=EDGE_CURVE('',#3153,#3153,#154,.T.);
#2268=EDGE_CURVE('',#3154,#3154,#155,.T.);
#2269=EDGE_CURVE('',#3155,#3156,#266,.T.);
#2270=EDGE_CURVE('',#3156,#3157,#267,.T.);
#2271=EDGE_CURVE('',#3157,#3158,#268,.T.);
#2272=EDGE_CURVE('',#3158,#3159,#269,.T.);
#2273=EDGE_CURVE('',#3159,#3160,#270,.T.);
#2274=EDGE_CURVE('',#3160,#3161,#3713,.T.);
#2275=EDGE_CURVE('',#3161,#3162,#3714,.T.);
#2276=EDGE_CURVE('',#3162,#3163,#271,.T.);
#2277=EDGE_CURVE('',#3163,#3164,#272,.T.);
#2278=EDGE_CURVE('',#3164,#3165,#273,.T.);
#2279=EDGE_CURVE('',#3165,#3166,#274,.T.);
#2280=EDGE_CURVE('',#3166,#3167,#3715,.T.);
#2281=EDGE_CURVE('',#3167,#3168,#275,.T.);
#2282=EDGE_CURVE('',#3168,#3169,#276,.T.);
#2283=EDGE_CURVE('',#3169,#3170,#277,.T.);
#2284=EDGE_CURVE('',#3170,#3171,#3716,.T.);
#2285=EDGE_CURVE('',#3171,#3172,#278,.T.);
#2286=EDGE_CURVE('',#3172,#3173,#279,.T.);
#2287=EDGE_CURVE('',#3173,#3174,#280,.T.);
#2288=EDGE_CURVE('',#3174,#3175,#3717,.T.);
#2289=EDGE_CURVE('',#3175,#3176,#156,.F.);
#2290=EDGE_CURVE('',#3176,#3177,#281,.T.);
#2291=EDGE_CURVE('',#3177,#3178,#282,.T.);
#2292=EDGE_CURVE('',#3178,#3179,#3718,.T.);
#2293=EDGE_CURVE('',#3179,#3155,#283,.T.);
#2294=EDGE_CURVE('',#3180,#3181,#3719,.T.);
#2295=EDGE_CURVE('',#3181,#3182,#3720,.T.);
#2296=EDGE_CURVE('',#3183,#3182,#3721,.T.);
#2297=EDGE_CURVE('',#3180,#3183,#3722,.T.);
#2298=EDGE_CURVE('',#3184,#3185,#3723,.T.);
#2299=EDGE_CURVE('',#3186,#3185,#3724,.T.);
#2300=EDGE_CURVE('',#3186,#3187,#3725,.T.);
#2301=EDGE_CURVE('',#3187,#3188,#3726,.T.);
#2302=EDGE_CURVE('',#3188,#3189,#3727,.T.);
#2303=EDGE_CURVE('',#3190,#3189,#3728,.T.);
#2304=EDGE_CURVE('',#3190,#3191,#3729,.T.);
#2305=EDGE_CURVE('',#3191,#3192,#3730,.T.);
#2306=EDGE_CURVE('',#3192,#3193,#3731,.T.);
#2307=EDGE_CURVE('',#3193,#3194,#157,.T.);
#2308=EDGE_CURVE('',#3194,#3195,#3732,.T.);
#2309=EDGE_CURVE('',#3196,#3195,#3733,.T.);
#2310=EDGE_CURVE('',#3196,#3197,#3734,.T.);
#2311=EDGE_CURVE('',#3197,#3198,#3735,.T.);
#2312=EDGE_CURVE('',#3198,#3199,#3736,.T.);
#2313=EDGE_CURVE('',#3199,#3200,#158,.T.);
#2314=EDGE_CURVE('',#3201,#3200,#3737,.T.);
#2315=EDGE_CURVE('',#3202,#3201,#3738,.T.);
#2316=EDGE_CURVE('',#3203,#3202,#3739,.T.);
#2317=EDGE_CURVE('',#3203,#3204,#3740,.T.);
#2318=EDGE_CURVE('',#3205,#3204,#3741,.T.);
#2319=EDGE_CURVE('',#3206,#3205,#3742,.T.);
#2320=EDGE_CURVE('',#3207,#3206,#3743,.T.);
#2321=EDGE_CURVE('',#3207,#3208,#3744,.T.);
#2322=EDGE_CURVE('',#3209,#3208,#3745,.T.);
#2323=EDGE_CURVE('',#3184,#3209,#3746,.T.);
#2324=EDGE_CURVE('',#3210,#3211,#159,.F.);
#2325=EDGE_CURVE('',#3211,#3212,#3747,.T.);
#2326=EDGE_CURVE('',#3212,#3213,#3748,.T.);
#2327=EDGE_CURVE('',#3214,#3213,#3749,.T.);
#2328=EDGE_CURVE('',#3215,#3214,#3750,.T.);
#2329=EDGE_CURVE('',#3215,#3216,#160,.F.);
#2330=EDGE_CURVE('',#3217,#3216,#3751,.T.);
#2331=EDGE_CURVE('',#3217,#3210,#3752,.T.);
#2332=EDGE_CURVE('',#3218,#3219,#3753,.T.);
#2333=EDGE_CURVE('',#3218,#3220,#3754,.T.);
#2334=EDGE_CURVE('',#3220,#3221,#3755,.T.);
#2335=EDGE_CURVE('',#3219,#3221,#3756,.T.);
#2336=EDGE_CURVE('',#3222,#3222,#161,.T.);
#2337=EDGE_CURVE('',#3192,#3223,#3757,.T.);
#2338=EDGE_CURVE('',#3223,#3224,#3758,.T.);
#2339=EDGE_CURVE('',#3189,#3224,#3759,.T.);
#2340=EDGE_CURVE('',#3225,#3188,#3760,.T.);
#2341=EDGE_CURVE('',#3226,#3225,#3761,.T.);
#2342=EDGE_CURVE('',#3226,#3185,#3762,.T.);
#2343=EDGE_CURVE('',#3184,#3227,#3763,.T.);
#2344=EDGE_CURVE('',#3228,#3227,#3764,.T.);
#2345=EDGE_CURVE('',#3228,#3193,#3765,.F.);
#2346=EDGE_CURVE('',#3229,#3230,#3766,.T.);
#2347=EDGE_CURVE('',#3231,#3230,#3767,.T.);
#2348=EDGE_CURVE('',#3232,#3231,#3768,.T.);
#2349=EDGE_CURVE('',#3232,#3229,#3769,.T.);
#2350=EDGE_CURVE('',#3233,#3233,#162,.T.);
#2351=EDGE_CURVE('',#3234,#3235,#3770,.T.);
#2352=EDGE_CURVE('',#3234,#3236,#3771,.T.);
#2353=EDGE_CURVE('',#3236,#3237,#3772,.T.);
#2354=EDGE_CURVE('',#3235,#3237,#3773,.T.);
#2355=EDGE_CURVE('',#3238,#3239,#3774,.T.);
#2356=EDGE_CURVE('',#3238,#3201,#3775,.T.);
#2357=EDGE_CURVE('',#3200,#3240,#3776,.T.);
#2358=EDGE_CURVE('',#3240,#3241,#3777,.T.);
#2359=EDGE_CURVE('',#3209,#3241,#3778,.T.);
#2360=EDGE_CURVE('',#3242,#3208,#3779,.T.);
#2361=EDGE_CURVE('',#3243,#3242,#3780,.T.);
#2362=EDGE_CURVE('',#3243,#3205,#3781,.T.);
#2363=EDGE_CURVE('',#3239,#3204,#3782,.T.);
#2364=EDGE_CURVE('',#3244,#3244,#163,.T.);
#2365=EDGE_CURVE('',#3245,#3245,#164,.T.);
#2366=EDGE_CURVE('',#3246,#3246,#165,.T.);
#2367=EDGE_CURVE('',#3247,#3247,#166,.T.);
#2368=EDGE_CURVE('',#3248,#3248,#167,.T.);
#2369=EDGE_CURVE('',#3249,#3249,#168,.T.);
#2370=EDGE_CURVE('',#3250,#3250,#169,.T.);
#2371=EDGE_CURVE('',#3251,#3251,#170,.T.);
#2372=EDGE_CURVE('',#3252,#3252,#171,.T.);
#2373=EDGE_CURVE('',#3253,#3253,#172,.T.);
#2374=EDGE_CURVE('',#3254,#3229,#3783,.T.);
#2375=EDGE_CURVE('',#3254,#3255,#3784,.T.);
#2376=EDGE_CURVE('',#3255,#3230,#3785,.T.);
#2377=EDGE_CURVE('',#3256,#3256,#173,.T.);
#2378=EDGE_CURVE('',#3257,#3257,#174,.T.);
#2379=EDGE_CURVE('',#3258,#3254,#3786,.T.);
#2380=EDGE_CURVE('',#3258,#3259,#3787,.T.);
#2381=EDGE_CURVE('',#3259,#3255,#3788,.T.);
#2382=EDGE_CURVE('',#3259,#3231,#3789,.T.);
#2383=EDGE_CURVE('',#3260,#3260,#175,.T.);
#2384=EDGE_CURVE('',#3261,#3261,#176,.T.);
#2385=EDGE_CURVE('',#3262,#3262,#177,.T.);
#2386=EDGE_CURVE('',#3263,#3263,#178,.T.);
#2387=EDGE_CURVE('',#3211,#3215,#179,.F.);
#2388=EDGE_CURVE('',#3216,#3210,#180,.F.);
#2389=EDGE_CURVE('',#3264,#3264,#181,.F.);
#2390=EDGE_CURVE('',#3228,#3265,#182,.F.);
#2391=EDGE_CURVE('',#3194,#3265,#3790,.T.);
#2392=EDGE_CURVE('',#3241,#3227,#3791,.T.);
#2393=EDGE_CURVE('',#3266,#3199,#3792,.F.);
#2394=EDGE_CURVE('',#3266,#3240,#183,.F.);
#2395=EDGE_CURVE('',#3267,#3268,#3793,.T.);
#2396=EDGE_CURVE('',#3268,#3195,#3794,.T.);
#2397=EDGE_CURVE('',#3266,#3265,#3795,.T.);
#2398=EDGE_CURVE('',#3267,#3198,#3796,.T.);
#2399=EDGE_CURVE('',#3258,#3232,#3797,.T.);
#2400=EDGE_CURVE('',#3269,#3269,#184,.T.);
#2401=EDGE_CURVE('',#3270,#3270,#185,.F.);
#2402=EDGE_CURVE('',#3271,#3271,#186,.F.);
#2403=EDGE_CURVE('',#3272,#3272,#187,.F.);
#2404=EDGE_CURVE('',#3273,#3273,#188,.F.);
#2405=EDGE_CURVE('',#3274,#3274,#189,.F.);
#2406=EDGE_CURVE('',#3275,#3275,#190,.T.);
#2407=EDGE_CURVE('',#3276,#3276,#191,.T.);
#2408=EDGE_CURVE('',#3277,#3277,#192,.T.);
#2409=EDGE_CURVE('',#3278,#3278,#193,.T.);
#2410=EDGE_CURVE('',#3279,#3243,#3798,.T.);
#2411=EDGE_CURVE('',#3279,#3206,#3799,.T.);
#2412=EDGE_CURVE('',#3280,#3242,#3800,.T.);
#2413=EDGE_CURVE('',#3279,#3280,#3801,.T.);
#2414=EDGE_CURVE('',#3280,#3207,#3802,.T.);
#2415=EDGE_CURVE('',#3281,#3238,#3803,.T.);
#2416=EDGE_CURVE('',#3281,#3202,#3804,.T.);
#2417=EDGE_CURVE('',#3282,#3239,#3805,.T.);
#2418=EDGE_CURVE('',#3281,#3282,#3806,.T.);
#2419=EDGE_CURVE('',#3282,#3203,#3807,.T.);
#2420=EDGE_CURVE('',#3283,#3226,#3808,.T.);
#2421=EDGE_CURVE('',#3283,#3186,#3809,.T.);
#2422=EDGE_CURVE('',#3284,#3225,#3810,.T.);
#2423=EDGE_CURVE('',#3283,#3284,#3811,.T.);
#2424=EDGE_CURVE('',#3284,#3187,#3812,.T.);
#2425=EDGE_CURVE('',#3191,#3285,#3813,.T.);
#2426=EDGE_CURVE('',#3285,#3223,#3814,.T.);
#2427=EDGE_CURVE('',#3286,#3224,#3815,.T.);
#2428=EDGE_CURVE('',#3190,#3286,#3816,.T.);
#2429=EDGE_CURVE('',#3285,#3286,#3817,.T.);
#2430=EDGE_CURVE('',#3287,#3267,#3818,.T.);
#2431=EDGE_CURVE('',#3287,#3288,#3819,.T.);
#2432=EDGE_CURVE('',#3288,#3268,#3820,.T.);
#2433=EDGE_CURVE('',#3287,#3197,#3821,.T.);
#2434=EDGE_CURVE('',#3288,#3196,#3822,.T.);
#2435=EDGE_CURVE('',#3235,#3289,#3823,.T.);
#2436=EDGE_CURVE('',#3290,#3289,#3824,.T.);
#2437=EDGE_CURVE('',#3234,#3290,#3825,.T.);
#2438=EDGE_CURVE('',#3290,#3291,#3826,.T.);
#2439=EDGE_CURVE('',#3236,#3291,#3827,.T.);
#2440=EDGE_CURVE('',#3291,#3292,#3828,.T.);
#2441=EDGE_CURVE('',#3237,#3292,#3829,.T.);
#2442=EDGE_CURVE('',#3289,#3292,#3830,.T.);
#2443=EDGE_CURVE('',#3057,#3181,#3831,.T.);
#2444=EDGE_CURVE('',#3059,#3182,#3832,.T.);
#2445=EDGE_CURVE('',#3058,#3183,#3833,.T.);
#2446=EDGE_CURVE('',#3056,#3180,#3834,.T.);
#2447=EDGE_CURVE('',#3216,#3215,#3835,.T.);
#2448=EDGE_CURVE('',#3210,#3211,#3836,.T.);
#2449=EDGE_CURVE('',#3148,#3217,#3837,.T.);
#2450=EDGE_CURVE('',#3149,#3212,#3838,.T.);
#2451=EDGE_CURVE('',#3150,#3214,#3839,.T.);
#2452=EDGE_CURVE('',#3151,#3213,#3840,.T.);
#2453=EDGE_CURVE('',#3293,#3138,#3841,.T.);
#2454=EDGE_CURVE('',#3293,#3294,#3842,.T.);
#2455=EDGE_CURVE('',#3294,#3139,#3843,.T.);
#2456=EDGE_CURVE('',#3295,#3137,#3844,.T.);
#2457=EDGE_CURVE('',#3295,#3293,#3845,.T.);
#2458=EDGE_CURVE('',#3296,#3146,#3846,.T.);
#2459=EDGE_CURVE('',#3296,#3295,#3847,.T.);
#2460=EDGE_CURVE('',#3297,#3145,#3848,.T.);
#2461=EDGE_CURVE('',#3297,#3296,#3849,.T.);
#2462=EDGE_CURVE('',#3298,#3144,#3850,.T.);
#2463=EDGE_CURVE('',#3298,#3297,#3851,.T.);
#2464=EDGE_CURVE('',#3299,#3143,#3852,.T.);
#2465=EDGE_CURVE('',#3299,#3298,#3853,.T.);
#2466=EDGE_CURVE('',#3300,#3142,#3854,.T.);
#2467=EDGE_CURVE('',#3300,#3299,#3855,.T.);
#2468=EDGE_CURVE('',#3301,#3141,#3856,.T.);
#2469=EDGE_CURVE('',#3301,#3300,#3857,.T.);
#2470=EDGE_CURVE('',#3302,#3140,#3858,.T.);
#2471=EDGE_CURVE('',#3302,#3301,#3859,.T.);
#2472=EDGE_CURVE('',#3294,#3302,#3860,.T.);
#2473=EDGE_CURVE('',#3303,#3117,#3861,.T.);
#2474=EDGE_CURVE('',#3303,#3304,#3862,.T.);
#2475=EDGE_CURVE('',#3304,#3118,#3863,.T.);
#2476=EDGE_CURVE('',#3305,#3116,#3864,.T.);
#2477=EDGE_CURVE('',#3305,#3303,#3865,.T.);
#2478=EDGE_CURVE('',#3306,#3136,#3866,.T.);
#2479=EDGE_CURVE('',#3306,#3305,#3867,.T.);
#2480=EDGE_CURVE('',#3307,#3135,#3868,.T.);
#2481=EDGE_CURVE('',#3307,#3306,#284,.T.);
#2482=EDGE_CURVE('',#3308,#3134,#3869,.T.);
#2483=EDGE_CURVE('',#3308,#3307,#285,.T.);
#2484=EDGE_CURVE('',#3309,#3133,#3870,.T.);
#2485=EDGE_CURVE('',#3309,#3308,#286,.T.);
#2486=EDGE_CURVE('',#3310,#3132,#3871,.T.);
#2487=EDGE_CURVE('',#3310,#3309,#287,.T.);
#2488=EDGE_CURVE('',#3311,#3131,#3872,.T.);
#2489=EDGE_CURVE('',#3311,#3310,#3873,.T.);
#2490=EDGE_CURVE('',#3312,#3130,#3874,.T.);
#2491=EDGE_CURVE('',#3312,#3311,#288,.T.);
#2492=EDGE_CURVE('',#3313,#3129,#3875,.T.);
#2493=EDGE_CURVE('',#3313,#3312,#3876,.T.);
#2494=EDGE_CURVE('',#3314,#3128,#3877,.T.);
#2495=EDGE_CURVE('',#3314,#3313,#289,.T.);
#2496=EDGE_CURVE('',#3315,#3127,#3878,.T.);
#2497=EDGE_CURVE('',#3315,#3314,#3879,.T.);
#2498=EDGE_CURVE('',#3316,#3126,#3880,.T.);
#2499=EDGE_CURVE('',#3316,#3315,#290,.T.);
#2500=EDGE_CURVE('',#3317,#3125,#3881,.T.);
#2501=EDGE_CURVE('',#3317,#3316,#3882,.T.);
#2502=EDGE_CURVE('',#3318,#3124,#3883,.T.);
#2503=EDGE_CURVE('',#3318,#3317,#3884,.T.);
#2504=EDGE_CURVE('',#3319,#3123,#3885,.T.);
#2505=EDGE_CURVE('',#3319,#3318,#3886,.T.);
#2506=EDGE_CURVE('',#3320,#3122,#3887,.T.);
#2507=EDGE_CURVE('',#3320,#3319,#291,.T.);
#2508=EDGE_CURVE('',#3321,#3121,#3888,.T.);
#2509=EDGE_CURVE('',#3321,#3320,#292,.T.);
#2510=EDGE_CURVE('',#3322,#3120,#3889,.T.);
#2511=EDGE_CURVE('',#3322,#3321,#293,.T.);
#2512=EDGE_CURVE('',#3323,#3119,#3890,.T.);
#2513=EDGE_CURVE('',#3323,#3322,#294,.T.);
#2514=EDGE_CURVE('',#3304,#3323,#295,.T.);
#2515=EDGE_CURVE('',#3324,#3325,#296,.T.);
#2516=EDGE_CURVE('',#3326,#3324,#3891,.T.);
#2517=EDGE_CURVE('',#3326,#3327,#297,.T.);
#2518=EDGE_CURVE('',#3327,#3325,#3892,.T.);
#2519=EDGE_CURVE('',#3328,#3324,#298,.T.);
#2520=EDGE_CURVE('',#3329,#3328,#3893,.T.);
#2521=EDGE_CURVE('',#3329,#3326,#299,.T.);
#2522=EDGE_CURVE('',#3330,#3328,#300,.T.);
#2523=EDGE_CURVE('',#3331,#3330,#3894,.T.);
#2524=EDGE_CURVE('',#3331,#3329,#301,.T.);
#2525=EDGE_CURVE('',#3332,#3330,#302,.T.);
#2526=EDGE_CURVE('',#3333,#3332,#3895,.T.);
#2527=EDGE_CURVE('',#3333,#3331,#303,.T.);
#2528=EDGE_CURVE('',#3334,#3332,#304,.T.);
#2529=EDGE_CURVE('',#3335,#3334,#3896,.T.);
#2530=EDGE_CURVE('',#3335,#3333,#305,.T.);
#2531=EDGE_CURVE('',#3336,#3334,#306,.T.);
#2532=EDGE_CURVE('',#3337,#3336,#3897,.T.);
#2533=EDGE_CURVE('',#3337,#3335,#307,.T.);
#2534=EDGE_CURVE('',#3338,#3336,#3898,.T.);
#2535=EDGE_CURVE('',#3339,#3338,#3899,.T.);
#2536=EDGE_CURVE('',#3339,#3337,#3900,.T.);
#2537=EDGE_CURVE('',#3340,#3338,#3901,.T.);
#2538=EDGE_CURVE('',#3341,#3340,#3902,.T.);
#2539=EDGE_CURVE('',#3341,#3339,#3903,.T.);
#2540=EDGE_CURVE('',#3342,#3340,#308,.T.);
#2541=EDGE_CURVE('',#3343,#3342,#3904,.T.);
#2542=EDGE_CURVE('',#3343,#3341,#309,.T.);
#2543=EDGE_CURVE('',#3344,#3156,#3905,.T.);
#2544=EDGE_CURVE('',#3344,#3345,#310,.T.);
#2545=EDGE_CURVE('',#3345,#3157,#3906,.T.);
#2546=EDGE_CURVE('',#3346,#3155,#3907,.T.);
#2547=EDGE_CURVE('',#3346,#3344,#311,.T.);
#2548=EDGE_CURVE('',#3347,#3179,#3908,.T.);
#2549=EDGE_CURVE('',#3347,#3346,#312,.T.);
#2550=EDGE_CURVE('',#3348,#3178,#3909,.T.);
#2551=EDGE_CURVE('',#3348,#3347,#3910,.T.);
#2552=EDGE_CURVE('',#3349,#3177,#3911,.T.);
#2553=EDGE_CURVE('',#3349,#3348,#313,.T.);
#2554=EDGE_CURVE('',#3350,#3176,#3912,.T.);
#2555=EDGE_CURVE('',#3350,#3349,#314,.T.);
#2556=EDGE_CURVE('',#3351,#3175,#3913,.T.);
#2557=EDGE_CURVE('',#3351,#3350,#194,.F.);
#2558=EDGE_CURVE('',#3352,#3174,#3914,.T.);
#2559=EDGE_CURVE('',#3352,#3351,#3915,.T.);
#2560=EDGE_CURVE('',#3353,#3173,#3916,.T.);
#2561=EDGE_CURVE('',#3353,#3352,#315,.T.);
#2562=EDGE_CURVE('',#3354,#3172,#3917,.T.);
#2563=EDGE_CURVE('',#3354,#3353,#316,.T.);
#2564=EDGE_CURVE('',#3355,#3171,#3918,.T.);
#2565=EDGE_CURVE('',#3355,#3354,#317,.T.);
#2566=EDGE_CURVE('',#3356,#3170,#3919,.T.);
#2567=EDGE_CURVE('',#3356,#3355,#3920,.T.);
#2568=EDGE_CURVE('',#3357,#3169,#3921,.T.);
#2569=EDGE_CURVE('',#3357,#3356,#318,.T.);
#2570=EDGE_CURVE('',#3358,#3168,#3922,.T.);
#2571=EDGE_CURVE('',#3358,#3357,#319,.T.);
#2572=EDGE_CURVE('',#3359,#3167,#3923,.T.);
#2573=EDGE_CURVE('',#3359,#3358,#320,.T.);
#2574=EDGE_CURVE('',#3360,#3166,#3924,.T.);
#2575=EDGE_CURVE('',#3360,#3359,#3925,.T.);
#2576=EDGE_CURVE('',#3361,#3165,#3926,.T.);
#2577=EDGE_CURVE('',#3361,#3360,#321,.T.);
#2578=EDGE_CURVE('',#3362,#3164,#3927,.T.);
#2579=EDGE_CURVE('',#3362,#3361,#322,.T.);
#2580=EDGE_CURVE('',#3363,#3163,#3928,.T.);
#2581=EDGE_CURVE('',#3363,#3362,#323,.T.);
#2582=EDGE_CURVE('',#3364,#3162,#3929,.T.);
#2583=EDGE_CURVE('',#3364,#3363,#324,.T.);
#2584=EDGE_CURVE('',#3365,#3161,#3930,.T.);
#2585=EDGE_CURVE('',#3365,#3364,#3931,.T.);
#2586=EDGE_CURVE('',#3366,#3160,#3932,.T.);
#2587=EDGE_CURVE('',#3366,#3365,#3933,.T.);
#2588=EDGE_CURVE('',#3367,#3159,#3934,.T.);
#2589=EDGE_CURVE('',#3367,#3366,#325,.T.);
#2590=EDGE_CURVE('',#3368,#3158,#3935,.T.);
#2591=EDGE_CURVE('',#3368,#3367,#326,.T.);
#2592=EDGE_CURVE('',#3345,#3368,#327,.T.);
#2593=EDGE_CURVE('',#3325,#3342,#328,.T.);
#2594=EDGE_CURVE('',#3327,#3343,#329,.T.);
#2595=EDGE_CURVE('',#3369,#3370,#330,.T.);
#2596=EDGE_CURVE('',#3371,#3369,#3936,.T.);
#2597=EDGE_CURVE('',#3371,#3372,#331,.T.);
#2598=EDGE_CURVE('',#3372,#3370,#3937,.T.);
#2599=EDGE_CURVE('',#3373,#3369,#332,.T.);
#2600=EDGE_CURVE('',#3374,#3373,#3938,.T.);
#2601=EDGE_CURVE('',#3374,#3371,#333,.T.);
#2602=EDGE_CURVE('',#3375,#3373,#334,.T.);
#2603=EDGE_CURVE('',#3376,#3375,#3939,.T.);
#2604=EDGE_CURVE('',#3376,#3374,#335,.T.);
#2605=EDGE_CURVE('',#3377,#3375,#336,.T.);
#2606=EDGE_CURVE('',#3378,#3377,#3940,.T.);
#2607=EDGE_CURVE('',#3378,#3376,#337,.T.);
#2608=EDGE_CURVE('',#3379,#3377,#338,.T.);
#2609=EDGE_CURVE('',#3380,#3379,#3941,.T.);
#2610=EDGE_CURVE('',#3380,#3378,#339,.T.);
#2611=EDGE_CURVE('',#3381,#3379,#340,.T.);
#2612=EDGE_CURVE('',#3382,#3381,#3942,.T.);
#2613=EDGE_CURVE('',#3382,#3380,#341,.T.);
#2614=EDGE_CURVE('',#3383,#3381,#3943,.T.);
#2615=EDGE_CURVE('',#3384,#3383,#3944,.T.);
#2616=EDGE_CURVE('',#3384,#3382,#3945,.T.);
#2617=EDGE_CURVE('',#3385,#3383,#3946,.T.);
#2618=EDGE_CURVE('',#3386,#3385,#3947,.T.);
#2619=EDGE_CURVE('',#3386,#3384,#3948,.T.);
#2620=EDGE_CURVE('',#3387,#3385,#342,.T.);
#2621=EDGE_CURVE('',#3388,#3387,#3949,.T.);
#2622=EDGE_CURVE('',#3388,#3386,#343,.T.);
#2623=EDGE_CURVE('',#3389,#3061,#3950,.T.);
#2624=EDGE_CURVE('',#3389,#3390,#344,.T.);
#2625=EDGE_CURVE('',#3390,#3062,#3951,.T.);
#2626=EDGE_CURVE('',#3391,#3060,#3952,.T.);
#2627=EDGE_CURVE('',#3391,#3389,#345,.T.);
#2628=EDGE_CURVE('',#3392,#3084,#3953,.T.);
#2629=EDGE_CURVE('',#3392,#3391,#346,.T.);
#2630=EDGE_CURVE('',#3393,#3083,#3954,.T.);
#2631=EDGE_CURVE('',#3393,#3392,#3955,.T.);
#2632=EDGE_CURVE('',#3394,#3082,#3956,.T.);
#2633=EDGE_CURVE('',#3394,#3393,#347,.T.);
#2634=EDGE_CURVE('',#3395,#3081,#3957,.T.);
#2635=EDGE_CURVE('',#3395,#3394,#348,.T.);
#2636=EDGE_CURVE('',#3396,#3080,#3958,.T.);
#2637=EDGE_CURVE('',#3396,#3395,#195,.F.);
#2638=EDGE_CURVE('',#3397,#3079,#3959,.T.);
#2639=EDGE_CURVE('',#3397,#3396,#3960,.T.);
#2640=EDGE_CURVE('',#3398,#3078,#3961,.T.);
#2641=EDGE_CURVE('',#3398,#3397,#349,.T.);
#2642=EDGE_CURVE('',#3399,#3077,#3962,.T.);
#2643=EDGE_CURVE('',#3399,#3398,#350,.T.);
#2644=EDGE_CURVE('',#3400,#3076,#3963,.T.);
#2645=EDGE_CURVE('',#3400,#3399,#351,.T.);
#2646=EDGE_CURVE('',#3401,#3075,#3964,.T.);
#2647=EDGE_CURVE('',#3401,#3400,#3965,.T.);
#2648=EDGE_CURVE('',#3402,#3074,#3966,.T.);
#2649=EDGE_CURVE('',#3402,#3401,#352,.T.);
#2650=EDGE_CURVE('',#3403,#3073,#3967,.T.);
#2651=EDGE_CURVE('',#3403,#3402,#353,.T.);
#2652=EDGE_CURVE('',#3404,#3072,#3968,.T.);
#2653=EDGE_CURVE('',#3404,#3403,#354,.T.);
#2654=EDGE_CURVE('',#3405,#3071,#3969,.T.);
#2655=EDGE_CURVE('',#3405,#3404,#3970,.T.);
#2656=EDGE_CURVE('',#3406,#3070,#3971,.T.);
#2657=EDGE_CURVE('',#3406,#3405,#355,.T.);
#2658=EDGE_CURVE('',#3407,#3069,#3972,.T.);
#2659=EDGE_CURVE('',#3407,#3406,#356,.T.);
#2660=EDGE_CURVE('',#3408,#3068,#3973,.T.);
#2661=EDGE_CURVE('',#3408,#3407,#357,.T.);
#2662=EDGE_CURVE('',#3409,#3067,#3974,.T.);
#2663=EDGE_CURVE('',#3409,#3408,#358,.T.);
#2664=EDGE_CURVE('',#3410,#3066,#3975,.T.);
#2665=EDGE_CURVE('',#3410,#3409,#3976,.T.);
#2666=EDGE_CURVE('',#3411,#3065,#3977,.T.);
#2667=EDGE_CURVE('',#3411,#3410,#3978,.T.);
#2668=EDGE_CURVE('',#3412,#3064,#3979,.T.);
#2669=EDGE_CURVE('',#3412,#3411,#359,.T.);
#2670=EDGE_CURVE('',#3413,#3063,#3980,.T.);
#2671=EDGE_CURVE('',#3413,#3412,#360,.T.);
#2672=EDGE_CURVE('',#3390,#3413,#361,.T.);
#2673=EDGE_CURVE('',#3370,#3387,#362,.T.);
#2674=EDGE_CURVE('',#3372,#3388,#363,.T.);
#2675=EDGE_CURVE('',#3414,#3086,#3981,.T.);
#2676=EDGE_CURVE('',#3414,#3415,#3982,.T.);
#2677=EDGE_CURVE('',#3415,#3087,#3983,.T.);
#2678=EDGE_CURVE('',#3416,#3085,#3984,.T.);
#2679=EDGE_CURVE('',#3416,#3414,#3985,.T.);
#2680=EDGE_CURVE('',#3417,#3105,#3986,.T.);
#2681=EDGE_CURVE('',#3417,#3416,#3987,.T.);
#2682=EDGE_CURVE('',#3418,#3104,#3988,.T.);
#2683=EDGE_CURVE('',#3418,#3417,#364,.T.);
#2684=EDGE_CURVE('',#3419,#3103,#3989,.T.);
#2685=EDGE_CURVE('',#3419,#3418,#365,.T.);
#2686=EDGE_CURVE('',#3420,#3102,#3990,.T.);
#2687=EDGE_CURVE('',#3420,#3419,#366,.T.);
#2688=EDGE_CURVE('',#3421,#3101,#3991,.T.);
#2689=EDGE_CURVE('',#3421,#3420,#367,.T.);
#2690=EDGE_CURVE('',#3422,#3100,#3992,.T.);
#2691=EDGE_CURVE('',#3422,#3421,#3993,.T.);
#2692=EDGE_CURVE('',#3423,#3099,#3994,.T.);
#2693=EDGE_CURVE('',#3423,#3422,#368,.T.);
#2694=EDGE_CURVE('',#3424,#3098,#3995,.T.);
#2695=EDGE_CURVE('',#3424,#3423,#3996,.T.);
#2696=EDGE_CURVE('',#3425,#3097,#3997,.T.);
#2697=EDGE_CURVE('',#3425,#3424,#369,.T.);
#2698=EDGE_CURVE('',#3426,#3096,#3998,.T.);
#2699=EDGE_CURVE('',#3426,#3425,#3999,.T.);
#2700=EDGE_CURVE('',#3427,#3095,#4000,.T.);
#2701=EDGE_CURVE('',#3427,#3426,#370,.T.);
#2702=EDGE_CURVE('',#3428,#3094,#4001,.T.);
#2703=EDGE_CURVE('',#3428,#3427,#4002,.T.);
#2704=EDGE_CURVE('',#3429,#3093,#4003,.T.);
#2705=EDGE_CURVE('',#3429,#3428,#4004,.T.);
#2706=EDGE_CURVE('',#3430,#3092,#4005,.T.);
#2707=EDGE_CURVE('',#3430,#3429,#4006,.T.);
#2708=EDGE_CURVE('',#3431,#3091,#4007,.T.);
#2709=EDGE_CURVE('',#3431,#3430,#371,.T.);
#2710=EDGE_CURVE('',#3432,#3090,#4008,.T.);
#2711=EDGE_CURVE('',#3432,#3431,#372,.T.);
#2712=EDGE_CURVE('',#3433,#3089,#4009,.T.);
#2713=EDGE_CURVE('',#3433,#3432,#373,.T.);
#2714=EDGE_CURVE('',#3434,#3088,#4010,.T.);
#2715=EDGE_CURVE('',#3434,#3433,#374,.T.);
#2716=EDGE_CURVE('',#3415,#3434,#375,.T.);
#2717=EDGE_CURVE('',#3435,#3107,#4011,.T.);
#2718=EDGE_CURVE('',#3435,#3436,#4012,.T.);
#2719=EDGE_CURVE('',#3436,#3108,#4013,.T.);
#2720=EDGE_CURVE('',#3437,#3106,#4014,.T.);
#2721=EDGE_CURVE('',#3437,#3435,#4015,.T.);
#2722=EDGE_CURVE('',#3438,#3115,#4016,.T.);
#2723=EDGE_CURVE('',#3438,#3437,#4017,.T.);
#2724=EDGE_CURVE('',#3439,#3114,#4018,.T.);
#2725=EDGE_CURVE('',#3439,#3438,#4019,.T.);
#2726=EDGE_CURVE('',#3440,#3113,#4020,.T.);
#2727=EDGE_CURVE('',#3440,#3439,#4021,.T.);
#2728=EDGE_CURVE('',#3441,#3112,#4022,.T.);
#2729=EDGE_CURVE('',#3441,#3440,#4023,.T.);
#2730=EDGE_CURVE('',#3442,#3111,#4024,.T.);
#2731=EDGE_CURVE('',#3442,#3441,#4025,.T.);
#2732=EDGE_CURVE('',#3443,#3110,#4026,.T.);
#2733=EDGE_CURVE('',#3443,#3442,#4027,.T.);
#2734=EDGE_CURVE('',#3444,#3109,#4028,.T.);
#2735=EDGE_CURVE('',#3444,#3443,#4029,.T.);
#2736=EDGE_CURVE('',#3436,#3444,#4030,.T.);
#2737=EDGE_CURVE('',#3445,#3218,#4031,.T.);
#2738=EDGE_CURVE('',#3445,#3446,#4032,.T.);
#2739=EDGE_CURVE('',#3446,#3220,#4033,.T.);
#2740=EDGE_CURVE('',#3447,#3219,#4034,.T.);
#2741=EDGE_CURVE('',#3445,#3447,#4035,.T.);
#2742=EDGE_CURVE('',#3448,#3221,#4036,.T.);
#2743=EDGE_CURVE('',#3447,#3448,#4037,.T.);
#2744=EDGE_CURVE('',#3446,#3448,#4038,.T.);
#2745=EDGE_CURVE('',#3449,#3450,#196,.F.);
#2746=EDGE_CURVE('',#3450,#3451,#197,.F.);
#2747=EDGE_CURVE('',#3452,#3451,#4039,.T.);
#2748=EDGE_CURVE('',#3452,#3453,#4040,.F.);
#2749=EDGE_CURVE('',#3453,#3449,#4041,.T.);
#2750=EDGE_CURVE('',#3454,#3455,#4042,.T.);
#2751=EDGE_CURVE('',#3455,#3456,#198,.T.);
#2752=EDGE_CURVE('',#3456,#3457,#199,.T.);
#2753=EDGE_CURVE('',#3458,#3457,#4043,.T.);
#2754=EDGE_CURVE('',#3458,#3454,#4044,.F.);
#2755=EDGE_CURVE('',#3451,#3455,#4045,.T.);
#2756=EDGE_CURVE('',#3454,#3452,#4046,.T.);
#2757=EDGE_CURVE('',#3459,#3460,#4047,.T.);
#2758=EDGE_CURVE('',#3459,#3461,#4048,.T.);
#2759=EDGE_CURVE('',#3461,#3462,#4049,.T.);
#2760=EDGE_CURVE('',#3460,#3462,#4050,.T.);
#2761=EDGE_CURVE('',#3463,#3464,#4051,.T.);
#2762=EDGE_CURVE('',#3463,#3465,#4052,.T.);
#2763=EDGE_CURVE('',#3465,#3466,#4053,.T.);
#2764=EDGE_CURVE('',#3464,#3466,#4054,.T.);
#2765=EDGE_CURVE('',#3457,#3449,#4055,.F.);
#2766=EDGE_CURVE('',#3453,#3458,#4056,.F.);
#2767=EDGE_CURVE('',#3450,#3456,#4057,.T.);
#2768=EDGE_CURVE('',#3467,#3463,#4058,.T.);
#2769=EDGE_CURVE('',#3467,#3468,#4059,.T.);
#2770=EDGE_CURVE('',#3468,#3465,#4060,.T.);
#2771=EDGE_CURVE('',#3469,#3464,#4061,.T.);
#2772=EDGE_CURVE('',#3467,#3469,#4062,.T.);
#2773=EDGE_CURVE('',#3470,#3466,#4063,.T.);
#2774=EDGE_CURVE('',#3469,#3470,#4064,.T.);
#2775=EDGE_CURVE('',#3468,#3470,#4065,.T.);
#2776=EDGE_CURVE('',#3471,#3459,#4066,.T.);
#2777=EDGE_CURVE('',#3471,#3472,#4067,.T.);
#2778=EDGE_CURVE('',#3472,#3461,#4068,.T.);
#2779=EDGE_CURVE('',#3473,#3460,#4069,.T.);
#2780=EDGE_CURVE('',#3471,#3473,#4070,.T.);
#2781=EDGE_CURVE('',#3474,#3462,#4071,.T.);
#2782=EDGE_CURVE('',#3473,#3474,#4072,.T.);
#2783=EDGE_CURVE('',#3472,#3474,#4073,.T.);
#2784=EDGE_CURVE('',#3475,#3476,#4074,.T.);
#2785=EDGE_CURVE('',#3476,#3477,#200,.T.);
#2786=EDGE_CURVE('',#3477,#3478,#201,.T.);
#2787=EDGE_CURVE('',#3479,#3478,#4075,.T.);
#2788=EDGE_CURVE('',#3480,#3479,#4076,.T.);
#2789=EDGE_CURVE('',#3481,#3480,#4077,.T.);
#2790=EDGE_CURVE('',#3481,#3482,#4078,.T.);
#2791=EDGE_CURVE('',#3483,#3482,#4079,.T.);
#2792=EDGE_CURVE('',#3484,#3483,#4080,.T.);
#2793=EDGE_CURVE('',#3485,#3484,#4081,.T.);
#2794=EDGE_CURVE('',#3485,#3486,#4082,.T.);
#2795=EDGE_CURVE('',#3487,#3486,#4083,.T.);
#2796=EDGE_CURVE('',#3487,#3475,#4084,.T.);
#2797=EDGE_CURVE('',#3488,#3489,#202,.F.);
#2798=EDGE_CURVE('',#3489,#3490,#203,.F.);
#2799=EDGE_CURVE('',#3491,#3490,#4085,.T.);
#2800=EDGE_CURVE('',#3491,#3492,#4086,.T.);
#2801=EDGE_CURVE('',#3492,#3488,#4087,.T.);
#2802=EDGE_CURVE('',#3490,#3476,#4088,.F.);
#2803=EDGE_CURVE('',#3475,#3491,#4089,.T.);
#2804=EDGE_CURVE('',#3486,#3493,#4090,.T.);
#2805=EDGE_CURVE('',#3493,#3494,#4091,.T.);
#2806=EDGE_CURVE('',#3483,#3494,#4092,.T.);
#2807=EDGE_CURVE('',#3482,#3495,#4093,.T.);
#2808=EDGE_CURVE('',#3495,#3496,#4094,.T.);
#2809=EDGE_CURVE('',#3479,#3496,#4095,.T.);
#2810=EDGE_CURVE('',#3478,#3488,#4096,.T.);
#2811=EDGE_CURVE('',#3492,#3487,#4097,.T.);
#2812=EDGE_CURVE('',#3489,#3477,#4098,.T.);
#2813=EDGE_CURVE('',#3481,#3497,#4099,.T.);
#2814=EDGE_CURVE('',#3497,#3495,#4100,.T.);
#2815=EDGE_CURVE('',#3498,#3496,#4101,.T.);
#2816=EDGE_CURVE('',#3480,#3498,#4102,.T.);
#2817=EDGE_CURVE('',#3497,#3498,#4103,.T.);
#2818=EDGE_CURVE('',#3485,#3499,#4104,.T.);
#2819=EDGE_CURVE('',#3499,#3493,#4105,.T.);
#2820=EDGE_CURVE('',#3500,#3494,#4106,.T.);
#2821=EDGE_CURVE('',#3484,#3500,#4107,.T.);
#2822=EDGE_CURVE('',#3499,#3500,#4108,.T.);
#2823=EDGE_CURVE('',#3501,#3502,#4109,.T.);
#2824=EDGE_CURVE('',#3502,#3503,#4110,.T.);
#2825=EDGE_CURVE('',#3504,#3503,#4111,.T.);
#2826=EDGE_CURVE('',#3501,#3504,#4112,.T.);
#2827=EDGE_CURVE('',#3503,#3505,#4113,.T.);
#2828=EDGE_CURVE('',#3505,#3506,#4114,.T.);
#2829=EDGE_CURVE('',#3507,#3506,#4115,.T.);
#2830=EDGE_CURVE('',#3507,#3508,#4116,.T.);
#2831=EDGE_CURVE('',#3509,#3508,#4117,.T.);
#2832=EDGE_CURVE('',#3509,#3510,#4118,.T.);
#2833=EDGE_CURVE('',#3510,#3511,#4119,.T.);
#2834=EDGE_CURVE('',#3511,#3512,#4120,.T.);
#2835=EDGE_CURVE('',#3513,#3512,#4121,.T.);
#2836=EDGE_CURVE('',#3514,#3513,#4122,.T.);
#2837=EDGE_CURVE('',#3514,#3504,#4123,.T.);
#2838=EDGE_CURVE('',#3505,#3515,#4124,.F.);
#2839=EDGE_CURVE('',#3515,#3516,#4125,.F.);
#2840=EDGE_CURVE('',#3516,#3510,#4126,.F.);
#2841=EDGE_CURVE('',#3517,#3509,#4127,.F.);
#2842=EDGE_CURVE('',#3518,#3517,#4128,.F.);
#2843=EDGE_CURVE('',#3506,#3518,#4129,.F.);
#2844=EDGE_CURVE('',#3517,#3519,#4130,.T.);
#2845=EDGE_CURVE('',#3508,#3520,#4131,.F.);
#2846=EDGE_CURVE('',#3521,#3520,#4132,.T.);
#2847=EDGE_CURVE('',#3522,#3521,#4133,.T.);
#2848=EDGE_CURVE('',#3523,#3522,#4134,.T.);
#2849=EDGE_CURVE('',#3523,#3519,#4135,.T.);
#2850=EDGE_CURVE('',#3524,#3518,#4136,.T.);
#2851=EDGE_CURVE('',#3524,#3507,#4137,.F.);
#2852=EDGE_CURVE('',#3519,#3525,#4138,.T.);
#2853=EDGE_CURVE('',#3526,#3525,#4139,.T.);
#2854=EDGE_CURVE('',#3521,#3526,#4140,.T.);
#2855=EDGE_CURVE('',#3520,#3524,#4141,.F.);
#2856=EDGE_CURVE('',#3527,#3513,#4142,.T.);
#2857=EDGE_CURVE('',#3528,#3527,#4143,.T.);
#2858=EDGE_CURVE('',#3528,#3514,#4144,.T.);
#2859=EDGE_CURVE('',#3529,#3512,#4145,.T.);
#2860=EDGE_CURVE('',#3527,#3529,#4146,.T.);
#2861=EDGE_CURVE('',#3530,#3511,#4147,.T.);
#2862=EDGE_CURVE('',#3530,#3529,#4148,.T.);
#2863=EDGE_CURVE('',#3528,#3501,#4149,.T.);
#2864=EDGE_CURVE('',#3516,#3530,#4150,.T.);
#2865=EDGE_CURVE('',#3502,#3515,#4151,.T.);
#2866=EDGE_CURVE('',#3531,#3526,#4152,.T.);
#2867=EDGE_CURVE('',#3522,#3531,#4153,.T.);
#2868=EDGE_CURVE('',#3532,#3525,#4154,.T.);
#2869=EDGE_CURVE('',#3531,#3532,#4155,.T.);
#2870=EDGE_CURVE('',#3523,#3532,#4156,.T.);
#2871=EDGE_CURVE('',#3533,#3534,#4157,.T.);
#2872=EDGE_CURVE('',#3535,#3533,#4158,.T.);
#2873=EDGE_CURVE('',#3535,#3536,#4159,.T.);
#2874=EDGE_CURVE('',#3536,#3534,#4160,.T.);
#2875=EDGE_CURVE('',#3533,#3537,#4161,.T.);
#2876=EDGE_CURVE('',#3538,#3537,#4162,.T.);
#2877=EDGE_CURVE('',#3535,#3538,#4163,.T.);
#2878=EDGE_CURVE('',#3537,#3539,#4164,.T.);
#2879=EDGE_CURVE('',#3540,#3539,#4165,.T.);
#2880=EDGE_CURVE('',#3538,#3540,#4166,.T.);
#2881=EDGE_CURVE('',#3541,#3541,#204,.T.);
#2882=EDGE_CURVE('',#3542,#3542,#205,.T.);
#2883=EDGE_CURVE('',#3534,#3539,#4167,.T.);
#2884=EDGE_CURVE('',#3536,#3540,#4168,.T.);
#2885=EDGE_CURVE('',#3543,#3543,#206,.T.);
#2886=EDGE_CURVE('',#3544,#3544,#207,.T.);
#2887=EDGE_CURVE('',#3545,#3545,#208,.T.);
#2888=EDGE_CURVE('',#3546,#3546,#209,.T.);
#2889=EDGE_CURVE('',#3547,#3547,#210,.T.);
#2890=EDGE_CURVE('',#3548,#3549,#4169,.T.);
#2891=EDGE_CURVE('',#3549,#3550,#4170,.F.);
#2892=EDGE_CURVE('',#3551,#3550,#211,.T.);
#2893=EDGE_CURVE('',#3551,#3552,#4171,.F.);
#2894=EDGE_CURVE('',#3553,#3552,#212,.T.);
#2895=EDGE_CURVE('',#3553,#3554,#4172,.F.);
#2896=EDGE_CURVE('',#3555,#3554,#4173,.T.);
#2897=EDGE_CURVE('',#3555,#3548,#4174,.T.);
#2898=EDGE_CURVE('',#3556,#3557,#4175,.T.);
#2899=EDGE_CURVE('',#3557,#3558,#4176,.T.);
#2900=EDGE_CURVE('',#3558,#3559,#4177,.T.);
#2901=EDGE_CURVE('',#3559,#3560,#4178,.T.);
#2902=EDGE_CURVE('',#3560,#3561,#4179,.T.);
#2903=EDGE_CURVE('',#3561,#3562,#4180,.T.);
#2904=EDGE_CURVE('',#3562,#3563,#4181,.T.);
#2905=EDGE_CURVE('',#3563,#3564,#4182,.T.);
#2906=EDGE_CURVE('',#3564,#3565,#4183,.T.);
#2907=EDGE_CURVE('',#3565,#3566,#4184,.T.);
#2908=EDGE_CURVE('',#3566,#3567,#4185,.T.);
#2909=EDGE_CURVE('',#3567,#3556,#4186,.T.);
#2910=EDGE_CURVE('',#3568,#3569,#376,.T.);
#2911=EDGE_CURVE('',#3569,#3570,#377,.T.);
#2912=EDGE_CURVE('',#3570,#3571,#378,.T.);
#2913=EDGE_CURVE('',#3571,#3572,#379,.T.);
#2914=EDGE_CURVE('',#3572,#3573,#4187,.T.);
#2915=EDGE_CURVE('',#3573,#3574,#4188,.T.);
#2916=EDGE_CURVE('',#3574,#3575,#4189,.T.);
#2917=EDGE_CURVE('',#3575,#3576,#380,.T.);
#2918=EDGE_CURVE('',#3576,#3577,#381,.T.);
#2919=EDGE_CURVE('',#3577,#3578,#382,.T.);
#2920=EDGE_CURVE('',#3578,#3579,#383,.T.);
#2921=EDGE_CURVE('',#3579,#3580,#4190,.T.);
#2922=EDGE_CURVE('',#3580,#3581,#4191,.T.);
#2923=EDGE_CURVE('',#3581,#3582,#4192,.T.);
#2924=EDGE_CURVE('',#3582,#3583,#384,.T.);
#2925=EDGE_CURVE('',#3583,#3568,#385,.T.);
#2926=EDGE_CURVE('',#3584,#3585,#4193,.T.);
#2927=EDGE_CURVE('',#3585,#3586,#4194,.T.);
#2928=EDGE_CURVE('',#3586,#3587,#4195,.T.);
#2929=EDGE_CURVE('',#3587,#3588,#4196,.T.);
#2930=EDGE_CURVE('',#3588,#3589,#4197,.T.);
#2931=EDGE_CURVE('',#3589,#3584,#4198,.T.);
#2932=EDGE_CURVE('',#3590,#3591,#4199,.T.);
#2933=EDGE_CURVE('',#3591,#3592,#4200,.T.);
#2934=EDGE_CURVE('',#3592,#3593,#4201,.T.);
#2935=EDGE_CURVE('',#3593,#3594,#4202,.T.);
#2936=EDGE_CURVE('',#3594,#3595,#4203,.T.);
#2937=EDGE_CURVE('',#3595,#3596,#4204,.T.);
#2938=EDGE_CURVE('',#3596,#3597,#4205,.T.);
#2939=EDGE_CURVE('',#3597,#3598,#4206,.T.);
#2940=EDGE_CURVE('',#3598,#3599,#4207,.T.);
#2941=EDGE_CURVE('',#3599,#3590,#4208,.T.);
#2942=EDGE_CURVE('',#3554,#3600,#4209,.F.);
#2943=EDGE_CURVE('',#3600,#3601,#4210,.T.);
#2944=EDGE_CURVE('',#3601,#3555,#4211,.T.);
#2945=EDGE_CURVE('',#3602,#3603,#4212,.F.);
#2946=EDGE_CURVE('',#3603,#3604,#4213,.T.);
#2947=EDGE_CURVE('',#3604,#3605,#4214,.T.);
#2948=EDGE_CURVE('',#3605,#3602,#4215,.T.);
#2949=EDGE_CURVE('',#3606,#3607,#4216,.T.);
#2950=EDGE_CURVE('',#3606,#3549,#4217,.T.);
#2951=EDGE_CURVE('',#3607,#3548,#4218,.T.);
#2952=EDGE_CURVE('',#3607,#3601,#4219,.T.);
#2953=EDGE_CURVE('',#3608,#3608,#213,.F.);
#2954=EDGE_CURVE('',#3552,#3553,#386,.T.);
#2955=EDGE_CURVE('',#3609,#3609,#214,.F.);
#2956=EDGE_CURVE('',#3550,#3551,#387,.T.);
#2957=EDGE_CURVE('',#3610,#3610,#215,.F.);
#2958=EDGE_CURVE('',#3611,#3611,#216,.F.);
#2959=EDGE_CURVE('',#3612,#3612,#217,.F.);
#2960=EDGE_CURVE('',#3613,#3613,#218,.T.);
#2961=EDGE_CURVE('',#3614,#3614,#219,.F.);
#2962=EDGE_CURVE('',#3603,#3606,#220,.F.);
#2963=EDGE_CURVE('',#3549,#3602,#10,.F.);
#2964=EDGE_CURVE('',#3554,#3605,#11,.T.);
#2965=EDGE_CURVE('',#3600,#3604,#221,.F.);
#2966=EDGE_CURVE('',#3615,#3557,#4220,.T.);
#2967=EDGE_CURVE('',#3615,#3616,#4221,.T.);
#2968=EDGE_CURVE('',#3616,#3558,#4222,.T.);
#2969=EDGE_CURVE('',#3617,#3556,#4223,.T.);
#2970=EDGE_CURVE('',#3617,#3615,#4224,.T.);
#2971=EDGE_CURVE('',#3618,#3567,#4225,.T.);
#2972=EDGE_CURVE('',#3618,#3617,#4226,.T.);
#2973=EDGE_CURVE('',#3619,#3566,#4227,.T.);
#2974=EDGE_CURVE('',#3619,#3618,#4228,.T.);
#2975=EDGE_CURVE('',#3620,#3565,#4229,.T.);
#2976=EDGE_CURVE('',#3620,#3619,#4230,.T.);
#2977=EDGE_CURVE('',#3621,#3564,#4231,.T.);
#2978=EDGE_CURVE('',#3621,#3620,#4232,.T.);
#2979=EDGE_CURVE('',#3622,#3563,#4233,.T.);
#2980=EDGE_CURVE('',#3622,#3621,#4234,.T.);
#2981=EDGE_CURVE('',#3623,#3562,#4235,.T.);
#2982=EDGE_CURVE('',#3623,#3622,#4236,.T.);
#2983=EDGE_CURVE('',#3624,#3561,#4237,.T.);
#2984=EDGE_CURVE('',#3624,#3623,#4238,.T.);
#2985=EDGE_CURVE('',#3625,#3560,#4239,.T.);
#2986=EDGE_CURVE('',#3625,#3624,#4240,.T.);
#2987=EDGE_CURVE('',#3626,#3559,#4241,.T.);
#2988=EDGE_CURVE('',#3626,#3625,#4242,.T.);
#2989=EDGE_CURVE('',#3616,#3626,#4243,.T.);
#2990=EDGE_CURVE('',#3627,#3569,#4244,.T.);
#2991=EDGE_CURVE('',#3627,#3628,#388,.T.);
#2992=EDGE_CURVE('',#3628,#3570,#4245,.T.);
#2993=EDGE_CURVE('',#3629,#3568,#4246,.T.);
#2994=EDGE_CURVE('',#3629,#3627,#389,.T.);
#2995=EDGE_CURVE('',#3630,#3583,#4247,.T.);
#2996=EDGE_CURVE('',#3630,#3629,#390,.T.);
#2997=EDGE_CURVE('',#3631,#3582,#4248,.T.);
#2998=EDGE_CURVE('',#3631,#3630,#391,.T.);
#2999=EDGE_CURVE('',#3632,#3581,#4249,.T.);
#3000=EDGE_CURVE('',#3632,#3631,#4250,.T.);
#3001=EDGE_CURVE('',#3633,#3580,#4251,.T.);
#3002=EDGE_CURVE('',#3633,#3632,#4252,.T.);
#3003=EDGE_CURVE('',#3634,#3579,#4253,.T.);
#3004=EDGE_CURVE('',#3634,#3633,#4254,.T.);
#3005=EDGE_CURVE('',#3635,#3578,#4255,.T.);
#3006=EDGE_CURVE('',#3635,#3634,#392,.T.);
#3007=EDGE_CURVE('',#3636,#3577,#4256,.T.);
#3008=EDGE_CURVE('',#3636,#3635,#393,.T.);
#3009=EDGE_CURVE('',#3637,#3576,#4257,.T.);
#3010=EDGE_CURVE('',#3637,#3636,#394,.T.);
#3011=EDGE_CURVE('',#3638,#3575,#4258,.T.);
#3012=EDGE_CURVE('',#3638,#3637,#395,.T.);
#3013=EDGE_CURVE('',#3639,#3574,#4259,.T.);
#3014=EDGE_CURVE('',#3639,#3638,#4260,.T.);
#3015=EDGE_CURVE('',#3640,#3573,#4261,.T.);
#3016=EDGE_CURVE('',#3640,#3639,#4262,.T.);
#3017=EDGE_CURVE('',#3641,#3572,#4263,.T.);
#3018=EDGE_CURVE('',#3641,#3640,#4264,.T.);
#3019=EDGE_CURVE('',#3642,#3571,#4265,.T.);
#3020=EDGE_CURVE('',#3642,#3641,#396,.T.);
#3021=EDGE_CURVE('',#3628,#3642,#397,.T.);
#3022=EDGE_CURVE('',#3643,#3585,#4266,.T.);
#3023=EDGE_CURVE('',#3643,#3644,#4267,.T.);
#3024=EDGE_CURVE('',#3644,#3586,#4268,.T.);
#3025=EDGE_CURVE('',#3645,#3584,#4269,.T.);
#3026=EDGE_CURVE('',#3645,#3643,#4270,.T.);
#3027=EDGE_CURVE('',#3646,#3589,#4271,.T.);
#3028=EDGE_CURVE('',#3646,#3645,#4272,.T.);
#3029=EDGE_CURVE('',#3647,#3588,#4273,.T.);
#3030=EDGE_CURVE('',#3647,#3646,#4274,.T.);
#3031=EDGE_CURVE('',#3648,#3587,#4275,.T.);
#3032=EDGE_CURVE('',#3648,#3647,#4276,.T.);
#3033=EDGE_CURVE('',#3644,#3648,#4277,.T.);
#3034=EDGE_CURVE('',#3649,#3591,#4278,.T.);
#3035=EDGE_CURVE('',#3649,#3650,#4279,.T.);
#3036=EDGE_CURVE('',#3650,#3592,#4280,.T.);
#3037=EDGE_CURVE('',#3651,#3590,#4281,.T.);
#3038=EDGE_CURVE('',#3651,#3649,#4282,.T.);
#3039=EDGE_CURVE('',#3652,#3599,#4283,.T.);
#3040=EDGE_CURVE('',#3652,#3651,#4284,.T.);
#3041=EDGE_CURVE('',#3653,#3598,#4285,.T.);
#3042=EDGE_CURVE('',#3653,#3652,#4286,.T.);
#3043=EDGE_CURVE('',#3654,#3597,#4287,.T.);
#3044=EDGE_CURVE('',#3654,#3653,#4288,.T.);
#3045=EDGE_CURVE('',#3655,#3596,#4289,.T.);
#3046=EDGE_CURVE('',#3655,#3654,#4290,.T.);
#3047=EDGE_CURVE('',#3656,#3595,#4291,.T.);
#3048=EDGE_CURVE('',#3656,#3655,#4292,.T.);
#3049=EDGE_CURVE('',#3657,#3594,#4293,.T.);
#3050=EDGE_CURVE('',#3657,#3656,#4294,.T.);
#3051=EDGE_CURVE('',#3658,#3593,#4295,.T.);
#3052=EDGE_CURVE('',#3658,#3657,#4296,.T.);
#3053=EDGE_CURVE('',#3650,#3658,#4297,.T.);
#3054=EDGE_CURVE('',#3659,#3659,#222,.T.);
#3055=EDGE_CURVE('',#3660,#3660,#223,.T.);
#3056=VERTEX_POINT('',#8114);
#3057=VERTEX_POINT('',#8115);
#3058=VERTEX_POINT('',#8117);
#3059=VERTEX_POINT('',#8119);
#3060=VERTEX_POINT('',#8124);
#3061=VERTEX_POINT('',#8125);
#3062=VERTEX_POINT('',#8129);
#3063=VERTEX_POINT('',#8133);
#3064=VERTEX_POINT('',#8137);
#3065=VERTEX_POINT('',#8141);
#3066=VERTEX_POINT('',#8143);
#3067=VERTEX_POINT('',#8145);
#3068=VERTEX_POINT('',#8149);
#3069=VERTEX_POINT('',#8153);
#3070=VERTEX_POINT('',#8157);
#3071=VERTEX_POINT('',#8161);
#3072=VERTEX_POINT('',#8163);
#3073=VERTEX_POINT('',#8167);
#3074=VERTEX_POINT('',#8171);
#3075=VERTEX_POINT('',#8175);
#3076=VERTEX_POINT('',#8177);
#3077=VERTEX_POINT('',#8181);
#3078=VERTEX_POINT('',#8185);
#3079=VERTEX_POINT('',#8189);
#3080=VERTEX_POINT('',#8191);
#3081=VERTEX_POINT('',#8193);
#3082=VERTEX_POINT('',#8197);
#3083=VERTEX_POINT('',#8201);
#3084=VERTEX_POINT('',#8203);
#3085=VERTEX_POINT('',#8208);
#3086=VERTEX_POINT('',#8209);
#3087=VERTEX_POINT('',#8211);
#3088=VERTEX_POINT('',#8215);
#3089=VERTEX_POINT('',#8219);
#3090=VERTEX_POINT('',#8223);
#3091=VERTEX_POINT('',#8227);
#3092=VERTEX_POINT('',#8231);
#3093=VERTEX_POINT('',#8233);
#3094=VERTEX_POINT('',#8235);
#3095=VERTEX_POINT('',#8237);
#3096=VERTEX_POINT('',#8241);
#3097=VERTEX_POINT('',#8243);
#3098=VERTEX_POINT('',#8247);
#3099=VERTEX_POINT('',#8249);
#3100=VERTEX_POINT('',#8253);
#3101=VERTEX_POINT('',#8255);
#3102=VERTEX_POINT('',#8259);
#3103=VERTEX_POINT('',#8263);
#3104=VERTEX_POINT('',#8267);
#3105=VERTEX_POINT('',#8271);
#3106=VERTEX_POINT('',#8274);
#3107=VERTEX_POINT('',#8275);
#3108=VERTEX_POINT('',#8277);
#3109=VERTEX_POINT('',#8279);
#3110=VERTEX_POINT('',#8281);
#3111=VERTEX_POINT('',#8283);
#3112=VERTEX_POINT('',#8285);
#3113=VERTEX_POINT('',#8287);
#3114=VERTEX_POINT('',#8289);
#3115=VERTEX_POINT('',#8291);
#3116=VERTEX_POINT('',#8295);
#3117=VERTEX_POINT('',#8296);
#3118=VERTEX_POINT('',#8298);
#3119=VERTEX_POINT('',#8302);
#3120=VERTEX_POINT('',#8306);
#3121=VERTEX_POINT('',#8310);
#3122=VERTEX_POINT('',#8314);
#3123=VERTEX_POINT('',#8318);
#3124=VERTEX_POINT('',#8320);
#3125=VERTEX_POINT('',#8322);
#3126=VERTEX_POINT('',#8324);
#3127=VERTEX_POINT('',#8328);
#3128=VERTEX_POINT('',#8330);
#3129=VERTEX_POINT('',#8334);
#3130=VERTEX_POINT('',#8336);
#3131=VERTEX_POINT('',#8340);
#3132=VERTEX_POINT('',#8342);
#3133=VERTEX_POINT('',#8346);
#3134=VERTEX_POINT('',#8350);
#3135=VERTEX_POINT('',#8354);
#3136=VERTEX_POINT('',#8358);
#3137=VERTEX_POINT('',#8361);
#3138=VERTEX_POINT('',#8362);
#3139=VERTEX_POINT('',#8364);
#3140=VERTEX_POINT('',#8366);
#3141=VERTEX_POINT('',#8368);
#3142=VERTEX_POINT('',#8370);
#3143=VERTEX_POINT('',#8372);
#3144=VERTEX_POINT('',#8374);
#3145=VERTEX_POINT('',#8376);
#3146=VERTEX_POINT('',#8378);
#3147=VERTEX_POINT('',#8381);
#3148=VERTEX_POINT('',#8383);
#3149=VERTEX_POINT('',#8384);
#3150=VERTEX_POINT('',#8386);
#3151=VERTEX_POINT('',#8388);
#3152=VERTEX_POINT('',#8391);
#3153=VERTEX_POINT('',#8393);
#3154=VERTEX_POINT('',#8395);
#3155=VERTEX_POINT('',#8399);
#3156=VERTEX_POINT('',#8400);
#3157=VERTEX_POINT('',#8404);
#3158=VERTEX_POINT('',#8408);
#3159=VERTEX_POINT('',#8412);
#3160=VERTEX_POINT('',#8416);
#3161=VERTEX_POINT('',#8418);
#3162=VERTEX_POINT('',#8420);
#3163=VERTEX_POINT('',#8424);
#3164=VERTEX_POINT('',#8428);
#3165=VERTEX_POINT('',#8432);
#3166=VERTEX_POINT('',#8436);
#3167=VERTEX_POINT('',#8438);
#3168=VERTEX_POINT('',#8442);
#3169=VERTEX_POINT('',#8446);
#3170=VERTEX_POINT('',#8450);
#3171=VERTEX_POINT('',#8452);
#3172=VERTEX_POINT('',#8456);
#3173=VERTEX_POINT('',#8460);
#3174=VERTEX_POINT('',#8464);
#3175=VERTEX_POINT('',#8466);
#3176=VERTEX_POINT('',#8468);
#3177=VERTEX_POINT('',#8472);
#3178=VERTEX_POINT('',#8476);
#3179=VERTEX_POINT('',#8478);
#3180=VERTEX_POINT('',#8484);
#3181=VERTEX_POINT('',#8485);
#3182=VERTEX_POINT('',#8487);
#3183=VERTEX_POINT('',#8489);
#3184=VERTEX_POINT('',#8492);
#3185=VERTEX_POINT('',#8493);
#3186=VERTEX_POINT('',#8495);
#3187=VERTEX_POINT('',#8497);
#3188=VERTEX_POINT('',#8499);
#3189=VERTEX_POINT('',#8501);
#3190=VERTEX_POINT('',#8503);
#3191=VERTEX_POINT('',#8505);
#3192=VERTEX_POINT('',#8507);
#3193=VERTEX_POINT('',#8509);
#3194=VERTEX_POINT('',#8511);
#3195=VERTEX_POINT('',#8513);
#3196=VERTEX_POINT('',#8515);
#3197=VERTEX_POINT('',#8517);
#3198=VERTEX_POINT('',#8519);
#3199=VERTEX_POINT('',#8521);
#3200=VERTEX_POINT('',#8523);
#3201=VERTEX_POINT('',#8525);
#3202=VERTEX_POINT('',#8527);
#3203=VERTEX_POINT('',#8529);
#3204=VERTEX_POINT('',#8531);
#3205=VERTEX_POINT('',#8533);
#3206=VERTEX_POINT('',#8535);
#3207=VERTEX_POINT('',#8537);
#3208=VERTEX_POINT('',#8539);
#3209=VERTEX_POINT('',#8541);
#3210=VERTEX_POINT('',#8544);
#3211=VERTEX_POINT('',#8545);
#3212=VERTEX_POINT('',#8547);
#3213=VERTEX_POINT('',#8549);
#3214=VERTEX_POINT('',#8551);
#3215=VERTEX_POINT('',#8553);
#3216=VERTEX_POINT('',#8555);
#3217=VERTEX_POINT('',#8557);
#3218=VERTEX_POINT('',#8561);
#3219=VERTEX_POINT('',#8562);
#3220=VERTEX_POINT('',#8564);
#3221=VERTEX_POINT('',#8566);
#3222=VERTEX_POINT('',#8569);
#3223=VERTEX_POINT('',#8571);
#3224=VERTEX_POINT('',#8573);
#3225=VERTEX_POINT('',#8576);
#3226=VERTEX_POINT('',#8578);
#3227=VERTEX_POINT('',#8581);
#3228=VERTEX_POINT('',#8583);
#3229=VERTEX_POINT('',#8587);
#3230=VERTEX_POINT('',#8588);
#3231=VERTEX_POINT('',#8590);
#3232=VERTEX_POINT('',#8592);
#3233=VERTEX_POINT('',#8595);
#3234=VERTEX_POINT('',#8597);
#3235=VERTEX_POINT('',#8598);
#3236=VERTEX_POINT('',#8600);
#3237=VERTEX_POINT('',#8602);
#3238=VERTEX_POINT('',#8606);
#3239=VERTEX_POINT('',#8607);
#3240=VERTEX_POINT('',#8610);
#3241=VERTEX_POINT('',#8612);
#3242=VERTEX_POINT('',#8615);
#3243=VERTEX_POINT('',#8617);
#3244=VERTEX_POINT('',#8622);
#3245=VERTEX_POINT('',#8624);
#3246=VERTEX_POINT('',#8626);
#3247=VERTEX_POINT('',#8628);
#3248=VERTEX_POINT('',#8630);
#3249=VERTEX_POINT('',#8632);
#3250=VERTEX_POINT('',#8634);
#3251=VERTEX_POINT('',#8636);
#3252=VERTEX_POINT('',#8638);
#3253=VERTEX_POINT('',#8640);
#3254=VERTEX_POINT('',#8642);
#3255=VERTEX_POINT('',#8644);
#3256=VERTEX_POINT('',#8648);
#3257=VERTEX_POINT('',#8651);
#3258=VERTEX_POINT('',#8654);
#3259=VERTEX_POINT('',#8656);
#3260=VERTEX_POINT('',#8662);
#3261=VERTEX_POINT('',#8665);
#3262=VERTEX_POINT('',#8668);
#3263=VERTEX_POINT('',#8671);
#3264=VERTEX_POINT('',#8681);
#3265=VERTEX_POINT('',#8685);
#3266=VERTEX_POINT('',#8691);
#3267=VERTEX_POINT('',#8695);
#3268=VERTEX_POINT('',#8696);
#3269=VERTEX_POINT('',#8704);
#3270=VERTEX_POINT('',#8707);
#3271=VERTEX_POINT('',#8710);
#3272=VERTEX_POINT('',#8712);
#3273=VERTEX_POINT('',#8714);
#3274=VERTEX_POINT('',#8716);
#3275=VERTEX_POINT('',#8719);
#3276=VERTEX_POINT('',#8723);
#3277=VERTEX_POINT('',#8727);
#3278=VERTEX_POINT('',#8731);
#3279=VERTEX_POINT('',#8735);
#3280=VERTEX_POINT('',#8739);
#3281=VERTEX_POINT('',#8746);
#3282=VERTEX_POINT('',#8750);
#3283=VERTEX_POINT('',#8757);
#3284=VERTEX_POINT('',#8761);
#3285=VERTEX_POINT('',#8768);
#3286=VERTEX_POINT('',#8772);
#3287=VERTEX_POINT('',#8779);
#3288=VERTEX_POINT('',#8781);
#3289=VERTEX_POINT('',#8790);
#3290=VERTEX_POINT('',#8792);
#3291=VERTEX_POINT('',#8796);
#3292=VERTEX_POINT('',#8800);
#3293=VERTEX_POINT('',#8830);
#3294=VERTEX_POINT('',#8832);
#3295=VERTEX_POINT('',#8836);
#3296=VERTEX_POINT('',#8840);
#3297=VERTEX_POINT('',#8844);
#3298=VERTEX_POINT('',#8848);
#3299=VERTEX_POINT('',#8852);
#3300=VERTEX_POINT('',#8856);
#3301=VERTEX_POINT('',#8860);
#3302=VERTEX_POINT('',#8864);
#3303=VERTEX_POINT('',#8871);
#3304=VERTEX_POINT('',#8873);
#3305=VERTEX_POINT('',#8877);
#3306=VERTEX_POINT('',#8881);
#3307=VERTEX_POINT('',#8892);
#3308=VERTEX_POINT('',#8905);
#3309=VERTEX_POINT('',#8918);
#3310=VERTEX_POINT('',#8931);
#3311=VERTEX_POINT('',#8937);
#3312=VERTEX_POINT('',#8948);
#3313=VERTEX_POINT('',#8954);
#3314=VERTEX_POINT('',#8965);
#3315=VERTEX_POINT('',#8971);
#3316=VERTEX_POINT('',#8982);
#3317=VERTEX_POINT('',#8988);
#3318=VERTEX_POINT('',#8992);
#3319=VERTEX_POINT('',#8996);
#3320=VERTEX_POINT('',#9007);
#3321=VERTEX_POINT('',#9020);
#3322=VERTEX_POINT('',#9033);
#3323=VERTEX_POINT('',#9046);
#3324=VERTEX_POINT('',#9073);
#3325=VERTEX_POINT('',#9074);
#3326=VERTEX_POINT('',#9076);
#3327=VERTEX_POINT('',#9080);
#3328=VERTEX_POINT('',#9093);
#3329=VERTEX_POINT('',#9095);
#3330=VERTEX_POINT('',#9110);
#3331=VERTEX_POINT('',#9112);
#3332=VERTEX_POINT('',#9127);
#3333=VERTEX_POINT('',#9129);
#3334=VERTEX_POINT('',#9144);
#3335=VERTEX_POINT('',#9146);
#3336=VERTEX_POINT('',#9161);
#3337=VERTEX_POINT('',#9163);
#3338=VERTEX_POINT('',#9169);
#3339=VERTEX_POINT('',#9171);
#3340=VERTEX_POINT('',#9175);
#3341=VERTEX_POINT('',#9177);
#3342=VERTEX_POINT('',#9190);
#3343=VERTEX_POINT('',#9192);
#3344=VERTEX_POINT('',#9205);
#3345=VERTEX_POINT('',#9209);
#3346=VERTEX_POINT('',#9220);
#3347=VERTEX_POINT('',#9233);
#3348=VERTEX_POINT('',#9239);
#3349=VERTEX_POINT('',#9250);
#3350=VERTEX_POINT('',#9263);
#3351=VERTEX_POINT('',#9269);
#3352=VERTEX_POINT('',#9273);
#3353=VERTEX_POINT('',#9284);
#3354=VERTEX_POINT('',#9297);
#3355=VERTEX_POINT('',#9310);
#3356=VERTEX_POINT('',#9316);
#3357=VERTEX_POINT('',#9327);
#3358=VERTEX_POINT('',#9340);
#3359=VERTEX_POINT('',#9353);
#3360=VERTEX_POINT('',#9359);
#3361=VERTEX_POINT('',#9370);
#3362=VERTEX_POINT('',#9383);
#3363=VERTEX_POINT('',#9396);
#3364=VERTEX_POINT('',#9409);
#3365=VERTEX_POINT('',#9415);
#3366=VERTEX_POINT('',#9419);
#3367=VERTEX_POINT('',#9430);
#3368=VERTEX_POINT('',#9443);
#3369=VERTEX_POINT('',#9484);
#3370=VERTEX_POINT('',#9485);
#3371=VERTEX_POINT('',#9487);
#3372=VERTEX_POINT('',#9491);
#3373=VERTEX_POINT('',#9504);
#3374=VERTEX_POINT('',#9506);
#3375=VERTEX_POINT('',#9521);
#3376=VERTEX_POINT('',#9523);
#3377=VERTEX_POINT('',#9538);
#3378=VERTEX_POINT('',#9540);
#3379=VERTEX_POINT('',#9555);
#3380=VERTEX_POINT('',#9557);
#3381=VERTEX_POINT('',#9572);
#3382=VERTEX_POINT('',#9574);
#3383=VERTEX_POINT('',#9580);
#3384=VERTEX_POINT('',#9582);
#3385=VERTEX_POINT('',#9586);
#3386=VERTEX_POINT('',#9588);
#3387=VERTEX_POINT('',#9601);
#3388=VERTEX_POINT('',#9603);
#3389=VERTEX_POINT('',#9616);
#3390=VERTEX_POINT('',#9620);
#3391=VERTEX_POINT('',#9631);
#3392=VERTEX_POINT('',#9644);
#3393=VERTEX_POINT('',#9650);
#3394=VERTEX_POINT('',#9661);
#3395=VERTEX_POINT('',#9674);
#3396=VERTEX_POINT('',#9680);
#3397=VERTEX_POINT('',#9684);
#3398=VERTEX_POINT('',#9695);
#3399=VERTEX_POINT('',#9708);
#3400=VERTEX_POINT('',#9721);
#3401=VERTEX_POINT('',#9727);
#3402=VERTEX_POINT('',#9738);
#3403=VERTEX_POINT('',#9751);
#3404=VERTEX_POINT('',#9764);
#3405=VERTEX_POINT('',#9770);
#3406=VERTEX_POINT('',#9781);
#3407=VERTEX_POINT('',#9794);
#3408=VERTEX_POINT('',#9807);
#3409=VERTEX_POINT('',#9820);
#3410=VERTEX_POINT('',#9826);
#3411=VERTEX_POINT('',#9830);
#3412=VERTEX_POINT('',#9841);
#3413=VERTEX_POINT('',#9854);
#3414=VERTEX_POINT('',#9886);
#3415=VERTEX_POINT('',#9888);
#3416=VERTEX_POINT('',#9892);
#3417=VERTEX_POINT('',#9896);
#3418=VERTEX_POINT('',#9907);
#3419=VERTEX_POINT('',#9920);
#3420=VERTEX_POINT('',#9933);
#3421=VERTEX_POINT('',#9946);
#3422=VERTEX_POINT('',#9952);
#3423=VERTEX_POINT('',#9963);
#3424=VERTEX_POINT('',#9969);
#3425=VERTEX_POINT('',#9980);
#3426=VERTEX_POINT('',#9986);
#3427=VERTEX_POINT('',#9997);
#3428=VERTEX_POINT('',#10003);
#3429=VERTEX_POINT('',#10007);
#3430=VERTEX_POINT('',#10011);
#3431=VERTEX_POINT('',#10022);
#3432=VERTEX_POINT('',#10035);
#3433=VERTEX_POINT('',#10048);
#3434=VERTEX_POINT('',#10061);
#3435=VERTEX_POINT('',#10079);
#3436=VERTEX_POINT('',#10081);
#3437=VERTEX_POINT('',#10085);
#3438=VERTEX_POINT('',#10089);
#3439=VERTEX_POINT('',#10093);
#3440=VERTEX_POINT('',#10097);
#3441=VERTEX_POINT('',#10101);
#3442=VERTEX_POINT('',#10105);
#3443=VERTEX_POINT('',#10109);
#3444=VERTEX_POINT('',#10113);
#3445=VERTEX_POINT('',#10123);
#3446=VERTEX_POINT('',#10125);
#3447=VERTEX_POINT('',#10129);
#3448=VERTEX_POINT('',#10133);
#3449=VERTEX_POINT('',#10141);
#3450=VERTEX_POINT('',#10142);
#3451=VERTEX_POINT('',#10144);
#3452=VERTEX_POINT('',#10146);
#3453=VERTEX_POINT('',#10148);
#3454=VERTEX_POINT('',#10152);
#3455=VERTEX_POINT('',#10153);
#3456=VERTEX_POINT('',#10155);
#3457=VERTEX_POINT('',#10157);
#3458=VERTEX_POINT('',#10159);
#3459=VERTEX_POINT('',#10166);
#3460=VERTEX_POINT('',#10167);
#3461=VERTEX_POINT('',#10169);
#3462=VERTEX_POINT('',#10171);
#3463=VERTEX_POINT('',#10174);
#3464=VERTEX_POINT('',#10175);
#3465=VERTEX_POINT('',#10177);
#3466=VERTEX_POINT('',#10179);
#3467=VERTEX_POINT('',#10189);
#3468=VERTEX_POINT('',#10191);
#3469=VERTEX_POINT('',#10195);
#3470=VERTEX_POINT('',#10199);
#3471=VERTEX_POINT('',#10206);
#3472=VERTEX_POINT('',#10208);
#3473=VERTEX_POINT('',#10212);
#3474=VERTEX_POINT('',#10216);
#3475=VERTEX_POINT('',#10224);
#3476=VERTEX_POINT('',#10225);
#3477=VERTEX_POINT('',#10227);
#3478=VERTEX_POINT('',#10229);
#3479=VERTEX_POINT('',#10231);
#3480=VERTEX_POINT('',#10233);
#3481=VERTEX_POINT('',#10235);
#3482=VERTEX_POINT('',#10237);
#3483=VERTEX_POINT('',#10239);
#3484=VERTEX_POINT('',#10241);
#3485=VERTEX_POINT('',#10243);
#3486=VERTEX_POINT('',#10245);
#3487=VERTEX_POINT('',#10247);
#3488=VERTEX_POINT('',#10251);
#3489=VERTEX_POINT('',#10252);
#3490=VERTEX_POINT('',#10254);
#3491=VERTEX_POINT('',#10256);
#3492=VERTEX_POINT('',#10258);
#3493=VERTEX_POINT('',#10265);
#3494=VERTEX_POINT('',#10267);
#3495=VERTEX_POINT('',#10270);
#3496=VERTEX_POINT('',#10272);
#3497=VERTEX_POINT('',#10282);
#3498=VERTEX_POINT('',#10286);
#3499=VERTEX_POINT('',#10293);
#3500=VERTEX_POINT('',#10297);
#3501=VERTEX_POINT('',#10305);
#3502=VERTEX_POINT('',#10306);
#3503=VERTEX_POINT('',#10308);
#3504=VERTEX_POINT('',#10310);
#3505=VERTEX_POINT('',#10314);
#3506=VERTEX_POINT('',#10316);
#3507=VERTEX_POINT('',#10318);
#3508=VERTEX_POINT('',#10320);
#3509=VERTEX_POINT('',#10322);
#3510=VERTEX_POINT('',#10324);
#3511=VERTEX_POINT('',#10326);
#3512=VERTEX_POINT('',#10328);
#3513=VERTEX_POINT('',#10330);
#3514=VERTEX_POINT('',#10332);
#3515=VERTEX_POINT('',#10336);
#3516=VERTEX_POINT('',#10338);
#3517=VERTEX_POINT('',#10341);
#3518=VERTEX_POINT('',#10343);
#3519=VERTEX_POINT('',#10347);
#3520=VERTEX_POINT('',#10349);
#3521=VERTEX_POINT('',#10351);
#3522=VERTEX_POINT('',#10353);
#3523=VERTEX_POINT('',#10355);
#3524=VERTEX_POINT('',#10359);
#3525=VERTEX_POINT('',#10363);
#3526=VERTEX_POINT('',#10365);
#3527=VERTEX_POINT('',#10371);
#3528=VERTEX_POINT('',#10373);
#3529=VERTEX_POINT('',#10377);
#3530=VERTEX_POINT('',#10381);
#3531=VERTEX_POINT('',#10392);
#3532=VERTEX_POINT('',#10396);
#3533=VERTEX_POINT('',#10404);
#3534=VERTEX_POINT('',#10405);
#3535=VERTEX_POINT('',#10407);
#3536=VERTEX_POINT('',#10409);
#3537=VERTEX_POINT('',#10413);
#3538=VERTEX_POINT('',#10415);
#3539=VERTEX_POINT('',#10419);
#3540=VERTEX_POINT('',#10421);
#3541=VERTEX_POINT('',#10425);
#3542=VERTEX_POINT('',#10427);
#3543=VERTEX_POINT('',#10434);
#3544=VERTEX_POINT('',#10437);
#3545=VERTEX_POINT('',#10442);
#3546=VERTEX_POINT('',#10444);
#3547=VERTEX_POINT('',#10446);
#3548=VERTEX_POINT('',#10448);
#3549=VERTEX_POINT('',#10449);
#3550=VERTEX_POINT('',#10451);
#3551=VERTEX_POINT('',#10453);
#3552=VERTEX_POINT('',#10455);
#3553=VERTEX_POINT('',#10457);
#3554=VERTEX_POINT('',#10459);
#3555=VERTEX_POINT('',#10461);
#3556=VERTEX_POINT('',#10464);
#3557=VERTEX_POINT('',#10465);
#3558=VERTEX_POINT('',#10467);
#3559=VERTEX_POINT('',#10469);
#3560=VERTEX_POINT('',#10471);
#3561=VERTEX_POINT('',#10473);
#3562=VERTEX_POINT('',#10475);
#3563=VERTEX_POINT('',#10477);
#3564=VERTEX_POINT('',#10479);
#3565=VERTEX_POINT('',#10481);
#3566=VERTEX_POINT('',#10483);
#3567=VERTEX_POINT('',#10485);
#3568=VERTEX_POINT('',#10490);
#3569=VERTEX_POINT('',#10491);
#3570=VERTEX_POINT('',#10495);
#3571=VERTEX_POINT('',#10499);
#3572=VERTEX_POINT('',#10503);
#3573=VERTEX_POINT('',#10505);
#3574=VERTEX_POINT('',#10507);
#3575=VERTEX_POINT('',#10509);
#3576=VERTEX_POINT('',#10513);
#3577=VERTEX_POINT('',#10517);
#3578=VERTEX_POINT('',#10521);
#3579=VERTEX_POINT('',#10525);
#3580=VERTEX_POINT('',#10527);
#3581=VERTEX_POINT('',#10529);
#3582=VERTEX_POINT('',#10531);
#3583=VERTEX_POINT('',#10535);
#3584=VERTEX_POINT('',#10540);
#3585=VERTEX_POINT('',#10541);
#3586=VERTEX_POINT('',#10543);
#3587=VERTEX_POINT('',#10545);
#3588=VERTEX_POINT('',#10547);
#3589=VERTEX_POINT('',#10549);
#3590=VERTEX_POINT('',#10552);
#3591=VERTEX_POINT('',#10553);
#3592=VERTEX_POINT('',#10555);
#3593=VERTEX_POINT('',#10557);
#3594=VERTEX_POINT('',#10559);
#3595=VERTEX_POINT('',#10561);
#3596=VERTEX_POINT('',#10563);
#3597=VERTEX_POINT('',#10565);
#3598=VERTEX_POINT('',#10567);
#3599=VERTEX_POINT('',#10569);
#3600=VERTEX_POINT('',#10573);
#3601=VERTEX_POINT('',#10575);
#3602=VERTEX_POINT('',#10579);
#3603=VERTEX_POINT('',#10580);
#3604=VERTEX_POINT('',#10582);
#3605=VERTEX_POINT('',#10584);
#3606=VERTEX_POINT('',#10588);
#3607=VERTEX_POINT('',#10589);
#3608=VERTEX_POINT('',#10596);
#3609=VERTEX_POINT('',#10610);
#3610=VERTEX_POINT('',#10624);
#3611=VERTEX_POINT('',#10627);
#3612=VERTEX_POINT('',#10630);
#3613=VERTEX_POINT('',#10632);
#3614=VERTEX_POINT('',#10635);
#3615=VERTEX_POINT('',#10646);
#3616=VERTEX_POINT('',#10648);
#3617=VERTEX_POINT('',#10652);
#3618=VERTEX_POINT('',#10656);
#3619=VERTEX_POINT('',#10660);
#3620=VERTEX_POINT('',#10664);
#3621=VERTEX_POINT('',#10668);
#3622=VERTEX_POINT('',#10672);
#3623=VERTEX_POINT('',#10676);
#3624=VERTEX_POINT('',#10680);
#3625=VERTEX_POINT('',#10684);
#3626=VERTEX_POINT('',#10688);
#3627=VERTEX_POINT('',#10702);
#3628=VERTEX_POINT('',#10706);
#3629=VERTEX_POINT('',#10717);
#3630=VERTEX_POINT('',#10730);
#3631=VERTEX_POINT('',#10743);
#3632=VERTEX_POINT('',#10749);
#3633=VERTEX_POINT('',#10753);
#3634=VERTEX_POINT('',#10757);
#3635=VERTEX_POINT('',#10768);
#3636=VERTEX_POINT('',#10781);
#3637=VERTEX_POINT('',#10794);
#3638=VERTEX_POINT('',#10807);
#3639=VERTEX_POINT('',#10813);
#3640=VERTEX_POINT('',#10817);
#3641=VERTEX_POINT('',#10821);
#3642=VERTEX_POINT('',#10832);
#3643=VERTEX_POINT('',#10850);
#3644=VERTEX_POINT('',#10852);
#3645=VERTEX_POINT('',#10856);
#3646=VERTEX_POINT('',#10860);
#3647=VERTEX_POINT('',#10864);
#3648=VERTEX_POINT('',#10868);
#3649=VERTEX_POINT('',#10875);
#3650=VERTEX_POINT('',#10877);
#3651=VERTEX_POINT('',#10881);
#3652=VERTEX_POINT('',#10885);
#3653=VERTEX_POINT('',#10889);
#3654=VERTEX_POINT('',#10893);
#3655=VERTEX_POINT('',#10897);
#3656=VERTEX_POINT('',#10901);
#3657=VERTEX_POINT('',#10905);
#3658=VERTEX_POINT('',#10909);
#3659=VERTEX_POINT('',#10918);
#3660=VERTEX_POINT('',#10920);
#3661=LINE('',#8113,#4298);
#3662=LINE('',#8116,#4299);
#3663=LINE('',#8118,#4300);
#3664=LINE('',#8120,#4301);
#3665=LINE('',#8142,#4302);
#3666=LINE('',#8144,#4303);
#3667=LINE('',#8162,#4304);
#3668=LINE('',#8176,#4305);
#3669=LINE('',#8190,#4306);
#3670=LINE('',#8202,#4307);
#3671=LINE('',#8207,#4308);
#3672=LINE('',#8210,#4309);
#3673=LINE('',#8232,#4310);
#3674=LINE('',#8234,#4311);
#3675=LINE('',#8236,#4312);
#3676=LINE('',#8242,#4313);
#3677=LINE('',#8248,#4314);
#3678=LINE('',#8254,#4315);
#3679=LINE('',#8272,#4316);
#3680=LINE('',#8273,#4317);
#3681=LINE('',#8276,#4318);
#3682=LINE('',#8278,#4319);
#3683=LINE('',#8280,#4320);
#3684=LINE('',#8282,#4321);
#3685=LINE('',#8284,#4322);
#3686=LINE('',#8286,#4323);
#3687=LINE('',#8288,#4324);
#3688=LINE('',#8290,#4325);
#3689=LINE('',#8292,#4326);
#3690=LINE('',#8294,#4327);
#3691=LINE('',#8297,#4328);
#3692=LINE('',#8319,#4329);
#3693=LINE('',#8321,#4330);
#3694=LINE('',#8323,#4331);
#3695=LINE('',#8329,#4332);
#3696=LINE('',#8335,#4333);
#3697=LINE('',#8341,#4334);
#3698=LINE('',#8359,#4335);
#3699=LINE('',#8360,#4336);
#3700=LINE('',#8363,#4337);
#3701=LINE('',#8365,#4338);
#3702=LINE('',#8367,#4339);
#3703=LINE('',#8369,#4340);
#3704=LINE('',#8371,#4341);
#3705=LINE('',#8373,#4342);
#3706=LINE('',#8375,#4343);
#3707=LINE('',#8377,#4344);
#3708=LINE('',#8379,#4345);
#3709=LINE('',#8382,#4346);
#3710=LINE('',#8385,#4347);
#3711=LINE('',#8387,#4348);
#3712=LINE('',#8389,#4349);
#3713=LINE('',#8417,#4350);
#3714=LINE('',#8419,#4351);
#3715=LINE('',#8437,#4352);
#3716=LINE('',#8451,#4353);
#3717=LINE('',#8465,#4354);
#3718=LINE('',#8477,#4355);
#3719=LINE('',#8483,#4356);
#3720=LINE('',#8486,#4357);
#3721=LINE('',#8488,#4358);
#3722=LINE('',#8490,#4359);
#3723=LINE('',#8491,#4360);
#3724=LINE('',#8494,#4361);
#3725=LINE('',#8496,#4362);
#3726=LINE('',#8498,#4363);
#3727=LINE('',#8500,#4364);
#3728=LINE('',#8502,#4365);
#3729=LINE('',#8504,#4366);
#3730=LINE('',#8506,#4367);
#3731=LINE('',#8508,#4368);
#3732=LINE('',#8512,#4369);
#3733=LINE('',#8514,#4370);
#3734=LINE('',#8516,#4371);
#3735=LINE('',#8518,#4372);
#3736=LINE('',#8520,#4373);
#3737=LINE('',#8524,#4374);
#3738=LINE('',#8526,#4375);
#3739=LINE('',#8528,#4376);
#3740=LINE('',#8530,#4377);
#3741=LINE('',#8532,#4378);
#3742=LINE('',#8534,#4379);
#3743=LINE('',#8536,#4380);
#3744=LINE('',#8538,#4381);
#3745=LINE('',#8540,#4382);
#3746=LINE('',#8542,#4383);
#3747=LINE('',#8546,#4384);
#3748=LINE('',#8548,#4385);
#3749=LINE('',#8550,#4386);
#3750=LINE('',#8552,#4387);
#3751=LINE('',#8556,#4388);
#3752=LINE('',#8558,#4389);
#3753=LINE('',#8560,#4390);
#3754=LINE('',#8563,#4391);
#3755=LINE('',#8565,#4392);
#3756=LINE('',#8567,#4393);
#3757=LINE('',#8570,#4394);
#3758=LINE('',#8572,#4395);
#3759=LINE('',#8574,#4396);
#3760=LINE('',#8575,#4397);
#3761=LINE('',#8577,#4398);
#3762=LINE('',#8579,#4399);
#3763=LINE('',#8580,#4400);
#3764=LINE('',#8582,#4401);
#3765=LINE('',#8584,#4402);
#3766=LINE('',#8586,#4403);
#3767=LINE('',#8589,#4404);
#3768=LINE('',#8591,#4405);
#3769=LINE('',#8593,#4406);
#3770=LINE('',#8596,#4407);
#3771=LINE('',#8599,#4408);
#3772=LINE('',#8601,#4409);
#3773=LINE('',#8603,#4410);
#3774=LINE('',#8605,#4411);
#3775=LINE('',#8608,#4412);
#3776=LINE('',#8609,#4413);
#3777=LINE('',#8611,#4414);
#3778=LINE('',#8613,#4415);
#3779=LINE('',#8614,#4416);
#3780=LINE('',#8616,#4417);
#3781=LINE('',#8618,#4418);
#3782=LINE('',#8619,#4419);
#3783=LINE('',#8641,#4420);
#3784=LINE('',#8643,#4421);
#3785=LINE('',#8645,#4422);
#3786=LINE('',#8653,#4423);
#3787=LINE('',#8655,#4424);
#3788=LINE('',#8657,#4425);
#3789=LINE('',#8659,#4426);
#3790=LINE('',#8686,#4427);
#3791=LINE('',#8688,#4428);
#3792=LINE('',#8690,#4429);
#3793=LINE('',#8694,#4430);
#3794=LINE('',#8697,#4431);
#3795=LINE('',#8698,#4432);
#3796=LINE('',#8699,#4433);
#3797=LINE('',#8701,#4434);
#3798=LINE('',#8734,#4435);
#3799=LINE('',#8736,#4436);
#3800=LINE('',#8738,#4437);
#3801=LINE('',#8740,#4438);
#3802=LINE('',#8742,#4439);
#3803=LINE('',#8745,#4440);
#3804=LINE('',#8747,#4441);
#3805=LINE('',#8749,#4442);
#3806=LINE('',#8751,#4443);
#3807=LINE('',#8753,#4444);
#3808=LINE('',#8756,#4445);
#3809=LINE('',#8758,#4446);
#3810=LINE('',#8760,#4447);
#3811=LINE('',#8762,#4448);
#3812=LINE('',#8764,#4449);
#3813=LINE('',#8767,#4450);
#3814=LINE('',#8769,#4451);
#3815=LINE('',#8771,#4452);
#3816=LINE('',#8773,#4453);
#3817=LINE('',#8775,#4454);
#3818=LINE('',#8778,#4455);
#3819=LINE('',#8780,#4456);
#3820=LINE('',#8782,#4457);
#3821=LINE('',#8784,#4458);
#3822=LINE('',#8786,#4459);
#3823=LINE('',#8789,#4460);
#3824=LINE('',#8791,#4461);
#3825=LINE('',#8793,#4462);
#3826=LINE('',#8795,#4463);
#3827=LINE('',#8797,#4464);
#3828=LINE('',#8799,#4465);
#3829=LINE('',#8801,#4466);
#3830=LINE('',#8803,#4467);
#3831=LINE('',#8805,#4468);
#3832=LINE('',#8806,#4469);
#3833=LINE('',#8808,#4470);
#3834=LINE('',#8810,#4471);
#3835=LINE('',#8813,#4472);
#3836=LINE('',#8814,#4473);
#3837=LINE('',#8816,#4474);
#3838=LINE('',#8817,#4475);
#3839=LINE('',#8819,#4476);
#3840=LINE('',#8821,#4477);
#3841=LINE('',#8829,#4478);
#3842=LINE('',#8831,#4479);
#3843=LINE('',#8833,#4480);
#3844=LINE('',#8835,#4481);
#3845=LINE('',#8837,#4482);
#3846=LINE('',#8839,#4483);
#3847=LINE('',#8841,#4484);
#3848=LINE('',#8843,#4485);
#3849=LINE('',#8845,#4486);
#3850=LINE('',#8847,#4487);
#3851=LINE('',#8849,#4488);
#3852=LINE('',#8851,#4489);
#3853=LINE('',#8853,#4490);
#3854=LINE('',#8855,#4491);
#3855=LINE('',#8857,#4492);
#3856=LINE('',#8859,#4493);
#3857=LINE('',#8861,#4494);
#3858=LINE('',#8863,#4495);
#3859=LINE('',#8865,#4496);
#3860=LINE('',#8867,#4497);
#3861=LINE('',#8870,#4498);
#3862=LINE('',#8872,#4499);
#3863=LINE('',#8874,#4500);
#3864=LINE('',#8876,#4501);
#3865=LINE('',#8878,#4502);
#3866=LINE('',#8880,#4503);
#3867=LINE('',#8882,#4504);
#3868=LINE('',#8891,#4505);
#3869=LINE('',#8904,#4506);
#3870=LINE('',#8917,#4507);
#3871=LINE('',#8930,#4508);
#3872=LINE('',#8936,#4509);
#3873=LINE('',#8938,#4510);
#3874=LINE('',#8947,#4511);
#3875=LINE('',#8953,#4512);
#3876=LINE('',#8955,#4513);
#3877=LINE('',#8964,#4514);
#3878=LINE('',#8970,#4515);
#3879=LINE('',#8972,#4516);
#3880=LINE('',#8981,#4517);
#3881=LINE('',#8987,#4518);
#3882=LINE('',#8989,#4519);
#3883=LINE('',#8991,#4520);
#3884=LINE('',#8993,#4521);
#3885=LINE('',#8995,#4522);
#3886=LINE('',#8997,#4523);
#3887=LINE('',#9006,#4524);
#3888=LINE('',#9019,#4525);
#3889=LINE('',#9032,#4526);
#3890=LINE('',#9045,#4527);
#3891=LINE('',#9075,#4528);
#3892=LINE('',#9081,#4529);
#3893=LINE('',#9094,#4530);
#3894=LINE('',#9111,#4531);
#3895=LINE('',#9128,#4532);
#3896=LINE('',#9145,#4533);
#3897=LINE('',#9162,#4534);
#3898=LINE('',#9168,#4535);
#3899=LINE('',#9170,#4536);
#3900=LINE('',#9172,#4537);
#3901=LINE('',#9174,#4538);
#3902=LINE('',#9176,#4539);
#3903=LINE('',#9178,#4540);
#3904=LINE('',#9191,#4541);
#3905=LINE('',#9204,#4542);
#3906=LINE('',#9210,#4543);
#3907=LINE('',#9219,#4544);
#3908=LINE('',#9232,#4545);
#3909=LINE('',#9238,#4546);
#3910=LINE('',#9240,#4547);
#3911=LINE('',#9249,#4548);
#3912=LINE('',#9262,#4549);
#3913=LINE('',#9268,#4550);
#3914=LINE('',#9272,#4551);
#3915=LINE('',#9274,#4552);
#3916=LINE('',#9283,#4553);
#3917=LINE('',#9296,#4554);
#3918=LINE('',#9309,#4555);
#3919=LINE('',#9315,#4556);
#3920=LINE('',#9317,#4557);
#3921=LINE('',#9326,#4558);
#3922=LINE('',#9339,#4559);
#3923=LINE('',#9352,#4560);
#3924=LINE('',#9358,#4561);
#3925=LINE('',#9360,#4562);
#3926=LINE('',#9369,#4563);
#3927=LINE('',#9382,#4564);
#3928=LINE('',#9395,#4565);
#3929=LINE('',#9408,#4566);
#3930=LINE('',#9414,#4567);
#3931=LINE('',#9416,#4568);
#3932=LINE('',#9418,#4569);
#3933=LINE('',#9420,#4570);
#3934=LINE('',#9429,#4571);
#3935=LINE('',#9442,#4572);
#3936=LINE('',#9486,#4573);
#3937=LINE('',#9492,#4574);
#3938=LINE('',#9505,#4575);
#3939=LINE('',#9522,#4576);
#3940=LINE('',#9539,#4577);
#3941=LINE('',#9556,#4578);
#3942=LINE('',#9573,#4579);
#3943=LINE('',#9579,#4580);
#3944=LINE('',#9581,#4581);
#3945=LINE('',#9583,#4582);
#3946=LINE('',#9585,#4583);
#3947=LINE('',#9587,#4584);
#3948=LINE('',#9589,#4585);
#3949=LINE('',#9602,#4586);
#3950=LINE('',#9615,#4587);
#3951=LINE('',#9621,#4588);
#3952=LINE('',#9630,#4589);
#3953=LINE('',#9643,#4590);
#3954=LINE('',#9649,#4591);
#3955=LINE('',#9651,#4592);
#3956=LINE('',#9660,#4593);
#3957=LINE('',#9673,#4594);
#3958=LINE('',#9679,#4595);
#3959=LINE('',#9683,#4596);
#3960=LINE('',#9685,#4597);
#3961=LINE('',#9694,#4598);
#3962=LINE('',#9707,#4599);
#3963=LINE('',#9720,#4600);
#3964=LINE('',#9726,#4601);
#3965=LINE('',#9728,#4602);
#3966=LINE('',#9737,#4603);
#3967=LINE('',#9750,#4604);
#3968=LINE('',#9763,#4605);
#3969=LINE('',#9769,#4606);
#3970=LINE('',#9771,#4607);
#3971=LINE('',#9780,#4608);
#3972=LINE('',#9793,#4609);
#3973=LINE('',#9806,#4610);
#3974=LINE('',#9819,#4611);
#3975=LINE('',#9825,#4612);
#3976=LINE('',#9827,#4613);
#3977=LINE('',#9829,#4614);
#3978=LINE('',#9831,#4615);
#3979=LINE('',#9840,#4616);
#3980=LINE('',#9853,#4617);
#3981=LINE('',#9885,#4618);
#3982=LINE('',#9887,#4619);
#3983=LINE('',#9889,#4620);
#3984=LINE('',#9891,#4621);
#3985=LINE('',#9893,#4622);
#3986=LINE('',#9895,#4623);
#3987=LINE('',#9897,#4624);
#3988=LINE('',#9906,#4625);
#3989=LINE('',#9919,#4626);
#3990=LINE('',#9932,#4627);
#3991=LINE('',#9945,#4628);
#3992=LINE('',#9951,#4629);
#3993=LINE('',#9953,#4630);
#3994=LINE('',#9962,#4631);
#3995=LINE('',#9968,#4632);
#3996=LINE('',#9970,#4633);
#3997=LINE('',#9979,#4634);
#3998=LINE('',#9985,#4635);
#3999=LINE('',#9987,#4636);
#4000=LINE('',#9996,#4637);
#4001=LINE('',#10002,#4638);
#4002=LINE('',#10004,#4639);
#4003=LINE('',#10006,#4640);
#4004=LINE('',#10008,#4641);
#4005=LINE('',#10010,#4642);
#4006=LINE('',#10012,#4643);
#4007=LINE('',#10021,#4644);
#4008=LINE('',#10034,#4645);
#4009=LINE('',#10047,#4646);
#4010=LINE('',#10060,#4647);
#4011=LINE('',#10078,#4648);
#4012=LINE('',#10080,#4649);
#4013=LINE('',#10082,#4650);
#4014=LINE('',#10084,#4651);
#4015=LINE('',#10086,#4652);
#4016=LINE('',#10088,#4653);
#4017=LINE('',#10090,#4654);
#4018=LINE('',#10092,#4655);
#4019=LINE('',#10094,#4656);
#4020=LINE('',#10096,#4657);
#4021=LINE('',#10098,#4658);
#4022=LINE('',#10100,#4659);
#4023=LINE('',#10102,#4660);
#4024=LINE('',#10104,#4661);
#4025=LINE('',#10106,#4662);
#4026=LINE('',#10108,#4663);
#4027=LINE('',#10110,#4664);
#4028=LINE('',#10112,#4665);
#4029=LINE('',#10114,#4666);
#4030=LINE('',#10116,#4667);
#4031=LINE('',#10122,#4668);
#4032=LINE('',#10124,#4669);
#4033=LINE('',#10126,#4670);
#4034=LINE('',#10128,#4671);
#4035=LINE('',#10130,#4672);
#4036=LINE('',#10132,#4673);
#4037=LINE('',#10134,#4674);
#4038=LINE('',#10136,#4675);
#4039=LINE('',#10145,#4676);
#4040=LINE('',#10147,#4677);
#4041=LINE('',#10149,#4678);
#4042=LINE('',#10151,#4679);
#4043=LINE('',#10158,#4680);
#4044=LINE('',#10160,#4681);
#4045=LINE('',#10162,#4682);
#4046=LINE('',#10163,#4683);
#4047=LINE('',#10165,#4684);
#4048=LINE('',#10168,#4685);
#4049=LINE('',#10170,#4686);
#4050=LINE('',#10172,#4687);
#4051=LINE('',#10173,#4688);
#4052=LINE('',#10176,#4689);
#4053=LINE('',#10178,#4690);
#4054=LINE('',#10180,#4691);
#4055=LINE('',#10181,#4692);
#4056=LINE('',#10182,#4693);
#4057=LINE('',#10185,#4694);
#4058=LINE('',#10188,#4695);
#4059=LINE('',#10190,#4696);
#4060=LINE('',#10192,#4697);
#4061=LINE('',#10194,#4698);
#4062=LINE('',#10196,#4699);
#4063=LINE('',#10198,#4700);
#4064=LINE('',#10200,#4701);
#4065=LINE('',#10202,#4702);
#4066=LINE('',#10205,#4703);
#4067=LINE('',#10207,#4704);
#4068=LINE('',#10209,#4705);
#4069=LINE('',#10211,#4706);
#4070=LINE('',#10213,#4707);
#4071=LINE('',#10215,#4708);
#4072=LINE('',#10217,#4709);
#4073=LINE('',#10219,#4710);
#4074=LINE('',#10223,#4711);
#4075=LINE('',#10230,#4712);
#4076=LINE('',#10232,#4713);
#4077=LINE('',#10234,#4714);
#4078=LINE('',#10236,#4715);
#4079=LINE('',#10238,#4716);
#4080=LINE('',#10240,#4717);
#4081=LINE('',#10242,#4718);
#4082=LINE('',#10244,#4719);
#4083=LINE('',#10246,#4720);
#4084=LINE('',#10248,#4721);
#4085=LINE('',#10255,#4722);
#4086=LINE('',#10257,#4723);
#4087=LINE('',#10259,#4724);
#4088=LINE('',#10261,#4725);
#4089=LINE('',#10262,#4726);
#4090=LINE('',#10264,#4727);
#4091=LINE('',#10266,#4728);
#4092=LINE('',#10268,#4729);
#4093=LINE('',#10269,#4730);
#4094=LINE('',#10271,#4731);
#4095=LINE('',#10273,#4732);
#4096=LINE('',#10274,#4733);
#4097=LINE('',#10275,#4734);
#4098=LINE('',#10278,#4735);
#4099=LINE('',#10281,#4736);
#4100=LINE('',#10283,#4737);
#4101=LINE('',#10285,#4738);
#4102=LINE('',#10287,#4739);
#4103=LINE('',#10289,#4740);
#4104=LINE('',#10292,#4741);
#4105=LINE('',#10294,#4742);
#4106=LINE('',#10296,#4743);
#4107=LINE('',#10298,#4744);
#4108=LINE('',#10300,#4745);
#4109=LINE('',#10304,#4746);
#4110=LINE('',#10307,#4747);
#4111=LINE('',#10309,#4748);
#4112=LINE('',#10311,#4749);
#4113=LINE('',#10313,#4750);
#4114=LINE('',#10315,#4751);
#4115=LINE('',#10317,#4752);
#4116=LINE('',#10319,#4753);
#4117=LINE('',#10321,#4754);
#4118=LINE('',#10323,#4755);
#4119=LINE('',#10325,#4756);
#4120=LINE('',#10327,#4757);
#4121=LINE('',#10329,#4758);
#4122=LINE('',#10331,#4759);
#4123=LINE('',#10333,#4760);
#4124=LINE('',#10335,#4761);
#4125=LINE('',#10337,#4762);
#4126=LINE('',#10339,#4763);
#4127=LINE('',#10340,#4764);
#4128=LINE('',#10342,#4765);
#4129=LINE('',#10344,#4766);
#4130=LINE('',#10346,#4767);
#4131=LINE('',#10348,#4768);
#4132=LINE('',#10350,#4769);
#4133=LINE('',#10352,#4770);
#4134=LINE('',#10354,#4771);
#4135=LINE('',#10356,#4772);
#4136=LINE('',#10358,#4773);
#4137=LINE('',#10360,#4774);
#4138=LINE('',#10362,#4775);
#4139=LINE('',#10364,#4776);
#4140=LINE('',#10366,#4777);
#4141=LINE('',#10367,#4778);
#4142=LINE('',#10370,#4779);
#4143=LINE('',#10372,#4780);
#4144=LINE('',#10374,#4781);
#4145=LINE('',#10376,#4782);
#4146=LINE('',#10378,#4783);
#4147=LINE('',#10380,#4784);
#4148=LINE('',#10382,#4785);
#4149=LINE('',#10384,#4786);
#4150=LINE('',#10386,#4787);
#4151=LINE('',#10387,#4788);
#4152=LINE('',#10391,#4789);
#4153=LINE('',#10393,#4790);
#4154=LINE('',#10395,#4791);
#4155=LINE('',#10397,#4792);
#4156=LINE('',#10399,#4793);
#4157=LINE('',#10403,#4794);
#4158=LINE('',#10406,#4795);
#4159=LINE('',#10408,#4796);
#4160=LINE('',#10410,#4797);
#4161=LINE('',#10412,#4798);
#4162=LINE('',#10414,#4799);
#4163=LINE('',#10416,#4800);
#4164=LINE('',#10418,#4801);
#4165=LINE('',#10420,#4802);
#4166=LINE('',#10422,#4803);
#4167=LINE('',#10429,#4804);
#4168=LINE('',#10430,#4805);
#4169=LINE('',#10447,#4806);
#4170=LINE('',#10450,#4807);
#4171=LINE('',#10454,#4808);
#4172=LINE('',#10458,#4809);
#4173=LINE('',#10460,#4810);
#4174=LINE('',#10462,#4811);
#4175=LINE('',#10463,#4812);
#4176=LINE('',#10466,#4813);
#4177=LINE('',#10468,#4814);
#4178=LINE('',#10470,#4815);
#4179=LINE('',#10472,#4816);
#4180=LINE('',#10474,#4817);
#4181=LINE('',#10476,#4818);
#4182=LINE('',#10478,#4819);
#4183=LINE('',#10480,#4820);
#4184=LINE('',#10482,#4821);
#4185=LINE('',#10484,#4822);
#4186=LINE('',#10486,#4823);
#4187=LINE('',#10504,#4824);
#4188=LINE('',#10506,#4825);
#4189=LINE('',#10508,#4826);
#4190=LINE('',#10526,#4827);
#4191=LINE('',#10528,#4828);
#4192=LINE('',#10530,#4829);
#4193=LINE('',#10539,#4830);
#4194=LINE('',#10542,#4831);
#4195=LINE('',#10544,#4832);
#4196=LINE('',#10546,#4833);
#4197=LINE('',#10548,#4834);
#4198=LINE('',#10550,#4835);
#4199=LINE('',#10551,#4836);
#4200=LINE('',#10554,#4837);
#4201=LINE('',#10556,#4838);
#4202=LINE('',#10558,#4839);
#4203=LINE('',#10560,#4840);
#4204=LINE('',#10562,#4841);
#4205=LINE('',#10564,#4842);
#4206=LINE('',#10566,#4843);
#4207=LINE('',#10568,#4844);
#4208=LINE('',#10570,#4845);
#4209=LINE('',#10572,#4846);
#4210=LINE('',#10574,#4847);
#4211=LINE('',#10576,#4848);
#4212=LINE('',#10578,#4849);
#4213=LINE('',#10581,#4850);
#4214=LINE('',#10583,#4851);
#4215=LINE('',#10585,#4852);
#4216=LINE('',#10587,#4853);
#4217=LINE('',#10590,#4854);
#4218=LINE('',#10591,#4855);
#4219=LINE('',#10593,#4856);
#4220=LINE('',#10645,#4857);
#4221=LINE('',#10647,#4858);
#4222=LINE('',#10649,#4859);
#4223=LINE('',#10651,#4860);
#4224=LINE('',#10653,#4861);
#4225=LINE('',#10655,#4862);
#4226=LINE('',#10657,#4863);
#4227=LINE('',#10659,#4864);
#4228=LINE('',#10661,#4865);
#4229=LINE('',#10663,#4866);
#4230=LINE('',#10665,#4867);
#4231=LINE('',#10667,#4868);
#4232=LINE('',#10669,#4869);
#4233=LINE('',#10671,#4870);
#4234=LINE('',#10673,#4871);
#4235=LINE('',#10675,#4872);
#4236=LINE('',#10677,#4873);
#4237=LINE('',#10679,#4874);
#4238=LINE('',#10681,#4875);
#4239=LINE('',#10683,#4876);
#4240=LINE('',#10685,#4877);
#4241=LINE('',#10687,#4878);
#4242=LINE('',#10689,#4879);
#4243=LINE('',#10691,#4880);
#4244=LINE('',#10701,#4881);
#4245=LINE('',#10707,#4882);
#4246=LINE('',#10716,#4883);
#4247=LINE('',#10729,#4884);
#4248=LINE('',#10742,#4885);
#4249=LINE('',#10748,#4886);
#4250=LINE('',#10750,#4887);
#4251=LINE('',#10752,#4888);
#4252=LINE('',#10754,#4889);
#4253=LINE('',#10756,#4890);
#4254=LINE('',#10758,#4891);
#4255=LINE('',#10767,#4892);
#4256=LINE('',#10780,#4893);
#4257=LINE('',#10793,#4894);
#4258=LINE('',#10806,#4895);
#4259=LINE('',#10812,#4896);
#4260=LINE('',#10814,#4897);
#4261=LINE('',#10816,#4898);
#4262=LINE('',#10818,#4899);
#4263=LINE('',#10820,#4900);
#4264=LINE('',#10822,#4901);
#4265=LINE('',#10831,#4902);
#4266=LINE('',#10849,#4903);
#4267=LINE('',#10851,#4904);
#4268=LINE('',#10853,#4905);
#4269=LINE('',#10855,#4906);
#4270=LINE('',#10857,#4907);
#4271=LINE('',#10859,#4908);
#4272=LINE('',#10861,#4909);
#4273=LINE('',#10863,#4910);
#4274=LINE('',#10865,#4911);
#4275=LINE('',#10867,#4912);
#4276=LINE('',#10869,#4913);
#4277=LINE('',#10871,#4914);
#4278=LINE('',#10874,#4915);
#4279=LINE('',#10876,#4916);
#4280=LINE('',#10878,#4917);
#4281=LINE('',#10880,#4918);
#4282=LINE('',#10882,#4919);
#4283=LINE('',#10884,#4920);
#4284=LINE('',#10886,#4921);
#4285=LINE('',#10888,#4922);
#4286=LINE('',#10890,#4923);
#4287=LINE('',#10892,#4924);
#4288=LINE('',#10894,#4925);
#4289=LINE('',#10896,#4926);
#4290=LINE('',#10898,#4927);
#4291=LINE('',#10900,#4928);
#4292=LINE('',#10902,#4929);
#4293=LINE('',#10904,#4930);
#4294=LINE('',#10906,#4931);
#4295=LINE('',#10908,#4932);
#4296=LINE('',#10910,#4933);
#4297=LINE('',#10912,#4934);
#4298=VECTOR('',#6790,1.);
#4299=VECTOR('',#6791,1.);
#4300=VECTOR('',#6792,1.);
#4301=VECTOR('',#6793,1.);
#4302=VECTOR('',#6794,1.);
#4303=VECTOR('',#6795,1.);
#4304=VECTOR('',#6796,1.);
#4305=VECTOR('',#6797,1.);
#4306=VECTOR('',#6798,1.);
#4307=VECTOR('',#6801,1.);
#4308=VECTOR('',#6802,1.);
#4309=VECTOR('',#6803,1.);
#4310=VECTOR('',#6804,1.);
#4311=VECTOR('',#6805,1.);
#4312=VECTOR('',#6806,1.);
#4313=VECTOR('',#6807,1.);
#4314=VECTOR('',#6808,1.);
#4315=VECTOR('',#6809,1.);
#4316=VECTOR('',#6810,1.);
#4317=VECTOR('',#6811,1.);
#4318=VECTOR('',#6812,1.);
#4319=VECTOR('',#6813,1.);
#4320=VECTOR('',#6814,1.);
#4321=VECTOR('',#6815,1.);
#4322=VECTOR('',#6816,1.);
#4323=VECTOR('',#6817,1.);
#4324=VECTOR('',#6818,1.);
#4325=VECTOR('',#6819,1.);
#4326=VECTOR('',#6820,1.);
#4327=VECTOR('',#6823,1.);
#4328=VECTOR('',#6824,1.);
#4329=VECTOR('',#6825,1.);
#4330=VECTOR('',#6826,1.);
#4331=VECTOR('',#6827,1.);
#4332=VECTOR('',#6828,1.);
#4333=VECTOR('',#6829,1.);
#4334=VECTOR('',#6830,1.);
#4335=VECTOR('',#6831,1.);
#4336=VECTOR('',#6832,1.);
#4337=VECTOR('',#6833,1.);
#4338=VECTOR('',#6834,1.);
#4339=VECTOR('',#6835,1.);
#4340=VECTOR('',#6836,1.);
#4341=VECTOR('',#6837,1.);
#4342=VECTOR('',#6838,1.);
#4343=VECTOR('',#6839,1.);
#4344=VECTOR('',#6840,1.);
#4345=VECTOR('',#6841,1.);
#4346=VECTOR('',#6844,1.);
#4347=VECTOR('',#6845,1.);
#4348=VECTOR('',#6846,1.);
#4349=VECTOR('',#6847,1.);
#4350=VECTOR('',#6854,1.);
#4351=VECTOR('',#6855,1.);
#4352=VECTOR('',#6856,1.);
#4353=VECTOR('',#6857,1.);
#4354=VECTOR('',#6858,1.);
#4355=VECTOR('',#6861,1.);
#4356=VECTOR('',#6864,1.);
#4357=VECTOR('',#6865,1.);
#4358=VECTOR('',#6866,1.);
#4359=VECTOR('',#6867,1.);
#4360=VECTOR('',#6868,1.);
#4361=VECTOR('',#6869,1.);
#4362=VECTOR('',#6870,1.);
#4363=VECTOR('',#6871,1.);
#4364=VECTOR('',#6872,1.);
#4365=VECTOR('',#6873,1.);
#4366=VECTOR('',#6874,1.);
#4367=VECTOR('',#6875,1.);
#4368=VECTOR('',#6876,1.);
#4369=VECTOR('',#6879,1.);
#4370=VECTOR('',#6880,1.);
#4371=VECTOR('',#6881,1.);
#4372=VECTOR('',#6882,1.);
#4373=VECTOR('',#6883,1.);
#4374=VECTOR('',#6886,1.);
#4375=VECTOR('',#6887,1.);
#4376=VECTOR('',#6888,1.);
#4377=VECTOR('',#6889,1.);
#4378=VECTOR('',#6890,1.);
#4379=VECTOR('',#6891,1.);
#4380=VECTOR('',#6892,1.);
#4381=VECTOR('',#6893,1.);
#4382=VECTOR('',#6894,1.);
#4383=VECTOR('',#6895,1.);
#4384=VECTOR('',#6898,1.);
#4385=VECTOR('',#6899,1.);
#4386=VECTOR('',#6900,1.);
#4387=VECTOR('',#6901,1.);
#4388=VECTOR('',#6904,1.);
#4389=VECTOR('',#6905,1.);
#4390=VECTOR('',#6908,1.);
#4391=VECTOR('',#6909,1.);
#4392=VECTOR('',#6910,1.);
#4393=VECTOR('',#6911,1.);
#4394=VECTOR('',#6914,1.);
#4395=VECTOR('',#6915,1.);
#4396=VECTOR('',#6916,1.);
#4397=VECTOR('',#6917,1.);
#4398=VECTOR('',#6918,1.);
#4399=VECTOR('',#6919,1.);
#4400=VECTOR('',#6920,1.);
#4401=VECTOR('',#6921,1.);
#4402=VECTOR('',#6922,1.);
#4403=VECTOR('',#6925,1.);
#4404=VECTOR('',#6926,1.);
#4405=VECTOR('',#6927,1.);
#4406=VECTOR('',#6928,1.);
#4407=VECTOR('',#6931,1.);
#4408=VECTOR('',#6932,1.);
#4409=VECTOR('',#6933,1.);
#4410=VECTOR('',#6934,1.);
#4411=VECTOR('',#6937,1.);
#4412=VECTOR('',#6938,1.);
#4413=VECTOR('',#6939,1.);
#4414=VECTOR('',#6940,1.);
#4415=VECTOR('',#6941,1.);
#4416=VECTOR('',#6942,1.);
#4417=VECTOR('',#6943,1.);
#4418=VECTOR('',#6944,1.);
#4419=VECTOR('',#6945,1.);
#4420=VECTOR('',#6968,1.);
#4421=VECTOR('',#6969,1.);
#4422=VECTOR('',#6970,1.);
#4423=VECTOR('',#6981,1.);
#4424=VECTOR('',#6982,1.);
#4425=VECTOR('',#6983,1.);
#4426=VECTOR('',#6986,1.);
#4427=VECTOR('',#7027,1.);
#4428=VECTOR('',#7030,1.);
#4429=VECTOR('',#7033,1.);
#4430=VECTOR('',#7038,1.);
#4431=VECTOR('',#7039,1.);
#4432=VECTOR('',#7040,1.);
#4433=VECTOR('',#7041,1.);
#4434=VECTOR('',#7044,1.);
#4435=VECTOR('',#7089,1.);
#4436=VECTOR('',#7090,1.);
#4437=VECTOR('',#7093,1.);
#4438=VECTOR('',#7094,1.);
#4439=VECTOR('',#7097,1.);
#4440=VECTOR('',#7102,1.);
#4441=VECTOR('',#7103,1.);
#4442=VECTOR('',#7106,1.);
#4443=VECTOR('',#7107,1.);
#4444=VECTOR('',#7110,1.);
#4445=VECTOR('',#7115,1.);
#4446=VECTOR('',#7116,1.);
#4447=VECTOR('',#7119,1.);
#4448=VECTOR('',#7120,1.);
#4449=VECTOR('',#7123,1.);
#4450=VECTOR('',#7128,1.);
#4451=VECTOR('',#7129,1.);
#4452=VECTOR('',#7132,1.);
#4453=VECTOR('',#7133,1.);
#4454=VECTOR('',#7136,1.);
#4455=VECTOR('',#7141,1.);
#4456=VECTOR('',#7142,1.);
#4457=VECTOR('',#7143,1.);
#4458=VECTOR('',#7146,1.);
#4459=VECTOR('',#7149,1.);
#4460=VECTOR('',#7154,1.);
#4461=VECTOR('',#7155,1.);
#4462=VECTOR('',#7156,1.);
#4463=VECTOR('',#7159,1.);
#4464=VECTOR('',#7160,1.);
#4465=VECTOR('',#7163,1.);
#4466=VECTOR('',#7164,1.);
#4467=VECTOR('',#7167,1.);
#4468=VECTOR('',#7170,1.);
#4469=VECTOR('',#7171,1.);
#4470=VECTOR('',#7174,1.);
#4471=VECTOR('',#7177,1.);
#4472=VECTOR('',#7182,1.);
#4473=VECTOR('',#7183,1.);
#4474=VECTOR('',#7186,1.);
#4475=VECTOR('',#7187,1.);
#4476=VECTOR('',#7190,1.);
#4477=VECTOR('',#7193,1.);
#4478=VECTOR('',#7208,1.);
#4479=VECTOR('',#7209,1.);
#4480=VECTOR('',#7210,1.);
#4481=VECTOR('',#7213,1.);
#4482=VECTOR('',#7214,1.);
#4483=VECTOR('',#7217,1.);
#4484=VECTOR('',#7218,1.);
#4485=VECTOR('',#7221,1.);
#4486=VECTOR('',#7222,1.);
#4487=VECTOR('',#7225,1.);
#4488=VECTOR('',#7226,1.);
#4489=VECTOR('',#7229,1.);
#4490=VECTOR('',#7230,1.);
#4491=VECTOR('',#7233,1.);
#4492=VECTOR('',#7234,1.);
#4493=VECTOR('',#7237,1.);
#4494=VECTOR('',#7238,1.);
#4495=VECTOR('',#7241,1.);
#4496=VECTOR('',#7242,1.);
#4497=VECTOR('',#7245,1.);
#4498=VECTOR('',#7250,1.);
#4499=VECTOR('',#7251,1.);
#4500=VECTOR('',#7252,1.);
#4501=VECTOR('',#7255,1.);
#4502=VECTOR('',#7256,1.);
#4503=VECTOR('',#7259,1.);
#4504=VECTOR('',#7260,1.);
#4505=VECTOR('',#7261,1.);
#4506=VECTOR('',#7262,1.);
#4507=VECTOR('',#7263,1.);
#4508=VECTOR('',#7264,1.);
#4509=VECTOR('',#7267,1.);
#4510=VECTOR('',#7268,1.);
#4511=VECTOR('',#7269,1.);
#4512=VECTOR('',#7272,1.);
#4513=VECTOR('',#7273,1.);
#4514=VECTOR('',#7274,1.);
#4515=VECTOR('',#7277,1.);
#4516=VECTOR('',#7278,1.);
#4517=VECTOR('',#7279,1.);
#4518=VECTOR('',#7282,1.);
#4519=VECTOR('',#7283,1.);
#4520=VECTOR('',#7286,1.);
#4521=VECTOR('',#7287,1.);
#4522=VECTOR('',#7290,1.);
#4523=VECTOR('',#7291,1.);
#4524=VECTOR('',#7292,1.);
#4525=VECTOR('',#7293,1.);
#4526=VECTOR('',#7294,1.);
#4527=VECTOR('',#7295,1.);
#4528=VECTOR('',#7298,1.);
#4529=VECTOR('',#7299,1.);
#4530=VECTOR('',#7300,1.);
#4531=VECTOR('',#7301,1.);
#4532=VECTOR('',#7302,1.);
#4533=VECTOR('',#7303,1.);
#4534=VECTOR('',#7304,1.);
#4535=VECTOR('',#7307,1.);
#4536=VECTOR('',#7308,1.);
#4537=VECTOR('',#7309,1.);
#4538=VECTOR('',#7312,1.);
#4539=VECTOR('',#7313,1.);
#4540=VECTOR('',#7314,1.);
#4541=VECTOR('',#7315,1.);
#4542=VECTOR('',#7316,1.);
#4543=VECTOR('',#7317,1.);
#4544=VECTOR('',#7318,1.);
#4545=VECTOR('',#7319,1.);
#4546=VECTOR('',#7322,1.);
#4547=VECTOR('',#7323,1.);
#4548=VECTOR('',#7324,1.);
#4549=VECTOR('',#7325,1.);
#4550=VECTOR('',#7328,1.);
#4551=VECTOR('',#7333,1.);
#4552=VECTOR('',#7334,1.);
#4553=VECTOR('',#7335,1.);
#4554=VECTOR('',#7336,1.);
#4555=VECTOR('',#7337,1.);
#4556=VECTOR('',#7340,1.);
#4557=VECTOR('',#7341,1.);
#4558=VECTOR('',#7342,1.);
#4559=VECTOR('',#7343,1.);
#4560=VECTOR('',#7344,1.);
#4561=VECTOR('',#7347,1.);
#4562=VECTOR('',#7348,1.);
#4563=VECTOR('',#7349,1.);
#4564=VECTOR('',#7350,1.);
#4565=VECTOR('',#7351,1.);
#4566=VECTOR('',#7352,1.);
#4567=VECTOR('',#7355,1.);
#4568=VECTOR('',#7356,1.);
#4569=VECTOR('',#7359,1.);
#4570=VECTOR('',#7360,1.);
#4571=VECTOR('',#7361,1.);
#4572=VECTOR('',#7362,1.);
#4573=VECTOR('',#7365,1.);
#4574=VECTOR('',#7366,1.);
#4575=VECTOR('',#7367,1.);
#4576=VECTOR('',#7368,1.);
#4577=VECTOR('',#7369,1.);
#4578=VECTOR('',#7370,1.);
#4579=VECTOR('',#7371,1.);
#4580=VECTOR('',#7374,1.);
#4581=VECTOR('',#7375,1.);
#4582=VECTOR('',#7376,1.);
#4583=VECTOR('',#7379,1.);
#4584=VECTOR('',#7380,1.);
#4585=VECTOR('',#7381,1.);
#4586=VECTOR('',#7382,1.);
#4587=VECTOR('',#7383,1.);
#4588=VECTOR('',#7384,1.);
#4589=VECTOR('',#7385,1.);
#4590=VECTOR('',#7386,1.);
#4591=VECTOR('',#7389,1.);
#4592=VECTOR('',#7390,1.);
#4593=VECTOR('',#7391,1.);
#4594=VECTOR('',#7392,1.);
#4595=VECTOR('',#7395,1.);
#4596=VECTOR('',#7400,1.);
#4597=VECTOR('',#7401,1.);
#4598=VECTOR('',#7402,1.);
#4599=VECTOR('',#7403,1.);
#4600=VECTOR('',#7404,1.);
#4601=VECTOR('',#7407,1.);
#4602=VECTOR('',#7408,1.);
#4603=VECTOR('',#7409,1.);
#4604=VECTOR('',#7410,1.);
#4605=VECTOR('',#7411,1.);
#4606=VECTOR('',#7414,1.);
#4607=VECTOR('',#7415,1.);
#4608=VECTOR('',#7416,1.);
#4609=VECTOR('',#7417,1.);
#4610=VECTOR('',#7418,1.);
#4611=VECTOR('',#7419,1.);
#4612=VECTOR('',#7422,1.);
#4613=VECTOR('',#7423,1.);
#4614=VECTOR('',#7426,1.);
#4615=VECTOR('',#7427,1.);
#4616=VECTOR('',#7428,1.);
#4617=VECTOR('',#7429,1.);
#4618=VECTOR('',#7434,1.);
#4619=VECTOR('',#7435,1.);
#4620=VECTOR('',#7436,1.);
#4621=VECTOR('',#7439,1.);
#4622=VECTOR('',#7440,1.);
#4623=VECTOR('',#7443,1.);
#4624=VECTOR('',#7444,1.);
#4625=VECTOR('',#7445,1.);
#4626=VECTOR('',#7446,1.);
#4627=VECTOR('',#7447,1.);
#4628=VECTOR('',#7448,1.);
#4629=VECTOR('',#7451,1.);
#4630=VECTOR('',#7452,1.);
#4631=VECTOR('',#7453,1.);
#4632=VECTOR('',#7456,1.);
#4633=VECTOR('',#7457,1.);
#4634=VECTOR('',#7458,1.);
#4635=VECTOR('',#7461,1.);
#4636=VECTOR('',#7462,1.);
#4637=VECTOR('',#7463,1.);
#4638=VECTOR('',#7466,1.);
#4639=VECTOR('',#7467,1.);
#4640=VECTOR('',#7470,1.);
#4641=VECTOR('',#7471,1.);
#4642=VECTOR('',#7474,1.);
#4643=VECTOR('',#7475,1.);
#4644=VECTOR('',#7476,1.);
#4645=VECTOR('',#7477,1.);
#4646=VECTOR('',#7478,1.);
#4647=VECTOR('',#7479,1.);
#4648=VECTOR('',#7484,1.);
#4649=VECTOR('',#7485,1.);
#4650=VECTOR('',#7486,1.);
#4651=VECTOR('',#7489,1.);
#4652=VECTOR('',#7490,1.);
#4653=VECTOR('',#7493,1.);
#4654=VECTOR('',#7494,1.);
#4655=VECTOR('',#7497,1.);
#4656=VECTOR('',#7498,1.);
#4657=VECTOR('',#7501,1.);
#4658=VECTOR('',#7502,1.);
#4659=VECTOR('',#7505,1.);
#4660=VECTOR('',#7506,1.);
#4661=VECTOR('',#7509,1.);
#4662=VECTOR('',#7510,1.);
#4663=VECTOR('',#7513,1.);
#4664=VECTOR('',#7514,1.);
#4665=VECTOR('',#7517,1.);
#4666=VECTOR('',#7518,1.);
#4667=VECTOR('',#7521,1.);
#4668=VECTOR('',#7532,1.);
#4669=VECTOR('',#7533,1.);
#4670=VECTOR('',#7534,1.);
#4671=VECTOR('',#7537,1.);
#4672=VECTOR('',#7538,1.);
#4673=VECTOR('',#7541,1.);
#4674=VECTOR('',#7542,1.);
#4675=VECTOR('',#7545,1.);
#4676=VECTOR('',#7556,1.);
#4677=VECTOR('',#7557,1.);
#4678=VECTOR('',#7558,1.);
#4679=VECTOR('',#7561,1.);
#4680=VECTOR('',#7566,1.);
#4681=VECTOR('',#7567,1.);
#4682=VECTOR('',#7570,1.);
#4683=VECTOR('',#7571,1.);
#4684=VECTOR('',#7574,1.);
#4685=VECTOR('',#7575,1.);
#4686=VECTOR('',#7576,1.);
#4687=VECTOR('',#7577,1.);
#4688=VECTOR('',#7578,1.);
#4689=VECTOR('',#7579,1.);
#4690=VECTOR('',#7580,1.);
#4691=VECTOR('',#7581,1.);
#4692=VECTOR('',#7582,1.);
#4693=VECTOR('',#7583,1.);
#4694=VECTOR('',#7588,1.);
#4695=VECTOR('',#7593,1.);
#4696=VECTOR('',#7594,1.);
#4697=VECTOR('',#7595,1.);
#4698=VECTOR('',#7598,1.);
#4699=VECTOR('',#7599,1.);
#4700=VECTOR('',#7602,1.);
#4701=VECTOR('',#7603,1.);
#4702=VECTOR('',#7606,1.);
#4703=VECTOR('',#7611,1.);
#4704=VECTOR('',#7612,1.);
#4705=VECTOR('',#7613,1.);
#4706=VECTOR('',#7616,1.);
#4707=VECTOR('',#7617,1.);
#4708=VECTOR('',#7620,1.);
#4709=VECTOR('',#7621,1.);
#4710=VECTOR('',#7624,1.);
#4711=VECTOR('',#7631,1.);
#4712=VECTOR('',#7636,1.);
#4713=VECTOR('',#7637,1.);
#4714=VECTOR('',#7638,1.);
#4715=VECTOR('',#7639,1.);
#4716=VECTOR('',#7640,1.);
#4717=VECTOR('',#7641,1.);
#4718=VECTOR('',#7642,1.);
#4719=VECTOR('',#7643,1.);
#4720=VECTOR('',#7644,1.);
#4721=VECTOR('',#7645,1.);
#4722=VECTOR('',#7652,1.);
#4723=VECTOR('',#7653,1.);
#4724=VECTOR('',#7654,1.);
#4725=VECTOR('',#7657,1.);
#4726=VECTOR('',#7658,1.);
#4727=VECTOR('',#7661,1.);
#4728=VECTOR('',#7662,1.);
#4729=VECTOR('',#7663,1.);
#4730=VECTOR('',#7664,1.);
#4731=VECTOR('',#7665,1.);
#4732=VECTOR('',#7666,1.);
#4733=VECTOR('',#7667,1.);
#4734=VECTOR('',#7668,1.);
#4735=VECTOR('',#7673,1.);
#4736=VECTOR('',#7678,1.);
#4737=VECTOR('',#7679,1.);
#4738=VECTOR('',#7682,1.);
#4739=VECTOR('',#7683,1.);
#4740=VECTOR('',#7686,1.);
#4741=VECTOR('',#7691,1.);
#4742=VECTOR('',#7692,1.);
#4743=VECTOR('',#7695,1.);
#4744=VECTOR('',#7696,1.);
#4745=VECTOR('',#7699,1.);
#4746=VECTOR('',#7706,1.);
#4747=VECTOR('',#7707,1.);
#4748=VECTOR('',#7708,1.);
#4749=VECTOR('',#7709,1.);
#4750=VECTOR('',#7712,1.);
#4751=VECTOR('',#7713,1.);
#4752=VECTOR('',#7714,1.);
#4753=VECTOR('',#7715,1.);
#4754=VECTOR('',#7716,1.);
#4755=VECTOR('',#7717,1.);
#4756=VECTOR('',#7718,1.);
#4757=VECTOR('',#7719,1.);
#4758=VECTOR('',#7720,1.);
#4759=VECTOR('',#7721,1.);
#4760=VECTOR('',#7722,1.);
#4761=VECTOR('',#7725,1.);
#4762=VECTOR('',#7726,1.);
#4763=VECTOR('',#7727,1.);
#4764=VECTOR('',#7728,1.);
#4765=VECTOR('',#7729,1.);
#4766=VECTOR('',#7730,1.);
#4767=VECTOR('',#7733,1.);
#4768=VECTOR('',#7734,1.);
#4769=VECTOR('',#7735,1.);
#4770=VECTOR('',#7736,1.);
#4771=VECTOR('',#7737,1.);
#4772=VECTOR('',#7738,1.);
#4773=VECTOR('',#7741,1.);
#4774=VECTOR('',#7742,1.);
#4775=VECTOR('',#7745,1.);
#4776=VECTOR('',#7746,1.);
#4777=VECTOR('',#7747,1.);
#4778=VECTOR('',#7748,1.);
#4779=VECTOR('',#7753,1.);
#4780=VECTOR('',#7754,1.);
#4781=VECTOR('',#7755,1.);
#4782=VECTOR('',#7758,1.);
#4783=VECTOR('',#7759,1.);
#4784=VECTOR('',#7762,1.);
#4785=VECTOR('',#7763,1.);
#4786=VECTOR('',#7766,1.);
#4787=VECTOR('',#7769,1.);
#4788=VECTOR('',#7770,1.);
#4789=VECTOR('',#7777,1.);
#4790=VECTOR('',#7778,1.);
#4791=VECTOR('',#7781,1.);
#4792=VECTOR('',#7782,1.);
#4793=VECTOR('',#7785,1.);
#4794=VECTOR('',#7792,1.);
#4795=VECTOR('',#7793,1.);
#4796=VECTOR('',#7794,1.);
#4797=VECTOR('',#7795,1.);
#4798=VECTOR('',#7798,1.);
#4799=VECTOR('',#7799,1.);
#4800=VECTOR('',#7800,1.);
#4801=VECTOR('',#7803,1.);
#4802=VECTOR('',#7804,1.);
#4803=VECTOR('',#7805,1.);
#4804=VECTOR('',#7814,1.);
#4805=VECTOR('',#7815,1.);
#4806=VECTOR('',#7838,1.);
#4807=VECTOR('',#7839,1.);
#4808=VECTOR('',#7842,1.);
#4809=VECTOR('',#7845,1.);
#4810=VECTOR('',#7846,1.);
#4811=VECTOR('',#7847,1.);
#4812=VECTOR('',#7848,1.);
#4813=VECTOR('',#7849,1.);
#4814=VECTOR('',#7850,1.);
#4815=VECTOR('',#7851,1.);
#4816=VECTOR('',#7852,1.);
#4817=VECTOR('',#7853,1.);
#4818=VECTOR('',#7854,1.);
#4819=VECTOR('',#7855,1.);
#4820=VECTOR('',#7856,1.);
#4821=VECTOR('',#7857,1.);
#4822=VECTOR('',#7858,1.);
#4823=VECTOR('',#7859,1.);
#4824=VECTOR('',#7860,1.);
#4825=VECTOR('',#7861,1.);
#4826=VECTOR('',#7862,1.);
#4827=VECTOR('',#7863,1.);
#4828=VECTOR('',#7864,1.);
#4829=VECTOR('',#7865,1.);
#4830=VECTOR('',#7866,1.);
#4831=VECTOR('',#7867,1.);
#4832=VECTOR('',#7868,1.);
#4833=VECTOR('',#7869,1.);
#4834=VECTOR('',#7870,1.);
#4835=VECTOR('',#7871,1.);
#4836=VECTOR('',#7872,1.);
#4837=VECTOR('',#7873,1.);
#4838=VECTOR('',#7874,1.);
#4839=VECTOR('',#7875,1.);
#4840=VECTOR('',#7876,1.);
#4841=VECTOR('',#7877,1.);
#4842=VECTOR('',#7878,1.);
#4843=VECTOR('',#7879,1.);
#4844=VECTOR('',#7880,1.);
#4845=VECTOR('',#7881,1.);
#4846=VECTOR('',#7884,1.);
#4847=VECTOR('',#7885,1.);
#4848=VECTOR('',#7886,1.);
#4849=VECTOR('',#7889,1.);
#4850=VECTOR('',#7890,1.);
#4851=VECTOR('',#7891,1.);
#4852=VECTOR('',#7892,1.);
#4853=VECTOR('',#7895,1.);
#4854=VECTOR('',#7896,1.);
#4855=VECTOR('',#7897,1.);
#4856=VECTOR('',#7900,1.);
#4857=VECTOR('',#7945,1.);
#4858=VECTOR('',#7946,1.);
#4859=VECTOR('',#7947,1.);
#4860=VECTOR('',#7950,1.);
#4861=VECTOR('',#7951,1.);
#4862=VECTOR('',#7954,1.);
#4863=VECTOR('',#7955,1.);
#4864=VECTOR('',#7958,1.);
#4865=VECTOR('',#7959,1.);
#4866=VECTOR('',#7962,1.);
#4867=VECTOR('',#7963,1.);
#4868=VECTOR('',#7966,1.);
#4869=VECTOR('',#7967,1.);
#4870=VECTOR('',#7970,1.);
#4871=VECTOR('',#7971,1.);
#4872=VECTOR('',#7974,1.);
#4873=VECTOR('',#7975,1.);
#4874=VECTOR('',#7978,1.);
#4875=VECTOR('',#7979,1.);
#4876=VECTOR('',#7982,1.);
#4877=VECTOR('',#7983,1.);
#4878=VECTOR('',#7986,1.);
#4879=VECTOR('',#7987,1.);
#4880=VECTOR('',#7990,1.);
#4881=VECTOR('',#7993,1.);
#4882=VECTOR('',#7994,1.);
#4883=VECTOR('',#7995,1.);
#4884=VECTOR('',#7996,1.);
#4885=VECTOR('',#7997,1.);
#4886=VECTOR('',#8000,1.);
#4887=VECTOR('',#8001,1.);
#4888=VECTOR('',#8004,1.);
#4889=VECTOR('',#8005,1.);
#4890=VECTOR('',#8008,1.);
#4891=VECTOR('',#8009,1.);
#4892=VECTOR('',#8010,1.);
#4893=VECTOR('',#8011,1.);
#4894=VECTOR('',#8012,1.);
#4895=VECTOR('',#8013,1.);
#4896=VECTOR('',#8016,1.);
#4897=VECTOR('',#8017,1.);
#4898=VECTOR('',#8020,1.);
#4899=VECTOR('',#8021,1.);
#4900=VECTOR('',#8024,1.);
#4901=VECTOR('',#8025,1.);
#4902=VECTOR('',#8026,1.);
#4903=VECTOR('',#8031,1.);
#4904=VECTOR('',#8032,1.);
#4905=VECTOR('',#8033,1.);
#4906=VECTOR('',#8036,1.);
#4907=VECTOR('',#8037,1.);
#4908=VECTOR('',#8040,1.);
#4909=VECTOR('',#8041,1.);
#4910=VECTOR('',#8044,1.);
#4911=VECTOR('',#8045,1.);
#4912=VECTOR('',#8048,1.);
#4913=VECTOR('',#8049,1.);
#4914=VECTOR('',#8052,1.);
#4915=VECTOR('',#8057,1.);
#4916=VECTOR('',#8058,1.);
#4917=VECTOR('',#8059,1.);
#4918=VECTOR('',#8062,1.);
#4919=VECTOR('',#8063,1.);
#4920=VECTOR('',#8066,1.);
#4921=VECTOR('',#8067,1.);
#4922=VECTOR('',#8070,1.);
#4923=VECTOR('',#8071,1.);
#4924=VECTOR('',#8074,1.);
#4925=VECTOR('',#8075,1.);
#4926=VECTOR('',#8078,1.);
#4927=VECTOR('',#8079,1.);
#4928=VECTOR('',#8082,1.);
#4929=VECTOR('',#8083,1.);
#4930=VECTOR('',#8086,1.);
#4931=VECTOR('',#8087,1.);
#4932=VECTOR('',#8090,1.);
#4933=VECTOR('',#8091,1.);
#4934=VECTOR('',#8094,1.);
#4935=EDGE_LOOP('',(#398,#399,#400,#401));
#4936=EDGE_LOOP('',(#402,#403,#404,#405,#406,#407,#408,#409,#410,#411,#412,
#413,#414,#415,#416,#417,#418,#419,#420,#421,#422,#423,#424,#425,#426));
#4937=EDGE_LOOP('',(#427,#428,#429,#430,#431,#432,#433,#434,#435,#436,#437,
#438,#439,#440,#441,#442,#443,#444,#445,#446,#447));
#4938=EDGE_LOOP('',(#448,#449,#450,#451,#452,#453,#454,#455,#456,#457));
#4939=EDGE_LOOP('',(#458,#459,#460,#461,#462,#463,#464,#465,#466,#467,#468,
#469,#470,#471,#472,#473,#474,#475,#476,#477,#478));
#4940=EDGE_LOOP('',(#479,#480,#481,#482,#483,#484,#485,#486,#487,#488));
#4941=EDGE_LOOP('',(#489));
#4942=EDGE_LOOP('',(#490,#491,#492,#493));
#4943=EDGE_LOOP('',(#494));
#4944=EDGE_LOOP('',(#495));
#4945=EDGE_LOOP('',(#496));
#4946=EDGE_LOOP('',(#497,#498,#499,#500,#501,#502,#503,#504,#505,#506,#507,
#508,#509,#510,#511,#512,#513,#514,#515,#516,#517,#518,#519,#520,#521));
#4947=EDGE_LOOP('',(#522,#523,#524,#525));
#4948=EDGE_LOOP('',(#526,#527,#528,#529,#530,#531,#532,#533,#534,#535,#536,
#537,#538,#539,#540,#541,#542,#543,#544,#545,#546,#547,#548,#549,#550,#551));
#4949=EDGE_LOOP('',(#552,#553,#554,#555,#556,#557,#558,#559));
#4950=EDGE_LOOP('',(#560,#561,#562,#563));
#4951=EDGE_LOOP('',(#564));
#4952=EDGE_LOOP('',(#565,#566,#567,#568,#569,#570,#571,#572,#573,#574,#575,
#576));
#4953=EDGE_LOOP('',(#577,#578,#579,#580));
#4954=EDGE_LOOP('',(#581));
#4955=EDGE_LOOP('',(#582,#583,#584,#585));
#4956=EDGE_LOOP('',(#586,#587,#588,#589,#590,#591,#592,#593,#594,#595,#596,
#597));
#4957=EDGE_LOOP('',(#598));
#4958=EDGE_LOOP('',(#599));
#4959=EDGE_LOOP('',(#600));
#4960=EDGE_LOOP('',(#601));
#4961=EDGE_LOOP('',(#602));
#4962=EDGE_LOOP('',(#603));
#4963=EDGE_LOOP('',(#604));
#4964=EDGE_LOOP('',(#605));
#4965=EDGE_LOOP('',(#606));
#4966=EDGE_LOOP('',(#607));
#4967=EDGE_LOOP('',(#608,#609,#610,#611));
#4968=EDGE_LOOP('',(#612));
#4969=EDGE_LOOP('',(#613));
#4970=EDGE_LOOP('',(#614));
#4971=EDGE_LOOP('',(#615));
#4972=EDGE_LOOP('',(#616,#617,#618,#619));
#4973=EDGE_LOOP('',(#620,#621,#622,#623));
#4974=EDGE_LOOP('',(#624));
#4975=EDGE_LOOP('',(#625));
#4976=EDGE_LOOP('',(#626));
#4977=EDGE_LOOP('',(#627));
#4978=EDGE_LOOP('',(#628));
#4979=EDGE_LOOP('',(#629));
#4980=EDGE_LOOP('',(#630));
#4981=EDGE_LOOP('',(#631));
#4982=EDGE_LOOP('',(#632));
#4983=EDGE_LOOP('',(#633));
#4984=EDGE_LOOP('',(#634));
#4985=EDGE_LOOP('',(#635));
#4986=EDGE_LOOP('',(#636));
#4987=EDGE_LOOP('',(#637));
#4988=EDGE_LOOP('',(#638));
#4989=EDGE_LOOP('',(#639));
#4990=EDGE_LOOP('',(#640,#641,#642,#643));
#4991=EDGE_LOOP('',(#644));
#4992=EDGE_LOOP('',(#645));
#4993=EDGE_LOOP('',(#646));
#4994=EDGE_LOOP('',(#647));
#4995=EDGE_LOOP('',(#648));
#4996=EDGE_LOOP('',(#649,#650,#651,#652));
#4997=EDGE_LOOP('',(#653,#654,#655,#656));
#4998=EDGE_LOOP('',(#657,#658,#659,#660));
#4999=EDGE_LOOP('',(#661,#662,#663,#664,#665,#666,#667,#668));
#5000=EDGE_LOOP('',(#669,#670,#671,#672));
#5001=EDGE_LOOP('',(#673));
#5002=EDGE_LOOP('',(#674,#675,#676,#677));
#5003=EDGE_LOOP('',(#678));
#5004=EDGE_LOOP('',(#679));
#5005=EDGE_LOOP('',(#680));
#5006=EDGE_LOOP('',(#681));
#5007=EDGE_LOOP('',(#682,#683,#684,#685,#686,#687));
#5008=EDGE_LOOP('',(#688));
#5009=EDGE_LOOP('',(#689));
#5010=EDGE_LOOP('',(#690));
#5011=EDGE_LOOP('',(#691));
#5012=EDGE_LOOP('',(#692));
#5013=EDGE_LOOP('',(#693));
#5014=EDGE_LOOP('',(#694));
#5015=EDGE_LOOP('',(#695));
#5016=EDGE_LOOP('',(#696));
#5017=EDGE_LOOP('',(#697));
#5018=EDGE_LOOP('',(#698));
#5019=EDGE_LOOP('',(#699));
#5020=EDGE_LOOP('',(#700));
#5021=EDGE_LOOP('',(#701));
#5022=EDGE_LOOP('',(#702));
#5023=EDGE_LOOP('',(#703,#704,#705,#706));
#5024=EDGE_LOOP('',(#707,#708,#709,#710));
#5025=EDGE_LOOP('',(#711,#712,#713,#714));
#5026=EDGE_LOOP('',(#715,#716,#717,#718));
#5027=EDGE_LOOP('',(#719,#720,#721,#722));
#5028=EDGE_LOOP('',(#723,#724,#725,#726));
#5029=EDGE_LOOP('',(#727,#728,#729,#730));
#5030=EDGE_LOOP('',(#731,#732,#733,#734));
#5031=EDGE_LOOP('',(#735,#736,#737,#738));
#5032=EDGE_LOOP('',(#739,#740,#741,#742));
#5033=EDGE_LOOP('',(#743,#744,#745,#746));
#5034=EDGE_LOOP('',(#747,#748,#749,#750));
#5035=EDGE_LOOP('',(#751,#752,#753,#754));
#5036=EDGE_LOOP('',(#755,#756,#757,#758));
#5037=EDGE_LOOP('',(#759,#760,#761,#762));
#5038=EDGE_LOOP('',(#763,#764,#765,#766));
#5039=EDGE_LOOP('',(#767,#768,#769,#770));
#5040=EDGE_LOOP('',(#771,#772,#773,#774));
#5041=EDGE_LOOP('',(#775,#776,#777,#778));
#5042=EDGE_LOOP('',(#779,#780,#781,#782));
#5043=EDGE_LOOP('',(#783,#784,#785,#786));
#5044=EDGE_LOOP('',(#787,#788,#789,#790));
#5045=EDGE_LOOP('',(#791,#792,#793,#794));
#5046=EDGE_LOOP('',(#795,#796,#797,#798));
#5047=EDGE_LOOP('',(#799,#800,#801,#802));
#5048=EDGE_LOOP('',(#803,#804,#805,#806));
#5049=EDGE_LOOP('',(#807,#808,#809,#810));
#5050=EDGE_LOOP('',(#811,#812,#813,#814));
#5051=EDGE_LOOP('',(#815,#816,#817,#818));
#5052=EDGE_LOOP('',(#819,#820,#821,#822,#823,#824));
#5053=EDGE_LOOP('',(#825,#826,#827,#828,#829,#830));
#5054=EDGE_LOOP('',(#831,#832,#833,#834));
#5055=EDGE_LOOP('',(#835,#836,#837,#838));
#5056=EDGE_LOOP('',(#839));
#5057=EDGE_LOOP('',(#840));
#5058=EDGE_LOOP('',(#841));
#5059=EDGE_LOOP('',(#842));
#5060=EDGE_LOOP('',(#843));
#5061=EDGE_LOOP('',(#844,#845,#846,#847));
#5062=EDGE_LOOP('',(#848,#849,#850,#851));
#5063=EDGE_LOOP('',(#852,#853,#854,#855));
#5064=EDGE_LOOP('',(#856,#857,#858,#859));
#5065=EDGE_LOOP('',(#860,#861,#862,#863));
#5066=EDGE_LOOP('',(#864,#865,#866,#867));
#5067=EDGE_LOOP('',(#868,#869,#870,#871));
#5068=EDGE_LOOP('',(#872,#873,#874,#875));
#5069=EDGE_LOOP('',(#876,#877,#878,#879));
#5070=EDGE_LOOP('',(#880,#881,#882,#883));
#5071=EDGE_LOOP('',(#884,#885,#886,#887,#888,#889,#890,#891,#892,#893));
#5072=EDGE_LOOP('',(#894,#895,#896,#897));
#5073=EDGE_LOOP('',(#898,#899,#900,#901));
#5074=EDGE_LOOP('',(#902,#903,#904,#905));
#5075=EDGE_LOOP('',(#906,#907,#908,#909));
#5076=EDGE_LOOP('',(#910,#911,#912,#913));
#5077=EDGE_LOOP('',(#914,#915,#916,#917));
#5078=EDGE_LOOP('',(#918,#919,#920,#921));
#5079=EDGE_LOOP('',(#922,#923,#924,#925));
#5080=EDGE_LOOP('',(#926,#927,#928,#929));
#5081=EDGE_LOOP('',(#930,#931,#932,#933));
#5082=EDGE_LOOP('',(#934,#935,#936,#937));
#5083=EDGE_LOOP('',(#938,#939,#940,#941));
#5084=EDGE_LOOP('',(#942,#943,#944,#945));
#5085=EDGE_LOOP('',(#946,#947,#948,#949));
#5086=EDGE_LOOP('',(#950,#951,#952,#953));
#5087=EDGE_LOOP('',(#954,#955,#956,#957));
#5088=EDGE_LOOP('',(#958,#959,#960,#961));
#5089=EDGE_LOOP('',(#962,#963,#964,#965));
#5090=EDGE_LOOP('',(#966,#967,#968,#969));
#5091=EDGE_LOOP('',(#970,#971,#972,#973));
#5092=EDGE_LOOP('',(#974,#975,#976,#977));
#5093=EDGE_LOOP('',(#978,#979,#980,#981,#982,#983,#984,#985,#986,#987,#988,
#989,#990,#991,#992,#993,#994,#995,#996,#997,#998));
#5094=EDGE_LOOP('',(#999,#1000,#1001,#1002));
#5095=EDGE_LOOP('',(#1003,#1004,#1005,#1006));
#5096=EDGE_LOOP('',(#1007,#1008,#1009,#1010));
#5097=EDGE_LOOP('',(#1011,#1012,#1013,#1014));
#5098=EDGE_LOOP('',(#1015,#1016,#1017,#1018));
#5099=EDGE_LOOP('',(#1019,#1020,#1021,#1022));
#5100=EDGE_LOOP('',(#1023,#1024,#1025,#1026));
#5101=EDGE_LOOP('',(#1027,#1028,#1029,#1030));
#5102=EDGE_LOOP('',(#1031,#1032,#1033,#1034));
#5103=EDGE_LOOP('',(#1035,#1036,#1037,#1038));
#5104=EDGE_LOOP('',(#1039,#1040,#1041,#1042));
#5105=EDGE_LOOP('',(#1043,#1044,#1045,#1046));
#5106=EDGE_LOOP('',(#1047,#1048,#1049,#1050));
#5107=EDGE_LOOP('',(#1051,#1052,#1053,#1054));
#5108=EDGE_LOOP('',(#1055,#1056,#1057,#1058));
#5109=EDGE_LOOP('',(#1059,#1060,#1061,#1062));
#5110=EDGE_LOOP('',(#1063,#1064,#1065,#1066));
#5111=EDGE_LOOP('',(#1067,#1068,#1069,#1070));
#5112=EDGE_LOOP('',(#1071,#1072,#1073,#1074));
#5113=EDGE_LOOP('',(#1075,#1076,#1077,#1078));
#5114=EDGE_LOOP('',(#1079,#1080,#1081,#1082));
#5115=EDGE_LOOP('',(#1083,#1084,#1085,#1086));
#5116=EDGE_LOOP('',(#1087,#1088,#1089,#1090));
#5117=EDGE_LOOP('',(#1091,#1092,#1093,#1094));
#5118=EDGE_LOOP('',(#1095,#1096,#1097,#1098));
#5119=EDGE_LOOP('',(#1099,#1100,#1101,#1102));
#5120=EDGE_LOOP('',(#1103,#1104,#1105,#1106));
#5121=EDGE_LOOP('',(#1107,#1108,#1109,#1110));
#5122=EDGE_LOOP('',(#1111,#1112,#1113,#1114));
#5123=EDGE_LOOP('',(#1115,#1116,#1117,#1118));
#5124=EDGE_LOOP('',(#1119,#1120,#1121,#1122));
#5125=EDGE_LOOP('',(#1123,#1124,#1125,#1126));
#5126=EDGE_LOOP('',(#1127,#1128,#1129,#1130));
#5127=EDGE_LOOP('',(#1131,#1132,#1133,#1134));
#5128=EDGE_LOOP('',(#1135,#1136,#1137,#1138));
#5129=EDGE_LOOP('',(#1139,#1140,#1141,#1142,#1143,#1144,#1145,#1146,#1147,
#1148,#1149,#1150,#1151,#1152,#1153,#1154,#1155,#1156,#1157,#1158,#1159,
#1160,#1161,#1162,#1163));
#5130=EDGE_LOOP('',(#1164,#1165,#1166,#1167,#1168,#1169,#1170,#1171,#1172,
#1173));
#5131=EDGE_LOOP('',(#1174,#1175,#1176,#1177));
#5132=EDGE_LOOP('',(#1178,#1179,#1180,#1181));
#5133=EDGE_LOOP('',(#1182,#1183,#1184,#1185));
#5134=EDGE_LOOP('',(#1186,#1187,#1188,#1189));
#5135=EDGE_LOOP('',(#1190,#1191,#1192,#1193));
#5136=EDGE_LOOP('',(#1194,#1195,#1196,#1197));
#5137=EDGE_LOOP('',(#1198,#1199,#1200,#1201));
#5138=EDGE_LOOP('',(#1202,#1203,#1204,#1205));
#5139=EDGE_LOOP('',(#1206,#1207,#1208,#1209));
#5140=EDGE_LOOP('',(#1210,#1211,#1212,#1213));
#5141=EDGE_LOOP('',(#1214,#1215,#1216,#1217));
#5142=EDGE_LOOP('',(#1218,#1219,#1220,#1221));
#5143=EDGE_LOOP('',(#1222,#1223,#1224,#1225));
#5144=EDGE_LOOP('',(#1226,#1227,#1228,#1229));
#5145=EDGE_LOOP('',(#1230,#1231,#1232,#1233));
#5146=EDGE_LOOP('',(#1234,#1235,#1236,#1237));
#5147=EDGE_LOOP('',(#1238,#1239,#1240,#1241));
#5148=EDGE_LOOP('',(#1242,#1243,#1244,#1245));
#5149=EDGE_LOOP('',(#1246,#1247,#1248,#1249));
#5150=EDGE_LOOP('',(#1250,#1251,#1252,#1253));
#5151=EDGE_LOOP('',(#1254,#1255,#1256,#1257));
#5152=EDGE_LOOP('',(#1258,#1259,#1260,#1261));
#5153=EDGE_LOOP('',(#1262,#1263,#1264,#1265));
#5154=EDGE_LOOP('',(#1266,#1267,#1268,#1269));
#5155=EDGE_LOOP('',(#1270,#1271,#1272,#1273));
#5156=EDGE_LOOP('',(#1274,#1275,#1276,#1277));
#5157=EDGE_LOOP('',(#1278,#1279,#1280,#1281));
#5158=EDGE_LOOP('',(#1282,#1283,#1284,#1285));
#5159=EDGE_LOOP('',(#1286,#1287,#1288,#1289));
#5160=EDGE_LOOP('',(#1290,#1291,#1292,#1293));
#5161=EDGE_LOOP('',(#1294,#1295,#1296,#1297));
#5162=EDGE_LOOP('',(#1298,#1299,#1300,#1301));
#5163=EDGE_LOOP('',(#1302,#1303,#1304,#1305));
#5164=EDGE_LOOP('',(#1306,#1307,#1308,#1309));
#5165=EDGE_LOOP('',(#1310,#1311,#1312,#1313));
#5166=EDGE_LOOP('',(#1314,#1315,#1316,#1317,#1318,#1319,#1320,#1321,#1322,
#1323,#1324,#1325,#1326,#1327,#1328,#1329,#1330,#1331,#1332,#1333,#1334,
#1335,#1336,#1337,#1338));
#5167=EDGE_LOOP('',(#1339,#1340,#1341,#1342,#1343,#1344,#1345,#1346,#1347,
#1348));
#5168=EDGE_LOOP('',(#1349,#1350,#1351,#1352));
#5169=EDGE_LOOP('',(#1353,#1354,#1355,#1356));
#5170=EDGE_LOOP('',(#1357,#1358,#1359,#1360));
#5171=EDGE_LOOP('',(#1361,#1362,#1363,#1364));
#5172=EDGE_LOOP('',(#1365,#1366,#1367,#1368));
#5173=EDGE_LOOP('',(#1369,#1370,#1371,#1372));
#5174=EDGE_LOOP('',(#1373,#1374,#1375,#1376));
#5175=EDGE_LOOP('',(#1377,#1378,#1379,#1380));
#5176=EDGE_LOOP('',(#1381,#1382,#1383,#1384));
#5177=EDGE_LOOP('',(#1385,#1386,#1387,#1388));
#5178=EDGE_LOOP('',(#1389,#1390,#1391,#1392));
#5179=EDGE_LOOP('',(#1393,#1394,#1395,#1396));
#5180=EDGE_LOOP('',(#1397,#1398,#1399,#1400));
#5181=EDGE_LOOP('',(#1401,#1402,#1403,#1404));
#5182=EDGE_LOOP('',(#1405,#1406,#1407,#1408));
#5183=EDGE_LOOP('',(#1409,#1410,#1411,#1412));
#5184=EDGE_LOOP('',(#1413,#1414,#1415,#1416));
#5185=EDGE_LOOP('',(#1417,#1418,#1419,#1420));
#5186=EDGE_LOOP('',(#1421,#1422,#1423,#1424));
#5187=EDGE_LOOP('',(#1425,#1426,#1427,#1428));
#5188=EDGE_LOOP('',(#1429,#1430,#1431,#1432));
#5189=EDGE_LOOP('',(#1433,#1434,#1435,#1436,#1437,#1438,#1439,#1440,#1441,
#1442,#1443,#1444,#1445,#1446,#1447,#1448,#1449,#1450,#1451,#1452,#1453));
#5190=EDGE_LOOP('',(#1454,#1455,#1456,#1457));
#5191=EDGE_LOOP('',(#1458,#1459,#1460,#1461));
#5192=EDGE_LOOP('',(#1462,#1463,#1464,#1465));
#5193=EDGE_LOOP('',(#1466,#1467,#1468,#1469));
#5194=EDGE_LOOP('',(#1470,#1471,#1472,#1473));
#5195=EDGE_LOOP('',(#1474,#1475,#1476,#1477));
#5196=EDGE_LOOP('',(#1478,#1479,#1480,#1481));
#5197=EDGE_LOOP('',(#1482,#1483,#1484,#1485));
#5198=EDGE_LOOP('',(#1486,#1487,#1488,#1489));
#5199=EDGE_LOOP('',(#1490,#1491,#1492,#1493));
#5200=EDGE_LOOP('',(#1494,#1495,#1496,#1497,#1498,#1499,#1500,#1501,#1502,
#1503));
#5201=EDGE_LOOP('',(#1504,#1505,#1506,#1507,#1508,#1509,#1510,#1511,#1512,
#1513));
#5202=EDGE_LOOP('',(#1514,#1515,#1516,#1517,#1518,#1519,#1520,#1521,#1522,
#1523));
#5203=EDGE_LOOP('',(#1524,#1525,#1526,#1527));
#5204=EDGE_LOOP('',(#1528,#1529,#1530,#1531));
#5205=EDGE_LOOP('',(#1532,#1533,#1534,#1535));
#5206=EDGE_LOOP('',(#1536,#1537,#1538,#1539));
#5207=EDGE_LOOP('',(#1540,#1541,#1542,#1543));
#5208=EDGE_LOOP('',(#1544,#1545,#1546,#1547));
#5209=EDGE_LOOP('',(#1548,#1549,#1550,#1551,#1552));
#5210=EDGE_LOOP('',(#1553,#1554,#1555,#1556,#1557));
#5211=EDGE_LOOP('',(#1558,#1559,#1560,#1561));
#5212=EDGE_LOOP('',(#1562,#1563,#1564,#1565));
#5213=EDGE_LOOP('',(#1566,#1567,#1568,#1569));
#5214=EDGE_LOOP('',(#1570,#1571,#1572,#1573));
#5215=EDGE_LOOP('',(#1574,#1575,#1576,#1577));
#5216=EDGE_LOOP('',(#1578,#1579,#1580,#1581));
#5217=EDGE_LOOP('',(#1582,#1583,#1584,#1585));
#5218=EDGE_LOOP('',(#1586,#1587,#1588,#1589));
#5219=EDGE_LOOP('',(#1590,#1591,#1592,#1593));
#5220=EDGE_LOOP('',(#1594,#1595,#1596,#1597));
#5221=EDGE_LOOP('',(#1598,#1599,#1600,#1601));
#5222=EDGE_LOOP('',(#1602,#1603,#1604,#1605));
#5223=EDGE_LOOP('',(#1606,#1607,#1608,#1609));
#5224=EDGE_LOOP('',(#1610,#1611,#1612,#1613));
#5225=EDGE_LOOP('',(#1614,#1615,#1616,#1617));
#5226=EDGE_LOOP('',(#1618,#1619,#1620,#1621));
#5227=EDGE_LOOP('',(#1622,#1623,#1624,#1625));
#5228=EDGE_LOOP('',(#1626,#1627,#1628,#1629,#1630,#1631,#1632,#1633,#1634,
#1635,#1636,#1637,#1638));
#5229=EDGE_LOOP('',(#1639,#1640,#1641,#1642,#1643));
#5230=EDGE_LOOP('',(#1644,#1645,#1646,#1647));
#5231=EDGE_LOOP('',(#1648,#1649,#1650,#1651,#1652,#1653,#1654,#1655,#1656,
#1657,#1658,#1659));
#5232=EDGE_LOOP('',(#1660,#1661,#1662,#1663));
#5233=EDGE_LOOP('',(#1664,#1665,#1666,#1667));
#5234=EDGE_LOOP('',(#1668,#1669,#1670,#1671));
#5235=EDGE_LOOP('',(#1672,#1673,#1674,#1675));
#5236=EDGE_LOOP('',(#1676,#1677,#1678,#1679));
#5237=EDGE_LOOP('',(#1680,#1681,#1682,#1683));
#5238=EDGE_LOOP('',(#1684,#1685,#1686,#1687));
#5239=EDGE_LOOP('',(#1688,#1689,#1690,#1691));
#5240=EDGE_LOOP('',(#1692,#1693,#1694,#1695));
#5241=EDGE_LOOP('',(#1696,#1697,#1698,#1699));
#5242=EDGE_LOOP('',(#1700,#1701,#1702,#1703));
#5243=EDGE_LOOP('',(#1704,#1705,#1706,#1707));
#5244=EDGE_LOOP('',(#1708,#1709,#1710,#1711,#1712,#1713,#1714,#1715,#1716,
#1717,#1718,#1719));
#5245=EDGE_LOOP('',(#1720,#1721,#1722,#1723,#1724,#1725,#1726,#1727));
#5246=EDGE_LOOP('',(#1728,#1729,#1730,#1731,#1732,#1733,#1734,#1735));
#5247=EDGE_LOOP('',(#1736,#1737,#1738,#1739));
#5248=EDGE_LOOP('',(#1740,#1741,#1742,#1743,#1744,#1745,#1746,#1747));
#5249=EDGE_LOOP('',(#1748,#1749,#1750,#1751));
#5250=EDGE_LOOP('',(#1752,#1753,#1754,#1755));
#5251=EDGE_LOOP('',(#1756,#1757,#1758,#1759));
#5252=EDGE_LOOP('',(#1760,#1761,#1762,#1763));
#5253=EDGE_LOOP('',(#1764,#1765,#1766,#1767));
#5254=EDGE_LOOP('',(#1768,#1769,#1770,#1771,#1772,#1773,#1774,#1775));
#5255=EDGE_LOOP('',(#1776,#1777,#1778,#1779));
#5256=EDGE_LOOP('',(#1780,#1781,#1782,#1783));
#5257=EDGE_LOOP('',(#1784,#1785,#1786,#1787));
#5258=EDGE_LOOP('',(#1788,#1789,#1790,#1791));
#5259=EDGE_LOOP('',(#1792,#1793,#1794,#1795));
#5260=EDGE_LOOP('',(#1796,#1797,#1798,#1799));
#5261=EDGE_LOOP('',(#1800,#1801,#1802,#1803));
#5262=EDGE_LOOP('',(#1804,#1805,#1806,#1807));
#5263=EDGE_LOOP('',(#1808,#1809,#1810,#1811));
#5264=EDGE_LOOP('',(#1812));
#5265=EDGE_LOOP('',(#1813));
#5266=EDGE_LOOP('',(#1814,#1815,#1816,#1817));
#5267=EDGE_LOOP('',(#1818));
#5268=EDGE_LOOP('',(#1819,#1820,#1821,#1822));
#5269=EDGE_LOOP('',(#1823));
#5270=EDGE_LOOP('',(#1824,#1825,#1826,#1827));
#5271=EDGE_LOOP('',(#1828));
#5272=EDGE_LOOP('',(#1829));
#5273=EDGE_LOOP('',(#1830));
#5274=EDGE_LOOP('',(#1831));
#5275=EDGE_LOOP('',(#1832));
#5276=EDGE_LOOP('',(#1833));
#5277=EDGE_LOOP('',(#1834));
#5278=EDGE_LOOP('',(#1835,#1836,#1837,#1838,#1839,#1840,#1841,#1842));
#5279=EDGE_LOOP('',(#1843,#1844,#1845,#1846,#1847,#1848,#1849,#1850,#1851,
#1852,#1853,#1854));
#5280=EDGE_LOOP('',(#1855,#1856,#1857,#1858,#1859,#1860,#1861,#1862,#1863,
#1864,#1865,#1866,#1867,#1868,#1869,#1870));
#5281=EDGE_LOOP('',(#1871,#1872,#1873,#1874,#1875,#1876));
#5282=EDGE_LOOP('',(#1877,#1878,#1879,#1880,#1881,#1882,#1883,#1884,#1885,
#1886));
#5283=EDGE_LOOP('',(#1887,#1888,#1889,#1890));
#5284=EDGE_LOOP('',(#1891,#1892,#1893,#1894));
#5285=EDGE_LOOP('',(#1895,#1896,#1897,#1898));
#5286=EDGE_LOOP('',(#1899,#1900,#1901,#1902));
#5287=EDGE_LOOP('',(#1903));
#5288=EDGE_LOOP('',(#1904,#1905));
#5289=EDGE_LOOP('',(#1906));
#5290=EDGE_LOOP('',(#1907,#1908));
#5291=EDGE_LOOP('',(#1909));
#5292=EDGE_LOOP('',(#1910));
#5293=EDGE_LOOP('',(#1911));
#5294=EDGE_LOOP('',(#1912));
#5295=EDGE_LOOP('',(#1913));
#5296=EDGE_LOOP('',(#1914));
#5297=EDGE_LOOP('',(#1915));
#5298=EDGE_LOOP('',(#1916));
#5299=EDGE_LOOP('',(#1917,#1918,#1919,#1920));
#5300=EDGE_LOOP('',(#1921,#1922,#1923,#1924,#1925,#1926,#1927,#1928));
#5301=EDGE_LOOP('',(#1929,#1930,#1931,#1932));
#5302=EDGE_LOOP('',(#1933));
#5303=EDGE_LOOP('',(#1934));
#5304=EDGE_LOOP('',(#1935,#1936,#1937,#1938));
#5305=EDGE_LOOP('',(#1939,#1940,#1941,#1942));
#5306=EDGE_LOOP('',(#1943,#1944,#1945,#1946));
#5307=EDGE_LOOP('',(#1947,#1948,#1949,#1950));
#5308=EDGE_LOOP('',(#1951,#1952,#1953,#1954));
#5309=EDGE_LOOP('',(#1955,#1956,#1957,#1958));
#5310=EDGE_LOOP('',(#1959,#1960,#1961,#1962));
#5311=EDGE_LOOP('',(#1963,#1964,#1965,#1966));
#5312=EDGE_LOOP('',(#1967,#1968,#1969,#1970));
#5313=EDGE_LOOP('',(#1971,#1972,#1973,#1974));
#5314=EDGE_LOOP('',(#1975,#1976,#1977,#1978));
#5315=EDGE_LOOP('',(#1979,#1980,#1981,#1982));
#5316=EDGE_LOOP('',(#1983,#1984,#1985,#1986,#1987,#1988,#1989,#1990,#1991,
#1992,#1993,#1994));
#5317=EDGE_LOOP('',(#1995,#1996,#1997,#1998));
#5318=EDGE_LOOP('',(#1999,#2000,#2001,#2002));
#5319=EDGE_LOOP('',(#2003,#2004,#2005,#2006));
#5320=EDGE_LOOP('',(#2007,#2008,#2009,#2010));
#5321=EDGE_LOOP('',(#2011,#2012,#2013,#2014));
#5322=EDGE_LOOP('',(#2015,#2016,#2017,#2018));
#5323=EDGE_LOOP('',(#2019,#2020,#2021,#2022));
#5324=EDGE_LOOP('',(#2023,#2024,#2025,#2026));
#5325=EDGE_LOOP('',(#2027,#2028,#2029,#2030));
#5326=EDGE_LOOP('',(#2031,#2032,#2033,#2034));
#5327=EDGE_LOOP('',(#2035,#2036,#2037,#2038));
#5328=EDGE_LOOP('',(#2039,#2040,#2041,#2042));
#5329=EDGE_LOOP('',(#2043,#2044,#2045,#2046));
#5330=EDGE_LOOP('',(#2047,#2048,#2049,#2050));
#5331=EDGE_LOOP('',(#2051,#2052,#2053,#2054));
#5332=EDGE_LOOP('',(#2055,#2056,#2057,#2058));
#5333=EDGE_LOOP('',(#2059,#2060,#2061,#2062,#2063,#2064,#2065,#2066,#2067,
#2068,#2069,#2070,#2071,#2072,#2073,#2074));
#5334=EDGE_LOOP('',(#2075,#2076,#2077,#2078));
#5335=EDGE_LOOP('',(#2079,#2080,#2081,#2082));
#5336=EDGE_LOOP('',(#2083,#2084,#2085,#2086));
#5337=EDGE_LOOP('',(#2087,#2088,#2089,#2090));
#5338=EDGE_LOOP('',(#2091,#2092,#2093,#2094));
#5339=EDGE_LOOP('',(#2095,#2096,#2097,#2098));
#5340=EDGE_LOOP('',(#2099,#2100,#2101,#2102,#2103,#2104));
#5341=EDGE_LOOP('',(#2105,#2106,#2107,#2108));
#5342=EDGE_LOOP('',(#2109,#2110,#2111,#2112));
#5343=EDGE_LOOP('',(#2113,#2114,#2115,#2116));
#5344=EDGE_LOOP('',(#2117,#2118,#2119,#2120));
#5345=EDGE_LOOP('',(#2121,#2122,#2123,#2124));
#5346=EDGE_LOOP('',(#2125,#2126,#2127,#2128));
#5347=EDGE_LOOP('',(#2129,#2130,#2131,#2132));
#5348=EDGE_LOOP('',(#2133,#2134,#2135,#2136));
#5349=EDGE_LOOP('',(#2137,#2138,#2139,#2140));
#5350=EDGE_LOOP('',(#2141,#2142,#2143,#2144));
#5351=EDGE_LOOP('',(#2145,#2146,#2147,#2148,#2149,#2150,#2151,#2152,#2153,
#2154));
#5352=EDGE_LOOP('',(#2155));
#5353=EDGE_LOOP('',(#2156));
#5354=EDGE_LOOP('',(#2157,#2158,#2159,#2160,#2161,#2162));
#5355=EDGE_LOOP('',(#2163));
#5356=EDGE_LOOP('',(#2164));
#5357=EDGE_LOOP('',(#2165));
#5358=EDGE_LOOP('',(#2166));
#5359=EDGE_LOOP('',(#2167));
#5360=EDGE_LOOP('',(#2168));
#5361=EDGE_LOOP('',(#2169));
#5362=FACE_BOUND('',#4935,.T.);
#5363=FACE_BOUND('',#4936,.T.);
#5364=FACE_BOUND('',#4937,.T.);
#5365=FACE_BOUND('',#4938,.T.);
#5366=FACE_BOUND('',#4939,.T.);
#5367=FACE_BOUND('',#4940,.T.);
#5368=FACE_BOUND('',#4941,.T.);
#5369=FACE_BOUND('',#4942,.T.);
#5370=FACE_BOUND('',#4943,.T.);
#5371=FACE_BOUND('',#4944,.T.);
#5372=FACE_BOUND('',#4945,.T.);
#5373=FACE_BOUND('',#4946,.T.);
#5374=FACE_BOUND('',#4947,.T.);
#5375=FACE_BOUND('',#4948,.T.);
#5376=FACE_BOUND('',#4949,.T.);
#5377=FACE_BOUND('',#4950,.T.);
#5378=FACE_BOUND('',#4951,.T.);
#5379=FACE_BOUND('',#4952,.T.);
#5380=FACE_BOUND('',#4953,.T.);
#5381=FACE_BOUND('',#4954,.T.);
#5382=FACE_BOUND('',#4955,.T.);
#5383=FACE_BOUND('',#4956,.T.);
#5384=FACE_BOUND('',#4957,.T.);
#5385=FACE_BOUND('',#4958,.T.);
#5386=FACE_BOUND('',#4959,.T.);
#5387=FACE_BOUND('',#4960,.T.);
#5388=FACE_BOUND('',#4961,.T.);
#5389=FACE_BOUND('',#4962,.T.);
#5390=FACE_BOUND('',#4963,.T.);
#5391=FACE_BOUND('',#4964,.T.);
#5392=FACE_BOUND('',#4965,.T.);
#5393=FACE_BOUND('',#4966,.T.);
#5394=FACE_BOUND('',#4967,.T.);
#5395=FACE_BOUND('',#4968,.T.);
#5396=FACE_BOUND('',#4969,.T.);
#5397=FACE_BOUND('',#4970,.T.);
#5398=FACE_BOUND('',#4971,.T.);
#5399=FACE_BOUND('',#4972,.T.);
#5400=FACE_BOUND('',#4973,.T.);
#5401=FACE_BOUND('',#4974,.T.);
#5402=FACE_BOUND('',#4975,.T.);
#5403=FACE_BOUND('',#4976,.T.);
#5404=FACE_BOUND('',#4977,.T.);
#5405=FACE_BOUND('',#4978,.T.);
#5406=FACE_BOUND('',#4979,.T.);
#5407=FACE_BOUND('',#4980,.T.);
#5408=FACE_BOUND('',#4981,.T.);
#5409=FACE_BOUND('',#4982,.T.);
#5410=FACE_BOUND('',#4983,.T.);
#5411=FACE_BOUND('',#4984,.T.);
#5412=FACE_BOUND('',#4985,.T.);
#5413=FACE_BOUND('',#4986,.T.);
#5414=FACE_BOUND('',#4987,.T.);
#5415=FACE_BOUND('',#4988,.T.);
#5416=FACE_BOUND('',#4989,.T.);
#5417=FACE_BOUND('',#4990,.T.);
#5418=FACE_BOUND('',#4991,.T.);
#5419=FACE_BOUND('',#4992,.T.);
#5420=FACE_BOUND('',#4993,.T.);
#5421=FACE_BOUND('',#4994,.T.);
#5422=FACE_BOUND('',#4995,.T.);
#5423=FACE_BOUND('',#4996,.T.);
#5424=FACE_BOUND('',#4997,.T.);
#5425=FACE_BOUND('',#4998,.T.);
#5426=FACE_BOUND('',#4999,.T.);
#5427=FACE_BOUND('',#5000,.T.);
#5428=FACE_BOUND('',#5001,.T.);
#5429=FACE_BOUND('',#5002,.T.);
#5430=FACE_BOUND('',#5003,.T.);
#5431=FACE_BOUND('',#5004,.T.);
#5432=FACE_BOUND('',#5005,.T.);
#5433=FACE_BOUND('',#5006,.T.);
#5434=FACE_BOUND('',#5007,.T.);
#5435=FACE_BOUND('',#5008,.T.);
#5436=FACE_BOUND('',#5009,.T.);
#5437=FACE_BOUND('',#5010,.T.);
#5438=FACE_BOUND('',#5011,.T.);
#5439=FACE_BOUND('',#5012,.T.);
#5440=FACE_BOUND('',#5013,.T.);
#5441=FACE_BOUND('',#5014,.T.);
#5442=FACE_BOUND('',#5015,.T.);
#5443=FACE_BOUND('',#5016,.T.);
#5444=FACE_BOUND('',#5017,.T.);
#5445=FACE_BOUND('',#5018,.T.);
#5446=FACE_BOUND('',#5019,.T.);
#5447=FACE_BOUND('',#5020,.T.);
#5448=FACE_BOUND('',#5021,.T.);
#5449=FACE_BOUND('',#5022,.T.);
#5450=FACE_BOUND('',#5023,.T.);
#5451=FACE_BOUND('',#5024,.T.);
#5452=FACE_BOUND('',#5025,.T.);
#5453=FACE_BOUND('',#5026,.T.);
#5454=FACE_BOUND('',#5027,.T.);
#5455=FACE_BOUND('',#5028,.T.);
#5456=FACE_BOUND('',#5029,.T.);
#5457=FACE_BOUND('',#5030,.T.);
#5458=FACE_BOUND('',#5031,.T.);
#5459=FACE_BOUND('',#5032,.T.);
#5460=FACE_BOUND('',#5033,.T.);
#5461=FACE_BOUND('',#5034,.T.);
#5462=FACE_BOUND('',#5035,.T.);
#5463=FACE_BOUND('',#5036,.T.);
#5464=FACE_BOUND('',#5037,.T.);
#5465=FACE_BOUND('',#5038,.T.);
#5466=FACE_BOUND('',#5039,.T.);
#5467=FACE_BOUND('',#5040,.T.);
#5468=FACE_BOUND('',#5041,.T.);
#5469=FACE_BOUND('',#5042,.T.);
#5470=FACE_BOUND('',#5043,.T.);
#5471=FACE_BOUND('',#5044,.T.);
#5472=FACE_BOUND('',#5045,.T.);
#5473=FACE_BOUND('',#5046,.T.);
#5474=FACE_BOUND('',#5047,.T.);
#5475=FACE_BOUND('',#5048,.T.);
#5476=FACE_BOUND('',#5049,.T.);
#5477=FACE_BOUND('',#5050,.T.);
#5478=FACE_BOUND('',#5051,.T.);
#5479=FACE_BOUND('',#5052,.T.);
#5480=FACE_BOUND('',#5053,.T.);
#5481=FACE_BOUND('',#5054,.T.);
#5482=FACE_BOUND('',#5055,.T.);
#5483=FACE_BOUND('',#5056,.T.);
#5484=FACE_BOUND('',#5057,.T.);
#5485=FACE_BOUND('',#5058,.T.);
#5486=FACE_BOUND('',#5059,.T.);
#5487=FACE_BOUND('',#5060,.T.);
#5488=FACE_BOUND('',#5061,.T.);
#5489=FACE_BOUND('',#5062,.T.);
#5490=FACE_BOUND('',#5063,.T.);
#5491=FACE_BOUND('',#5064,.T.);
#5492=FACE_BOUND('',#5065,.T.);
#5493=FACE_BOUND('',#5066,.T.);
#5494=FACE_BOUND('',#5067,.T.);
#5495=FACE_BOUND('',#5068,.T.);
#5496=FACE_BOUND('',#5069,.T.);
#5497=FACE_BOUND('',#5070,.T.);
#5498=FACE_BOUND('',#5071,.T.);
#5499=FACE_BOUND('',#5072,.T.);
#5500=FACE_BOUND('',#5073,.T.);
#5501=FACE_BOUND('',#5074,.T.);
#5502=FACE_BOUND('',#5075,.T.);
#5503=FACE_BOUND('',#5076,.T.);
#5504=FACE_BOUND('',#5077,.T.);
#5505=FACE_BOUND('',#5078,.T.);
#5506=FACE_BOUND('',#5079,.T.);
#5507=FACE_BOUND('',#5080,.T.);
#5508=FACE_BOUND('',#5081,.T.);
#5509=FACE_BOUND('',#5082,.T.);
#5510=FACE_BOUND('',#5083,.T.);
#5511=FACE_BOUND('',#5084,.T.);
#5512=FACE_BOUND('',#5085,.T.);
#5513=FACE_BOUND('',#5086,.T.);
#5514=FACE_BOUND('',#5087,.T.);
#5515=FACE_BOUND('',#5088,.T.);
#5516=FACE_BOUND('',#5089,.T.);
#5517=FACE_BOUND('',#5090,.T.);
#5518=FACE_BOUND('',#5091,.T.);
#5519=FACE_BOUND('',#5092,.T.);
#5520=FACE_BOUND('',#5093,.T.);
#5521=FACE_BOUND('',#5094,.T.);
#5522=FACE_BOUND('',#5095,.T.);
#5523=FACE_BOUND('',#5096,.T.);
#5524=FACE_BOUND('',#5097,.T.);
#5525=FACE_BOUND('',#5098,.T.);
#5526=FACE_BOUND('',#5099,.T.);
#5527=FACE_BOUND('',#5100,.T.);
#5528=FACE_BOUND('',#5101,.T.);
#5529=FACE_BOUND('',#5102,.T.);
#5530=FACE_BOUND('',#5103,.T.);
#5531=FACE_BOUND('',#5104,.T.);
#5532=FACE_BOUND('',#5105,.T.);
#5533=FACE_BOUND('',#5106,.T.);
#5534=FACE_BOUND('',#5107,.T.);
#5535=FACE_BOUND('',#5108,.T.);
#5536=FACE_BOUND('',#5109,.T.);
#5537=FACE_BOUND('',#5110,.T.);
#5538=FACE_BOUND('',#5111,.T.);
#5539=FACE_BOUND('',#5112,.T.);
#5540=FACE_BOUND('',#5113,.T.);
#5541=FACE_BOUND('',#5114,.T.);
#5542=FACE_BOUND('',#5115,.T.);
#5543=FACE_BOUND('',#5116,.T.);
#5544=FACE_BOUND('',#5117,.T.);
#5545=FACE_BOUND('',#5118,.T.);
#5546=FACE_BOUND('',#5119,.T.);
#5547=FACE_BOUND('',#5120,.T.);
#5548=FACE_BOUND('',#5121,.T.);
#5549=FACE_BOUND('',#5122,.T.);
#5550=FACE_BOUND('',#5123,.T.);
#5551=FACE_BOUND('',#5124,.T.);
#5552=FACE_BOUND('',#5125,.T.);
#5553=FACE_BOUND('',#5126,.T.);
#5554=FACE_BOUND('',#5127,.T.);
#5555=FACE_BOUND('',#5128,.T.);
#5556=FACE_BOUND('',#5129,.T.);
#5557=FACE_BOUND('',#5130,.T.);
#5558=FACE_BOUND('',#5131,.T.);
#5559=FACE_BOUND('',#5132,.T.);
#5560=FACE_BOUND('',#5133,.T.);
#5561=FACE_BOUND('',#5134,.T.);
#5562=FACE_BOUND('',#5135,.T.);
#5563=FACE_BOUND('',#5136,.T.);
#5564=FACE_BOUND('',#5137,.T.);
#5565=FACE_BOUND('',#5138,.T.);
#5566=FACE_BOUND('',#5139,.T.);
#5567=FACE_BOUND('',#5140,.T.);
#5568=FACE_BOUND('',#5141,.T.);
#5569=FACE_BOUND('',#5142,.T.);
#5570=FACE_BOUND('',#5143,.T.);
#5571=FACE_BOUND('',#5144,.T.);
#5572=FACE_BOUND('',#5145,.T.);
#5573=FACE_BOUND('',#5146,.T.);
#5574=FACE_BOUND('',#5147,.T.);
#5575=FACE_BOUND('',#5148,.T.);
#5576=FACE_BOUND('',#5149,.T.);
#5577=FACE_BOUND('',#5150,.T.);
#5578=FACE_BOUND('',#5151,.T.);
#5579=FACE_BOUND('',#5152,.T.);
#5580=FACE_BOUND('',#5153,.T.);
#5581=FACE_BOUND('',#5154,.T.);
#5582=FACE_BOUND('',#5155,.T.);
#5583=FACE_BOUND('',#5156,.T.);
#5584=FACE_BOUND('',#5157,.T.);
#5585=FACE_BOUND('',#5158,.T.);
#5586=FACE_BOUND('',#5159,.T.);
#5587=FACE_BOUND('',#5160,.T.);
#5588=FACE_BOUND('',#5161,.T.);
#5589=FACE_BOUND('',#5162,.T.);
#5590=FACE_BOUND('',#5163,.T.);
#5591=FACE_BOUND('',#5164,.T.);
#5592=FACE_BOUND('',#5165,.T.);
#5593=FACE_BOUND('',#5166,.T.);
#5594=FACE_BOUND('',#5167,.T.);
#5595=FACE_BOUND('',#5168,.T.);
#5596=FACE_BOUND('',#5169,.T.);
#5597=FACE_BOUND('',#5170,.T.);
#5598=FACE_BOUND('',#5171,.T.);
#5599=FACE_BOUND('',#5172,.T.);
#5600=FACE_BOUND('',#5173,.T.);
#5601=FACE_BOUND('',#5174,.T.);
#5602=FACE_BOUND('',#5175,.T.);
#5603=FACE_BOUND('',#5176,.T.);
#5604=FACE_BOUND('',#5177,.T.);
#5605=FACE_BOUND('',#5178,.T.);
#5606=FACE_BOUND('',#5179,.T.);
#5607=FACE_BOUND('',#5180,.T.);
#5608=FACE_BOUND('',#5181,.T.);
#5609=FACE_BOUND('',#5182,.T.);
#5610=FACE_BOUND('',#5183,.T.);
#5611=FACE_BOUND('',#5184,.T.);
#5612=FACE_BOUND('',#5185,.T.);
#5613=FACE_BOUND('',#5186,.T.);
#5614=FACE_BOUND('',#5187,.T.);
#5615=FACE_BOUND('',#5188,.T.);
#5616=FACE_BOUND('',#5189,.T.);
#5617=FACE_BOUND('',#5190,.T.);
#5618=FACE_BOUND('',#5191,.T.);
#5619=FACE_BOUND('',#5192,.T.);
#5620=FACE_BOUND('',#5193,.T.);
#5621=FACE_BOUND('',#5194,.T.);
#5622=FACE_BOUND('',#5195,.T.);
#5623=FACE_BOUND('',#5196,.T.);
#5624=FACE_BOUND('',#5197,.T.);
#5625=FACE_BOUND('',#5198,.T.);
#5626=FACE_BOUND('',#5199,.T.);
#5627=FACE_BOUND('',#5200,.T.);
#5628=FACE_BOUND('',#5201,.T.);
#5629=FACE_BOUND('',#5202,.T.);
#5630=FACE_BOUND('',#5203,.T.);
#5631=FACE_BOUND('',#5204,.T.);
#5632=FACE_BOUND('',#5205,.T.);
#5633=FACE_BOUND('',#5206,.T.);
#5634=FACE_BOUND('',#5207,.T.);
#5635=FACE_BOUND('',#5208,.T.);
#5636=FACE_BOUND('',#5209,.T.);
#5637=FACE_BOUND('',#5210,.T.);
#5638=FACE_BOUND('',#5211,.T.);
#5639=FACE_BOUND('',#5212,.T.);
#5640=FACE_BOUND('',#5213,.T.);
#5641=FACE_BOUND('',#5214,.T.);
#5642=FACE_BOUND('',#5215,.T.);
#5643=FACE_BOUND('',#5216,.T.);
#5644=FACE_BOUND('',#5217,.T.);
#5645=FACE_BOUND('',#5218,.T.);
#5646=FACE_BOUND('',#5219,.T.);
#5647=FACE_BOUND('',#5220,.T.);
#5648=FACE_BOUND('',#5221,.T.);
#5649=FACE_BOUND('',#5222,.T.);
#5650=FACE_BOUND('',#5223,.T.);
#5651=FACE_BOUND('',#5224,.T.);
#5652=FACE_BOUND('',#5225,.T.);
#5653=FACE_BOUND('',#5226,.T.);
#5654=FACE_BOUND('',#5227,.T.);
#5655=FACE_BOUND('',#5228,.T.);
#5656=FACE_BOUND('',#5229,.T.);
#5657=FACE_BOUND('',#5230,.T.);
#5658=FACE_BOUND('',#5231,.T.);
#5659=FACE_BOUND('',#5232,.T.);
#5660=FACE_BOUND('',#5233,.T.);
#5661=FACE_BOUND('',#5234,.T.);
#5662=FACE_BOUND('',#5235,.T.);
#5663=FACE_BOUND('',#5236,.T.);
#5664=FACE_BOUND('',#5237,.T.);
#5665=FACE_BOUND('',#5238,.T.);
#5666=FACE_BOUND('',#5239,.T.);
#5667=FACE_BOUND('',#5240,.T.);
#5668=FACE_BOUND('',#5241,.T.);
#5669=FACE_BOUND('',#5242,.T.);
#5670=FACE_BOUND('',#5243,.T.);
#5671=FACE_BOUND('',#5244,.T.);
#5672=FACE_BOUND('',#5245,.T.);
#5673=FACE_BOUND('',#5246,.T.);
#5674=FACE_BOUND('',#5247,.T.);
#5675=FACE_BOUND('',#5248,.T.);
#5676=FACE_BOUND('',#5249,.T.);
#5677=FACE_BOUND('',#5250,.T.);
#5678=FACE_BOUND('',#5251,.T.);
#5679=FACE_BOUND('',#5252,.T.);
#5680=FACE_BOUND('',#5253,.T.);
#5681=FACE_BOUND('',#5254,.T.);
#5682=FACE_BOUND('',#5255,.T.);
#5683=FACE_BOUND('',#5256,.T.);
#5684=FACE_BOUND('',#5257,.T.);
#5685=FACE_BOUND('',#5258,.T.);
#5686=FACE_BOUND('',#5259,.T.);
#5687=FACE_BOUND('',#5260,.T.);
#5688=FACE_BOUND('',#5261,.T.);
#5689=FACE_BOUND('',#5262,.T.);
#5690=FACE_BOUND('',#5263,.T.);
#5691=FACE_BOUND('',#5264,.T.);
#5692=FACE_BOUND('',#5265,.T.);
#5693=FACE_BOUND('',#5266,.T.);
#5694=FACE_BOUND('',#5267,.T.);
#5695=FACE_BOUND('',#5268,.T.);
#5696=FACE_BOUND('',#5269,.T.);
#5697=FACE_BOUND('',#5270,.T.);
#5698=FACE_BOUND('',#5271,.T.);
#5699=FACE_BOUND('',#5272,.T.);
#5700=FACE_BOUND('',#5273,.T.);
#5701=FACE_BOUND('',#5274,.T.);
#5702=FACE_BOUND('',#5275,.T.);
#5703=FACE_BOUND('',#5276,.T.);
#5704=FACE_BOUND('',#5277,.T.);
#5705=FACE_BOUND('',#5278,.T.);
#5706=FACE_BOUND('',#5279,.T.);
#5707=FACE_BOUND('',#5280,.T.);
#5708=FACE_BOUND('',#5281,.T.);
#5709=FACE_BOUND('',#5282,.T.);
#5710=FACE_BOUND('',#5283,.T.);
#5711=FACE_BOUND('',#5284,.T.);
#5712=FACE_BOUND('',#5285,.T.);
#5713=FACE_BOUND('',#5286,.T.);
#5714=FACE_BOUND('',#5287,.T.);
#5715=FACE_BOUND('',#5288,.T.);
#5716=FACE_BOUND('',#5289,.T.);
#5717=FACE_BOUND('',#5290,.T.);
#5718=FACE_BOUND('',#5291,.T.);
#5719=FACE_BOUND('',#5292,.T.);
#5720=FACE_BOUND('',#5293,.T.);
#5721=FACE_BOUND('',#5294,.T.);
#5722=FACE_BOUND('',#5295,.T.);
#5723=FACE_BOUND('',#5296,.T.);
#5724=FACE_BOUND('',#5297,.T.);
#5725=FACE_BOUND('',#5298,.T.);
#5726=FACE_BOUND('',#5299,.T.);
#5727=FACE_BOUND('',#5300,.T.);
#5728=FACE_BOUND('',#5301,.T.);
#5729=FACE_BOUND('',#5302,.T.);
#5730=FACE_BOUND('',#5303,.T.);
#5731=FACE_BOUND('',#5304,.T.);
#5732=FACE_BOUND('',#5305,.T.);
#5733=FACE_BOUND('',#5306,.T.);
#5734=FACE_BOUND('',#5307,.T.);
#5735=FACE_BOUND('',#5308,.T.);
#5736=FACE_BOUND('',#5309,.T.);
#5737=FACE_BOUND('',#5310,.T.);
#5738=FACE_BOUND('',#5311,.T.);
#5739=FACE_BOUND('',#5312,.T.);
#5740=FACE_BOUND('',#5313,.T.);
#5741=FACE_BOUND('',#5314,.T.);
#5742=FACE_BOUND('',#5315,.T.);
#5743=FACE_BOUND('',#5316,.T.);
#5744=FACE_BOUND('',#5317,.T.);
#5745=FACE_BOUND('',#5318,.T.);
#5746=FACE_BOUND('',#5319,.T.);
#5747=FACE_BOUND('',#5320,.T.);
#5748=FACE_BOUND('',#5321,.T.);
#5749=FACE_BOUND('',#5322,.T.);
#5750=FACE_BOUND('',#5323,.T.);
#5751=FACE_BOUND('',#5324,.T.);
#5752=FACE_BOUND('',#5325,.T.);
#5753=FACE_BOUND('',#5326,.T.);
#5754=FACE_BOUND('',#5327,.T.);
#5755=FACE_BOUND('',#5328,.T.);
#5756=FACE_BOUND('',#5329,.T.);
#5757=FACE_BOUND('',#5330,.T.);
#5758=FACE_BOUND('',#5331,.T.);
#5759=FACE_BOUND('',#5332,.T.);
#5760=FACE_BOUND('',#5333,.T.);
#5761=FACE_BOUND('',#5334,.T.);
#5762=FACE_BOUND('',#5335,.T.);
#5763=FACE_BOUND('',#5336,.T.);
#5764=FACE_BOUND('',#5337,.T.);
#5765=FACE_BOUND('',#5338,.T.);
#5766=FACE_BOUND('',#5339,.T.);
#5767=FACE_BOUND('',#5340,.T.);
#5768=FACE_BOUND('',#5341,.T.);
#5769=FACE_BOUND('',#5342,.T.);
#5770=FACE_BOUND('',#5343,.T.);
#5771=FACE_BOUND('',#5344,.T.);
#5772=FACE_BOUND('',#5345,.T.);
#5773=FACE_BOUND('',#5346,.T.);
#5774=FACE_BOUND('',#5347,.T.);
#5775=FACE_BOUND('',#5348,.T.);
#5776=FACE_BOUND('',#5349,.T.);
#5777=FACE_BOUND('',#5350,.T.);
#5778=FACE_BOUND('',#5351,.T.);
#5779=FACE_BOUND('',#5352,.T.);
#5780=FACE_BOUND('',#5353,.T.);
#5781=FACE_BOUND('',#5354,.T.);
#5782=FACE_BOUND('',#5355,.T.);
#5783=FACE_BOUND('',#5356,.T.);
#5784=FACE_BOUND('',#5357,.T.);
#5785=FACE_BOUND('',#5358,.T.);
#5786=FACE_BOUND('',#5359,.T.);
#5787=FACE_BOUND('',#5360,.T.);
#5788=FACE_BOUND('',#5361,.T.);
#5789=PLANE('',#6443);
#5790=PLANE('',#6445);
#5791=PLANE('',#6451);
#5792=PLANE('',#6456);
#5793=PLANE('',#6458);
#5794=PLANE('',#6460);
#5795=PLANE('',#6461);
#5796=PLANE('',#6476);
#5797=PLANE('',#6477);
#5798=PLANE('',#6498);
#5799=PLANE('',#6501);
#5800=PLANE('',#6502);
#5801=PLANE('',#6503);
#5802=PLANE('',#6507);
#5803=PLANE('',#6512);
#5804=PLANE('',#6515);
#5805=PLANE('',#6518);
#5806=PLANE('',#6521);
#5807=PLANE('',#6524);
#5808=PLANE('',#6525);
#5809=PLANE('',#6526);
#5810=PLANE('',#6527);
#5811=PLANE('',#6528);
#5812=PLANE('',#6529);
#5813=PLANE('',#6530);
#5814=PLANE('',#6531);
#5815=PLANE('',#6532);
#5816=PLANE('',#6533);
#5817=PLANE('',#6534);
#5818=PLANE('',#6535);
#5819=PLANE('',#6536);
#5820=PLANE('',#6537);
#5821=PLANE('',#6538);
#5822=PLANE('',#6539);
#5823=PLANE('',#6540);
#5824=PLANE('',#6541);
#5825=PLANE('',#6542);
#5826=PLANE('',#6543);
#5827=PLANE('',#6544);
#5828=PLANE('',#6545);
#5829=PLANE('',#6546);
#5830=PLANE('',#6547);
#5831=PLANE('',#6548);
#5832=PLANE('',#6549);
#5833=PLANE('',#6550);
#5834=PLANE('',#6551);
#5835=PLANE('',#6552);
#5836=PLANE('',#6553);
#5837=PLANE('',#6554);
#5838=PLANE('',#6555);
#5839=PLANE('',#6556);
#5840=PLANE('',#6557);
#5841=PLANE('',#6558);
#5842=PLANE('',#6559);
#5843=PLANE('',#6560);
#5844=PLANE('',#6561);
#5845=PLANE('',#6562);
#5846=PLANE('',#6563);
#5847=PLANE('',#6564);
#5848=PLANE('',#6565);
#5849=PLANE('',#6566);
#5850=PLANE('',#6567);
#5851=PLANE('',#6568);
#5852=PLANE('',#6569);
#5853=PLANE('',#6570);
#5854=PLANE('',#6571);
#5855=PLANE('',#6572);
#5856=PLANE('',#6573);
#5857=PLANE('',#6574);
#5858=PLANE('',#6575);
#5859=PLANE('',#6576);
#5860=PLANE('',#6577);
#5861=PLANE('',#6578);
#5862=PLANE('',#6579);
#5863=PLANE('',#6580);
#5864=PLANE('',#6581);
#5865=PLANE('',#6582);
#5866=PLANE('',#6583);
#5867=PLANE('',#6584);
#5868=PLANE('',#6585);
#5869=PLANE('',#6588);
#5870=PLANE('',#6589);
#5871=PLANE('',#6590);
#5872=PLANE('',#6591);
#5873=PLANE('',#6592);
#5874=PLANE('',#6593);
#5875=PLANE('',#6594);
#5876=PLANE('',#6595);
#5877=PLANE('',#6596);
#5878=PLANE('',#6599);
#5879=PLANE('',#6600);
#5880=PLANE('',#6601);
#5881=PLANE('',#6602);
#5882=PLANE('',#6603);
#5883=PLANE('',#6604);
#5884=PLANE('',#6605);
#5885=PLANE('',#6606);
#5886=PLANE('',#6607);
#5887=PLANE('',#6608);
#5888=PLANE('',#6609);
#5889=PLANE('',#6610);
#5890=PLANE('',#6611);
#5891=PLANE('',#6612);
#5892=PLANE('',#6613);
#5893=PLANE('',#6614);
#5894=PLANE('',#6615);
#5895=PLANE('',#6616);
#5896=PLANE('',#6617);
#5897=PLANE('',#6618);
#5898=PLANE('',#6619);
#5899=PLANE('',#6620);
#5900=PLANE('',#6621);
#5901=PLANE('',#6622);
#5902=PLANE('',#6623);
#5903=PLANE('',#6624);
#5904=PLANE('',#6625);
#5905=PLANE('',#6626);
#5906=PLANE('',#6627);
#5907=PLANE('',#6628);
#5908=PLANE('',#6629);
#5909=PLANE('',#6630);
#5910=PLANE('',#6631);
#5911=PLANE('',#6632);
#5912=PLANE('',#6633);
#5913=PLANE('',#6635);
#5914=PLANE('',#6638);
#5915=PLANE('',#6641);
#5916=PLANE('',#6642);
#5917=PLANE('',#6643);
#5918=PLANE('',#6646);
#5919=PLANE('',#6647);
#5920=PLANE('',#6648);
#5921=PLANE('',#6649);
#5922=PLANE('',#6650);
#5923=PLANE('',#6651);
#5924=PLANE('',#6652);
#5925=PLANE('',#6653);
#5926=PLANE('',#6654);
#5927=PLANE('',#6655);
#5928=PLANE('',#6657);
#5929=PLANE('',#6660);
#5930=PLANE('',#6663);
#5931=PLANE('',#6664);
#5932=PLANE('',#6665);
#5933=PLANE('',#6668);
#5934=PLANE('',#6669);
#5935=PLANE('',#6670);
#5936=PLANE('',#6671);
#5937=PLANE('',#6672);
#5938=PLANE('',#6673);
#5939=PLANE('',#6674);
#5940=PLANE('',#6675);
#5941=PLANE('',#6677);
#5942=PLANE('',#6678);
#5943=PLANE('',#6679);
#5944=PLANE('',#6680);
#5945=PLANE('',#6681);
#5946=PLANE('',#6682);
#5947=PLANE('',#6683);
#5948=PLANE('',#6684);
#5949=PLANE('',#6685);
#5950=PLANE('',#6686);
#5951=PLANE('',#6687);
#5952=PLANE('',#6688);
#5953=PLANE('',#6689);
#5954=PLANE('',#6690);
#5955=PLANE('',#6691);
#5956=PLANE('',#6692);
#5957=PLANE('',#6693);
#5958=PLANE('',#6694);
#5959=PLANE('',#6696);
#5960=PLANE('',#6697);
#5961=PLANE('',#6698);
#5962=PLANE('',#6702);
#5963=PLANE('',#6703);
#5964=PLANE('',#6704);
#5965=PLANE('',#6708);
#5966=PLANE('',#6710);
#5967=PLANE('',#6716);
#5968=PLANE('',#6717);
#5969=PLANE('',#6718);
#5970=PLANE('',#6719);
#5971=PLANE('',#6741);
#5972=PLANE('',#6742);
#5973=PLANE('',#6743);
#5974=PLANE('',#6744);
#5975=PLANE('',#6745);
#5976=PLANE('',#6746);
#5977=PLANE('',#6747);
#5978=PLANE('',#6748);
#5979=PLANE('',#6749);
#5980=PLANE('',#6750);
#5981=PLANE('',#6751);
#5982=PLANE('',#6752);
#5983=PLANE('',#6753);
#5984=PLANE('',#6754);
#5985=PLANE('',#6755);
#5986=PLANE('',#6756);
#5987=PLANE('',#6757);
#5988=PLANE('',#6758);
#5989=PLANE('',#6759);
#5990=PLANE('',#6760);
#5991=PLANE('',#6761);
#5992=PLANE('',#6762);
#5993=PLANE('',#6763);
#5994=PLANE('',#6764);
#5995=PLANE('',#6765);
#5996=PLANE('',#6766);
#5997=PLANE('',#6767);
#5998=PLANE('',#6768);
#5999=PLANE('',#6769);
#6000=PLANE('',#6770);
#6001=PLANE('',#6771);
#6002=PLANE('',#6772);
#6003=PLANE('',#6773);
#6004=PLANE('',#6774);
#6005=PLANE('',#6775);
#6006=PLANE('',#6776);
#6007=PLANE('',#6777);
#6008=PLANE('',#6778);
#6009=PLANE('',#6779);
#6010=PLANE('',#6784);
#6011=PLANE('',#6785);
#6012=ADVANCED_FACE('',(#5362,#5363,#5364,#5365),#5789,.T.);
#6013=ADVANCED_FACE('',(#5366,#5367,#5368,#5369,#5370,#5371,#5372,#5373),
#5790,.T.);
#6014=ADVANCED_FACE('',(#5374,#5375,#5376),#5791,.T.);
#6015=ADVANCED_FACE('',(#5377,#5378,#5379),#5792,.F.);
#6016=ADVANCED_FACE('',(#5380,#5381,#5382),#5793,.F.);
#6017=ADVANCED_FACE('',(#5383),#5794,.T.);
#6018=ADVANCED_FACE('',(#5384,#5385,#5386,#5387,#5388,#5389,#5390,#5391,
#5392,#5393,#5394),#5795,.F.);
#6019=ADVANCED_FACE('',(#5395,#5396),#115,.F.);
#6020=ADVANCED_FACE('',(#5397,#5398),#116,.F.);
#6021=ADVANCED_FACE('',(#5399),#5796,.T.);
#6022=ADVANCED_FACE('',(#5400),#5797,.T.);
#6023=ADVANCED_FACE('',(#5401,#5402),#117,.F.);
#6024=ADVANCED_FACE('',(#5403,#5404),#118,.F.);
#6025=ADVANCED_FACE('',(#5405,#5406),#119,.F.);
#6026=ADVANCED_FACE('',(#5407,#5408),#120,.F.);
#6027=ADVANCED_FACE('',(#5409,#5410),#121,.F.);
#6028=ADVANCED_FACE('',(#5411,#5412),#122,.F.);
#6029=ADVANCED_FACE('',(#5413,#5414),#123,.F.);
#6030=ADVANCED_FACE('',(#5415,#5416),#124,.F.);
#6031=ADVANCED_FACE('',(#5417,#5418),#112,.T.);
#6032=ADVANCED_FACE('',(#5419,#5420),#113,.T.);
#6033=ADVANCED_FACE('',(#5421,#5422),#125,.F.);
#6034=ADVANCED_FACE('',(#5423),#126,.T.);
#6035=ADVANCED_FACE('',(#5424),#5798,.T.);
#6036=ADVANCED_FACE('',(#5425),#127,.T.);
#6037=ADVANCED_FACE('',(#5426),#5799,.F.);
#6038=ADVANCED_FACE('',(#5427),#5800,.F.);
#6039=ADVANCED_FACE('',(#5428,#5429),#5801,.F.);
#6040=ADVANCED_FACE('',(#5430,#5431),#128,.F.);
#6041=ADVANCED_FACE('',(#5432,#5433,#5434,#5435,#5436,#5437),#5802,.T.);
#6042=ADVANCED_FACE('',(#5438),#5803,.T.);
#6043=ADVANCED_FACE('',(#5439,#5440),#129,.F.);
#6044=ADVANCED_FACE('',(#5441),#5804,.T.);
#6045=ADVANCED_FACE('',(#5442,#5443),#130,.F.);
#6046=ADVANCED_FACE('',(#5444),#5805,.T.);
#6047=ADVANCED_FACE('',(#5445,#5446),#131,.F.);
#6048=ADVANCED_FACE('',(#5447),#5806,.T.);
#6049=ADVANCED_FACE('',(#5448,#5449),#132,.F.);
#6050=ADVANCED_FACE('',(#5450),#5807,.T.);
#6051=ADVANCED_FACE('',(#5451),#5808,.F.);
#6052=ADVANCED_FACE('',(#5452),#5809,.F.);
#6053=ADVANCED_FACE('',(#5453),#5810,.T.);
#6054=ADVANCED_FACE('',(#5454),#5811,.T.);
#6055=ADVANCED_FACE('',(#5455),#5812,.F.);
#6056=ADVANCED_FACE('',(#5456),#5813,.F.);
#6057=ADVANCED_FACE('',(#5457),#5814,.T.);
#6058=ADVANCED_FACE('',(#5458),#5815,.T.);
#6059=ADVANCED_FACE('',(#5459),#5816,.F.);
#6060=ADVANCED_FACE('',(#5460),#5817,.F.);
#6061=ADVANCED_FACE('',(#5461),#5818,.T.);
#6062=ADVANCED_FACE('',(#5462),#5819,.T.);
#6063=ADVANCED_FACE('',(#5463),#5820,.F.);
#6064=ADVANCED_FACE('',(#5464),#5821,.T.);
#6065=ADVANCED_FACE('',(#5465),#5822,.T.);
#6066=ADVANCED_FACE('',(#5466),#5823,.T.);
#6067=ADVANCED_FACE('',(#5467),#5824,.F.);
#6068=ADVANCED_FACE('',(#5468),#5825,.T.);
#6069=ADVANCED_FACE('',(#5469),#5826,.T.);
#6070=ADVANCED_FACE('',(#5470),#5827,.T.);
#6071=ADVANCED_FACE('',(#5471),#5828,.F.);
#6072=ADVANCED_FACE('',(#5472),#5829,.F.);
#6073=ADVANCED_FACE('',(#5473),#5830,.T.);
#6074=ADVANCED_FACE('',(#5474),#5831,.T.);
#6075=ADVANCED_FACE('',(#5475),#5832,.F.);
#6076=ADVANCED_FACE('',(#5476),#5833,.F.);
#6077=ADVANCED_FACE('',(#5477),#5834,.T.);
#6078=ADVANCED_FACE('',(#5478),#5835,.F.);
#6079=ADVANCED_FACE('',(#5479),#5836,.T.);
#6080=ADVANCED_FACE('',(#5480),#5837,.F.);
#6081=ADVANCED_FACE('',(#5481),#5838,.F.);
#6082=ADVANCED_FACE('',(#5482),#5839,.T.);
#6083=ADVANCED_FACE('',(#5483),#5840,.F.);
#6084=ADVANCED_FACE('',(#5484),#5841,.F.);
#6085=ADVANCED_FACE('',(#5485),#5842,.F.);
#6086=ADVANCED_FACE('',(#5486),#5843,.F.);
#6087=ADVANCED_FACE('',(#5487),#5844,.F.);
#6088=ADVANCED_FACE('',(#5488),#5845,.T.);
#6089=ADVANCED_FACE('',(#5489),#5846,.T.);
#6090=ADVANCED_FACE('',(#5490),#5847,.T.);
#6091=ADVANCED_FACE('',(#5491),#5848,.T.);
#6092=ADVANCED_FACE('',(#5492),#5849,.T.);
#6093=ADVANCED_FACE('',(#5493),#5850,.T.);
#6094=ADVANCED_FACE('',(#5494),#5851,.T.);
#6095=ADVANCED_FACE('',(#5495),#5852,.T.);
#6096=ADVANCED_FACE('',(#5496),#5853,.T.);
#6097=ADVANCED_FACE('',(#5497),#5854,.T.);
#6098=ADVANCED_FACE('',(#5498),#5855,.T.);
#6099=ADVANCED_FACE('',(#5499),#5856,.T.);
#6100=ADVANCED_FACE('',(#5500),#5857,.T.);
#6101=ADVANCED_FACE('',(#5501),#5858,.T.);
#6102=ADVANCED_FACE('',(#5502),#26,.T.);
#6103=ADVANCED_FACE('',(#5503),#27,.T.);
#6104=ADVANCED_FACE('',(#5504),#28,.T.);
#6105=ADVANCED_FACE('',(#5505),#29,.T.);
#6106=ADVANCED_FACE('',(#5506),#5859,.T.);
#6107=ADVANCED_FACE('',(#5507),#30,.T.);
#6108=ADVANCED_FACE('',(#5508),#5860,.T.);
#6109=ADVANCED_FACE('',(#5509),#31,.T.);
#6110=ADVANCED_FACE('',(#5510),#5861,.T.);
#6111=ADVANCED_FACE('',(#5511),#32,.T.);
#6112=ADVANCED_FACE('',(#5512),#5862,.T.);
#6113=ADVANCED_FACE('',(#5513),#5863,.T.);
#6114=ADVANCED_FACE('',(#5514),#5864,.T.);
#6115=ADVANCED_FACE('',(#5515),#33,.T.);
#6116=ADVANCED_FACE('',(#5516),#34,.T.);
#6117=ADVANCED_FACE('',(#5517),#35,.T.);
#6118=ADVANCED_FACE('',(#5518),#36,.T.);
#6119=ADVANCED_FACE('',(#5519),#37,.T.);
#6120=ADVANCED_FACE('',(#5520),#5865,.T.);
#6121=ADVANCED_FACE('',(#5521),#38,.T.);
#6122=ADVANCED_FACE('',(#5522),#39,.T.);
#6123=ADVANCED_FACE('',(#5523),#40,.T.);
#6124=ADVANCED_FACE('',(#5524),#41,.T.);
#6125=ADVANCED_FACE('',(#5525),#42,.T.);
#6126=ADVANCED_FACE('',(#5526),#43,.T.);
#6127=ADVANCED_FACE('',(#5527),#5866,.T.);
#6128=ADVANCED_FACE('',(#5528),#5867,.T.);
#6129=ADVANCED_FACE('',(#5529),#44,.T.);
#6130=ADVANCED_FACE('',(#5530),#45,.T.);
#6131=ADVANCED_FACE('',(#5531),#46,.T.);
#6132=ADVANCED_FACE('',(#5532),#47,.T.);
#6133=ADVANCED_FACE('',(#5533),#5868,.T.);
#6134=ADVANCED_FACE('',(#5534),#48,.T.);
#6135=ADVANCED_FACE('',(#5535),#49,.T.);
#6136=ADVANCED_FACE('',(#5536),#133,.F.);
#6137=ADVANCED_FACE('',(#5537),#5869,.T.);
#6138=ADVANCED_FACE('',(#5538),#50,.T.);
#6139=ADVANCED_FACE('',(#5539),#51,.T.);
#6140=ADVANCED_FACE('',(#5540),#52,.T.);
#6141=ADVANCED_FACE('',(#5541),#5870,.T.);
#6142=ADVANCED_FACE('',(#5542),#53,.T.);
#6143=ADVANCED_FACE('',(#5543),#54,.T.);
#6144=ADVANCED_FACE('',(#5544),#55,.T.);
#6145=ADVANCED_FACE('',(#5545),#5871,.T.);
#6146=ADVANCED_FACE('',(#5546),#56,.T.);
#6147=ADVANCED_FACE('',(#5547),#57,.T.);
#6148=ADVANCED_FACE('',(#5548),#58,.T.);
#6149=ADVANCED_FACE('',(#5549),#59,.T.);
#6150=ADVANCED_FACE('',(#5550),#5872,.T.);
#6151=ADVANCED_FACE('',(#5551),#5873,.T.);
#6152=ADVANCED_FACE('',(#5552),#60,.T.);
#6153=ADVANCED_FACE('',(#5553),#61,.T.);
#6154=ADVANCED_FACE('',(#5554),#62,.T.);
#6155=ADVANCED_FACE('',(#5555),#63,.T.);
#6156=ADVANCED_FACE('',(#5556,#5557),#5874,.T.);
#6157=ADVANCED_FACE('',(#5558),#64,.T.);
#6158=ADVANCED_FACE('',(#5559),#65,.T.);
#6159=ADVANCED_FACE('',(#5560),#66,.T.);
#6160=ADVANCED_FACE('',(#5561),#67,.T.);
#6161=ADVANCED_FACE('',(#5562),#68,.T.);
#6162=ADVANCED_FACE('',(#5563),#69,.T.);
#6163=ADVANCED_FACE('',(#5564),#5875,.T.);
#6164=ADVANCED_FACE('',(#5565),#5876,.T.);
#6165=ADVANCED_FACE('',(#5566),#70,.T.);
#6166=ADVANCED_FACE('',(#5567),#71,.T.);
#6167=ADVANCED_FACE('',(#5568),#72,.T.);
#6168=ADVANCED_FACE('',(#5569),#73,.T.);
#6169=ADVANCED_FACE('',(#5570),#5877,.T.);
#6170=ADVANCED_FACE('',(#5571),#74,.T.);
#6171=ADVANCED_FACE('',(#5572),#75,.T.);
#6172=ADVANCED_FACE('',(#5573),#134,.F.);
#6173=ADVANCED_FACE('',(#5574),#5878,.T.);
#6174=ADVANCED_FACE('',(#5575),#76,.T.);
#6175=ADVANCED_FACE('',(#5576),#77,.T.);
#6176=ADVANCED_FACE('',(#5577),#78,.T.);
#6177=ADVANCED_FACE('',(#5578),#5879,.T.);
#6178=ADVANCED_FACE('',(#5579),#79,.T.);
#6179=ADVANCED_FACE('',(#5580),#80,.T.);
#6180=ADVANCED_FACE('',(#5581),#81,.T.);
#6181=ADVANCED_FACE('',(#5582),#5880,.T.);
#6182=ADVANCED_FACE('',(#5583),#82,.T.);
#6183=ADVANCED_FACE('',(#5584),#83,.T.);
#6184=ADVANCED_FACE('',(#5585),#84,.T.);
#6185=ADVANCED_FACE('',(#5586),#85,.T.);
#6186=ADVANCED_FACE('',(#5587),#5881,.T.);
#6187=ADVANCED_FACE('',(#5588),#5882,.T.);
#6188=ADVANCED_FACE('',(#5589),#86,.T.);
#6189=ADVANCED_FACE('',(#5590),#87,.T.);
#6190=ADVANCED_FACE('',(#5591),#88,.T.);
#6191=ADVANCED_FACE('',(#5592),#89,.T.);
#6192=ADVANCED_FACE('',(#5593,#5594),#5883,.T.);
#6193=ADVANCED_FACE('',(#5595),#5884,.T.);
#6194=ADVANCED_FACE('',(#5596),#5885,.T.);
#6195=ADVANCED_FACE('',(#5597),#5886,.T.);
#6196=ADVANCED_FACE('',(#5598),#90,.T.);
#6197=ADVANCED_FACE('',(#5599),#91,.T.);
#6198=ADVANCED_FACE('',(#5600),#92,.T.);
#6199=ADVANCED_FACE('',(#5601),#93,.T.);
#6200=ADVANCED_FACE('',(#5602),#5887,.T.);
#6201=ADVANCED_FACE('',(#5603),#94,.T.);
#6202=ADVANCED_FACE('',(#5604),#5888,.T.);
#6203=ADVANCED_FACE('',(#5605),#95,.T.);
#6204=ADVANCED_FACE('',(#5606),#5889,.T.);
#6205=ADVANCED_FACE('',(#5607),#96,.T.);
#6206=ADVANCED_FACE('',(#5608),#5890,.T.);
#6207=ADVANCED_FACE('',(#5609),#5891,.T.);
#6208=ADVANCED_FACE('',(#5610),#5892,.T.);
#6209=ADVANCED_FACE('',(#5611),#97,.T.);
#6210=ADVANCED_FACE('',(#5612),#98,.T.);
#6211=ADVANCED_FACE('',(#5613),#99,.T.);
#6212=ADVANCED_FACE('',(#5614),#100,.T.);
#6213=ADVANCED_FACE('',(#5615),#101,.T.);
#6214=ADVANCED_FACE('',(#5616),#5893,.T.);
#6215=ADVANCED_FACE('',(#5617),#5894,.T.);
#6216=ADVANCED_FACE('',(#5618),#5895,.T.);
#6217=ADVANCED_FACE('',(#5619),#5896,.T.);
#6218=ADVANCED_FACE('',(#5620),#5897,.T.);
#6219=ADVANCED_FACE('',(#5621),#5898,.T.);
#6220=ADVANCED_FACE('',(#5622),#5899,.T.);
#6221=ADVANCED_FACE('',(#5623),#5900,.T.);
#6222=ADVANCED_FACE('',(#5624),#5901,.T.);
#6223=ADVANCED_FACE('',(#5625),#5902,.T.);
#6224=ADVANCED_FACE('',(#5626),#5903,.T.);
#6225=ADVANCED_FACE('',(#5627),#5904,.T.);
#6226=ADVANCED_FACE('',(#5628),#5905,.T.);
#6227=ADVANCED_FACE('',(#5629),#5906,.T.);
#6228=ADVANCED_FACE('',(#5630),#5907,.F.);
#6229=ADVANCED_FACE('',(#5631),#5908,.T.);
#6230=ADVANCED_FACE('',(#5632),#5909,.F.);
#6231=ADVANCED_FACE('',(#5633),#5910,.F.);
#6232=ADVANCED_FACE('',(#5634),#5911,.T.);
#6233=ADVANCED_FACE('',(#5635),#5912,.T.);
#6234=ADVANCED_FACE('',(#5636),#5913,.F.);
#6235=ADVANCED_FACE('',(#5637),#5914,.T.);
#6236=ADVANCED_FACE('',(#5638),#5915,.T.);
#6237=ADVANCED_FACE('',(#5639,#5640,#5641),#5916,.F.);
#6238=ADVANCED_FACE('',(#5642),#5917,.F.);
#6239=ADVANCED_FACE('',(#5643),#135,.T.);
#6240=ADVANCED_FACE('',(#5644),#136,.T.);
#6241=ADVANCED_FACE('',(#5645),#5918,.T.);
#6242=ADVANCED_FACE('',(#5646),#5919,.F.);
#6243=ADVANCED_FACE('',(#5647),#5920,.F.);
#6244=ADVANCED_FACE('',(#5648),#5921,.T.);
#6245=ADVANCED_FACE('',(#5649),#5922,.T.);
#6246=ADVANCED_FACE('',(#5650),#5923,.T.);
#6247=ADVANCED_FACE('',(#5651),#5924,.F.);
#6248=ADVANCED_FACE('',(#5652),#5925,.F.);
#6249=ADVANCED_FACE('',(#5653),#5926,.T.);
#6250=ADVANCED_FACE('',(#5654),#5927,.T.);
#6251=ADVANCED_FACE('',(#5655),#5928,.T.);
#6252=ADVANCED_FACE('',(#5656),#5929,.F.);
#6253=ADVANCED_FACE('',(#5657),#5930,.T.);
#6254=ADVANCED_FACE('',(#5658),#5931,.F.);
#6255=ADVANCED_FACE('',(#5659),#5932,.T.);
#6256=ADVANCED_FACE('',(#5660),#137,.T.);
#6257=ADVANCED_FACE('',(#5661),#138,.T.);
#6258=ADVANCED_FACE('',(#5662),#5933,.T.);
#6259=ADVANCED_FACE('',(#5663),#5934,.F.);
#6260=ADVANCED_FACE('',(#5664),#5935,.T.);
#6261=ADVANCED_FACE('',(#5665),#5936,.T.);
#6262=ADVANCED_FACE('',(#5666),#5937,.T.);
#6263=ADVANCED_FACE('',(#5667),#5938,.F.);
#6264=ADVANCED_FACE('',(#5668),#5939,.T.);
#6265=ADVANCED_FACE('',(#5669),#5940,.T.);
#6266=ADVANCED_FACE('',(#5670),#5941,.T.);
#6267=ADVANCED_FACE('',(#5671),#5942,.T.);
#6268=ADVANCED_FACE('',(#5672),#5943,.F.);
#6269=ADVANCED_FACE('',(#5673),#5944,.T.);
#6270=ADVANCED_FACE('',(#5674),#5945,.T.);
#6271=ADVANCED_FACE('',(#5675),#5946,.F.);
#6272=ADVANCED_FACE('',(#5676),#5947,.F.);
#6273=ADVANCED_FACE('',(#5677),#5948,.F.);
#6274=ADVANCED_FACE('',(#5678),#5949,.F.);
#6275=ADVANCED_FACE('',(#5679),#5950,.T.);
#6276=ADVANCED_FACE('',(#5680),#5951,.T.);
#6277=ADVANCED_FACE('',(#5681),#5952,.T.);
#6278=ADVANCED_FACE('',(#5682),#5953,.T.);
#6279=ADVANCED_FACE('',(#5683),#5954,.T.);
#6280=ADVANCED_FACE('',(#5684),#5955,.F.);
#6281=ADVANCED_FACE('',(#5685),#5956,.F.);
#6282=ADVANCED_FACE('',(#5686),#5957,.T.);
#6283=ADVANCED_FACE('',(#5687),#5958,.T.);
#6284=ADVANCED_FACE('',(#5688),#5959,.T.);
#6285=ADVANCED_FACE('',(#5689),#5960,.F.);
#6286=ADVANCED_FACE('',(#5690),#5961,.F.);
#6287=ADVANCED_FACE('',(#5691,#5692),#139,.F.);
#6288=ADVANCED_FACE('',(#5693),#5962,.T.);
#6289=ADVANCED_FACE('',(#5694,#5695),#5963,.T.);
#6290=ADVANCED_FACE('',(#5696,#5697),#5964,.F.);
#6291=ADVANCED_FACE('',(#5698,#5699),#140,.T.);
#6292=ADVANCED_FACE('',(#5700,#5701),#5965,.F.);
#6293=ADVANCED_FACE('',(#5702,#5703,#5704,#5705,#5706,#5707,#5708,#5709),
#5966,.T.);
#6294=ADVANCED_FACE('',(#5710),#5967,.F.);
#6295=ADVANCED_FACE('',(#5711),#5968,.F.);
#6296=ADVANCED_FACE('',(#5712),#5969,.T.);
#6297=ADVANCED_FACE('',(#5713),#5970,.T.);
#6298=ADVANCED_FACE('',(#5714,#5715),#141,.F.);
#6299=ADVANCED_FACE('',(#5716,#5717),#142,.F.);
#6300=ADVANCED_FACE('',(#5718,#5719),#143,.F.);
#6301=ADVANCED_FACE('',(#5720,#5721),#144,.F.);
#6302=ADVANCED_FACE('',(#5722,#5723),#145,.F.);
#6303=ADVANCED_FACE('',(#5724,#5725),#146,.T.);
#6304=ADVANCED_FACE('',(#5726),#147,.T.);
#6305=ADVANCED_FACE('',(#5727),#148,.T.);
#6306=ADVANCED_FACE('',(#5728),#149,.T.);
#6307=ADVANCED_FACE('',(#5729,#5730),#114,.T.);
#6308=ADVANCED_FACE('',(#5731),#5971,.T.);
#6309=ADVANCED_FACE('',(#5732),#5972,.T.);
#6310=ADVANCED_FACE('',(#5733),#5973,.T.);
#6311=ADVANCED_FACE('',(#5734),#5974,.T.);
#6312=ADVANCED_FACE('',(#5735),#5975,.T.);
#6313=ADVANCED_FACE('',(#5736),#5976,.T.);
#6314=ADVANCED_FACE('',(#5737),#5977,.T.);
#6315=ADVANCED_FACE('',(#5738),#5978,.T.);
#6316=ADVANCED_FACE('',(#5739),#5979,.T.);
#6317=ADVANCED_FACE('',(#5740),#5980,.T.);
#6318=ADVANCED_FACE('',(#5741),#5981,.T.);
#6319=ADVANCED_FACE('',(#5742),#5982,.T.);
#6320=ADVANCED_FACE('',(#5743),#5983,.T.);
#6321=ADVANCED_FACE('',(#5744),#102,.T.);
#6322=ADVANCED_FACE('',(#5745),#103,.T.);
#6323=ADVANCED_FACE('',(#5746),#104,.T.);
#6324=ADVANCED_FACE('',(#5747),#105,.T.);
#6325=ADVANCED_FACE('',(#5748),#5984,.T.);
#6326=ADVANCED_FACE('',(#5749),#5985,.T.);
#6327=ADVANCED_FACE('',(#5750),#5986,.T.);
#6328=ADVANCED_FACE('',(#5751),#106,.T.);
#6329=ADVANCED_FACE('',(#5752),#107,.T.);
#6330=ADVANCED_FACE('',(#5753),#108,.T.);
#6331=ADVANCED_FACE('',(#5754),#109,.T.);
#6332=ADVANCED_FACE('',(#5755),#5987,.T.);
#6333=ADVANCED_FACE('',(#5756),#5988,.T.);
#6334=ADVANCED_FACE('',(#5757),#5989,.T.);
#6335=ADVANCED_FACE('',(#5758),#110,.T.);
#6336=ADVANCED_FACE('',(#5759),#111,.T.);
#6337=ADVANCED_FACE('',(#5760),#5990,.T.);
#6338=ADVANCED_FACE('',(#5761),#5991,.T.);
#6339=ADVANCED_FACE('',(#5762),#5992,.T.);
#6340=ADVANCED_FACE('',(#5763),#5993,.T.);
#6341=ADVANCED_FACE('',(#5764),#5994,.T.);
#6342=ADVANCED_FACE('',(#5765),#5995,.T.);
#6343=ADVANCED_FACE('',(#5766),#5996,.T.);
#6344=ADVANCED_FACE('',(#5767),#5997,.T.);
#6345=ADVANCED_FACE('',(#5768),#5998,.T.);
#6346=ADVANCED_FACE('',(#5769),#5999,.T.);
#6347=ADVANCED_FACE('',(#5770),#6000,.T.);
#6348=ADVANCED_FACE('',(#5771),#6001,.T.);
#6349=ADVANCED_FACE('',(#5772),#6002,.T.);
#6350=ADVANCED_FACE('',(#5773),#6003,.T.);
#6351=ADVANCED_FACE('',(#5774),#6004,.T.);
#6352=ADVANCED_FACE('',(#5775),#6005,.T.);
#6353=ADVANCED_FACE('',(#5776),#6006,.T.);
#6354=ADVANCED_FACE('',(#5777),#6007,.T.);
#6355=ADVANCED_FACE('',(#5778),#6008,.T.);
#6356=ADVANCED_FACE('',(#5779,#5780,#5781,#5782,#5783,#5784),#6009,.F.);
#6357=ADVANCED_FACE('',(#5785,#5786),#150,.T.);
#6358=ADVANCED_FACE('',(#5787),#6010,.T.);
#6359=ADVANCED_FACE('',(#5788),#6011,.F.);
#6360=CLOSED_SHELL('',(#6012,#6013,#6014,#6015,#6016,#6017,#6018,#6019,
#6020,#6021,#6022,#6023,#6024,#6025,#6026,#6027,#6028,#6029,#6030,#6031,
#6032,#6033,#6034,#6035,#6036,#6037,#6038,#6039,#6040,#6041,#6042,#6043,
#6044,#6045,#6046,#6047,#6048,#6049,#6050,#6051,#6052,#6053,#6054,#6055,
#6056,#6057,#6058,#6059,#6060,#6061,#6062,#6063,#6064,#6065,#6066,#6067,
#6068,#6069,#6070,#6071,#6072,#6073,#6074,#6075,#6076,#6077,#6078,#6079,
#6080,#6081,#6082,#6083,#6084,#6085,#6086,#6087,#6088,#6089,#6090,#6091,
#6092,#6093,#6094,#6095,#6096,#6097,#6098,#6099,#6100,#6101,#6102,#6103,
#6104,#6105,#6106,#6107,#6108,#6109,#6110,#6111,#6112,#6113,#6114,#6115,
#6116,#6117,#6118,#6119,#6120,#6121,#6122,#6123,#6124,#6125,#6126,#6127,
#6128,#6129,#6130,#6131,#6132,#6133,#6134,#6135,#6136,#6137,#6138,#6139,
#6140,#6141,#6142,#6143,#6144,#6145,#6146,#6147,#6148,#6149,#6150,#6151,
#6152,#6153,#6154,#6155,#6156,#6157,#6158,#6159,#6160,#6161,#6162,#6163,
#6164,#6165,#6166,#6167,#6168,#6169,#6170,#6171,#6172,#6173,#6174,#6175,
#6176,#6177,#6178,#6179,#6180,#6181,#6182,#6183,#6184,#6185,#6186,#6187,
#6188,#6189,#6190,#6191,#6192,#6193,#6194,#6195,#6196,#6197,#6198,#6199,
#6200,#6201,#6202,#6203,#6204,#6205,#6206,#6207,#6208,#6209,#6210,#6211,
#6212,#6213,#6214,#6215,#6216,#6217,#6218,#6219,#6220,#6221,#6222,#6223,
#6224,#6225,#6226,#6227,#6228,#6229,#6230,#6231,#6232,#6233));
#6361=CLOSED_SHELL('',(#6234,#6235,#6236,#6237,#6238,#6239,#6240,#6241,
#6242,#6243,#6244,#6245,#6246,#6247,#6248,#6249,#6250));
#6362=CLOSED_SHELL('',(#6251,#6252,#6253,#6254,#6255,#6256,#6257,#6258,
#6259,#6260,#6261,#6262,#6263,#6264,#6265));
#6363=CLOSED_SHELL('',(#6266,#6267,#6268,#6269,#6270,#6271,#6272,#6273,
#6274,#6275,#6276,#6277,#6278,#6279,#6280,#6281,#6282,#6283));
#6364=CLOSED_SHELL('',(#6284,#6285,#6286,#6287,#6288,#6289,#6290,#6291,
#6292));
#6365=CLOSED_SHELL('',(#6293,#6294,#6295,#6296,#6297,#6298,#6299,#6300,
#6301,#6302,#6303,#6304,#6305,#6306,#6307,#6308,#6309,#6310,#6311,#6312,
#6313,#6314,#6315,#6316,#6317,#6318,#6319,#6320,#6321,#6322,#6323,#6324,
#6325,#6326,#6327,#6328,#6329,#6330,#6331,#6332,#6333,#6334,#6335,#6336,
#6337,#6338,#6339,#6340,#6341,#6342,#6343,#6344,#6345,#6346,#6347,#6348,
#6349,#6350,#6351,#6352,#6353,#6354,#6355,#6356));
#6366=CLOSED_SHELL('',(#6357,#6358,#6359));
#6367=STYLED_ITEM('',(#6374),#6421);
#6368=STYLED_ITEM('',(#6375),#6422);
#6369=STYLED_ITEM('',(#6376),#6423);
#6370=STYLED_ITEM('',(#6377),#6424);
#6371=STYLED_ITEM('',(#6378),#6425);
#6372=STYLED_ITEM('',(#6379),#6426);
#6373=STYLED_ITEM('',(#6380),#6427);
#6374=PRESENTATION_STYLE_ASSIGNMENT((#6381));
#6375=PRESENTATION_STYLE_ASSIGNMENT((#6382));
#6376=PRESENTATION_STYLE_ASSIGNMENT((#6383));
#6377=PRESENTATION_STYLE_ASSIGNMENT((#6384));
#6378=PRESENTATION_STYLE_ASSIGNMENT((#6385));
#6379=PRESENTATION_STYLE_ASSIGNMENT((#6386));
#6380=PRESENTATION_STYLE_ASSIGNMENT((#6387));
#6381=SURFACE_STYLE_USAGE(.BOTH.,#6388);
#6382=SURFACE_STYLE_USAGE(.BOTH.,#6389);
#6383=SURFACE_STYLE_USAGE(.BOTH.,#6390);
#6384=SURFACE_STYLE_USAGE(.BOTH.,#6391);
#6385=SURFACE_STYLE_USAGE(.BOTH.,#6392);
#6386=SURFACE_STYLE_USAGE(.BOTH.,#6393);
#6387=SURFACE_STYLE_USAGE(.BOTH.,#6394);
#6388=SURFACE_SIDE_STYLE('',(#6395));
#6389=SURFACE_SIDE_STYLE('',(#6396));
#6390=SURFACE_SIDE_STYLE('',(#6397));
#6391=SURFACE_SIDE_STYLE('',(#6398));
#6392=SURFACE_SIDE_STYLE('',(#6399));
#6393=SURFACE_SIDE_STYLE('',(#6400));
#6394=SURFACE_SIDE_STYLE('',(#6401));
#6395=SURFACE_STYLE_FILL_AREA(#6402);
#6396=SURFACE_STYLE_FILL_AREA(#6403);
#6397=SURFACE_STYLE_FILL_AREA(#6404);
#6398=SURFACE_STYLE_FILL_AREA(#6405);
#6399=SURFACE_STYLE_FILL_AREA(#6406);
#6400=SURFACE_STYLE_FILL_AREA(#6407);
#6401=SURFACE_STYLE_FILL_AREA(#6408);
#6402=FILL_AREA_STYLE('',(#6409));
#6403=FILL_AREA_STYLE('',(#6410));
#6404=FILL_AREA_STYLE('',(#6411));
#6405=FILL_AREA_STYLE('',(#6412));
#6406=FILL_AREA_STYLE('',(#6413));
#6407=FILL_AREA_STYLE('',(#6414));
#6408=FILL_AREA_STYLE('',(#6415));
#6409=FILL_AREA_STYLE_COLOUR('',#6416);
#6410=FILL_AREA_STYLE_COLOUR('',#6417);
#6411=FILL_AREA_STYLE_COLOUR('',#6417);
#6412=FILL_AREA_STYLE_COLOUR('',#6418);
#6413=FILL_AREA_STYLE_COLOUR('',#6419);
#6414=FILL_AREA_STYLE_COLOUR('',#6416);
#6415=FILL_AREA_STYLE_COLOUR('',#6420);
#6416=COLOUR_RGB('',0.615686274509804,0.811764705882353,0.929411764705882);
#6417=COLOUR_RGB('',0.647058823529412,0.647058823529412,0.647058823529412);
#6418=COLOUR_RGB('',0.917647058823529,0.917647058823529,0.917647058823529);
#6419=COLOUR_RGB('',0.768627450980392,0.886274509803922,0.952941176470588);
#6420=COLOUR_RGB('',0.498039215686275,0.498039215686275,0.498039215686275);
#6421=MANIFOLD_SOLID_BREP('Part 5',#6360);
#6422=MANIFOLD_SOLID_BREP('Part 1',#6361);
#6423=MANIFOLD_SOLID_BREP('Part 2',#6362);
#6424=MANIFOLD_SOLID_BREP('Part 3',#6363);
#6425=MANIFOLD_SOLID_BREP('Part 4',#6364);
#6426=MANIFOLD_SOLID_BREP('Part 6',#6365);
#6427=MANIFOLD_SOLID_BREP('Part 7',#6366);
#6428=SHAPE_DEFINITION_REPRESENTATION(#10965,#6435);
#6429=SHAPE_DEFINITION_REPRESENTATION(#10966,#6436);
#6430=SHAPE_DEFINITION_REPRESENTATION(#10967,#6437);
#6431=SHAPE_DEFINITION_REPRESENTATION(#10968,#6438);
#6432=SHAPE_DEFINITION_REPRESENTATION(#10969,#6439);
#6433=SHAPE_DEFINITION_REPRESENTATION(#10970,#6440);
#6434=SHAPE_DEFINITION_REPRESENTATION(#10971,#6441);
#6435=SHAPE_REPRESENTATION('Part 5',(#6442),#10930);
#6436=SHAPE_REPRESENTATION('Part 1',(#6634),#10931);
#6437=SHAPE_REPRESENTATION('Part 2',(#6656),#10932);
#6438=SHAPE_REPRESENTATION('Part 3',(#6676),#10933);
#6439=SHAPE_REPRESENTATION('Part 4',(#6695),#10934);
#6440=SHAPE_REPRESENTATION('Part 6',(#6709),#10935);
#6441=SHAPE_REPRESENTATION('Part 7',(#6780),#10936);
#6442=AXIS2_PLACEMENT_3D('',#8111,#6786,#6787);
#6443=AXIS2_PLACEMENT_3D('',#8112,#6788,#6789);
#6444=AXIS2_PLACEMENT_3D('',#8192,#6799,#6800);
#6445=AXIS2_PLACEMENT_3D('',#8293,#6821,#6822);
#6446=AXIS2_PLACEMENT_3D('',#8380,#6842,#6843);
#6447=AXIS2_PLACEMENT_3D('',#8390,#6848,#6849);
#6448=AXIS2_PLACEMENT_3D('',#8392,#6850,#6851);
#6449=AXIS2_PLACEMENT_3D('',#8394,#6852,#6853);
#6450=AXIS2_PLACEMENT_3D('',#8467,#6859,#6860);
#6451=AXIS2_PLACEMENT_3D('',#8482,#6862,#6863);
#6452=AXIS2_PLACEMENT_3D('',#8510,#6877,#6878);
#6453=AXIS2_PLACEMENT_3D('',#8522,#6884,#6885);
#6454=AXIS2_PLACEMENT_3D('',#8543,#6896,#6897);
#6455=AXIS2_PLACEMENT_3D('',#8554,#6902,#6903);
#6456=AXIS2_PLACEMENT_3D('',#8559,#6906,#6907);
#6457=AXIS2_PLACEMENT_3D('',#8568,#6912,#6913);
#6458=AXIS2_PLACEMENT_3D('',#8585,#6923,#6924);
#6459=AXIS2_PLACEMENT_3D('',#8594,#6929,#6930);
#6460=AXIS2_PLACEMENT_3D('',#8604,#6935,#6936);
#6461=AXIS2_PLACEMENT_3D('',#8620,#6946,#6947);
#6462=AXIS2_PLACEMENT_3D('',#8621,#6948,#6949);
#6463=AXIS2_PLACEMENT_3D('',#8623,#6950,#6951);
#6464=AXIS2_PLACEMENT_3D('',#8625,#6952,#6953);
#6465=AXIS2_PLACEMENT_3D('',#8627,#6954,#6955);
#6466=AXIS2_PLACEMENT_3D('',#8629,#6956,#6957);
#6467=AXIS2_PLACEMENT_3D('',#8631,#6958,#6959);
#6468=AXIS2_PLACEMENT_3D('',#8633,#6960,#6961);
#6469=AXIS2_PLACEMENT_3D('',#8635,#6962,#6963);
#6470=AXIS2_PLACEMENT_3D('',#8637,#6964,#6965);
#6471=AXIS2_PLACEMENT_3D('',#8639,#6966,#6967);
#6472=AXIS2_PLACEMENT_3D('',#8646,#6971,#6972);
#6473=AXIS2_PLACEMENT_3D('',#8647,#6973,#6974);
#6474=AXIS2_PLACEMENT_3D('',#8649,#6975,#6976);
#6475=AXIS2_PLACEMENT_3D('',#8650,#6977,#6978);
#6476=AXIS2_PLACEMENT_3D('',#8652,#6979,#6980);
#6477=AXIS2_PLACEMENT_3D('',#8658,#6984,#6985);
#6478=AXIS2_PLACEMENT_3D('',#8660,#6987,#6988);
#6479=AXIS2_PLACEMENT_3D('',#8661,#6989,#6990);
#6480=AXIS2_PLACEMENT_3D('',#8663,#6991,#6992);
#6481=AXIS2_PLACEMENT_3D('',#8664,#6993,#6994);
#6482=AXIS2_PLACEMENT_3D('',#8666,#6995,#6996);
#6483=AXIS2_PLACEMENT_3D('',#8667,#6997,#6998);
#6484=AXIS2_PLACEMENT_3D('',#8669,#6999,#7000);
#6485=AXIS2_PLACEMENT_3D('',#8670,#7001,#7002);
#6486=AXIS2_PLACEMENT_3D('',#8672,#7003,#7004);
#6487=AXIS2_PLACEMENT_3D('',#8673,#7005,#7006);
#6488=AXIS2_PLACEMENT_3D('',#8674,#7007,#7008);
#6489=AXIS2_PLACEMENT_3D('',#8675,#7009,#7010);
#6490=AXIS2_PLACEMENT_3D('',#8676,#7011,#7012);
#6491=AXIS2_PLACEMENT_3D('',#8677,#7013,#7014);
#6492=AXIS2_PLACEMENT_3D('',#8678,#7015,#7016);
#6493=AXIS2_PLACEMENT_3D('',#8679,#7017,#7018);
#6494=AXIS2_PLACEMENT_3D('',#8680,#7019,#7020);
#6495=AXIS2_PLACEMENT_3D('',#8682,#7021,#7022);
#6496=AXIS2_PLACEMENT_3D('',#8683,#7023,#7024);
#6497=AXIS2_PLACEMENT_3D('',#8684,#7025,#7026);
#6498=AXIS2_PLACEMENT_3D('',#8687,#7028,#7029);
#6499=AXIS2_PLACEMENT_3D('',#8689,#7031,#7032);
#6500=AXIS2_PLACEMENT_3D('',#8692,#7034,#7035);
#6501=AXIS2_PLACEMENT_3D('',#8693,#7036,#7037);
#6502=AXIS2_PLACEMENT_3D('',#8700,#7042,#7043);
#6503=AXIS2_PLACEMENT_3D('',#8702,#7045,#7046);
#6504=AXIS2_PLACEMENT_3D('',#8703,#7047,#7048);
#6505=AXIS2_PLACEMENT_3D('',#8705,#7049,#7050);
#6506=AXIS2_PLACEMENT_3D('',#8706,#7051,#7052);
#6507=AXIS2_PLACEMENT_3D('',#8708,#7053,#7054);
#6508=AXIS2_PLACEMENT_3D('',#8709,#7055,#7056);
#6509=AXIS2_PLACEMENT_3D('',#8711,#7057,#7058);
#6510=AXIS2_PLACEMENT_3D('',#8713,#7059,#7060);
#6511=AXIS2_PLACEMENT_3D('',#8715,#7061,#7062);
#6512=AXIS2_PLACEMENT_3D('',#8717,#7063,#7064);
#6513=AXIS2_PLACEMENT_3D('',#8718,#7065,#7066);
#6514=AXIS2_PLACEMENT_3D('',#8720,#7067,#7068);
#6515=AXIS2_PLACEMENT_3D('',#8721,#7069,#7070);
#6516=AXIS2_PLACEMENT_3D('',#8722,#7071,#7072);
#6517=AXIS2_PLACEMENT_3D('',#8724,#7073,#7074);
#6518=AXIS2_PLACEMENT_3D('',#8725,#7075,#7076);
#6519=AXIS2_PLACEMENT_3D('',#8726,#7077,#7078);
#6520=AXIS2_PLACEMENT_3D('',#8728,#7079,#7080);
#6521=AXIS2_PLACEMENT_3D('',#8729,#7081,#7082);
#6522=AXIS2_PLACEMENT_3D('',#8730,#7083,#7084);
#6523=AXIS2_PLACEMENT_3D('',#8732,#7085,#7086);
#6524=AXIS2_PLACEMENT_3D('',#8733,#7087,#7088);
#6525=AXIS2_PLACEMENT_3D('',#8737,#7091,#7092);
#6526=AXIS2_PLACEMENT_3D('',#8741,#7095,#7096);
#6527=AXIS2_PLACEMENT_3D('',#8743,#7098,#7099);
#6528=AXIS2_PLACEMENT_3D('',#8744,#7100,#7101);
#6529=AXIS2_PLACEMENT_3D('',#8748,#7104,#7105);
#6530=AXIS2_PLACEMENT_3D('',#8752,#7108,#7109);
#6531=AXIS2_PLACEMENT_3D('',#8754,#7111,#7112);
#6532=AXIS2_PLACEMENT_3D('',#8755,#7113,#7114);
#6533=AXIS2_PLACEMENT_3D('',#8759,#7117,#7118);
#6534=AXIS2_PLACEMENT_3D('',#8763,#7121,#7122);
#6535=AXIS2_PLACEMENT_3D('',#8765,#7124,#7125);
#6536=AXIS2_PLACEMENT_3D('',#8766,#7126,#7127);
#6537=AXIS2_PLACEMENT_3D('',#8770,#7130,#7131);
#6538=AXIS2_PLACEMENT_3D('',#8774,#7134,#7135);
#6539=AXIS2_PLACEMENT_3D('',#8776,#7137,#7138);
#6540=AXIS2_PLACEMENT_3D('',#8777,#7139,#7140);
#6541=AXIS2_PLACEMENT_3D('',#8783,#7144,#7145);
#6542=AXIS2_PLACEMENT_3D('',#8785,#7147,#7148);
#6543=AXIS2_PLACEMENT_3D('',#8787,#7150,#7151);
#6544=AXIS2_PLACEMENT_3D('',#8788,#7152,#7153);
#6545=AXIS2_PLACEMENT_3D('',#8794,#7157,#7158);
#6546=AXIS2_PLACEMENT_3D('',#8798,#7161,#7162);
#6547=AXIS2_PLACEMENT_3D('',#8802,#7165,#7166);
#6548=AXIS2_PLACEMENT_3D('',#8804,#7168,#7169);
#6549=AXIS2_PLACEMENT_3D('',#8807,#7172,#7173);
#6550=AXIS2_PLACEMENT_3D('',#8809,#7175,#7176);
#6551=AXIS2_PLACEMENT_3D('',#8811,#7178,#7179);
#6552=AXIS2_PLACEMENT_3D('',#8812,#7180,#7181);
#6553=AXIS2_PLACEMENT_3D('',#8815,#7184,#7185);
#6554=AXIS2_PLACEMENT_3D('',#8818,#7188,#7189);
#6555=AXIS2_PLACEMENT_3D('',#8820,#7191,#7192);
#6556=AXIS2_PLACEMENT_3D('',#8822,#7194,#7195);
#6557=AXIS2_PLACEMENT_3D('',#8823,#7196,#7197);
#6558=AXIS2_PLACEMENT_3D('',#8824,#7198,#7199);
#6559=AXIS2_PLACEMENT_3D('',#8825,#7200,#7201);
#6560=AXIS2_PLACEMENT_3D('',#8826,#7202,#7203);
#6561=AXIS2_PLACEMENT_3D('',#8827,#7204,#7205);
#6562=AXIS2_PLACEMENT_3D('',#8828,#7206,#7207);
#6563=AXIS2_PLACEMENT_3D('',#8834,#7211,#7212);
#6564=AXIS2_PLACEMENT_3D('',#8838,#7215,#7216);
#6565=AXIS2_PLACEMENT_3D('',#8842,#7219,#7220);
#6566=AXIS2_PLACEMENT_3D('',#8846,#7223,#7224);
#6567=AXIS2_PLACEMENT_3D('',#8850,#7227,#7228);
#6568=AXIS2_PLACEMENT_3D('',#8854,#7231,#7232);
#6569=AXIS2_PLACEMENT_3D('',#8858,#7235,#7236);
#6570=AXIS2_PLACEMENT_3D('',#8862,#7239,#7240);
#6571=AXIS2_PLACEMENT_3D('',#8866,#7243,#7244);
#6572=AXIS2_PLACEMENT_3D('',#8868,#7246,#7247);
#6573=AXIS2_PLACEMENT_3D('',#8869,#7248,#7249);
#6574=AXIS2_PLACEMENT_3D('',#8875,#7253,#7254);
#6575=AXIS2_PLACEMENT_3D('',#8879,#7257,#7258);
#6576=AXIS2_PLACEMENT_3D('',#8935,#7265,#7266);
#6577=AXIS2_PLACEMENT_3D('',#8952,#7270,#7271);
#6578=AXIS2_PLACEMENT_3D('',#8969,#7275,#7276);
#6579=AXIS2_PLACEMENT_3D('',#8986,#7280,#7281);
#6580=AXIS2_PLACEMENT_3D('',#8990,#7284,#7285);
#6581=AXIS2_PLACEMENT_3D('',#8994,#7288,#7289);
#6582=AXIS2_PLACEMENT_3D('',#9061,#7296,#7297);
#6583=AXIS2_PLACEMENT_3D('',#9167,#7305,#7306);
#6584=AXIS2_PLACEMENT_3D('',#9173,#7310,#7311);
#6585=AXIS2_PLACEMENT_3D('',#9237,#7320,#7321);
#6586=AXIS2_PLACEMENT_3D('',#9267,#7326,#7327);
#6587=AXIS2_PLACEMENT_3D('',#9270,#7329,#7330);
#6588=AXIS2_PLACEMENT_3D('',#9271,#7331,#7332);
#6589=AXIS2_PLACEMENT_3D('',#9314,#7338,#7339);
#6590=AXIS2_PLACEMENT_3D('',#9357,#7345,#7346);
#6591=AXIS2_PLACEMENT_3D('',#9413,#7353,#7354);
#6592=AXIS2_PLACEMENT_3D('',#9417,#7357,#7358);
#6593=AXIS2_PLACEMENT_3D('',#9472,#7363,#7364);
#6594=AXIS2_PLACEMENT_3D('',#9578,#7372,#7373);
#6595=AXIS2_PLACEMENT_3D('',#9584,#7377,#7378);
#6596=AXIS2_PLACEMENT_3D('',#9648,#7387,#7388);
#6597=AXIS2_PLACEMENT_3D('',#9678,#7393,#7394);
#6598=AXIS2_PLACEMENT_3D('',#9681,#7396,#7397);
#6599=AXIS2_PLACEMENT_3D('',#9682,#7398,#7399);
#6600=AXIS2_PLACEMENT_3D('',#9725,#7405,#7406);
#6601=AXIS2_PLACEMENT_3D('',#9768,#7412,#7413);
#6602=AXIS2_PLACEMENT_3D('',#9824,#7420,#7421);
#6603=AXIS2_PLACEMENT_3D('',#9828,#7424,#7425);
#6604=AXIS2_PLACEMENT_3D('',#9883,#7430,#7431);
#6605=AXIS2_PLACEMENT_3D('',#9884,#7432,#7433);
#6606=AXIS2_PLACEMENT_3D('',#9890,#7437,#7438);
#6607=AXIS2_PLACEMENT_3D('',#9894,#7441,#7442);
#6608=AXIS2_PLACEMENT_3D('',#9950,#7449,#7450);
#6609=AXIS2_PLACEMENT_3D('',#9967,#7454,#7455);
#6610=AXIS2_PLACEMENT_3D('',#9984,#7459,#7460);
#6611=AXIS2_PLACEMENT_3D('',#10001,#7464,#7465);
#6612=AXIS2_PLACEMENT_3D('',#10005,#7468,#7469);
#6613=AXIS2_PLACEMENT_3D('',#10009,#7472,#7473);
#6614=AXIS2_PLACEMENT_3D('',#10076,#7480,#7481);
#6615=AXIS2_PLACEMENT_3D('',#10077,#7482,#7483);
#6616=AXIS2_PLACEMENT_3D('',#10083,#7487,#7488);
#6617=AXIS2_PLACEMENT_3D('',#10087,#7491,#7492);
#6618=AXIS2_PLACEMENT_3D('',#10091,#7495,#7496);
#6619=AXIS2_PLACEMENT_3D('',#10095,#7499,#7500);
#6620=AXIS2_PLACEMENT_3D('',#10099,#7503,#7504);
#6621=AXIS2_PLACEMENT_3D('',#10103,#7507,#7508);
#6622=AXIS2_PLACEMENT_3D('',#10107,#7511,#7512);
#6623=AXIS2_PLACEMENT_3D('',#10111,#7515,#7516);
#6624=AXIS2_PLACEMENT_3D('',#10115,#7519,#7520);
#6625=AXIS2_PLACEMENT_3D('',#10117,#7522,#7523);
#6626=AXIS2_PLACEMENT_3D('',#10118,#7524,#7525);
#6627=AXIS2_PLACEMENT_3D('',#10119,#7526,#7527);
#6628=AXIS2_PLACEMENT_3D('',#10120,#7528,#7529);
#6629=AXIS2_PLACEMENT_3D('',#10121,#7530,#7531);
#6630=AXIS2_PLACEMENT_3D('',#10127,#7535,#7536);
#6631=AXIS2_PLACEMENT_3D('',#10131,#7539,#7540);
#6632=AXIS2_PLACEMENT_3D('',#10135,#7543,#7544);
#6633=AXIS2_PLACEMENT_3D('',#10137,#7546,#7547);
#6634=AXIS2_PLACEMENT_3D('',#10138,#7548,#7549);
#6635=AXIS2_PLACEMENT_3D('',#10139,#7550,#7551);
#6636=AXIS2_PLACEMENT_3D('',#10140,#7552,#7553);
#6637=AXIS2_PLACEMENT_3D('',#10143,#7554,#7555);
#6638=AXIS2_PLACEMENT_3D('',#10150,#7559,#7560);
#6639=AXIS2_PLACEMENT_3D('',#10154,#7562,#7563);
#6640=AXIS2_PLACEMENT_3D('',#10156,#7564,#7565);
#6641=AXIS2_PLACEMENT_3D('',#10161,#7568,#7569);
#6642=AXIS2_PLACEMENT_3D('',#10164,#7572,#7573);
#6643=AXIS2_PLACEMENT_3D('',#10183,#7584,#7585);
#6644=AXIS2_PLACEMENT_3D('',#10184,#7586,#7587);
#6645=AXIS2_PLACEMENT_3D('',#10186,#7589,#7590);
#6646=AXIS2_PLACEMENT_3D('',#10187,#7591,#7592);
#6647=AXIS2_PLACEMENT_3D('',#10193,#7596,#7597);
#6648=AXIS2_PLACEMENT_3D('',#10197,#7600,#7601);
#6649=AXIS2_PLACEMENT_3D('',#10201,#7604,#7605);
#6650=AXIS2_PLACEMENT_3D('',#10203,#7607,#7608);
#6651=AXIS2_PLACEMENT_3D('',#10204,#7609,#7610);
#6652=AXIS2_PLACEMENT_3D('',#10210,#7614,#7615);
#6653=AXIS2_PLACEMENT_3D('',#10214,#7618,#7619);
#6654=AXIS2_PLACEMENT_3D('',#10218,#7622,#7623);
#6655=AXIS2_PLACEMENT_3D('',#10220,#7625,#7626);
#6656=AXIS2_PLACEMENT_3D('',#10221,#7627,#7628);
#6657=AXIS2_PLACEMENT_3D('',#10222,#7629,#7630);
#6658=AXIS2_PLACEMENT_3D('',#10226,#7632,#7633);
#6659=AXIS2_PLACEMENT_3D('',#10228,#7634,#7635);
#6660=AXIS2_PLACEMENT_3D('',#10249,#7646,#7647);
#6661=AXIS2_PLACEMENT_3D('',#10250,#7648,#7649);
#6662=AXIS2_PLACEMENT_3D('',#10253,#7650,#7651);
#6663=AXIS2_PLACEMENT_3D('',#10260,#7655,#7656);
#6664=AXIS2_PLACEMENT_3D('',#10263,#7659,#7660);
#6665=AXIS2_PLACEMENT_3D('',#10276,#7669,#7670);
#6666=AXIS2_PLACEMENT_3D('',#10277,#7671,#7672);
#6667=AXIS2_PLACEMENT_3D('',#10279,#7674,#7675);
#6668=AXIS2_PLACEMENT_3D('',#10280,#7676,#7677);
#6669=AXIS2_PLACEMENT_3D('',#10284,#7680,#7681);
#6670=AXIS2_PLACEMENT_3D('',#10288,#7684,#7685);
#6671=AXIS2_PLACEMENT_3D('',#10290,#7687,#7688);
#6672=AXIS2_PLACEMENT_3D('',#10291,#7689,#7690);
#6673=AXIS2_PLACEMENT_3D('',#10295,#7693,#7694);
#6674=AXIS2_PLACEMENT_3D('',#10299,#7697,#7698);
#6675=AXIS2_PLACEMENT_3D('',#10301,#7700,#7701);
#6676=AXIS2_PLACEMENT_3D('',#10302,#7702,#7703);
#6677=AXIS2_PLACEMENT_3D('',#10303,#7704,#7705);
#6678=AXIS2_PLACEMENT_3D('',#10312,#7710,#7711);
#6679=AXIS2_PLACEMENT_3D('',#10334,#7723,#7724);
#6680=AXIS2_PLACEMENT_3D('',#10345,#7731,#7732);
#6681=AXIS2_PLACEMENT_3D('',#10357,#7739,#7740);
#6682=AXIS2_PLACEMENT_3D('',#10361,#7743,#7744);
#6683=AXIS2_PLACEMENT_3D('',#10368,#7749,#7750);
#6684=AXIS2_PLACEMENT_3D('',#10369,#7751,#7752);
#6685=AXIS2_PLACEMENT_3D('',#10375,#7756,#7757);
#6686=AXIS2_PLACEMENT_3D('',#10379,#7760,#7761);
#6687=AXIS2_PLACEMENT_3D('',#10383,#7764,#7765);
#6688=AXIS2_PLACEMENT_3D('',#10385,#7767,#7768);
#6689=AXIS2_PLACEMENT_3D('',#10388,#7771,#7772);
#6690=AXIS2_PLACEMENT_3D('',#10389,#7773,#7774);
#6691=AXIS2_PLACEMENT_3D('',#10390,#7775,#7776);
#6692=AXIS2_PLACEMENT_3D('',#10394,#7779,#7780);
#6693=AXIS2_PLACEMENT_3D('',#10398,#7783,#7784);
#6694=AXIS2_PLACEMENT_3D('',#10400,#7786,#7787);
#6695=AXIS2_PLACEMENT_3D('',#10401,#7788,#7789);
#6696=AXIS2_PLACEMENT_3D('',#10402,#7790,#7791);
#6697=AXIS2_PLACEMENT_3D('',#10411,#7796,#7797);
#6698=AXIS2_PLACEMENT_3D('',#10417,#7801,#7802);
#6699=AXIS2_PLACEMENT_3D('',#10423,#7806,#7807);
#6700=AXIS2_PLACEMENT_3D('',#10424,#7808,#7809);
#6701=AXIS2_PLACEMENT_3D('',#10426,#7810,#7811);
#6702=AXIS2_PLACEMENT_3D('',#10428,#7812,#7813);
#6703=AXIS2_PLACEMENT_3D('',#10431,#7816,#7817);
#6704=AXIS2_PLACEMENT_3D('',#10432,#7818,#7819);
#6705=AXIS2_PLACEMENT_3D('',#10433,#7820,#7821);
#6706=AXIS2_PLACEMENT_3D('',#10435,#7822,#7823);
#6707=AXIS2_PLACEMENT_3D('',#10436,#7824,#7825);
#6708=AXIS2_PLACEMENT_3D('',#10438,#7826,#7827);
#6709=AXIS2_PLACEMENT_3D('',#10439,#7828,#7829);
#6710=AXIS2_PLACEMENT_3D('',#10440,#7830,#7831);
#6711=AXIS2_PLACEMENT_3D('',#10441,#7832,#7833);
#6712=AXIS2_PLACEMENT_3D('',#10443,#7834,#7835);
#6713=AXIS2_PLACEMENT_3D('',#10445,#7836,#7837);
#6714=AXIS2_PLACEMENT_3D('',#10452,#7840,#7841);
#6715=AXIS2_PLACEMENT_3D('',#10456,#7843,#7844);
#6716=AXIS2_PLACEMENT_3D('',#10571,#7882,#7883);
#6717=AXIS2_PLACEMENT_3D('',#10577,#7887,#7888);
#6718=AXIS2_PLACEMENT_3D('',#10586,#7893,#7894);
#6719=AXIS2_PLACEMENT_3D('',#10592,#7898,#7899);
#6720=AXIS2_PLACEMENT_3D('',#10594,#7901,#7902);
#6721=AXIS2_PLACEMENT_3D('',#10595,#7903,#7904);
#6722=AXIS2_PLACEMENT_3D('',#10608,#7905,#7906);
#6723=AXIS2_PLACEMENT_3D('',#10609,#7907,#7908);
#6724=AXIS2_PLACEMENT_3D('',#10622,#7909,#7910);
#6725=AXIS2_PLACEMENT_3D('',#10623,#7911,#7912);
#6726=AXIS2_PLACEMENT_3D('',#10625,#7913,#7914);
#6727=AXIS2_PLACEMENT_3D('',#10626,#7915,#7916);
#6728=AXIS2_PLACEMENT_3D('',#10628,#7917,#7918);
#6729=AXIS2_PLACEMENT_3D('',#10629,#7919,#7920);
#6730=AXIS2_PLACEMENT_3D('',#10631,#7921,#7922);
#6731=AXIS2_PLACEMENT_3D('',#10633,#7923,#7924);
#6732=AXIS2_PLACEMENT_3D('',#10634,#7925,#7926);
#6733=AXIS2_PLACEMENT_3D('',#10636,#7927,#7928);
#6734=AXIS2_PLACEMENT_3D('',#10637,#7929,#7930);
#6735=AXIS2_PLACEMENT_3D('',#10638,#7931,#7932);
#6736=AXIS2_PLACEMENT_3D('',#10639,#7933,#7934);
#6737=AXIS2_PLACEMENT_3D('',#10640,#7935,#7936);
#6738=AXIS2_PLACEMENT_3D('',#10641,#7937,#7938);
#6739=AXIS2_PLACEMENT_3D('',#10642,#7939,#7940);
#6740=AXIS2_PLACEMENT_3D('',#10643,#7941,#7942);
#6741=AXIS2_PLACEMENT_3D('',#10644,#7943,#7944);
#6742=AXIS2_PLACEMENT_3D('',#10650,#7948,#7949);
#6743=AXIS2_PLACEMENT_3D('',#10654,#7952,#7953);
#6744=AXIS2_PLACEMENT_3D('',#10658,#7956,#7957);
#6745=AXIS2_PLACEMENT_3D('',#10662,#7960,#7961);
#6746=AXIS2_PLACEMENT_3D('',#10666,#7964,#7965);
#6747=AXIS2_PLACEMENT_3D('',#10670,#7968,#7969);
#6748=AXIS2_PLACEMENT_3D('',#10674,#7972,#7973);
#6749=AXIS2_PLACEMENT_3D('',#10678,#7976,#7977);
#6750=AXIS2_PLACEMENT_3D('',#10682,#7980,#7981);
#6751=AXIS2_PLACEMENT_3D('',#10686,#7984,#7985);
#6752=AXIS2_PLACEMENT_3D('',#10690,#7988,#7989);
#6753=AXIS2_PLACEMENT_3D('',#10692,#7991,#7992);
#6754=AXIS2_PLACEMENT_3D('',#10747,#7998,#7999);
#6755=AXIS2_PLACEMENT_3D('',#10751,#8002,#8003);
#6756=AXIS2_PLACEMENT_3D('',#10755,#8006,#8007);
#6757=AXIS2_PLACEMENT_3D('',#10811,#8014,#8015);
#6758=AXIS2_PLACEMENT_3D('',#10815,#8018,#8019);
#6759=AXIS2_PLACEMENT_3D('',#10819,#8022,#8023);
#6760=AXIS2_PLACEMENT_3D('',#10847,#8027,#8028);
#6761=AXIS2_PLACEMENT_3D('',#10848,#8029,#8030);
#6762=AXIS2_PLACEMENT_3D('',#10854,#8034,#8035);
#6763=AXIS2_PLACEMENT_3D('',#10858,#8038,#8039);
#6764=AXIS2_PLACEMENT_3D('',#10862,#8042,#8043);
#6765=AXIS2_PLACEMENT_3D('',#10866,#8046,#8047);
#6766=AXIS2_PLACEMENT_3D('',#10870,#8050,#8051);
#6767=AXIS2_PLACEMENT_3D('',#10872,#8053,#8054);
#6768=AXIS2_PLACEMENT_3D('',#10873,#8055,#8056);
#6769=AXIS2_PLACEMENT_3D('',#10879,#8060,#8061);
#6770=AXIS2_PLACEMENT_3D('',#10883,#8064,#8065);
#6771=AXIS2_PLACEMENT_3D('',#10887,#8068,#8069);
#6772=AXIS2_PLACEMENT_3D('',#10891,#8072,#8073);
#6773=AXIS2_PLACEMENT_3D('',#10895,#8076,#8077);
#6774=AXIS2_PLACEMENT_3D('',#10899,#8080,#8081);
#6775=AXIS2_PLACEMENT_3D('',#10903,#8084,#8085);
#6776=AXIS2_PLACEMENT_3D('',#10907,#8088,#8089);
#6777=AXIS2_PLACEMENT_3D('',#10911,#8092,#8093);
#6778=AXIS2_PLACEMENT_3D('',#10913,#8095,#8096);
#6779=AXIS2_PLACEMENT_3D('',#10914,#8097,#8098);
#6780=AXIS2_PLACEMENT_3D('',#10915,#8099,#8100);
#6781=AXIS2_PLACEMENT_3D('',#10916,#8101,#8102);
#6782=AXIS2_PLACEMENT_3D('',#10917,#8103,#8104);
#6783=AXIS2_PLACEMENT_3D('',#10919,#8105,#8106);
#6784=AXIS2_PLACEMENT_3D('',#10921,#8107,#8108);
#6785=AXIS2_PLACEMENT_3D('',#10922,#8109,#8110);
#6786=DIRECTION('',(0.,0.,1.));
#6787=DIRECTION('',(1.,0.,0.));
#6788=DIRECTION('',(0.,-1.,0.));
#6789=DIRECTION('',(1.,0.,0.));
#6790=DIRECTION('',(1.,0.,0.));
#6791=DIRECTION('',(0.,0.,-1.));
#6792=DIRECTION('',(1.,0.,0.));
#6793=DIRECTION('',(0.,0.,-1.));
#6794=DIRECTION('',(0.999853737081671,0.,0.0171027612921872));
#6795=DIRECTION('',(0.,0.,1.));
#6796=DIRECTION('',(-0.995948647187252,0.,0.0899238131191214));
#6797=DIRECTION('',(2.19844497145539E-16,0.,-1.));
#6798=DIRECTION('',(0.,0.,-1.));
#6799=DIRECTION('',(0.,-1.,0.));
#6800=DIRECTION('',(0.,0.,-1.));
#6801=DIRECTION('',(-1.,0.,0.));
#6802=DIRECTION('',(-1.,0.,0.));
#6803=DIRECTION('',(0.,0.,1.));
#6804=DIRECTION('',(0.,0.,-1.));
#6805=DIRECTION('',(-1.,0.,0.));
#6806=DIRECTION('',(0.,0.,1.));
#6807=DIRECTION('',(1.,0.,0.));
#6808=DIRECTION('',(0.0505673944373976,0.,-0.998720650942901));
#6809=DIRECTION('',(1.,0.,0.));
#6810=DIRECTION('',(0.,0.,-1.));
#6811=DIRECTION('',(-1.,0.,0.));
#6812=DIRECTION('',(0.,0.,-1.));
#6813=DIRECTION('',(1.,0.,0.));
#6814=DIRECTION('',(0.,0.,-1.));
#6815=DIRECTION('',(-1.,0.,0.));
#6816=DIRECTION('',(0.,0.,-1.));
#6817=DIRECTION('',(-1.,0.,0.));
#6818=DIRECTION('',(0.,0.,1.));
#6819=DIRECTION('',(1.,0.,0.));
#6820=DIRECTION('',(0.,0.,-1.));
#6821=DIRECTION('',(0.,-1.,0.));
#6822=DIRECTION('',(1.,0.,0.));
#6823=DIRECTION('',(-1.,0.,0.));
#6824=DIRECTION('',(0.,0.,1.));
#6825=DIRECTION('',(0.,0.,-1.));
#6826=DIRECTION('',(-1.,0.,0.));
#6827=DIRECTION('',(0.,0.,1.));
#6828=DIRECTION('',(1.,0.,0.));
#6829=DIRECTION('',(0.0505673944373921,0.,-0.998720650942902));
#6830=DIRECTION('',(1.,0.,0.));
#6831=DIRECTION('',(0.,0.,-1.));
#6832=DIRECTION('',(-1.,0.,0.));
#6833=DIRECTION('',(0.,0.,-1.));
#6834=DIRECTION('',(1.,0.,0.));
#6835=DIRECTION('',(0.,0.,-1.));
#6836=DIRECTION('',(-1.,0.,0.));
#6837=DIRECTION('',(0.,0.,-1.));
#6838=DIRECTION('',(-1.,0.,0.));
#6839=DIRECTION('',(0.,0.,1.));
#6840=DIRECTION('',(1.,0.,0.));
#6841=DIRECTION('',(0.,0.,-1.));
#6842=DIRECTION('',(0.,-1.,0.));
#6843=DIRECTION('',(0.,0.,-1.));
#6844=DIRECTION('',(1.,0.,0.));
#6845=DIRECTION('',(0.,0.,-1.));
#6846=DIRECTION('',(1.,0.,0.));
#6847=DIRECTION('',(0.,0.,-1.));
#6848=DIRECTION('',(0.,-1.,0.));
#6849=DIRECTION('',(0.,0.,-1.));
#6850=DIRECTION('',(0.,-1.,0.));
#6851=DIRECTION('',(0.,0.,-1.));
#6852=DIRECTION('',(0.,-1.,0.));
#6853=DIRECTION('',(0.,0.,-1.));
#6854=DIRECTION('',(0.999853737081671,0.,0.0171027612921854));
#6855=DIRECTION('',(0.,0.,1.));
#6856=DIRECTION('',(-0.995948647187252,0.,0.0899238131191228));
#6857=DIRECTION('',(0.,0.,-1.));
#6858=DIRECTION('',(0.,0.,-1.));
#6859=DIRECTION('',(0.,-1.,0.));
#6860=DIRECTION('',(0.,0.,-1.));
#6861=DIRECTION('',(-1.,0.,0.));
#6862=DIRECTION('',(0.,-1.,0.));
#6863=DIRECTION('',(1.,0.,0.));
#6864=DIRECTION('',(1.,0.,0.));
#6865=DIRECTION('',(0.,0.,-1.));
#6866=DIRECTION('',(1.,0.,0.));
#6867=DIRECTION('',(0.,0.,-1.));
#6868=DIRECTION('',(0.,0.,1.));
#6869=DIRECTION('',(-1.,0.,0.));
#6870=DIRECTION('',(0.,0.,1.));
#6871=DIRECTION('',(-1.,0.,0.));
#6872=DIRECTION('',(0.,0.,1.));
#6873=DIRECTION('',(-1.,0.,0.));
#6874=DIRECTION('',(0.,0.,1.));
#6875=DIRECTION('',(-1.,0.,0.));
#6876=DIRECTION('',(0.,0.,1.));
#6877=DIRECTION('',(0.,-1.,0.));
#6878=DIRECTION('',(0.,0.,-1.));
#6879=DIRECTION('',(-1.,0.,0.));
#6880=DIRECTION('',(0.,0.,-1.));
#6881=DIRECTION('',(-1.,0.,0.));
#6882=DIRECTION('',(0.,0.,-1.));
#6883=DIRECTION('',(-1.,0.,0.));
#6884=DIRECTION('',(0.,-1.,0.));
#6885=DIRECTION('',(0.,0.,-1.));
#6886=DIRECTION('',(0.,0.,1.));
#6887=DIRECTION('',(1.,0.,0.));
#6888=DIRECTION('',(0.,0.,1.));
#6889=DIRECTION('',(1.,0.,0.));
#6890=DIRECTION('',(0.,0.,1.));
#6891=DIRECTION('',(1.,0.,0.));
#6892=DIRECTION('',(0.,0.,1.));
#6893=DIRECTION('',(1.,0.,0.));
#6894=DIRECTION('',(0.,0.,1.));
#6895=DIRECTION('',(-1.,0.,0.));
#6896=DIRECTION('',(0.,-1.,0.));
#6897=DIRECTION('',(0.,0.,-1.));
#6898=DIRECTION('',(1.,0.,0.));
#6899=DIRECTION('',(0.,0.,-1.));
#6900=DIRECTION('',(1.,0.,0.));
#6901=DIRECTION('',(0.,0.,-1.));
#6902=DIRECTION('',(0.,-1.,0.));
#6903=DIRECTION('',(0.,0.,-1.));
#6904=DIRECTION('',(0.,0.,-1.));
#6905=DIRECTION('',(1.,0.,0.));
#6906=DIRECTION('',(-1.,0.,0.));
#6907=DIRECTION('',(0.,0.,1.));
#6908=DIRECTION('',(0.,0.,-1.));
#6909=DIRECTION('',(0.,1.,0.));
#6910=DIRECTION('',(0.,0.,-1.));
#6911=DIRECTION('',(0.,1.,0.));
#6912=DIRECTION('',(1.,0.,0.));
#6913=DIRECTION('',(0.,0.,-1.));
#6914=DIRECTION('',(0.,1.,0.));
#6915=DIRECTION('',(0.,0.,-1.));
#6916=DIRECTION('',(0.,1.,0.));
#6917=DIRECTION('',(0.,-1.,0.));
#6918=DIRECTION('',(0.,0.,1.));
#6919=DIRECTION('',(0.,-1.,0.));
#6920=DIRECTION('',(0.,1.,0.));
#6921=DIRECTION('',(0.,0.,-1.));
#6922=DIRECTION('',(0.,1.,0.));
#6923=DIRECTION('',(1.,0.,0.));
#6924=DIRECTION('',(0.,0.,-1.));
#6925=DIRECTION('',(0.,0.,1.));
#6926=DIRECTION('',(0.,-1.,0.));
#6927=DIRECTION('',(0.,0.,1.));
#6928=DIRECTION('',(0.,-1.,0.));
#6929=DIRECTION('',(1.,0.,0.));
#6930=DIRECTION('',(0.,0.,-1.));
#6931=DIRECTION('',(0.,1.,0.));
#6932=DIRECTION('',(0.,0.,-1.));
#6933=DIRECTION('',(0.,1.,0.));
#6934=DIRECTION('',(0.,0.,-1.));
#6935=DIRECTION('',(-1.,0.,0.));
#6936=DIRECTION('',(0.,0.,1.));
#6937=DIRECTION('',(0.,0.,-1.));
#6938=DIRECTION('',(0.,-1.,0.));
#6939=DIRECTION('',(0.,1.,0.));
#6940=DIRECTION('',(0.,0.,-1.));
#6941=DIRECTION('',(0.,1.,0.));
#6942=DIRECTION('',(0.,-1.,0.));
#6943=DIRECTION('',(0.,0.,-1.));
#6944=DIRECTION('',(0.,-1.,0.));
#6945=DIRECTION('',(0.,-1.,0.));
#6946=DIRECTION('',(0.,-1.,0.));
#6947=DIRECTION('',(1.,0.,0.));
#6948=DIRECTION('',(0.,-1.,0.));
#6949=DIRECTION('',(0.,0.,-1.));
#6950=DIRECTION('',(0.,-1.,0.));
#6951=DIRECTION('',(0.,0.,-1.));
#6952=DIRECTION('',(0.,-1.,0.));
#6953=DIRECTION('',(0.,0.,-1.));
#6954=DIRECTION('',(0.,-1.,0.));
#6955=DIRECTION('',(0.,0.,-1.));
#6956=DIRECTION('',(0.,-1.,0.));
#6957=DIRECTION('',(0.,0.,-1.));
#6958=DIRECTION('',(0.,-1.,0.));
#6959=DIRECTION('',(0.,0.,-1.));
#6960=DIRECTION('',(0.,-1.,0.));
#6961=DIRECTION('',(0.,0.,-1.));
#6962=DIRECTION('',(0.,-1.,0.));
#6963=DIRECTION('',(0.,0.,-1.));
#6964=DIRECTION('',(0.,-1.,0.));
#6965=DIRECTION('',(0.,0.,-1.));
#6966=DIRECTION('',(0.,-1.,0.));
#6967=DIRECTION('',(0.,0.,-1.));
#6968=DIRECTION('',(1.,0.,0.));
#6969=DIRECTION('',(0.,0.,1.));
#6970=DIRECTION('',(1.,0.,0.));
#6971=DIRECTION('',(0.,1.,0.));
#6972=DIRECTION('',(0.,0.,1.));
#6973=DIRECTION('',(0.,-1.,0.));
#6974=DIRECTION('',(0.,0.,-1.));
#6975=DIRECTION('',(0.,1.,0.));
#6976=DIRECTION('',(0.,0.,1.));
#6977=DIRECTION('',(0.,-1.,0.));
#6978=DIRECTION('',(0.,0.,-1.));
#6979=DIRECTION('',(1.,0.,0.));
#6980=DIRECTION('',(0.,0.,-1.));
#6981=DIRECTION('',(0.,-1.,0.));
#6982=DIRECTION('',(0.,0.,1.));
#6983=DIRECTION('',(0.,-1.,0.));
#6984=DIRECTION('',(0.,0.,-1.));
#6985=DIRECTION('',(-1.,0.,0.));
#6986=DIRECTION('',(1.,0.,0.));
#6987=DIRECTION('',(0.,1.,0.));
#6988=DIRECTION('',(0.,0.,1.));
#6989=DIRECTION('',(0.,-1.,0.));
#6990=DIRECTION('',(0.,0.,-1.));
#6991=DIRECTION('',(0.,1.,0.));
#6992=DIRECTION('',(0.,0.,1.));
#6993=DIRECTION('',(0.,-1.,0.));
#6994=DIRECTION('',(0.,0.,-1.));
#6995=DIRECTION('',(0.,1.,0.));
#6996=DIRECTION('',(0.,0.,1.));
#6997=DIRECTION('',(0.,-1.,0.));
#6998=DIRECTION('',(0.,0.,-1.));
#6999=DIRECTION('',(0.,1.,0.));
#7000=DIRECTION('',(0.,0.,1.));
#7001=DIRECTION('',(0.,-1.,0.));
#7002=DIRECTION('',(0.,0.,-1.));
#7003=DIRECTION('',(0.,1.,0.));
#7004=DIRECTION('',(0.,0.,1.));
#7005=DIRECTION('',(0.,1.,0.));
#7006=DIRECTION('',(0.,0.,1.));
#7007=DIRECTION('',(0.,1.,0.));
#7008=DIRECTION('',(0.,0.,1.));
#7009=DIRECTION('',(0.,1.,0.));
#7010=DIRECTION('',(0.,0.,1.));
#7011=DIRECTION('',(0.,-1.,0.));
#7012=DIRECTION('',(0.,0.,-1.));
#7013=DIRECTION('',(0.,-1.,0.));
#7014=DIRECTION('',(0.,0.,-1.));
#7015=DIRECTION('',(0.,-1.,0.));
#7016=DIRECTION('',(0.,0.,-1.));
#7017=DIRECTION('',(0.,-1.,0.));
#7018=DIRECTION('',(0.,0.,-1.));
#7019=DIRECTION('',(0.,-1.,0.));
#7020=DIRECTION('',(0.,0.,-1.));
#7021=DIRECTION('',(1.,0.,0.));
#7022=DIRECTION('',(0.,0.,-1.));
#7023=DIRECTION('',(0.,1.,0.));
#7024=DIRECTION('',(0.,0.,1.));
#7025=DIRECTION('',(0.,1.,0.));
#7026=DIRECTION('',(0.,0.,1.));
#7027=DIRECTION('',(0.,1.,0.));
#7028=DIRECTION('',(0.,0.,-1.));
#7029=DIRECTION('',(-1.,0.,0.));
#7030=DIRECTION('',(1.,0.,0.));
#7031=DIRECTION('',(0.,-1.,0.));
#7032=DIRECTION('',(0.,0.,-1.));
#7033=DIRECTION('',(0.,1.,0.));
#7034=DIRECTION('',(0.,1.,0.));
#7035=DIRECTION('',(0.,0.,1.));
#7036=DIRECTION('',(0.,0.,-1.));
#7037=DIRECTION('',(-1.,0.,0.));
#7038=DIRECTION('',(1.,0.,0.));
#7039=DIRECTION('',(0.,-1.,0.));
#7040=DIRECTION('',(1.,0.,0.));
#7041=DIRECTION('',(0.,-1.,0.));
#7042=DIRECTION('',(0.,0.,-1.));
#7043=DIRECTION('',(-1.,0.,0.));
#7044=DIRECTION('',(1.,0.,0.));
#7045=DIRECTION('',(0.,1.,0.));
#7046=DIRECTION('',(-1.,0.,0.));
#7047=DIRECTION('',(0.,1.,0.));
#7048=DIRECTION('',(0.,0.,1.));
#7049=DIRECTION('',(0.,1.,0.));
#7050=DIRECTION('',(0.,0.,1.));
#7051=DIRECTION('',(0.,1.,0.));
#7052=DIRECTION('',(0.,0.,1.));
#7053=DIRECTION('',(0.,1.,0.));
#7054=DIRECTION('',(-1.,0.,0.));
#7055=DIRECTION('',(0.,1.,0.));
#7056=DIRECTION('',(0.,0.,1.));
#7057=DIRECTION('',(0.,1.,0.));
#7058=DIRECTION('',(0.,0.,1.));
#7059=DIRECTION('',(0.,1.,0.));
#7060=DIRECTION('',(0.,0.,1.));
#7061=DIRECTION('',(0.,1.,0.));
#7062=DIRECTION('',(0.,0.,1.));
#7063=DIRECTION('',(0.,1.,0.));
#7064=DIRECTION('',(-1.,0.,0.));
#7065=DIRECTION('',(0.,1.,0.));
#7066=DIRECTION('',(0.,0.,1.));
#7067=DIRECTION('',(0.,1.,0.));
#7068=DIRECTION('',(0.,0.,1.));
#7069=DIRECTION('',(0.,1.,0.));
#7070=DIRECTION('',(-1.,0.,0.));
#7071=DIRECTION('',(0.,1.,0.));
#7072=DIRECTION('',(0.,0.,1.));
#7073=DIRECTION('',(0.,1.,0.));
#7074=DIRECTION('',(0.,0.,1.));
#7075=DIRECTION('',(0.,1.,0.));
#7076=DIRECTION('',(-1.,0.,0.));
#7077=DIRECTION('',(0.,1.,0.));
#7078=DIRECTION('',(0.,0.,1.));
#7079=DIRECTION('',(0.,1.,0.));
#7080=DIRECTION('',(0.,0.,1.));
#7081=DIRECTION('',(0.,1.,0.));
#7082=DIRECTION('',(-1.,0.,0.));
#7083=DIRECTION('',(0.,1.,0.));
#7084=DIRECTION('',(0.,0.,1.));
#7085=DIRECTION('',(0.,1.,0.));
#7086=DIRECTION('',(0.,0.,1.));
#7087=DIRECTION('',(0.,0.,1.));
#7088=DIRECTION('',(1.,0.,0.));
#7089=DIRECTION('',(1.,0.,0.));
#7090=DIRECTION('',(0.,-1.,0.));
#7091=DIRECTION('',(0.,-1.,0.));
#7092=DIRECTION('',(0.,0.,-1.));
#7093=DIRECTION('',(1.,0.,0.));
#7094=DIRECTION('',(0.,0.,-1.));
#7095=DIRECTION('',(0.,0.,1.));
#7096=DIRECTION('',(1.,0.,0.));
#7097=DIRECTION('',(0.,-1.,0.));
#7098=DIRECTION('',(-1.,0.,0.));
#7099=DIRECTION('',(0.,-1.,0.));
#7100=DIRECTION('',(0.,0.,1.));
#7101=DIRECTION('',(1.,0.,0.));
#7102=DIRECTION('',(1.,0.,0.));
#7103=DIRECTION('',(0.,-1.,0.));
#7104=DIRECTION('',(0.,-1.,0.));
#7105=DIRECTION('',(0.,0.,-1.));
#7106=DIRECTION('',(1.,0.,0.));
#7107=DIRECTION('',(0.,0.,-1.));
#7108=DIRECTION('',(0.,0.,1.));
#7109=DIRECTION('',(1.,0.,0.));
#7110=DIRECTION('',(0.,-1.,0.));
#7111=DIRECTION('',(-1.,0.,0.));
#7112=DIRECTION('',(0.,-1.,0.));
#7113=DIRECTION('',(0.,0.,-1.));
#7114=DIRECTION('',(-1.,0.,0.));
#7115=DIRECTION('',(-1.,0.,0.));
#7116=DIRECTION('',(0.,-1.,0.));
#7117=DIRECTION('',(0.,-1.,0.));
#7118=DIRECTION('',(0.,0.,-1.));
#7119=DIRECTION('',(-1.,0.,0.));
#7120=DIRECTION('',(0.,0.,1.));
#7121=DIRECTION('',(0.,0.,-1.));
#7122=DIRECTION('',(-1.,0.,0.));
#7123=DIRECTION('',(0.,-1.,0.));
#7124=DIRECTION('',(1.,0.,0.));
#7125=DIRECTION('',(0.,1.,0.));
#7126=DIRECTION('',(0.,0.,1.));
#7127=DIRECTION('',(1.,0.,0.));
#7128=DIRECTION('',(0.,1.,0.));
#7129=DIRECTION('',(-1.,0.,0.));
#7130=DIRECTION('',(0.,0.,1.));
#7131=DIRECTION('',(1.,0.,0.));
#7132=DIRECTION('',(-1.,0.,0.));
#7133=DIRECTION('',(0.,1.,0.));
#7134=DIRECTION('',(0.,1.,0.));
#7135=DIRECTION('',(0.,0.,1.));
#7136=DIRECTION('',(0.,0.,-1.));
#7137=DIRECTION('',(1.,0.,0.));
#7138=DIRECTION('',(0.,1.,0.));
#7139=DIRECTION('',(0.,1.,0.));
#7140=DIRECTION('',(0.,0.,1.));
#7141=DIRECTION('',(0.,0.,-1.));
#7142=DIRECTION('',(1.,0.,0.));
#7143=DIRECTION('',(0.,0.,-1.));
#7144=DIRECTION('',(1.,0.,0.));
#7145=DIRECTION('',(0.,0.,-1.));
#7146=DIRECTION('',(0.,-1.,0.));
#7147=DIRECTION('',(1.,0.,0.));
#7148=DIRECTION('',(0.,0.,-1.));
#7149=DIRECTION('',(0.,-1.,0.));
#7150=DIRECTION('',(0.,0.,1.));
#7151=DIRECTION('',(1.,0.,0.));
#7152=DIRECTION('',(0.,0.,-1.));
#7153=DIRECTION('',(-1.,0.,0.));
#7154=DIRECTION('',(1.,0.,0.));
#7155=DIRECTION('',(0.,1.,0.));
#7156=DIRECTION('',(1.,0.,0.));
#7157=DIRECTION('',(0.,-1.,0.));
#7158=DIRECTION('',(0.,0.,-1.));
#7159=DIRECTION('',(0.,0.,-1.));
#7160=DIRECTION('',(1.,0.,0.));
#7161=DIRECTION('',(0.,0.,-1.));
#7162=DIRECTION('',(-1.,0.,0.));
#7163=DIRECTION('',(0.,1.,0.));
#7164=DIRECTION('',(1.,0.,0.));
#7165=DIRECTION('',(0.,-1.,0.));
#7166=DIRECTION('',(0.,0.,-1.));
#7167=DIRECTION('',(0.,0.,-1.));
#7168=DIRECTION('',(1.,0.,0.));
#7169=DIRECTION('',(0.,0.,-1.));
#7170=DIRECTION('',(0.,1.,0.));
#7171=DIRECTION('',(0.,1.,0.));
#7172=DIRECTION('',(0.,0.,1.));
#7173=DIRECTION('',(1.,0.,0.));
#7174=DIRECTION('',(0.,1.,0.));
#7175=DIRECTION('',(1.,0.,0.));
#7176=DIRECTION('',(0.,0.,-1.));
#7177=DIRECTION('',(0.,1.,0.));
#7178=DIRECTION('',(0.,0.,1.));
#7179=DIRECTION('',(1.,0.,0.));
#7180=DIRECTION('',(0.,-1.,0.));
#7181=DIRECTION('',(1.,0.,0.));
#7182=DIRECTION('',(0.,0.,-1.));
#7183=DIRECTION('',(1.,0.,0.));
#7184=DIRECTION('',(0.,0.,1.));
#7185=DIRECTION('',(1.,0.,0.));
#7186=DIRECTION('',(0.,1.,0.));
#7187=DIRECTION('',(0.,1.,0.));
#7188=DIRECTION('',(1.,0.,0.));
#7189=DIRECTION('',(0.,0.,-1.));
#7190=DIRECTION('',(0.,1.,0.));
#7191=DIRECTION('',(0.,0.,1.));
#7192=DIRECTION('',(1.,0.,0.));
#7193=DIRECTION('',(0.,1.,0.));
#7194=DIRECTION('',(1.,0.,0.));
#7195=DIRECTION('',(0.,0.,-1.));
#7196=DIRECTION('',(0.,-1.,0.));
#7197=DIRECTION('',(1.,0.,0.));
#7198=DIRECTION('',(0.,-1.,0.));
#7199=DIRECTION('',(1.,0.,0.));
#7200=DIRECTION('',(0.,-1.,0.));
#7201=DIRECTION('',(1.,0.,0.));
#7202=DIRECTION('',(0.,-1.,0.));
#7203=DIRECTION('',(1.,0.,0.));
#7204=DIRECTION('',(0.,-1.,0.));
#7205=DIRECTION('',(1.,0.,0.));
#7206=DIRECTION('',(-1.,0.,0.));
#7207=DIRECTION('',(0.,0.,1.));
#7208=DIRECTION('',(0.,-1.,0.));
#7209=DIRECTION('',(0.,0.,-1.));
#7210=DIRECTION('',(0.,-1.,0.));
#7211=DIRECTION('',(0.,0.,1.));
#7212=DIRECTION('',(1.,0.,0.));
#7213=DIRECTION('',(0.,-1.,0.));
#7214=DIRECTION('',(-1.,0.,0.));
#7215=DIRECTION('',(-1.,0.,0.));
#7216=DIRECTION('',(0.,0.,1.));
#7217=DIRECTION('',(0.,-1.,0.));
#7218=DIRECTION('',(0.,0.,-1.));
#7219=DIRECTION('',(0.,0.,-1.));
#7220=DIRECTION('',(-1.,0.,0.));
#7221=DIRECTION('',(0.,-1.,0.));
#7222=DIRECTION('',(1.,0.,0.));
#7223=DIRECTION('',(1.,0.,0.));
#7224=DIRECTION('',(0.,0.,-1.));
#7225=DIRECTION('',(0.,-1.,0.));
#7226=DIRECTION('',(0.,0.,1.));
#7227=DIRECTION('',(0.,0.,1.));
#7228=DIRECTION('',(1.,0.,0.));
#7229=DIRECTION('',(0.,-1.,0.));
#7230=DIRECTION('',(-1.,0.,0.));
#7231=DIRECTION('',(-1.,0.,0.));
#7232=DIRECTION('',(0.,0.,1.));
#7233=DIRECTION('',(0.,-1.,0.));
#7234=DIRECTION('',(0.,0.,-1.));
#7235=DIRECTION('',(0.,0.,1.));
#7236=DIRECTION('',(1.,0.,0.));
#7237=DIRECTION('',(0.,-1.,0.));
#7238=DIRECTION('',(-1.,0.,0.));
#7239=DIRECTION('',(-1.,0.,0.));
#7240=DIRECTION('',(0.,0.,1.));
#7241=DIRECTION('',(0.,-1.,0.));
#7242=DIRECTION('',(0.,0.,-1.));
#7243=DIRECTION('',(0.,0.,-1.));
#7244=DIRECTION('',(-1.,0.,0.));
#7245=DIRECTION('',(1.,0.,0.));
#7246=DIRECTION('',(0.,-1.,0.));
#7247=DIRECTION('',(1.,0.,0.));
#7248=DIRECTION('',(1.,0.,0.));
#7249=DIRECTION('',(0.,0.,-1.));
#7250=DIRECTION('',(0.,-1.,0.));
#7251=DIRECTION('',(0.,0.,1.));
#7252=DIRECTION('',(0.,-1.,0.));
#7253=DIRECTION('',(0.,0.,1.));
#7254=DIRECTION('',(1.,0.,0.));
#7255=DIRECTION('',(0.,-1.,0.));
#7256=DIRECTION('',(-1.,0.,0.));
#7257=DIRECTION('',(-1.,0.,0.));
#7258=DIRECTION('',(0.,0.,1.));
#7259=DIRECTION('',(0.,-1.,0.));
#7260=DIRECTION('',(0.,0.,-1.));
#7261=DIRECTION('',(0.,-1.,0.));
#7262=DIRECTION('',(0.,-1.,0.));
#7263=DIRECTION('',(0.,-1.,0.));
#7264=DIRECTION('',(0.,-1.,0.));
#7265=DIRECTION('',(0.,0.,-1.));
#7266=DIRECTION('',(-1.,0.,0.));
#7267=DIRECTION('',(0.,-1.,0.));
#7268=DIRECTION('',(1.,0.,0.));
#7269=DIRECTION('',(0.,-1.,0.));
#7270=DIRECTION('',(-0.998720650942902,1.75249194444126E-26,-0.0505673944373922));
#7271=DIRECTION('',(0.0505673944373921,5.24996276840624E-35,-0.998720650942902));
#7272=DIRECTION('',(0.,-1.,0.));
#7273=DIRECTION('',(0.0505673944373921,5.24996276840624E-35,-0.998720650942902));
#7274=DIRECTION('',(0.,-1.,0.));
#7275=DIRECTION('',(0.,0.,-1.));
#7276=DIRECTION('',(-1.,0.,0.));
#7277=DIRECTION('',(0.,-1.,0.));
#7278=DIRECTION('',(1.,0.,0.));
#7279=DIRECTION('',(0.,-1.,0.));
#7280=DIRECTION('',(1.,0.,0.));
#7281=DIRECTION('',(0.,0.,-1.));
#7282=DIRECTION('',(0.,-1.,0.));
#7283=DIRECTION('',(0.,0.,1.));
#7284=DIRECTION('',(0.,0.,1.));
#7285=DIRECTION('',(1.,0.,0.));
#7286=DIRECTION('',(0.,-1.,0.));
#7287=DIRECTION('',(-1.,0.,0.));
#7288=DIRECTION('',(-1.,0.,0.));
#7289=DIRECTION('',(0.,0.,1.));
#7290=DIRECTION('',(0.,-1.,0.));
#7291=DIRECTION('',(0.,0.,-1.));
#7292=DIRECTION('',(0.,-1.,0.));
#7293=DIRECTION('',(0.,-1.,0.));
#7294=DIRECTION('',(0.,-1.,0.));
#7295=DIRECTION('',(0.,-1.,0.));
#7296=DIRECTION('',(0.,-1.,0.));
#7297=DIRECTION('',(1.,0.,0.));
#7298=DIRECTION('',(0.,-1.,0.));
#7299=DIRECTION('',(0.,-1.,0.));
#7300=DIRECTION('',(0.,-1.,0.));
#7301=DIRECTION('',(0.,-1.,0.));
#7302=DIRECTION('',(0.,-1.,0.));
#7303=DIRECTION('',(0.,-1.,0.));
#7304=DIRECTION('',(0.,-1.,0.));
#7305=DIRECTION('',(-0.0210991981052558,0.,0.999777387141415));
#7306=DIRECTION('',(0.999777387141415,0.,0.0210991981052558));
#7307=DIRECTION('',(-0.999777387141415,0.,-0.0210991981052558));
#7308=DIRECTION('',(0.,-1.,0.));
#7309=DIRECTION('',(-0.999777387141415,0.,-0.0210991981052558));
#7310=DIRECTION('',(1.,0.,0.));
#7311=DIRECTION('',(0.,0.,-1.));
#7312=DIRECTION('',(0.,0.,1.));
#7313=DIRECTION('',(0.,-1.,0.));
#7314=DIRECTION('',(0.,0.,1.));
#7315=DIRECTION('',(0.,-1.,0.));
#7316=DIRECTION('',(0.,-1.,0.));
#7317=DIRECTION('',(0.,-1.,0.));
#7318=DIRECTION('',(0.,-1.,0.));
#7319=DIRECTION('',(0.,-1.,0.));
#7320=DIRECTION('',(0.,0.,1.));
#7321=DIRECTION('',(1.,0.,0.));
#7322=DIRECTION('',(0.,-1.,0.));
#7323=DIRECTION('',(-1.,0.,0.));
#7324=DIRECTION('',(0.,-1.,0.));
#7325=DIRECTION('',(0.,-1.,0.));
#7326=DIRECTION('',(0.,-1.,0.));
#7327=DIRECTION('',(0.11481731251621,0.,-0.993386624002233));
#7328=DIRECTION('',(0.,-1.,0.));
#7329=DIRECTION('',(0.,-1.,0.));
#7330=DIRECTION('',(0.,0.,-1.));
#7331=DIRECTION('',(-1.,0.,0.));
#7332=DIRECTION('',(0.,0.,1.));
#7333=DIRECTION('',(0.,-1.,0.));
#7334=DIRECTION('',(0.,0.,-1.));
#7335=DIRECTION('',(0.,-1.,0.));
#7336=DIRECTION('',(0.,-1.,0.));
#7337=DIRECTION('',(0.,-1.,0.));
#7338=DIRECTION('',(-1.,0.,0.));
#7339=DIRECTION('',(0.,0.,1.));
#7340=DIRECTION('',(0.,-1.,0.));
#7341=DIRECTION('',(0.,0.,-1.));
#7342=DIRECTION('',(0.,-1.,0.));
#7343=DIRECTION('',(0.,-1.,0.));
#7344=DIRECTION('',(0.,-1.,0.));
#7345=DIRECTION('',(0.0899238131191228,0.,0.995948647187252));
#7346=DIRECTION('',(0.995948647187252,0.,-0.0899238131191228));
#7347=DIRECTION('',(0.,-1.,0.));
#7348=DIRECTION('',(-0.995948647187252,0.,0.0899238131191228));
#7349=DIRECTION('',(0.,-1.,0.));
#7350=DIRECTION('',(0.,-1.,0.));
#7351=DIRECTION('',(0.,-1.,0.));
#7352=DIRECTION('',(0.,-1.,0.));
#7353=DIRECTION('',(1.,0.,0.));
#7354=DIRECTION('',(0.,0.,-1.));
#7355=DIRECTION('',(0.,-1.,0.));
#7356=DIRECTION('',(0.,0.,1.));
#7357=DIRECTION('',(0.0171027612921854,0.,-0.999853737081671));
#7358=DIRECTION('',(-0.999853737081671,0.,-0.0171027612921854));
#7359=DIRECTION('',(0.,-1.,0.));
#7360=DIRECTION('',(0.999853737081671,0.,0.0171027612921854));
#7361=DIRECTION('',(0.,-1.,0.));
#7362=DIRECTION('',(0.,-1.,0.));
#7363=DIRECTION('',(0.,-1.,0.));
#7364=DIRECTION('',(1.,0.,0.));
#7365=DIRECTION('',(0.,-1.,0.));
#7366=DIRECTION('',(0.,-1.,0.));
#7367=DIRECTION('',(0.,-1.,0.));
#7368=DIRECTION('',(0.,-1.,0.));
#7369=DIRECTION('',(0.,-1.,0.));
#7370=DIRECTION('',(0.,-1.,0.));
#7371=DIRECTION('',(0.,-1.,0.));
#7372=DIRECTION('',(-0.0210991981052581,0.,0.999777387141415));
#7373=DIRECTION('',(0.999777387141415,0.,0.0210991981052581));
#7374=DIRECTION('',(-0.999777387141415,0.,-0.0210991981052581));
#7375=DIRECTION('',(0.,-1.,0.));
#7376=DIRECTION('',(-0.999777387141415,0.,-0.0210991981052581));
#7377=DIRECTION('',(1.,0.,0.));
#7378=DIRECTION('',(0.,0.,-1.));
#7379=DIRECTION('',(0.,0.,1.));
#7380=DIRECTION('',(0.,-1.,0.));
#7381=DIRECTION('',(0.,0.,1.));
#7382=DIRECTION('',(0.,-1.,0.));
#7383=DIRECTION('',(0.,-1.,0.));
#7384=DIRECTION('',(0.,-1.,0.));
#7385=DIRECTION('',(0.,-1.,0.));
#7386=DIRECTION('',(0.,-1.,0.));
#7387=DIRECTION('',(0.,0.,1.));
#7388=DIRECTION('',(1.,0.,0.));
#7389=DIRECTION('',(0.,-1.,0.));
#7390=DIRECTION('',(-1.,0.,0.));
#7391=DIRECTION('',(0.,-1.,0.));
#7392=DIRECTION('',(0.,-1.,0.));
#7393=DIRECTION('',(0.,-1.,0.));
#7394=DIRECTION('',(0.114817312516213,0.,-0.993386624002233));
#7395=DIRECTION('',(0.,-1.,0.));
#7396=DIRECTION('',(0.,-1.,0.));
#7397=DIRECTION('',(0.,0.,-1.));
#7398=DIRECTION('',(-1.,0.,0.));
#7399=DIRECTION('',(0.,0.,1.));
#7400=DIRECTION('',(0.,-1.,0.));
#7401=DIRECTION('',(0.,0.,-1.));
#7402=DIRECTION('',(0.,-1.,0.));
#7403=DIRECTION('',(0.,-1.,0.));
#7404=DIRECTION('',(0.,-1.,0.));
#7405=DIRECTION('',(-1.,0.,-2.19844497145539E-16));
#7406=DIRECTION('',(-2.19844497145539E-16,0.,1.));
#7407=DIRECTION('',(0.,-1.,0.));
#7408=DIRECTION('',(2.19844497145539E-16,0.,-1.));
#7409=DIRECTION('',(0.,-1.,0.));
#7410=DIRECTION('',(0.,-1.,0.));
#7411=DIRECTION('',(0.,-1.,0.));
#7412=DIRECTION('',(0.0899238131191214,0.,0.995948647187252));
#7413=DIRECTION('',(0.995948647187252,0.,-0.0899238131191214));
#7414=DIRECTION('',(0.,-1.,0.));
#7415=DIRECTION('',(-0.995948647187252,0.,0.0899238131191214));
#7416=DIRECTION('',(0.,-1.,0.));
#7417=DIRECTION('',(0.,-1.,0.));
#7418=DIRECTION('',(0.,-1.,0.));
#7419=DIRECTION('',(0.,-1.,0.));
#7420=DIRECTION('',(1.,0.,0.));
#7421=DIRECTION('',(0.,0.,-1.));
#7422=DIRECTION('',(0.,-1.,0.));
#7423=DIRECTION('',(0.,0.,1.));
#7424=DIRECTION('',(0.0171027612921872,0.,-0.999853737081671));
#7425=DIRECTION('',(-0.999853737081671,0.,-0.0171027612921872));
#7426=DIRECTION('',(0.,-1.,0.));
#7427=DIRECTION('',(0.999853737081671,0.,0.0171027612921872));
#7428=DIRECTION('',(0.,-1.,0.));
#7429=DIRECTION('',(0.,-1.,0.));
#7430=DIRECTION('',(0.,-1.,0.));
#7431=DIRECTION('',(1.,0.,0.));
#7432=DIRECTION('',(1.,0.,0.));
#7433=DIRECTION('',(0.,0.,-1.));
#7434=DIRECTION('',(0.,-1.,0.));
#7435=DIRECTION('',(0.,0.,1.));
#7436=DIRECTION('',(0.,-1.,0.));
#7437=DIRECTION('',(0.,0.,1.));
#7438=DIRECTION('',(1.,0.,0.));
#7439=DIRECTION('',(0.,-1.,0.));
#7440=DIRECTION('',(-1.,0.,0.));
#7441=DIRECTION('',(-1.,0.,0.));
#7442=DIRECTION('',(0.,0.,1.));
#7443=DIRECTION('',(0.,-1.,0.));
#7444=DIRECTION('',(0.,0.,-1.));
#7445=DIRECTION('',(0.,-1.,0.));
#7446=DIRECTION('',(0.,-1.,0.));
#7447=DIRECTION('',(0.,-1.,0.));
#7448=DIRECTION('',(0.,-1.,0.));
#7449=DIRECTION('',(0.,0.,-1.));
#7450=DIRECTION('',(-1.,0.,0.));
#7451=DIRECTION('',(0.,-1.,0.));
#7452=DIRECTION('',(1.,0.,0.));
#7453=DIRECTION('',(0.,-1.,0.));
#7454=DIRECTION('',(-0.998720650942901,-2.72386718552659E-26,-0.0505673944373976));
#7455=DIRECTION('',(0.0505673944373976,-8.15992342767048E-35,-0.998720650942901));
#7456=DIRECTION('',(0.,-1.,0.));
#7457=DIRECTION('',(0.0505673944373976,-8.15992342767048E-35,-0.998720650942901));
#7458=DIRECTION('',(0.,-1.,0.));
#7459=DIRECTION('',(0.,0.,-1.));
#7460=DIRECTION('',(-1.,0.,0.));
#7461=DIRECTION('',(0.,-1.,0.));
#7462=DIRECTION('',(1.,0.,0.));
#7463=DIRECTION('',(0.,-1.,0.));
#7464=DIRECTION('',(1.,0.,0.));
#7465=DIRECTION('',(0.,0.,-1.));
#7466=DIRECTION('',(0.,-1.,0.));
#7467=DIRECTION('',(0.,0.,1.));
#7468=DIRECTION('',(0.,0.,1.));
#7469=DIRECTION('',(1.,0.,0.));
#7470=DIRECTION('',(0.,-1.,0.));
#7471=DIRECTION('',(-1.,0.,0.));
#7472=DIRECTION('',(-1.,0.,0.));
#7473=DIRECTION('',(0.,0.,1.));
#7474=DIRECTION('',(0.,-1.,0.));
#7475=DIRECTION('',(0.,0.,-1.));
#7476=DIRECTION('',(0.,-1.,0.));
#7477=DIRECTION('',(0.,-1.,0.));
#7478=DIRECTION('',(0.,-1.,0.));
#7479=DIRECTION('',(0.,-1.,0.));
#7480=DIRECTION('',(0.,-1.,0.));
#7481=DIRECTION('',(1.,0.,0.));
#7482=DIRECTION('',(-1.,0.,0.));
#7483=DIRECTION('',(0.,0.,1.));
#7484=DIRECTION('',(0.,-1.,0.));
#7485=DIRECTION('',(0.,0.,-1.));
#7486=DIRECTION('',(0.,-1.,0.));
#7487=DIRECTION('',(0.,0.,1.));
#7488=DIRECTION('',(1.,0.,0.));
#7489=DIRECTION('',(0.,-1.,0.));
#7490=DIRECTION('',(-1.,0.,0.));
#7491=DIRECTION('',(-1.,0.,0.));
#7492=DIRECTION('',(0.,0.,1.));
#7493=DIRECTION('',(0.,-1.,0.));
#7494=DIRECTION('',(0.,0.,-1.));
#7495=DIRECTION('',(0.,0.,-1.));
#7496=DIRECTION('',(-1.,0.,0.));
#7497=DIRECTION('',(0.,-1.,0.));
#7498=DIRECTION('',(1.,0.,0.));
#7499=DIRECTION('',(1.,0.,0.));
#7500=DIRECTION('',(0.,0.,-1.));
#7501=DIRECTION('',(0.,-1.,0.));
#7502=DIRECTION('',(0.,0.,1.));
#7503=DIRECTION('',(0.,0.,1.));
#7504=DIRECTION('',(1.,0.,0.));
#7505=DIRECTION('',(0.,-1.,0.));
#7506=DIRECTION('',(-1.,0.,0.));
#7507=DIRECTION('',(-1.,0.,0.));
#7508=DIRECTION('',(0.,0.,1.));
#7509=DIRECTION('',(0.,-1.,0.));
#7510=DIRECTION('',(0.,0.,-1.));
#7511=DIRECTION('',(0.,0.,1.));
#7512=DIRECTION('',(1.,0.,0.));
#7513=DIRECTION('',(0.,-1.,0.));
#7514=DIRECTION('',(-1.,0.,0.));
#7515=DIRECTION('',(-1.,0.,0.));
#7516=DIRECTION('',(0.,0.,1.));
#7517=DIRECTION('',(0.,-1.,0.));
#7518=DIRECTION('',(0.,0.,-1.));
#7519=DIRECTION('',(0.,0.,-1.));
#7520=DIRECTION('',(-1.,0.,0.));
#7521=DIRECTION('',(1.,0.,0.));
#7522=DIRECTION('',(0.,-1.,0.));
#7523=DIRECTION('',(1.,0.,0.));
#7524=DIRECTION('',(0.,-1.,0.));
#7525=DIRECTION('',(1.,0.,0.));
#7526=DIRECTION('',(0.,-1.,0.));
#7527=DIRECTION('',(1.,0.,0.));
#7528=DIRECTION('',(1.,0.,0.));
#7529=DIRECTION('',(0.,1.,0.));
#7530=DIRECTION('',(0.,0.,1.));
#7531=DIRECTION('',(1.,0.,0.));
#7532=DIRECTION('',(-1.,0.,0.));
#7533=DIRECTION('',(0.,1.,0.));
#7534=DIRECTION('',(-1.,0.,0.));
#7535=DIRECTION('',(0.,1.,0.));
#7536=DIRECTION('',(0.,0.,1.));
#7537=DIRECTION('',(-1.,0.,0.));
#7538=DIRECTION('',(0.,0.,-1.));
#7539=DIRECTION('',(0.,0.,1.));
#7540=DIRECTION('',(1.,0.,0.));
#7541=DIRECTION('',(-1.,0.,0.));
#7542=DIRECTION('',(0.,1.,0.));
#7543=DIRECTION('',(0.,1.,0.));
#7544=DIRECTION('',(0.,0.,1.));
#7545=DIRECTION('',(0.,0.,-1.));
#7546=DIRECTION('',(1.,0.,0.));
#7547=DIRECTION('',(0.,1.,0.));
#7548=DIRECTION('',(0.,0.,1.));
#7549=DIRECTION('',(1.,0.,0.));
#7550=DIRECTION('',(0.707106781186547,-0.707106781186548,0.));
#7551=DIRECTION('',(0.,0.,-1.));
#7552=DIRECTION('',(0.707106781186547,-0.707106781186548,0.));
#7553=DIRECTION('',(0.707106781186548,0.707106781186547,0.));
#7554=DIRECTION('',(0.707106781186547,-0.707106781186548,0.));
#7555=DIRECTION('',(0.707106781186548,0.707106781186547,0.));
#7556=DIRECTION('',(0.,0.,-1.));
#7557=DIRECTION('',(-0.5,-0.5,-0.707106781186549));
#7558=DIRECTION('',(0.,0.,-1.));
#7559=DIRECTION('',(0.707106781186547,-0.707106781186548,0.));
#7560=DIRECTION('',(0.,0.,-1.));
#7561=DIRECTION('',(0.,0.,-1.));
#7562=DIRECTION('',(0.707106781186547,-0.707106781186548,0.));
#7563=DIRECTION('',(0.707106781186548,0.707106781186547,0.));
#7564=DIRECTION('',(0.707106781186547,-0.707106781186548,0.));
#7565=DIRECTION('',(0.707106781186548,0.707106781186547,0.));
#7566=DIRECTION('',(0.,0.,-1.));
#7567=DIRECTION('',(0.5,0.5,0.707106781186549));
#7568=DIRECTION('',(-0.707106781186548,-0.707106781186547,0.));
#7569=DIRECTION('',(0.707106781186547,-0.707106781186548,0.));
#7570=DIRECTION('',(0.707106781186547,-0.707106781186548,0.));
#7571=DIRECTION('',(-0.707106781186547,0.707106781186548,0.));
#7572=DIRECTION('',(-0.707106781186548,-0.707106781186547,0.));
#7573=DIRECTION('',(0.707106781186547,-0.707106781186548,0.));
#7574=DIRECTION('',(0.707106781186547,-0.707106781186548,0.));
#7575=DIRECTION('',(0.,0.,-1.));
#7576=DIRECTION('',(0.707106781186547,-0.707106781186548,0.));
#7577=DIRECTION('',(0.,0.,-1.));
#7578=DIRECTION('',(0.707106781186547,-0.707106781186548,0.));
#7579=DIRECTION('',(0.,0.,-1.));
#7580=DIRECTION('',(0.707106781186547,-0.707106781186548,0.));
#7581=DIRECTION('',(0.,0.,-1.));
#7582=DIRECTION('',(0.707106781186547,-0.707106781186548,0.));
#7583=DIRECTION('',(-0.707106781186547,0.707106781186548,-1.61771349781076E-16));
#7584=DIRECTION('',(0.5,0.5,-0.707106781186547));
#7585=DIRECTION('',(0.707106781186547,-0.707106781186548,0.));
#7586=DIRECTION('',(0.707106781186547,-0.707106781186548,0.));
#7587=DIRECTION('',(0.707106781186548,0.707106781186547,0.));
#7588=DIRECTION('',(0.707106781186547,-0.707106781186548,0.));
#7589=DIRECTION('',(-0.707106781186547,0.707106781186548,0.));
#7590=DIRECTION('',(-0.707106781186548,-0.707106781186547,0.));
#7591=DIRECTION('',(-0.707106781186547,0.707106781186548,0.));
#7592=DIRECTION('',(-0.707106781186548,-0.707106781186547,0.));
#7593=DIRECTION('',(-0.707106781186548,-0.707106781186547,0.));
#7594=DIRECTION('',(0.,0.,-1.));
#7595=DIRECTION('',(-0.707106781186548,-0.707106781186547,0.));
#7596=DIRECTION('',(0.,0.,-1.));
#7597=DIRECTION('',(-1.,0.,0.));
#7598=DIRECTION('',(-0.707106781186548,-0.707106781186547,0.));
#7599=DIRECTION('',(0.707106781186547,-0.707106781186548,0.));
#7600=DIRECTION('',(-0.707106781186547,0.707106781186548,0.));
#7601=DIRECTION('',(-0.707106781186548,-0.707106781186547,0.));
#7602=DIRECTION('',(-0.707106781186548,-0.707106781186547,0.));
#7603=DIRECTION('',(0.,0.,-1.));
#7604=DIRECTION('',(0.,0.,-1.));
#7605=DIRECTION('',(-1.,0.,0.));
#7606=DIRECTION('',(0.707106781186547,-0.707106781186548,0.));
#7607=DIRECTION('',(0.707106781186548,0.707106781186547,0.));
#7608=DIRECTION('',(-0.707106781186547,0.707106781186548,0.));
#7609=DIRECTION('',(-0.707106781186547,0.707106781186548,0.));
#7610=DIRECTION('',(-0.707106781186548,-0.707106781186547,0.));
#7611=DIRECTION('',(-0.707106781186548,-0.707106781186547,0.));
#7612=DIRECTION('',(0.,0.,-1.));
#7613=DIRECTION('',(-0.707106781186548,-0.707106781186547,0.));
#7614=DIRECTION('',(0.,0.,-1.));
#7615=DIRECTION('',(-1.,0.,0.));
#7616=DIRECTION('',(-0.707106781186548,-0.707106781186547,0.));
#7617=DIRECTION('',(0.707106781186547,-0.707106781186548,0.));
#7618=DIRECTION('',(-0.707106781186547,0.707106781186548,0.));
#7619=DIRECTION('',(-0.707106781186548,-0.707106781186547,0.));
#7620=DIRECTION('',(-0.707106781186548,-0.707106781186547,0.));
#7621=DIRECTION('',(0.,0.,-1.));
#7622=DIRECTION('',(0.,0.,-1.));
#7623=DIRECTION('',(-1.,0.,0.));
#7624=DIRECTION('',(0.707106781186547,-0.707106781186548,0.));
#7625=DIRECTION('',(0.707106781186548,0.707106781186547,0.));
#7626=DIRECTION('',(-0.707106781186547,0.707106781186548,0.));
#7627=DIRECTION('',(0.,0.,1.));
#7628=DIRECTION('',(1.,0.,0.));
#7629=DIRECTION('',(0.707106781186547,0.707106781186548,3.88875159240464E-16));
#7630=DIRECTION('',(2.7497626213393E-16,2.74976262133931E-16,-1.));
#7631=DIRECTION('',(2.7497626213393E-16,2.74976262133931E-16,-1.));
#7632=DIRECTION('',(0.707106781186547,0.707106781186548,3.88875159240464E-16));
#7633=DIRECTION('',(-0.707106781186548,0.707106781186547,0.));
#7634=DIRECTION('',(0.707106781186547,0.707106781186548,3.88875159240464E-16));
#7635=DIRECTION('',(-0.707106781186548,0.707106781186547,0.));
#7636=DIRECTION('',(2.7497626213393E-16,2.74976262133931E-16,-1.));
#7637=DIRECTION('',(0.707106781186548,-0.707106781186547,0.));
#7638=DIRECTION('',(2.7497626213393E-16,2.74976262133931E-16,-1.));
#7639=DIRECTION('',(0.707106781186548,-0.707106781186547,0.));
#7640=DIRECTION('',(2.7497626213393E-16,2.74976262133931E-16,-1.));
#7641=DIRECTION('',(0.707106781186548,-0.707106781186547,0.));
#7642=DIRECTION('',(2.7497626213393E-16,2.74976262133931E-16,-1.));
#7643=DIRECTION('',(0.707106781186548,-0.707106781186547,0.));
#7644=DIRECTION('',(2.7497626213393E-16,2.74976262133931E-16,-1.));
#7645=DIRECTION('',(0.5,-0.5,-0.707106781186547));
#7646=DIRECTION('',(0.707106781186547,0.707106781186548,0.));
#7647=DIRECTION('',(0.,0.,-1.));
#7648=DIRECTION('',(0.707106781186547,0.707106781186548,0.));
#7649=DIRECTION('',(-0.707106781186548,0.707106781186547,0.));
#7650=DIRECTION('',(0.707106781186547,0.707106781186548,0.));
#7651=DIRECTION('',(-0.707106781186548,0.707106781186547,0.));
#7652=DIRECTION('',(0.,0.,-1.));
#7653=DIRECTION('',(-0.5,0.5,0.707106781186547));
#7654=DIRECTION('',(0.,0.,-1.));
#7655=DIRECTION('',(0.707106781186548,-0.707106781186547,0.));
#7656=DIRECTION('',(0.707106781186547,0.707106781186548,0.));
#7657=DIRECTION('',(-0.707106781186547,-0.707106781186548,0.));
#7658=DIRECTION('',(-0.707106781186547,-0.707106781186548,0.));
#7659=DIRECTION('',(0.707106781186548,-0.707106781186547,0.));
#7660=DIRECTION('',(0.707106781186547,0.707106781186548,0.));
#7661=DIRECTION('',(-0.707106781186547,-0.707106781186548,0.));
#7662=DIRECTION('',(0.,0.,-1.));
#7663=DIRECTION('',(-0.707106781186547,-0.707106781186548,0.));
#7664=DIRECTION('',(-0.707106781186547,-0.707106781186548,0.));
#7665=DIRECTION('',(0.,0.,-1.));
#7666=DIRECTION('',(-0.707106781186547,-0.707106781186548,0.));
#7667=DIRECTION('',(-0.707106781186547,-0.707106781186548,0.));
#7668=DIRECTION('',(0.707106781186547,0.707106781186548,0.));
#7669=DIRECTION('',(0.5,-0.5,0.707106781186549));
#7670=DIRECTION('',(0.707106781186547,0.707106781186548,0.));
#7671=DIRECTION('',(0.707106781186547,0.707106781186548,0.));
#7672=DIRECTION('',(-0.707106781186548,0.707106781186547,0.));
#7673=DIRECTION('',(0.707106781186547,0.707106781186548,0.));
#7674=DIRECTION('',(-0.707106781186547,-0.707106781186548,0.));
#7675=DIRECTION('',(0.707106781186548,-0.707106781186547,0.));
#7676=DIRECTION('',(0.,0.,1.));
#7677=DIRECTION('',(1.,0.,0.));
#7678=DIRECTION('',(-0.707106781186547,-0.707106781186548,0.));
#7679=DIRECTION('',(0.707106781186548,-0.707106781186547,0.));
#7680=DIRECTION('',(0.,0.,1.));
#7681=DIRECTION('',(1.,0.,0.));
#7682=DIRECTION('',(0.707106781186548,-0.707106781186547,0.));
#7683=DIRECTION('',(-0.707106781186547,-0.707106781186548,0.));
#7684=DIRECTION('',(-0.707106781186547,-0.707106781186548,0.));
#7685=DIRECTION('',(0.707106781186548,-0.707106781186547,0.));
#7686=DIRECTION('',(0.,0.,-1.));
#7687=DIRECTION('',(-0.707106781186548,0.707106781186547,0.));
#7688=DIRECTION('',(-0.707106781186547,-0.707106781186548,0.));
#7689=DIRECTION('',(0.,0.,1.));
#7690=DIRECTION('',(1.,0.,0.));
#7691=DIRECTION('',(-0.707106781186547,-0.707106781186548,0.));
#7692=DIRECTION('',(0.707106781186548,-0.707106781186547,0.));
#7693=DIRECTION('',(0.,0.,1.));
#7694=DIRECTION('',(1.,0.,0.));
#7695=DIRECTION('',(0.707106781186548,-0.707106781186547,0.));
#7696=DIRECTION('',(-0.707106781186547,-0.707106781186548,0.));
#7697=DIRECTION('',(-0.707106781186547,-0.707106781186548,0.));
#7698=DIRECTION('',(0.707106781186548,-0.707106781186547,0.));
#7699=DIRECTION('',(0.,0.,-1.));
#7700=DIRECTION('',(-0.707106781186548,0.707106781186547,0.));
#7701=DIRECTION('',(-0.707106781186547,-0.707106781186548,0.));
#7702=DIRECTION('',(0.,0.,1.));
#7703=DIRECTION('',(1.,0.,0.));
#7704=DIRECTION('',(-0.702943272720956,-0.711245917623681,4.35512518212231E-17));
#7705=DIRECTION('',(0.711245917623681,-0.702943272720956,0.));
#7706=DIRECTION('',(-0.711245917623681,0.702943272720956,-4.30428614459942E-17));
#7707=DIRECTION('',(0.,-6.12323399573677E-17,-1.));
#7708=DIRECTION('',(-0.711245917623681,0.702943272720956,-4.30428614459942E-17));
#7709=DIRECTION('',(0.,-6.12323399573677E-17,-1.));
#7710=DIRECTION('',(0.,-6.12323399573677E-17,-1.));
#7711=DIRECTION('',(1.,0.,0.));
#7712=DIRECTION('',(1.,0.,0.));
#7713=DIRECTION('',(0.707083407313861,-0.707130154286621,4.32992340013842E-17));
#7714=DIRECTION('',(0.999999991427338,-0.000130940151363934,8.01777186238559E-21));
#7715=DIRECTION('',(0.707399451092366,0.706813990095145,-4.32798745281294E-17));
#7716=DIRECTION('',(-1.,0.,0.));
#7717=DIRECTION('',(0.707083407313861,-0.707130154286621,4.32992340013842E-17));
#7718=DIRECTION('',(-1.,0.,0.));
#7719=DIRECTION('',(-0.711245917623681,0.702943272720956,-4.30428614459942E-17));
#7720=DIRECTION('',(1.,0.,0.));
#7721=DIRECTION('',(0.711068673370727,0.703122565240794,-4.30538399465207E-17));
#7722=DIRECTION('',(1.,0.,0.));
#7723=DIRECTION('',(-0.50001652727756,-0.499983472176122,0.707106781186547));
#7724=DIRECTION('',(-0.707083407313861,0.707130154286621,-4.32992340013842E-17));
#7725=DIRECTION('',(-0.816487584617315,-3.53532869855702E-17,-0.577362991683553));
#7726=DIRECTION('',(0.707083407313861,-0.707130154286621,4.32992340013842E-17));
#7727=DIRECTION('',(0.816487584617315,3.53532869855702E-17,0.577362991683553));
#7728=DIRECTION('',(0.816487584617315,3.53532869855702E-17,0.577362991683553));
#7729=DIRECTION('',(0.707083407313861,-0.707130154286621,4.32992340013842E-17));
#7730=DIRECTION('',(-0.81652321616802,0.000106915674433755,-0.577312589528127));
#7731=DIRECTION('',(0.,1.,-6.12323399573677E-17));
#7732=DIRECTION('',(-1.,0.,0.));
#7733=DIRECTION('',(-1.,0.,0.));
#7734=DIRECTION('',(0.816609276267058,-3.53427470153446E-17,-0.577190860907024));
#7735=DIRECTION('',(-1.,0.,0.));
#7736=DIRECTION('',(0.,-6.12323399573677E-17,-1.));
#7737=DIRECTION('',(-1.,0.,0.));
#7738=DIRECTION('',(0.,-6.12323399573677E-17,-1.));
#7739=DIRECTION('',(-0.000130940151363934,-0.999999991427338,6.12323394324435E-17));
#7740=DIRECTION('',(0.999999991427338,-0.000130940151363934,8.01777186238559E-21));
#7741=DIRECTION('',(0.999999991427338,-0.000130940151363934,8.01777186238559E-21));
#7742=DIRECTION('',(-0.816573619456452,0.000106922274248067,0.577241294932558));
#7743=DIRECTION('',(0.,-6.12323399573677E-17,-1.));
#7744=DIRECTION('',(1.,0.,0.));
#7745=DIRECTION('',(0.,-1.,6.12323399573677E-17));
#7746=DIRECTION('',(1.,0.,0.));
#7747=DIRECTION('',(0.,-1.,6.12323399573677E-17));
#7748=DIRECTION('',(0.707399451092366,0.706813990095145,-4.32798745281294E-17));
#7749=DIRECTION('',(0.499792965433797,-0.500206948875051,0.70710678118655));
#7750=DIRECTION('',(-0.707399451092366,-0.706813990095145,4.32798745281294E-17));
#7751=DIRECTION('',(-0.703122565240794,0.711068673370727,-4.35403987408708E-17));
#7752=DIRECTION('',(-0.711068673370727,-0.703122565240794,0.));
#7753=DIRECTION('',(0.,-6.12323399573677E-17,-1.));
#7754=DIRECTION('',(0.711068673370727,0.703122565240794,-4.30538399465207E-17));
#7755=DIRECTION('',(0.,-6.12323399573677E-17,-1.));
#7756=DIRECTION('',(0.,1.,-6.12323399573677E-17));
#7757=DIRECTION('',(0.,6.12323399573677E-17,1.));
#7758=DIRECTION('',(0.,-6.12323399573677E-17,-1.));
#7759=DIRECTION('',(1.,0.,0.));
#7760=DIRECTION('',(-0.702943272720956,-0.711245917623681,4.35512518212231E-17));
#7761=DIRECTION('',(0.711245917623681,-0.702943272720956,0.));
#7762=DIRECTION('',(0.,-6.12323399573677E-17,-1.));
#7763=DIRECTION('',(-0.711245917623681,0.702943272720956,-4.30428614459942E-17));
#7764=DIRECTION('',(0.,1.,-6.12323399573677E-17));
#7765=DIRECTION('',(0.,6.12323399573677E-17,1.));
#7766=DIRECTION('',(1.,0.,0.));
#7767=DIRECTION('',(0.,-6.12323399573677E-17,-1.));
#7768=DIRECTION('',(1.,0.,0.));
#7769=DIRECTION('',(-1.,0.,0.));
#7770=DIRECTION('',(1.,0.,0.));
#7771=DIRECTION('',(0.,1.,-6.12323399573677E-17));
#7772=DIRECTION('',(0.,6.12323399573677E-17,1.));
#7773=DIRECTION('',(0.,-1.,6.12323399573677E-17));
#7774=DIRECTION('',(0.,-6.12323399573677E-17,-1.));
#7775=DIRECTION('',(1.,0.,0.));
#7776=DIRECTION('',(0.,0.,-1.));
#7777=DIRECTION('',(0.,-6.12323399573677E-17,-1.));
#7778=DIRECTION('',(0.,-1.,6.12323399573677E-17));
#7779=DIRECTION('',(0.,1.,-6.12323399573677E-17));
#7780=DIRECTION('',(0.,6.12323399573677E-17,1.));
#7781=DIRECTION('',(0.,-6.12323399573677E-17,-1.));
#7782=DIRECTION('',(1.,0.,0.));
#7783=DIRECTION('',(1.,0.,0.));
#7784=DIRECTION('',(0.,0.,-1.));
#7785=DIRECTION('',(0.,-1.,6.12323399573677E-17));
#7786=DIRECTION('',(0.,6.12323399573677E-17,1.));
#7787=DIRECTION('',(1.,0.,0.));
#7788=DIRECTION('',(0.,0.,1.));
#7789=DIRECTION('',(1.,0.,0.));
#7790=DIRECTION('',(-1.,2.08166817117217E-16,-1.27465413135646E-32));
#7791=DIRECTION('',(-2.08166817117217E-16,-1.,0.));
#7792=DIRECTION('',(-2.08166817117217E-16,-1.,6.12323399573677E-17));
#7793=DIRECTION('',(0.,6.12323399573677E-17,1.));
#7794=DIRECTION('',(-2.08166817117217E-16,-1.,6.12323399573677E-17));
#7795=DIRECTION('',(0.,6.12323399573677E-17,1.));
#7796=DIRECTION('',(0.,-1.,6.12323399573677E-17));
#7797=DIRECTION('',(0.,-6.12323399573677E-17,-1.));
#7798=DIRECTION('',(1.,0.,0.));
#7799=DIRECTION('',(0.,6.12323399573677E-17,1.));
#7800=DIRECTION('',(1.,0.,0.));
#7801=DIRECTION('',(-1.,2.08166817117217E-16,-1.27465413135646E-32));
#7802=DIRECTION('',(-2.08166817117217E-16,-1.,0.));
#7803=DIRECTION('',(-2.08166817117217E-16,-1.,6.12323399573677E-17));
#7804=DIRECTION('',(0.,6.12323399573677E-17,1.));
#7805=DIRECTION('',(-2.08166817117217E-16,-1.,6.12323399573677E-17));
#7806=DIRECTION('',(0.,6.12323399573677E-17,1.));
#7807=DIRECTION('',(0.,-1.,6.12323399573677E-17));
#7808=DIRECTION('',(0.,-6.12323399573677E-17,-1.));
#7809=DIRECTION('',(0.,1.,-6.12323399573677E-17));
#7810=DIRECTION('',(0.,-6.12323399573677E-17,-1.));
#7811=DIRECTION('',(0.,1.,-6.12323399573677E-17));
#7812=DIRECTION('',(0.,-1.,6.12323399573677E-17));
#7813=DIRECTION('',(0.,-6.12323399573677E-17,-1.));
#7814=DIRECTION('',(1.,0.,0.));
#7815=DIRECTION('',(1.,0.,0.));
#7816=DIRECTION('',(0.,-6.12323399573677E-17,-1.));
#7817=DIRECTION('',(1.,0.,0.));
#7818=DIRECTION('',(0.,-6.12323399573677E-17,-1.));
#7819=DIRECTION('',(1.,0.,0.));
#7820=DIRECTION('',(0.,-6.12323399573677E-17,-1.));
#7821=DIRECTION('',(0.,1.,-6.12323399573677E-17));
#7822=DIRECTION('',(0.,-6.12323399573677E-17,-1.));
#7823=DIRECTION('',(0.,1.,-6.12323399573677E-17));
#7824=DIRECTION('',(0.,-6.12323399573677E-17,-1.));
#7825=DIRECTION('',(0.,1.,-6.12323399573677E-17));
#7826=DIRECTION('',(0.,-6.12323399573677E-17,-1.));
#7827=DIRECTION('',(1.,0.,0.));
#7828=DIRECTION('',(0.,0.,1.));
#7829=DIRECTION('',(1.,0.,0.));
#7830=DIRECTION('',(0.,1.,0.));
#7831=DIRECTION('',(-1.,0.,0.));
#7832=DIRECTION('',(0.,1.,0.));
#7833=DIRECTION('',(0.,0.,1.));
#7834=DIRECTION('',(0.,1.,0.));
#7835=DIRECTION('',(0.,0.,1.));
#7836=DIRECTION('',(0.,1.,0.));
#7837=DIRECTION('',(0.,0.,1.));
#7838=DIRECTION('',(0.,0.,1.));
#7839=DIRECTION('',(-1.,0.,0.));
#7840=DIRECTION('',(0.,1.,0.));
#7841=DIRECTION('',(0.,0.,1.));
#7842=DIRECTION('',(-1.,0.,0.));
#7843=DIRECTION('',(0.,1.,0.));
#7844=DIRECTION('',(0.,0.,1.));
#7845=DIRECTION('',(-1.,0.,0.));
#7846=DIRECTION('',(0.,0.,1.));
#7847=DIRECTION('',(-1.,0.,0.));
#7848=DIRECTION('',(1.,0.,0.));
#7849=DIRECTION('',(0.566110749872388,0.,0.824329193271064));
#7850=DIRECTION('',(0.574175743182164,0.,-0.818732078241234));
#7851=DIRECTION('',(1.,0.,0.));
#7852=DIRECTION('',(-0.590706051179799,0.,0.806886832895152));
#7853=DIRECTION('',(0.590370554981622,0.,0.807132335996206));
#7854=DIRECTION('',(-1.,0.,0.));
#7855=DIRECTION('',(-0.578331672351847,0.,-0.81580173863183));
#7856=DIRECTION('',(-0.567499103600913,0.,0.823374014292509));
#7857=DIRECTION('',(-1.,0.,0.));
#7858=DIRECTION('',(0.583875682533143,0.,-0.811843080494289));
#7859=DIRECTION('',(-0.577654361976577,0.,-0.816281469892239));
#7860=DIRECTION('',(0.,0.,1.));
#7861=DIRECTION('',(-1.,0.,0.));
#7862=DIRECTION('',(0.,0.,-1.));
#7863=DIRECTION('',(0.,0.,1.));
#7864=DIRECTION('',(-1.,0.,0.));
#7865=DIRECTION('',(0.,0.,-1.));
#7866=DIRECTION('',(1.,0.,0.));
#7867=DIRECTION('',(0.,0.,1.));
#7868=DIRECTION('',(-1.,0.,0.));
#7869=DIRECTION('',(0.,0.,-1.));
#7870=DIRECTION('',(-1.,0.,0.));
#7871=DIRECTION('',(0.,0.,-1.));
#7872=DIRECTION('',(1.,0.,0.));
#7873=DIRECTION('',(0.,0.,-1.));
#7874=DIRECTION('',(-1.,0.,0.));
#7875=DIRECTION('',(0.,0.,-1.));
#7876=DIRECTION('',(1.,0.,0.));
#7877=DIRECTION('',(0.,0.,-1.));
#7878=DIRECTION('',(1.,0.,0.));
#7879=DIRECTION('',(0.,0.,1.));
#7880=DIRECTION('',(-1.,0.,0.));
#7881=DIRECTION('',(0.,0.,-1.));
#7882=DIRECTION('',(-1.,0.,0.));
#7883=DIRECTION('',(0.,0.,1.));
#7884=DIRECTION('',(0.,1.,0.));
#7885=DIRECTION('',(0.,0.,-1.));
#7886=DIRECTION('',(0.,1.,0.));
#7887=DIRECTION('',(0.,0.,-1.));
#7888=DIRECTION('',(-1.,0.,0.));
#7889=DIRECTION('',(0.,1.,0.));
#7890=DIRECTION('',(1.,0.,0.));
#7891=DIRECTION('',(0.,1.,0.));
#7892=DIRECTION('',(-1.,0.,0.));
#7893=DIRECTION('',(-1.,0.,0.));
#7894=DIRECTION('',(0.,0.,1.));
#7895=DIRECTION('',(0.,0.,-1.));
#7896=DIRECTION('',(0.,1.,0.));
#7897=DIRECTION('',(0.,1.,0.));
#7898=DIRECTION('',(0.,0.,-1.));
#7899=DIRECTION('',(-1.,0.,0.));
#7900=DIRECTION('',(1.,0.,0.));
#7901=DIRECTION('',(0.,1.,0.));
#7902=DIRECTION('',(0.,0.,1.));
#7903=DIRECTION('',(0.,1.,0.));
#7904=DIRECTION('',(0.,0.,1.));
#7905=DIRECTION('',(0.,1.,0.));
#7906=DIRECTION('',(0.,0.,1.));
#7907=DIRECTION('',(0.,1.,0.));
#7908=DIRECTION('',(0.,0.,1.));
#7909=DIRECTION('',(0.,1.,0.));
#7910=DIRECTION('',(0.,0.,1.));
#7911=DIRECTION('',(0.,1.,0.));
#7912=DIRECTION('',(0.,0.,1.));
#7913=DIRECTION('',(0.,1.,0.));
#7914=DIRECTION('',(0.,0.,1.));
#7915=DIRECTION('',(0.,1.,0.));
#7916=DIRECTION('',(0.,0.,1.));
#7917=DIRECTION('',(0.,1.,0.));
#7918=DIRECTION('',(0.,0.,1.));
#7919=DIRECTION('',(0.,1.,0.));
#7920=DIRECTION('',(0.,0.,1.));
#7921=DIRECTION('',(0.,1.,0.));
#7922=DIRECTION('',(0.,0.,1.));
#7923=DIRECTION('',(0.,-1.,0.));
#7924=DIRECTION('',(0.,0.,-1.));
#7925=DIRECTION('',(0.,1.,0.));
#7926=DIRECTION('',(0.,0.,1.));
#7927=DIRECTION('',(0.,-1.,0.));
#7928=DIRECTION('',(0.,0.,-1.));
#7929=DIRECTION('',(0.,1.,0.));
#7930=DIRECTION('',(0.,0.,1.));
#7931=DIRECTION('',(-0.707106781186548,-0.707106781186548,0.));
#7932=DIRECTION('',(0.707106781186548,-0.707106781186548,0.));
#7933=DIRECTION('',(1.,0.,0.));
#7934=DIRECTION('',(0.,0.,-1.));
#7935=DIRECTION('',(0.707106781186548,-0.707106781186548,0.));
#7936=DIRECTION('',(0.707106781186548,0.707106781186548,0.));
#7937=DIRECTION('',(0.,1.,0.));
#7938=DIRECTION('',(0.,0.,1.));
#7939=DIRECTION('',(0.,1.,0.));
#7940=DIRECTION('',(0.,0.,1.));
#7941=DIRECTION('',(0.,1.,0.));
#7942=DIRECTION('',(0.,0.,1.));
#7943=DIRECTION('',(-0.824329193271064,0.,0.566110749872388));
#7944=DIRECTION('',(0.566110749872388,0.,0.824329193271064));
#7945=DIRECTION('',(0.,1.,0.));
#7946=DIRECTION('',(0.566110749872388,0.,0.824329193271064));
#7947=DIRECTION('',(0.,1.,0.));
#7948=DIRECTION('',(0.,0.,1.));
#7949=DIRECTION('',(1.,0.,0.));
#7950=DIRECTION('',(0.,1.,0.));
#7951=DIRECTION('',(1.,0.,0.));
#7952=DIRECTION('',(0.816281469892239,0.,-0.577654361976577));
#7953=DIRECTION('',(-0.577654361976577,0.,-0.816281469892239));
#7954=DIRECTION('',(0.,1.,0.));
#7955=DIRECTION('',(-0.577654361976577,0.,-0.816281469892239));
#7956=DIRECTION('',(0.811843080494289,0.,0.583875682533143));
#7957=DIRECTION('',(0.583875682533143,0.,-0.811843080494289));
#7958=DIRECTION('',(0.,1.,0.));
#7959=DIRECTION('',(0.583875682533143,0.,-0.811843080494289));
#7960=DIRECTION('',(0.,0.,-1.));
#7961=DIRECTION('',(-1.,0.,0.));
#7962=DIRECTION('',(0.,1.,0.));
#7963=DIRECTION('',(-1.,0.,0.));
#7964=DIRECTION('',(-0.823374014292509,0.,-0.567499103600912));
#7965=DIRECTION('',(-0.567499103600912,0.,0.823374014292509));
#7966=DIRECTION('',(0.,1.,0.));
#7967=DIRECTION('',(-0.567499103600913,0.,0.823374014292509));
#7968=DIRECTION('',(0.81580173863183,0.,-0.578331672351847));
#7969=DIRECTION('',(-0.578331672351847,0.,-0.81580173863183));
#7970=DIRECTION('',(0.,1.,0.));
#7971=DIRECTION('',(-0.578331672351847,0.,-0.81580173863183));
#7972=DIRECTION('',(0.,0.,-1.));
#7973=DIRECTION('',(-1.,0.,0.));
#7974=DIRECTION('',(0.,1.,0.));
#7975=DIRECTION('',(-1.,0.,0.));
#7976=DIRECTION('',(-0.807132335996206,0.,0.590370554981622));
#7977=DIRECTION('',(0.590370554981622,0.,0.807132335996206));
#7978=DIRECTION('',(0.,1.,0.));
#7979=DIRECTION('',(0.590370554981622,0.,0.807132335996206));
#7980=DIRECTION('',(-0.806886832895152,0.,-0.590706051179799));
#7981=DIRECTION('',(-0.590706051179799,0.,0.806886832895152));
#7982=DIRECTION('',(0.,1.,0.));
#7983=DIRECTION('',(-0.590706051179799,0.,0.806886832895152));
#7984=DIRECTION('',(0.,0.,1.));
#7985=DIRECTION('',(1.,0.,0.));
#7986=DIRECTION('',(0.,1.,0.));
#7987=DIRECTION('',(1.,0.,0.));
#7988=DIRECTION('',(0.818732078241234,0.,0.574175743182164));
#7989=DIRECTION('',(0.574175743182164,0.,-0.818732078241234));
#7990=DIRECTION('',(0.574175743182164,0.,-0.818732078241234));
#7991=DIRECTION('',(0.,1.,0.));
#7992=DIRECTION('',(-1.,0.,0.));
#7993=DIRECTION('',(0.,1.,0.));
#7994=DIRECTION('',(0.,1.,0.));
#7995=DIRECTION('',(0.,1.,0.));
#7996=DIRECTION('',(0.,1.,0.));
#7997=DIRECTION('',(0.,1.,0.));
#7998=DIRECTION('',(1.,0.,0.));
#7999=DIRECTION('',(0.,0.,-1.));
#8000=DIRECTION('',(0.,1.,0.));
#8001=DIRECTION('',(0.,0.,-1.));
#8002=DIRECTION('',(0.,0.,-1.));
#8003=DIRECTION('',(-1.,0.,0.));
#8004=DIRECTION('',(0.,1.,0.));
#8005=DIRECTION('',(-1.,0.,0.));
#8006=DIRECTION('',(-1.,0.,0.));
#8007=DIRECTION('',(0.,0.,1.));
#8008=DIRECTION('',(0.,1.,0.));
#8009=DIRECTION('',(0.,0.,1.));
#8010=DIRECTION('',(0.,1.,0.));
#8011=DIRECTION('',(0.,1.,0.));
#8012=DIRECTION('',(0.,1.,0.));
#8013=DIRECTION('',(0.,1.,0.));
#8014=DIRECTION('',(1.,0.,0.));
#8015=DIRECTION('',(0.,0.,-1.));
#8016=DIRECTION('',(0.,1.,0.));
#8017=DIRECTION('',(0.,0.,-1.));
#8018=DIRECTION('',(0.,0.,-1.));
#8019=DIRECTION('',(-1.,0.,0.));
#8020=DIRECTION('',(0.,1.,0.));
#8021=DIRECTION('',(-1.,0.,0.));
#8022=DIRECTION('',(-1.,0.,0.));
#8023=DIRECTION('',(0.,0.,1.));
#8024=DIRECTION('',(0.,1.,0.));
#8025=DIRECTION('',(0.,0.,1.));
#8026=DIRECTION('',(0.,1.,0.));
#8027=DIRECTION('',(0.,1.,0.));
#8028=DIRECTION('',(-1.,0.,0.));
#8029=DIRECTION('',(-1.,0.,0.));
#8030=DIRECTION('',(0.,0.,1.));
#8031=DIRECTION('',(0.,1.,0.));
#8032=DIRECTION('',(0.,0.,1.));
#8033=DIRECTION('',(0.,1.,0.));
#8034=DIRECTION('',(0.,0.,1.));
#8035=DIRECTION('',(1.,0.,0.));
#8036=DIRECTION('',(0.,1.,0.));
#8037=DIRECTION('',(1.,0.,0.));
#8038=DIRECTION('',(1.,0.,0.));
#8039=DIRECTION('',(0.,0.,-1.));
#8040=DIRECTION('',(0.,1.,0.));
#8041=DIRECTION('',(0.,0.,-1.));
#8042=DIRECTION('',(0.,0.,-1.));
#8043=DIRECTION('',(-1.,0.,0.));
#8044=DIRECTION('',(0.,1.,0.));
#8045=DIRECTION('',(-1.,0.,0.));
#8046=DIRECTION('',(1.,0.,0.));
#8047=DIRECTION('',(0.,0.,-1.));
#8048=DIRECTION('',(0.,1.,0.));
#8049=DIRECTION('',(0.,0.,-1.));
#8050=DIRECTION('',(0.,0.,-1.));
#8051=DIRECTION('',(-1.,0.,0.));
#8052=DIRECTION('',(-1.,0.,0.));
#8053=DIRECTION('',(0.,1.,0.));
#8054=DIRECTION('',(-1.,0.,0.));
#8055=DIRECTION('',(1.,0.,0.));
#8056=DIRECTION('',(0.,0.,-1.));
#8057=DIRECTION('',(0.,1.,0.));
#8058=DIRECTION('',(0.,0.,-1.));
#8059=DIRECTION('',(0.,1.,0.));
#8060=DIRECTION('',(0.,0.,1.));
#8061=DIRECTION('',(1.,0.,0.));
#8062=DIRECTION('',(0.,1.,0.));
#8063=DIRECTION('',(1.,0.,0.));
#8064=DIRECTION('',(1.,0.,0.));
#8065=DIRECTION('',(0.,0.,-1.));
#8066=DIRECTION('',(0.,1.,0.));
#8067=DIRECTION('',(0.,0.,-1.));
#8068=DIRECTION('',(0.,0.,-1.));
#8069=DIRECTION('',(-1.,0.,0.));
#8070=DIRECTION('',(0.,1.,0.));
#8071=DIRECTION('',(-1.,0.,0.));
#8072=DIRECTION('',(-1.,0.,0.));
#8073=DIRECTION('',(0.,0.,1.));
#8074=DIRECTION('',(0.,1.,0.));
#8075=DIRECTION('',(0.,0.,1.));
#8076=DIRECTION('',(0.,0.,1.));
#8077=DIRECTION('',(1.,0.,0.));
#8078=DIRECTION('',(0.,1.,0.));
#8079=DIRECTION('',(1.,0.,0.));
#8080=DIRECTION('',(1.,0.,0.));
#8081=DIRECTION('',(0.,0.,-1.));
#8082=DIRECTION('',(0.,1.,0.));
#8083=DIRECTION('',(0.,0.,-1.));
#8084=DIRECTION('',(0.,0.,1.));
#8085=DIRECTION('',(1.,0.,0.));
#8086=DIRECTION('',(0.,1.,0.));
#8087=DIRECTION('',(1.,0.,0.));
#8088=DIRECTION('',(1.,0.,0.));
#8089=DIRECTION('',(0.,0.,-1.));
#8090=DIRECTION('',(0.,1.,0.));
#8091=DIRECTION('',(0.,0.,-1.));
#8092=DIRECTION('',(0.,0.,-1.));
#8093=DIRECTION('',(-1.,0.,0.));
#8094=DIRECTION('',(-1.,0.,0.));
#8095=DIRECTION('',(0.,1.,0.));
#8096=DIRECTION('',(-1.,0.,0.));
#8097=DIRECTION('',(0.,1.,0.));
#8098=DIRECTION('',(-1.,0.,0.));
#8099=DIRECTION('',(0.,0.,1.));
#8100=DIRECTION('',(1.,0.,0.));
#8101=DIRECTION('',(-1.,0.,0.));
#8102=DIRECTION('',(0.,0.,1.));
#8103=DIRECTION('',(1.,0.,0.));
#8104=DIRECTION('',(0.,0.,-1.));
#8105=DIRECTION('',(1.,0.,0.));
#8106=DIRECTION('',(0.,0.,-1.));
#8107=DIRECTION('',(1.,0.,0.));
#8108=DIRECTION('',(0.,1.,0.));
#8109=DIRECTION('',(1.,0.,0.));
#8110=DIRECTION('',(0.,1.,0.));
#8111=CARTESIAN_POINT('',(0.,0.,0.));
#8112=CARTESIAN_POINT('',(1.38777878078145E-17,-0.025,0.00658425915900673));
#8113=CARTESIAN_POINT('',(-0.000668141990900081,-0.025,0.));
#8114=CARTESIAN_POINT('',(-0.0652079731225968,-0.025,0.));
#8115=CARTESIAN_POINT('',(0.0638716891407967,-0.025,0.));
#8116=CARTESIAN_POINT('',(-0.0652079731225968,-0.025,-0.065200075507164));
#8117=CARTESIAN_POINT('',(-0.0652079731225968,-0.025,-0.130400151014328));
#8118=CARTESIAN_POINT('',(-0.000668141990900081,-0.025,-0.130400151014328));
#8119=CARTESIAN_POINT('',(0.0638716891407967,-0.025,-0.130400151014328));
#8120=CARTESIAN_POINT('',(0.0638716891407967,-0.025,-0.065200075507164));
#8121=CARTESIAN_POINT('',(0.00146568355072948,-0.025,-0.0846999356613702));
#8122=CARTESIAN_POINT('',(-0.00163422805619285,-0.025,-0.0864449907967356));
#8123=CARTESIAN_POINT('',(-0.00606731843112723,-0.025,-0.0864449907967356));
#8124=CARTESIAN_POINT('',(0.00146568355072948,-0.025,-0.0846999356613702));
#8125=CARTESIAN_POINT('',(-0.00606731843112723,-0.025,-0.0864449907967356));
#8126=CARTESIAN_POINT('',(-0.00606731843112723,-0.025,-0.0864449907967356));
#8127=CARTESIAN_POINT('',(-0.0115951328350796,-0.025,-0.0864449907967356));
#8128=CARTESIAN_POINT('',(-0.0143698788888283,-0.025,-0.083529339669945));
#8129=CARTESIAN_POINT('',(-0.0143698788888283,-0.025,-0.083529339669945));
#8130=CARTESIAN_POINT('',(-0.0143698788888283,-0.025,-0.083529339669945));
#8131=CARTESIAN_POINT('',(-0.0171446249425769,-0.025,-0.0806136885431544));
#8132=CARTESIAN_POINT('',(-0.0171446249425769,-0.025,-0.0755302670618727));
#8133=CARTESIAN_POINT('',(-0.0171446249425769,-0.025,-0.0755302670618727));
#8134=CARTESIAN_POINT('',(-0.0171446249425769,-0.025,-0.0755302670618727));
#8135=CARTESIAN_POINT('',(-0.0171446249425769,-0.025,-0.0698398698813334));
#8136=CARTESIAN_POINT('',(-0.0133998016551935,-0.025,-0.0667941525332734));
#8137=CARTESIAN_POINT('',(-0.0133998016551935,-0.025,-0.0667941525332734));
#8138=CARTESIAN_POINT('',(-0.0133998016551935,-0.025,-0.0667941525332734));
#8139=CARTESIAN_POINT('',(-0.00965497836781007,-0.025,-0.0637484351852133));
#8140=CARTESIAN_POINT('',(-0.00133074020656408,-0.025,-0.0635424970015367));
#8141=CARTESIAN_POINT('',(-0.00133074020656409,-0.025,-0.0635424970015367));
#8142=CARTESIAN_POINT('',(0.00278802346696908,-0.025,-0.0634720444650157));
#8143=CARTESIAN_POINT('',(0.00690678714050225,-0.025,-0.0634015919284948));
#8144=CARTESIAN_POINT('',(0.00690678714050225,-0.025,-0.0624044175654288));
#8145=CARTESIAN_POINT('',(0.00690678714050225,-0.025,-0.0614072432023629));
#8146=CARTESIAN_POINT('',(0.00690678714050225,-0.025,-0.0614072432023629));
#8147=CARTESIAN_POINT('',(0.00690678714050225,-0.025,-0.0569416362721111));
#8148=CARTESIAN_POINT('',(0.00500998808032251,-0.025,-0.0550069012307278));
#8149=CARTESIAN_POINT('',(0.00500998808032251,-0.025,-0.0550069012307278));
#8150=CARTESIAN_POINT('',(0.00500998808032251,-0.025,-0.0550069012307278));
#8151=CARTESIAN_POINT('',(0.00311318902014275,-0.025,-0.0530721661893445));
#8152=CARTESIAN_POINT('',(-0.000951380394528141,-0.025,-0.0530721661893445));
#8153=CARTESIAN_POINT('',(-0.000951380394528141,-0.025,-0.0530721661893445));
#8154=CARTESIAN_POINT('',(-0.000951380394528141,-0.025,-0.0530721661893445));
#8155=CARTESIAN_POINT('',(-0.0050484663645164,-0.025,-0.0530721661893445));
#8156=CARTESIAN_POINT('',(-0.00691274886937878,-0.025,-0.054464958642105));
#8157=CARTESIAN_POINT('',(-0.00691274886937878,-0.025,-0.054464958642105));
#8158=CARTESIAN_POINT('',(-0.00691274886937878,-0.025,-0.054464958642105));
#8159=CARTESIAN_POINT('',(-0.00877703137424116,-0.025,-0.0558577510948656));
#8160=CARTESIAN_POINT('',(-0.0091563911862771,-0.025,-0.0589034684429256));
#8161=CARTESIAN_POINT('',(-0.0091563911862771,-0.025,-0.0589034684429256));
#8162=CARTESIAN_POINT('',(-0.0123375941814928,-0.025,-0.0586162388709556));
#8163=CARTESIAN_POINT('',(-0.0155187971767086,-0.025,-0.0583290092989855));
#8164=CARTESIAN_POINT('',(-0.0155187971767086,-0.025,-0.0583290092989855));
#8165=CARTESIAN_POINT('',(-0.013958002521475,-0.025,-0.0484331376307334));
#8166=CARTESIAN_POINT('',(-0.000821314173258675,-0.025,-0.0484331376307334));
#8167=CARTESIAN_POINT('',(-0.000821314173258675,-0.025,-0.0484331376307334));
#8168=CARTESIAN_POINT('',(-0.000821314173258675,-0.025,-0.0484331376307334));
#8169=CARTESIAN_POINT('',(0.00609387325756808,-0.025,-0.0484331376307334));
#8170=CARTESIAN_POINT('',(0.00957856410241258,-0.025,-0.0516035017741767));
#8171=CARTESIAN_POINT('',(0.00957856410241258,-0.025,-0.0516035017741767));
#8172=CARTESIAN_POINT('',(0.00957856410241258,-0.025,-0.0516035017741767));
#8173=CARTESIAN_POINT('',(0.0130632549472571,-0.025,-0.05477386591762));
#8174=CARTESIAN_POINT('',(0.0130632549472571,-0.025,-0.060767750947788));
#8175=CARTESIAN_POINT('',(0.0130632549472571,-0.025,-0.060767750947788));
#8176=CARTESIAN_POINT('',(0.0130632549472571,-0.025,-0.0686584350381358));
#8177=CARTESIAN_POINT('',(0.0130632549472571,-0.025,-0.0765491191284835));
#8178=CARTESIAN_POINT('',(0.0130632549472571,-0.025,-0.0765491191284835));
#8179=CARTESIAN_POINT('',(0.0130632549472571,-0.025,-0.0792588320715974));
#8180=CARTESIAN_POINT('',(0.0137786191642392,-0.025,-0.0806299468208131));
#8181=CARTESIAN_POINT('',(0.0137786191642392,-0.025,-0.0806299468208131));
#8182=CARTESIAN_POINT('',(0.0137786191642392,-0.025,-0.0806299468208131));
#8183=CARTESIAN_POINT('',(0.0144939833812212,-0.025,-0.0820010615700287));
#8184=CARTESIAN_POINT('',(0.0164883321073531,-0.025,-0.0820010615700287));
#8185=CARTESIAN_POINT('',(0.0164883321073531,-0.025,-0.0820010615700287));
#8186=CARTESIAN_POINT('',(0.0164883321073531,-0.025,-0.0820010615700287));
#8187=CARTESIAN_POINT('',(0.017366279100922,-0.025,-0.0820010615700287));
#8188=CARTESIAN_POINT('',(0.0184826808334849,-0.025,-0.0817626068310347));
#8189=CARTESIAN_POINT('',(0.0184826808334849,-0.025,-0.0817626068310347));
#8190=CARTESIAN_POINT('',(0.0184826808334849,-0.025,-0.0836594058912145));
#8191=CARTESIAN_POINT('',(0.0184826808334849,-0.025,-0.0855565898612095));
#8192=CARTESIAN_POINT('',(0.013813237874915,-0.025,-0.0656782284645272));
#8193=CARTESIAN_POINT('',(0.0137786191642392,-0.025,-0.086098147540017));
#8194=CARTESIAN_POINT('',(0.0137786191642392,-0.025,-0.086098147540017));
#8195=CARTESIAN_POINT('',(0.010396897411233,-0.025,-0.086098147540017));
#8196=CARTESIAN_POINT('',(0.00885236103365805,-0.025,-0.0843205758493343));
#8197=CARTESIAN_POINT('',(0.00885236103365805,-0.025,-0.0843205758493343));
#8198=CARTESIAN_POINT('',(0.00885236103365805,-0.025,-0.0843205758493343));
#8199=CARTESIAN_POINT('',(0.00730782465608311,-0.025,-0.0825430041586515));
#8200=CARTESIAN_POINT('',(0.00710188647240645,-0.025,-0.078749406038292));
#8201=CARTESIAN_POINT('',(0.00710188647240645,-0.025,-0.078749406038292));
#8202=CARTESIAN_POINT('',(0.00700433680645435,-0.025,-0.078749406038292));
#8203=CARTESIAN_POINT('',(0.00690678714050225,-0.025,-0.078749406038292));
#8204=CARTESIAN_POINT('',(0.00690678714050225,-0.025,-0.078749406038292));
#8205=CARTESIAN_POINT('',(0.00456559515765181,-0.025,-0.0829548805260048));
#8206=CARTESIAN_POINT('',(0.00146568355072948,-0.025,-0.0846999356613702));
#8207=CARTESIAN_POINT('',(0.0494926357544807,-0.025,-0.0857621431350709));
#8208=CARTESIAN_POINT('',(0.0525600308060857,-0.025,-0.0857621431350709));
#8209=CARTESIAN_POINT('',(0.0464252407028758,-0.025,-0.0857621431350709));
#8210=CARTESIAN_POINT('',(0.0464252407028758,-0.025,-0.0741428940349983));
#8211=CARTESIAN_POINT('',(0.0464252407028758,-0.025,-0.0625236449349258));
#8212=CARTESIAN_POINT('',(0.0464252407028758,-0.025,-0.0625236449349258));
#8213=CARTESIAN_POINT('',(0.0464252407028758,-0.025,-0.0589034684429256));
#8214=CARTESIAN_POINT('',(0.0457152959117799,-0.025,-0.0569037002909075));
#8215=CARTESIAN_POINT('',(0.0457152959117799,-0.025,-0.0569037002909075));
#8216=CARTESIAN_POINT('',(0.0457152959117799,-0.025,-0.0569037002909075));
#8217=CARTESIAN_POINT('',(0.0450053511206841,-0.025,-0.0549039321388895));
#8218=CARTESIAN_POINT('',(0.0434445564654505,-0.025,-0.0540259851453206));
#8219=CARTESIAN_POINT('',(0.0434445564654505,-0.025,-0.0540259851453206));
#8220=CARTESIAN_POINT('',(0.0434445564654505,-0.025,-0.0540259851453206));
#8221=CARTESIAN_POINT('',(0.0418837618102168,-0.025,-0.0531480381517516));
#8222=CARTESIAN_POINT('',(0.0388705610174741,-0.025,-0.0531480381517516));
#8223=CARTESIAN_POINT('',(0.0388705610174741,-0.025,-0.0531480381517516));
#8224=CARTESIAN_POINT('',(0.0388705610174741,-0.025,-0.0531480381517516));
#8225=CARTESIAN_POINT('',(0.0344699871978571,-0.025,-0.0531480381517516));
#8226=CARTESIAN_POINT('',(0.0319282764572162,-0.025,-0.0561612389444943));
#8227=CARTESIAN_POINT('',(0.0319282764572162,-0.025,-0.0561612389444943));
#8228=CARTESIAN_POINT('',(0.0319282764572162,-0.025,-0.0561612389444943));
#8229=CARTESIAN_POINT('',(0.0293865657165754,-0.025,-0.059174439737237));
#8230=CARTESIAN_POINT('',(0.0293865657165754,-0.025,-0.0645288325128301));
#8231=CARTESIAN_POINT('',(0.0293865657165754,-0.025,-0.0645288325128301));
#8232=CARTESIAN_POINT('',(0.0293865657165754,-0.025,-0.0751454878239505));
#8233=CARTESIAN_POINT('',(0.0293865657165754,-0.025,-0.0857621431350709));
#8234=CARTESIAN_POINT('',(0.0263408483685154,-0.025,-0.0857621431350709));
#8235=CARTESIAN_POINT('',(0.0232951310204553,-0.025,-0.0857621431350709));
#8236=CARTESIAN_POINT('',(0.0232951310204553,-0.025,-0.071351889703591));
#8237=CARTESIAN_POINT('',(0.0232951310204553,-0.025,-0.0569416362721111));
#8238=CARTESIAN_POINT('',(0.0232951310204553,-0.025,-0.0569416362721111));
#8239=CARTESIAN_POINT('',(0.0232951310204553,-0.025,-0.0505358748745898));
#8240=CARTESIAN_POINT('',(0.0230891928367786,-0.025,-0.0491159852923981));
#8241=CARTESIAN_POINT('',(0.0230891928367786,-0.025,-0.0491159852923981));
#8242=CARTESIAN_POINT('',(0.0259669079823656,-0.025,-0.0491159852923981));
#8243=CARTESIAN_POINT('',(0.0288446231279526,-0.025,-0.0491159852923981));
#8244=CARTESIAN_POINT('',(0.0288446231279526,-0.025,-0.0491159852923981));
#8245=CARTESIAN_POINT('',(0.02887713968327,-0.025,-0.049278568068985));
#8246=CARTESIAN_POINT('',(0.0289150756644736,-0.025,-0.0500264488412844));
#8247=CARTESIAN_POINT('',(0.0289150756644736,-0.025,-0.0500264488412844));
#8248=CARTESIAN_POINT('',(0.0259821665918362,-0.025,0.00789979265192803));
#8249=CARTESIAN_POINT('',(0.0290017864786532,-0.025,-0.0517389874213324));
#8250=CARTESIAN_POINT('',(0.0290017864786532,-0.025,-0.0517389874213324));
#8251=CARTESIAN_POINT('',(0.0290505613116292,-0.025,-0.052703645229081));
#8252=CARTESIAN_POINT('',(0.029115594422264,-0.025,-0.0553808416168775));
#8253=CARTESIAN_POINT('',(0.029115594422264,-0.025,-0.0553808416168775));
#8254=CARTESIAN_POINT('',(0.0291697886811263,-0.025,-0.0553808416168775));
#8255=CARTESIAN_POINT('',(0.0292239829399886,-0.025,-0.0553808416168775));
#8256=CARTESIAN_POINT('',(0.0292239829399886,-0.025,-0.0553808416168775));
#8257=CARTESIAN_POINT('',(0.0313158813320725,-0.025,-0.051587243496518));
#8258=CARTESIAN_POINT('',(0.0340797885340487,-0.025,-0.0500101905636257));
#8259=CARTESIAN_POINT('',(0.0340797885340487,-0.025,-0.0500101905636257));
#8260=CARTESIAN_POINT('',(0.0340797885340487,-0.025,-0.0500101905636257));
#8261=CARTESIAN_POINT('',(0.0368436957360249,-0.025,-0.0484331376307334));
#8262=CARTESIAN_POINT('',(0.0409407817060131,-0.025,-0.0484331376307334));
#8263=CARTESIAN_POINT('',(0.0409407817060131,-0.025,-0.0484331376307334));
#8264=CARTESIAN_POINT('',(0.0409407817060131,-0.025,-0.0484331376307334));
#8265=CARTESIAN_POINT('',(0.0469671832914985,-0.025,-0.0484331376307334));
#8266=CARTESIAN_POINT('',(0.0497636070487921,-0.025,-0.0514300801458174));
#8267=CARTESIAN_POINT('',(0.0497636070487921,-0.025,-0.0514300801458174));
#8268=CARTESIAN_POINT('',(0.0497636070487921,-0.025,-0.0514300801458174));
#8269=CARTESIAN_POINT('',(0.0525600308060857,-0.025,-0.0544270226609014));
#8270=CARTESIAN_POINT('',(0.0525600308060857,-0.025,-0.0613422100917282));
#8271=CARTESIAN_POINT('',(0.0525600308060857,-0.025,-0.0613422100917282));
#8272=CARTESIAN_POINT('',(0.0525600308060857,-0.025,-0.0735521766133995));
#8273=CARTESIAN_POINT('',(-0.0365841055964762,-0.025,-0.0433171995941344));
#8274=CARTESIAN_POINT('',(-0.0228675386784336,-0.025,-0.0433171995941344));
#8275=CARTESIAN_POINT('',(-0.050300672514519,-0.025,-0.0433171995941344));
#8276=CARTESIAN_POINT('',(-0.050300672514519,-0.025,-0.0521942191957756));
#8277=CARTESIAN_POINT('',(-0.050300672514519,-0.025,-0.0610712387974168));
#8278=CARTESIAN_POINT('',(-0.0369905625379433,-0.025,-0.0610712387974168));
#8279=CARTESIAN_POINT('',(-0.0236804525613678,-0.025,-0.0610712387974168));
#8280=CARTESIAN_POINT('',(-0.0236804525613678,-0.025,-0.0637484351852133));
#8281=CARTESIAN_POINT('',(-0.0236804525613678,-0.025,-0.0664256315730099));
#8282=CARTESIAN_POINT('',(-0.0369905625379433,-0.025,-0.0664256315730099));
#8283=CARTESIAN_POINT('',(-0.050300672514519,-0.025,-0.0664256315730099));
#8284=CARTESIAN_POINT('',(-0.050300672514519,-0.025,-0.0760938873540404));
#8285=CARTESIAN_POINT('',(-0.050300672514519,-0.025,-0.0857621431350709));
#8286=CARTESIAN_POINT('',(-0.053536069768597,-0.025,-0.0857621431350709));
#8287=CARTESIAN_POINT('',(-0.056771467022675,-0.025,-0.0857621431350709));
#8288=CARTESIAN_POINT('',(-0.056771467022675,-0.025,-0.0619004109580096));
#8289=CARTESIAN_POINT('',(-0.056771467022675,-0.025,-0.0380386787809484));
#8290=CARTESIAN_POINT('',(-0.0398195028505543,-0.025,-0.0380386787809484));
#8291=CARTESIAN_POINT('',(-0.0228675386784336,-0.025,-0.0380386787809484));
#8292=CARTESIAN_POINT('',(-0.0228675386784336,-0.025,-0.0406779391875413));
#8293=CARTESIAN_POINT('',(1.38777878078145E-17,-0.025,0.00658425915900673));
#8294=CARTESIAN_POINT('',(0.056761147287034,-0.025,0.0489306338131428));
#8295=CARTESIAN_POINT('',(0.05984716869231,-0.025,0.0489306338131428));
#8296=CARTESIAN_POINT('',(0.0536751258817579,-0.025,0.0489306338131428));
#8297=CARTESIAN_POINT('',(0.0536751258817579,-0.025,0.0606204392776514));
#8298=CARTESIAN_POINT('',(0.0536751258817579,-0.025,0.07231024474216));
#8299=CARTESIAN_POINT('',(0.0536751258817579,-0.025,0.07231024474216));
#8300=CARTESIAN_POINT('',(0.0536751258817579,-0.025,0.0759524042805424));
#8301=CARTESIAN_POINT('',(0.052960870044141,-0.025,0.077964315762074));
#8302=CARTESIAN_POINT('',(0.052960870044141,-0.025,0.077964315762074));
#8303=CARTESIAN_POINT('',(0.052960870044141,-0.025,0.077964315762074));
#8304=CARTESIAN_POINT('',(0.0522466142065241,-0.025,0.0799762272436055));
#8305=CARTESIAN_POINT('',(0.0506763418306946,-0.025,0.0808595054550096));
#8306=CARTESIAN_POINT('',(0.0506763418306946,-0.025,0.0808595054550096));
#8307=CARTESIAN_POINT('',(0.0506763418306946,-0.025,0.0808595054550096));
#8308=CARTESIAN_POINT('',(0.0491060694548651,-0.025,0.0817427836664137));
#8309=CARTESIAN_POINT('',(0.046074571395972,-0.025,0.0817427836664137));
#8310=CARTESIAN_POINT('',(0.046074571395972,-0.025,0.0817427836664137));
#8311=CARTESIAN_POINT('',(0.046074571395972,-0.025,0.0817427836664137));
#8312=CARTESIAN_POINT('',(0.0416472756696748,-0.025,0.0817427836664137));
#8313=CARTESIAN_POINT('',(0.0390901307243136,-0.025,0.0787112856075206));
#8314=CARTESIAN_POINT('',(0.0390901307243136,-0.025,0.0787112856075206));
#8315=CARTESIAN_POINT('',(0.0390901307243136,-0.025,0.0787112856075206));
#8316=CARTESIAN_POINT('',(0.0365329857789524,-0.025,0.0756797875486275));
#8317=CARTESIAN_POINT('',(0.0365329857789524,-0.025,0.0702928809259902));
#8318=CARTESIAN_POINT('',(0.0365329857789524,-0.025,0.0702928809259902));
#8319=CARTESIAN_POINT('',(0.0365329857789524,-0.025,0.0596117573695665));
#8320=CARTESIAN_POINT('',(0.0365329857789524,-0.025,0.0489306338131428));
#8321=CARTESIAN_POINT('',(0.0334687737122294,-0.025,0.0489306338131428));
#8322=CARTESIAN_POINT('',(0.0304045616455066,-0.025,0.0489306338131428));
#8323=CARTESIAN_POINT('',(0.0304045616455066,-0.025,0.0634283916163743));
#8324=CARTESIAN_POINT('',(0.0304045616455066,-0.025,0.0779261494196059));
#8325=CARTESIAN_POINT('',(0.0304045616455066,-0.025,0.0779261494196059));
#8326=CARTESIAN_POINT('',(0.0304045616455066,-0.025,0.0843708089620729));
#8327=CARTESIAN_POINT('',(0.0301973729292513,-0.025,0.0857993206373067));
#8328=CARTESIAN_POINT('',(0.0301973729292513,-0.025,0.0857993206373067));
#8329=CARTESIAN_POINT('',(0.0330925626221869,-0.025,0.0857993206373067));
#8330=CARTESIAN_POINT('',(0.0359877523151227,-0.025,0.0857993206373067));
#8331=CARTESIAN_POINT('',(0.0359877523151227,-0.025,0.0857993206373067));
#8332=CARTESIAN_POINT('',(0.0360204663229524,-0.025,0.0856357505981578));
#8333=CARTESIAN_POINT('',(0.0360586326654205,-0.025,0.0848833284180728));
#8334=CARTESIAN_POINT('',(0.0360586326654205,-0.025,0.0848833284180728));
#8335=CARTESIAN_POINT('',(0.0399207653688709,-0.025,0.00860553416392869));
#8336=CARTESIAN_POINT('',(0.0361458700196332,-0.025,0.0831603906723709));
#8337=CARTESIAN_POINT('',(0.0361458700196332,-0.025,0.0831603906723709));
#8338=CARTESIAN_POINT('',(0.0361949410313779,-0.025,0.0821898751067541));
#8339=CARTESIAN_POINT('',(0.0362603690470375,-0.025,0.0794964217954354));
#8340=CARTESIAN_POINT('',(0.0362603690470375,-0.025,0.0794964217954354));
#8341=CARTESIAN_POINT('',(0.0363148923934205,-0.025,0.0794964217954354));
#8342=CARTESIAN_POINT('',(0.0363694157398034,-0.025,0.0794964217954354));
#8343=CARTESIAN_POINT('',(0.0363694157398034,-0.025,0.0794964217954354));
#8344=CARTESIAN_POINT('',(0.0384740169101861,-0.025,0.0833130560422433));
#8345=CARTESIAN_POINT('',(0.0412547075757175,-0.025,0.0848996854219877));
#8346=CARTESIAN_POINT('',(0.0412547075757175,-0.025,0.0848996854219877));
#8347=CARTESIAN_POINT('',(0.0412547075757175,-0.025,0.0848996854219877));
#8348=CARTESIAN_POINT('',(0.0440353982412489,-0.025,0.0864863148017321));
#8349=CARTESIAN_POINT('',(0.0481573632278014,-0.025,0.0864863148017321));
#8350=CARTESIAN_POINT('',(0.0481573632278014,-0.025,0.0864863148017321));
#8351=CARTESIAN_POINT('',(0.0481573632278014,-0.025,0.0864863148017321));
#8352=CARTESIAN_POINT('',(0.0542203593455876,-0.025,0.0864863148017321));
#8353=CARTESIAN_POINT('',(0.0570337640189488,-0.025,0.0834711737467539));
#8354=CARTESIAN_POINT('',(0.0570337640189488,-0.025,0.0834711737467539));
#8355=CARTESIAN_POINT('',(0.0570337640189488,-0.025,0.0834711737467539));
#8356=CARTESIAN_POINT('',(0.05984716869231,-0.025,0.0804560326917757));
#8357=CARTESIAN_POINT('',(0.05984716869231,-0.025,0.0734988536933088));
#8358=CARTESIAN_POINT('',(0.05984716869231,-0.025,0.0734988536933088));
#8359=CARTESIAN_POINT('',(0.05984716869231,-0.025,0.0612147437532258));
#8360=CARTESIAN_POINT('',(-0.0298382837730363,-0.025,0.0916333187002844));
#8361=CARTESIAN_POINT('',(-0.0160384248035067,-0.025,0.0916333187002844));
#8362=CARTESIAN_POINT('',(-0.0436381427425658,-0.025,0.0916333187002844));
#8363=CARTESIAN_POINT('',(-0.0436381427425658,-0.025,0.082702394562754));
#8364=CARTESIAN_POINT('',(-0.0436381427425658,-0.025,0.0737714704252236));
#8365=CARTESIAN_POINT('',(-0.0302472088709086,-0.025,0.0737714704252236));
#8366=CARTESIAN_POINT('',(-0.0168562749992513,-0.025,0.0737714704252236));
#8367=CARTESIAN_POINT('',(-0.0168562749992513,-0.025,0.0710780171139049));
#8368=CARTESIAN_POINT('',(-0.0168562749992513,-0.025,0.0683845638025862));
#8369=CARTESIAN_POINT('',(-0.0302472088709086,-0.025,0.0683845638025862));
#8370=CARTESIAN_POINT('',(-0.0436381427425658,-0.025,0.0683845638025862));
#8371=CARTESIAN_POINT('',(-0.0436381427425658,-0.025,0.0586575988078645));
#8372=CARTESIAN_POINT('',(-0.0436381427425658,-0.025,0.0489306338131428));
#8373=CARTESIAN_POINT('',(-0.0468931865216291,-0.025,0.0489306338131428));
#8374=CARTESIAN_POINT('',(-0.0501482303006924,-0.025,0.0489306338131428));
#8375=CARTESIAN_POINT('',(-0.0501482303006924,-0.025,0.0729372632255642));
#8376=CARTESIAN_POINT('',(-0.0501482303006924,-0.025,0.0969438926379856));
#8377=CARTESIAN_POINT('',(-0.0330933275520995,-0.025,0.0969438926379856));
#8378=CARTESIAN_POINT('',(-0.0160384248035067,-0.025,0.0969438926379856));
#8379=CARTESIAN_POINT('',(-0.0160384248035067,-0.025,0.094288605669135));
#8380=CARTESIAN_POINT('',(-0.0525,-0.025,0.127477021664381));
#8381=CARTESIAN_POINT('',(-0.0525,-0.025,0.125277021664381));
#8382=CARTESIAN_POINT('',(0.000421356409788131,-0.025,0.137188658118248));
#8383=CARTESIAN_POINT('',(-0.0630289763212204,-0.025,0.137188658118248));
#8384=CARTESIAN_POINT('',(0.0638716891407967,-0.025,0.137188658118248));
#8385=CARTESIAN_POINT('',(-0.0630289763212204,-0.025,0.0723041945602745));
#8386=CARTESIAN_POINT('',(-0.0630289763212204,-0.025,0.00741973100230098));
#8387=CARTESIAN_POINT('',(0.000421356409788131,-0.025,0.00741973100230098));
#8388=CARTESIAN_POINT('',(0.0638716891407967,-0.025,0.00741973100230098));
#8389=CARTESIAN_POINT('',(0.0638716891407967,-0.025,0.0723041945602745));
#8390=CARTESIAN_POINT('',(0.0525,-0.025,0.127477021664381));
#8391=CARTESIAN_POINT('',(0.0525,-0.025,0.125277021664381));
#8392=CARTESIAN_POINT('',(0.0525,-0.025,0.022477021664381));
#8393=CARTESIAN_POINT('',(0.0525,-0.025,0.020277021664381));
#8394=CARTESIAN_POINT('',(-0.0525,-0.025,0.022477021664381));
#8395=CARTESIAN_POINT('',(-0.0525,-0.025,0.020277021664381));
#8396=CARTESIAN_POINT('',(0.00844255772244651,-0.025,0.049999291402249));
#8397=CARTESIAN_POINT('',(0.00532382230934066,-0.025,0.0482436396487174));
#8398=CARTESIAN_POINT('',(0.000863812575213764,-0.025,0.0482436396487174));
#8399=CARTESIAN_POINT('',(0.00844255772244651,-0.025,0.049999291402249));
#8400=CARTESIAN_POINT('',(0.000863812575213764,-0.025,0.0482436396487174));
#8401=CARTESIAN_POINT('',(0.000863812575213764,-0.025,0.0482436396487174));
#8402=CARTESIAN_POINT('',(-0.00469756875584911,-0.025,0.0482436396487174));
#8403=CARTESIAN_POINT('',(-0.00748916409065714,-0.025,0.0511769956841211));
#8404=CARTESIAN_POINT('',(-0.00748916409065714,-0.025,0.0511769956841211));
#8405=CARTESIAN_POINT('',(-0.00748916409065714,-0.025,0.0511769956841211));
#8406=CARTESIAN_POINT('',(-0.0102807594254652,-0.025,0.0541103517195249));
#8407=CARTESIAN_POINT('',(-0.0102807594254652,-0.025,0.0592246416102474));
#8408=CARTESIAN_POINT('',(-0.0102807594254652,-0.025,0.0592246416102474));
#8409=CARTESIAN_POINT('',(-0.0102807594254652,-0.025,0.0592246416102474));
#8410=CARTESIAN_POINT('',(-0.0102807594254652,-0.025,0.0649495929804592));
#8411=CARTESIAN_POINT('',(-0.00651319619040199,-0.025,0.0680138050471821));
#8412=CARTESIAN_POINT('',(-0.00651319619040199,-0.025,0.0680138050471821));
#8413=CARTESIAN_POINT('',(-0.00651319619040199,-0.025,0.0680138050471821));
#8414=CARTESIAN_POINT('',(-0.00274563295533881,-0.025,0.0710780171139049));
#8415=CARTESIAN_POINT('',(0.00562915304908529,-0.025,0.0712852058301602));
#8416=CARTESIAN_POINT('',(0.00562915304908529,-0.025,0.0712852058301602));
#8417=CARTESIAN_POINT('',(0.00977292737419096,-0.025,0.0713560861804581));
#8418=CARTESIAN_POINT('',(0.0139167016992966,-0.025,0.0714269665307559));
#8419=CARTESIAN_POINT('',(0.0139167016992966,-0.025,0.0724301961042026));
#8420=CARTESIAN_POINT('',(0.0139167016992966,-0.025,0.0734334256776492));
#8421=CARTESIAN_POINT('',(0.0139167016992966,-0.025,0.0734334256776492));
#8422=CARTESIAN_POINT('',(0.0139167016992966,-0.025,0.0779261494196059));
#8423=CARTESIAN_POINT('',(0.0120083845758927,-0.025,0.0798726328854779));
#8424=CARTESIAN_POINT('',(0.0120083845758927,-0.025,0.0798726328854779));
#8425=CARTESIAN_POINT('',(0.0120083845758927,-0.025,0.0798726328854779));
#8426=CARTESIAN_POINT('',(0.0101000674524888,-0.025,0.0818191163513499));
#8427=CARTESIAN_POINT('',(0.00601081647376607,-0.025,0.0818191163513499));
#8428=CARTESIAN_POINT('',(0.00601081647376607,-0.025,0.0818191163513499));
#8429=CARTESIAN_POINT('',(0.00601081647376607,-0.025,0.0818191163513499));
#8430=CARTESIAN_POINT('',(0.00188885148721358,-0.025,0.0818191163513499));
#8431=CARTESIAN_POINT('',(1.32483716394419E-5,-0.025,0.0804178663493076));
#8432=CARTESIAN_POINT('',(1.32483716394419E-5,-0.025,0.0804178663493076));
#8433=CARTESIAN_POINT('',(1.32483716394419E-5,-0.025,0.0804178663493076));
#8434=CARTESIAN_POINT('',(-0.0018623547439347,-0.025,0.0790166163472653));
#8435=CARTESIAN_POINT('',(-0.00224401816861549,-0.025,0.0759524042805424));
#8436=CARTESIAN_POINT('',(-0.00224401816861549,-0.025,0.0759524042805424));
#8437=CARTESIAN_POINT('',(-0.00544453860129579,-0.025,0.0762413780163721));
#8438=CARTESIAN_POINT('',(-0.0086450590339761,-0.025,0.0765303517522019));
#8439=CARTESIAN_POINT('',(-0.0086450590339761,-0.025,0.0765303517522019));
#8440=CARTESIAN_POINT('',(-0.00707478665814658,-0.025,0.0864863148017321));
#8441=CARTESIAN_POINT('',(0.0061416725050852,-0.025,0.0864863148017321));
#8442=CARTESIAN_POINT('',(0.0061416725050852,-0.025,0.0864863148017321));
#8443=CARTESIAN_POINT('',(0.0061416725050852,-0.025,0.0864863148017321));
#8444=CARTESIAN_POINT('',(0.0130988515035521,-0.025,0.0864863148017321));
#8445=CARTESIAN_POINT('',(0.016604702675977,-0.025,0.0832966990383284));
#8446=CARTESIAN_POINT('',(0.016604702675977,-0.025,0.0832966990383284));
#8447=CARTESIAN_POINT('',(0.016604702675977,-0.025,0.0832966990383284));
#8448=CARTESIAN_POINT('',(0.0201105538484019,-0.025,0.0801070832749247));
#8449=CARTESIAN_POINT('',(0.0201105538484019,-0.025,0.0740768011649683));
#8450=CARTESIAN_POINT('',(0.0201105538484019,-0.025,0.0740768011649683));
#8451=CARTESIAN_POINT('',(0.0201105538484019,-0.025,0.0661382019316079));
#8452=CARTESIAN_POINT('',(0.0201105538484019,-0.025,0.0581996026982476));
#8453=CARTESIAN_POINT('',(0.0201105538484019,-0.025,0.0581996026982476));
#8454=CARTESIAN_POINT('',(0.0201105538484019,-0.025,0.0554734353790991));
#8455=CARTESIAN_POINT('',(0.0208302620206572,-0.025,0.05409399471561));
#8456=CARTESIAN_POINT('',(0.0208302620206572,-0.025,0.05409399471561));
#8457=CARTESIAN_POINT('',(0.0208302620206572,-0.025,0.05409399471561));
#8458=CARTESIAN_POINT('',(0.0215499701929124,-0.025,0.0527145540521209));
#8459=CARTESIAN_POINT('',(0.0235564293398056,-0.025,0.0527145540521209));
#8460=CARTESIAN_POINT('',(0.0235564293398056,-0.025,0.0527145540521209));
#8461=CARTESIAN_POINT('',(0.0235564293398056,-0.025,0.0527145540521209));
#8462=CARTESIAN_POINT('',(0.0244397075512097,-0.025,0.0527145540521209));
#8463=CARTESIAN_POINT('',(0.0255628884866989,-0.025,0.0529544567762059));
#8464=CARTESIAN_POINT('',(0.0255628884866989,-0.025,0.0529544567762059));
#8465=CARTESIAN_POINT('',(0.0255628884866989,-0.025,0.051046139652802));
#8466=CARTESIAN_POINT('',(0.0255628884866989,-0.025,0.0491374352822685));
#8467=CARTESIAN_POINT('',(0.0208650909489078,-0.025,0.0691365054183038));
#8468=CARTESIAN_POINT('',(0.0208302620206572,-0.025,0.0485925890655684));
#8469=CARTESIAN_POINT('',(0.0208302620206572,-0.025,0.0485925890655684));
#8470=CARTESIAN_POINT('',(0.0174280052063598,-0.025,0.0485925890655684));
#8471=CARTESIAN_POINT('',(0.0158740898344452,-0.025,0.0503809548269298));
#8472=CARTESIAN_POINT('',(0.0158740898344452,-0.025,0.0503809548269298));
#8473=CARTESIAN_POINT('',(0.0158740898344452,-0.025,0.0503809548269298));
#8474=CARTESIAN_POINT('',(0.0143201744625306,-0.025,0.0521693205882912));
#8475=CARTESIAN_POINT('',(0.0141129857462753,-0.025,0.055985954835099));
#8476=CARTESIAN_POINT('',(0.0141129857462753,-0.025,0.055985954835099));
#8477=CARTESIAN_POINT('',(0.014014843722786,-0.025,0.055985954835099));
#8478=CARTESIAN_POINT('',(0.0139167016992966,-0.025,0.055985954835099));
#8479=CARTESIAN_POINT('',(0.0139167016992966,-0.025,0.055985954835099));
#8480=CARTESIAN_POINT('',(0.0115612931355523,-0.025,0.0517549431557806));
#8481=CARTESIAN_POINT('',(0.00844255772244651,-0.025,0.049999291402249));
#8482=CARTESIAN_POINT('',(0.,-0.015,0.00531425915900674));
#8483=CARTESIAN_POINT('',(-0.000668141990900081,-0.015,0.));
#8484=CARTESIAN_POINT('',(-0.0652079731225968,-0.015,0.));
#8485=CARTESIAN_POINT('',(0.0638716891407967,-0.015,0.));
#8486=CARTESIAN_POINT('',(0.0638716891407967,-0.015,-0.065200075507164));
#8487=CARTESIAN_POINT('',(0.0638716891407967,-0.015,-0.130400151014328));
#8488=CARTESIAN_POINT('',(-0.000668141990900081,-0.015,-0.130400151014328));
#8489=CARTESIAN_POINT('',(-0.0652079731225968,-0.015,-0.130400151014328));
#8490=CARTESIAN_POINT('',(-0.0652079731225968,-0.015,-0.065200075507164));
#8491=CARTESIAN_POINT('',(0.0727,-0.015,0.00531425915900674));
#8492=CARTESIAN_POINT('',(0.0727,-0.015,-0.1370572404515));
#8493=CARTESIAN_POINT('',(0.0727,-0.015,-0.0323706008493901));
#8494=CARTESIAN_POINT('',(0.07524,-0.015,-0.0323706008493901));
#8495=CARTESIAN_POINT('',(0.07524,-0.015,-0.0323706008493901));
#8496=CARTESIAN_POINT('',(0.07524,-0.015,0.00531425915900674));
#8497=CARTESIAN_POINT('',(0.07524,-0.015,-0.00980168953537941));
#8498=CARTESIAN_POINT('',(0.07524,-0.015,-0.00980168953537941));
#8499=CARTESIAN_POINT('',(0.0727,-0.015,-0.00980168953537941));
#8500=CARTESIAN_POINT('',(0.0727,-0.015,0.00531425915900674));
#8501=CARTESIAN_POINT('',(0.0727,-0.015,0.0340686477720738));
#8502=CARTESIAN_POINT('',(0.07524,-0.015,0.0340686477720738));
#8503=CARTESIAN_POINT('',(0.07524,-0.015,0.0340686477720738));
#8504=CARTESIAN_POINT('',(0.07524,-0.015,0.00531425915900674));
#8505=CARTESIAN_POINT('',(0.07524,-0.015,0.0556258484721184));
#8506=CARTESIAN_POINT('',(0.07524,-0.015,0.0556258484721184));
#8507=CARTESIAN_POINT('',(0.0727,-0.015,0.0556258484721184));
#8508=CARTESIAN_POINT('',(0.0727,-0.015,0.00531425915900674));
#8509=CARTESIAN_POINT('',(0.0727,-0.015,0.144205958769513));
#8510=CARTESIAN_POINT('',(0.0692202,-0.015,0.144205958769513));
#8511=CARTESIAN_POINT('',(0.0692202,-0.015,0.147685758769513));
#8512=CARTESIAN_POINT('',(0.00635,-0.015,0.147685758769513));
#8513=CARTESIAN_POINT('',(0.0220221760630608,-0.015,0.147685758769513));
#8514=CARTESIAN_POINT('',(0.0220221760630608,-0.015,0.150225758769513));
#8515=CARTESIAN_POINT('',(0.0220221760630608,-0.015,0.150225758769513));
#8516=CARTESIAN_POINT('',(0.00635,-0.015,0.150225758769513));
#8517=CARTESIAN_POINT('',(-0.0160778239369392,-0.015,0.150225758769513));
#8518=CARTESIAN_POINT('',(-0.0160778239369392,-0.015,0.150225758769513));
#8519=CARTESIAN_POINT('',(-0.0160778239369392,-0.015,0.147685758769513));
#8520=CARTESIAN_POINT('',(0.00635,-0.015,0.147685758769513));
#8521=CARTESIAN_POINT('',(-0.0692202,-0.015,0.147685758769513));
#8522=CARTESIAN_POINT('',(-0.0692202,-0.015,0.144205958769513));
#8523=CARTESIAN_POINT('',(-0.0727,-0.015,0.144205958769513));
#8524=CARTESIAN_POINT('',(-0.0727,-0.015,0.00531425915900674));
#8525=CARTESIAN_POINT('',(-0.0727,-0.015,0.0555128008127213));
#8526=CARTESIAN_POINT('',(-0.07524,-0.015,0.0555128008127213));
#8527=CARTESIAN_POINT('',(-0.07524,-0.015,0.0555128008127213));
#8528=CARTESIAN_POINT('',(-0.07524,-0.015,0.00531425915900674));
#8529=CARTESIAN_POINT('',(-0.07524,-0.015,0.0340415127575397));
#8530=CARTESIAN_POINT('',(-0.07524,-0.015,0.0340415127575397));
#8531=CARTESIAN_POINT('',(-0.0727,-0.015,0.0340415127575397));
#8532=CARTESIAN_POINT('',(-0.0727,-0.015,0.00531425915900674));
#8533=CARTESIAN_POINT('',(-0.0727,-0.015,-0.0097112066350243));
#8534=CARTESIAN_POINT('',(-0.07524,-0.015,-0.0097112066350243));
#8535=CARTESIAN_POINT('',(-0.07524,-0.015,-0.0097112066350243));
#8536=CARTESIAN_POINT('',(-0.07524,-0.015,0.00531425915900674));
#8537=CARTESIAN_POINT('',(-0.07524,-0.015,-0.0326348018714717));
#8538=CARTESIAN_POINT('',(-0.07524,-0.015,-0.0326348018714717));
#8539=CARTESIAN_POINT('',(-0.0727,-0.015,-0.0326348018714717));
#8540=CARTESIAN_POINT('',(-0.0727,-0.015,0.00531425915900674));
#8541=CARTESIAN_POINT('',(-0.0727,-0.015,-0.1370572404515));
#8542=CARTESIAN_POINT('',(-0.00635,-0.015,-0.1370572404515));
#8543=CARTESIAN_POINT('',(4.16333634234433E-17,-0.015,0.074977021664381));
#8544=CARTESIAN_POINT('',(-0.012625264265428,-0.015,0.137188658118248));
#8545=CARTESIAN_POINT('',(0.0126252642654281,-0.015,0.137188658118248));
#8546=CARTESIAN_POINT('',(0.000421356409788131,-0.015,0.137188658118248));
#8547=CARTESIAN_POINT('',(0.0638716891407967,-0.015,0.137188658118248));
#8548=CARTESIAN_POINT('',(0.0638716891407967,-0.015,0.0723041945602745));
#8549=CARTESIAN_POINT('',(0.0638716891407967,-0.015,0.00741973100230098));
#8550=CARTESIAN_POINT('',(0.000421356409788131,-0.015,0.00741973100230098));
#8551=CARTESIAN_POINT('',(-0.0630289763212204,-0.015,0.00741973100230098));
#8552=CARTESIAN_POINT('',(-0.0630289763212204,-0.015,0.0723041945602745));
#8553=CARTESIAN_POINT('',(-0.0630289763212204,-0.015,0.0674249920074584));
#8554=CARTESIAN_POINT('',(4.16333634234433E-17,-0.015,0.074977021664381));
#8555=CARTESIAN_POINT('',(-0.0630289763212204,-0.015,0.0825290513213036));
#8556=CARTESIAN_POINT('',(-0.0630289763212204,-0.015,0.0723041945602745));
#8557=CARTESIAN_POINT('',(-0.0630289763212204,-0.015,0.137188658118248));
#8558=CARTESIAN_POINT('',(0.000421356409788131,-0.015,0.137188658118248));
#8559=CARTESIAN_POINT('',(0.0727,-0.015,0.00531425915900674));
#8560=CARTESIAN_POINT('',(0.0727,0.0910649523139,-0.12182629108429));
#8561=CARTESIAN_POINT('',(0.0727,0.0910649523139,-0.112484827637672));
#8562=CARTESIAN_POINT('',(0.0727,0.0910649523139,-0.131167754530907));
#8563=CARTESIAN_POINT('',(0.0727,0.0967476777732372,-0.112484827637672));
#8564=CARTESIAN_POINT('',(0.0727,0.102430403232574,-0.112484827637672));
#8565=CARTESIAN_POINT('',(0.0727,0.102430403232574,-0.12182629108429));
#8566=CARTESIAN_POINT('',(0.0727,0.102430403232574,-0.131167754530907));
#8567=CARTESIAN_POINT('',(0.0727,0.0967476777732372,-0.131167754530907));
#8568=CARTESIAN_POINT('',(0.0727,0.110736459493637,-0.1220572404515));
#8569=CARTESIAN_POINT('',(0.0727,0.110736459493637,-0.1260572404515));
#8570=CARTESIAN_POINT('',(0.0727,-0.0075,0.0556258484721184));
#8571=CARTESIAN_POINT('',(0.0727,0.,0.0556258484721184));
#8572=CARTESIAN_POINT('',(0.0727,0.,0.044847248122096));
#8573=CARTESIAN_POINT('',(0.0727,0.,0.0340686477720738));
#8574=CARTESIAN_POINT('',(0.0727,-0.0075,0.0340686477720738));
#8575=CARTESIAN_POINT('',(0.0727,-0.0075,-0.00980168953537941));
#8576=CARTESIAN_POINT('',(0.0727,0.,-0.00980168953537941));
#8577=CARTESIAN_POINT('',(0.0727,0.,-0.0210861451923847));
#8578=CARTESIAN_POINT('',(0.0727,0.,-0.0323706008493901));
#8579=CARTESIAN_POINT('',(0.0727,-0.0075,-0.0323706008493901));
#8580=CARTESIAN_POINT('',(0.0727,-0.015,-0.1370572404515));
#8581=CARTESIAN_POINT('',(0.0727,0.12938,-0.1370572404515));
#8582=CARTESIAN_POINT('',(0.0727,0.12938,0.00531425915900674));
#8583=CARTESIAN_POINT('',(0.0727,0.12938,0.144205958769513));
#8584=CARTESIAN_POINT('',(0.0727,-0.015,0.144205958769513));
#8585=CARTESIAN_POINT('',(0.0677,0.127,0.00532124163800937));
#8586=CARTESIAN_POINT('',(0.0677,0.,0.00532124163800937));
#8587=CARTESIAN_POINT('',(0.0677,0.,-0.1320572404515));
#8588=CARTESIAN_POINT('',(0.0677,0.,0.142699723727518));
#8589=CARTESIAN_POINT('',(0.0677,0.127,0.142699723727518));
#8590=CARTESIAN_POINT('',(0.0677,0.127,0.142699723727518));
#8591=CARTESIAN_POINT('',(0.0677,0.127,0.00532124163800937));
#8592=CARTESIAN_POINT('',(0.0677,0.127,-0.1320572404515));
#8593=CARTESIAN_POINT('',(0.0677,0.127,-0.1320572404515));
#8594=CARTESIAN_POINT('',(0.0677,0.110736459493637,-0.1220572404515));
#8595=CARTESIAN_POINT('',(0.0677,0.110736459493637,-0.1260572404515));
#8596=CARTESIAN_POINT('',(0.0677,0.127,-0.114883928060532));
#8597=CARTESIAN_POINT('',(0.0677,0.0923049473166466,-0.114883928060532));
#8598=CARTESIAN_POINT('',(0.0677,0.100804947316647,-0.114883928060532));
#8599=CARTESIAN_POINT('',(0.0677,0.0923049473166466,0.00532124163800937));
#8600=CARTESIAN_POINT('',(0.0677,0.0923049473166466,-0.128883928060532));
#8601=CARTESIAN_POINT('',(0.0677,0.127,-0.128883928060532));
#8602=CARTESIAN_POINT('',(0.0677,0.100804947316647,-0.128883928060532));
#8603=CARTESIAN_POINT('',(0.0677,0.100804947316647,0.00532124163800937));
#8604=CARTESIAN_POINT('',(-0.0727,-0.015,0.00531425915900674));
#8605=CARTESIAN_POINT('',(-0.0727,0.,0.0447771567851305));
#8606=CARTESIAN_POINT('',(-0.0727,0.,0.0555128008127213));
#8607=CARTESIAN_POINT('',(-0.0727,0.,0.0340415127575397));
#8608=CARTESIAN_POINT('',(-0.0727,-0.0075,0.0555128008127213));
#8609=CARTESIAN_POINT('',(-0.0727,0.137,0.144205958769513));
#8610=CARTESIAN_POINT('',(-0.0727,0.12938,0.144205958769513));
#8611=CARTESIAN_POINT('',(-0.0727,0.12938,0.00531425915900674));
#8612=CARTESIAN_POINT('',(-0.0727,0.12938,-0.1370572404515));
#8613=CARTESIAN_POINT('',(-0.0727,-0.015,-0.1370572404515));
#8614=CARTESIAN_POINT('',(-0.0727,-0.0075,-0.0326348018714717));
#8615=CARTESIAN_POINT('',(-0.0727,0.,-0.0326348018714717));
#8616=CARTESIAN_POINT('',(-0.0727,0.,-0.021173004253248));
#8617=CARTESIAN_POINT('',(-0.0727,0.,-0.0097112066350243));
#8618=CARTESIAN_POINT('',(-0.0727,-0.0075,-0.0097112066350243));
#8619=CARTESIAN_POINT('',(-0.0727,-0.0075,0.0340415127575397));
#8620=CARTESIAN_POINT('',(0.,0.,0.00531425915900674));
#8621=CARTESIAN_POINT('',(0.0525,0.,-0.0118572404514998));
#8622=CARTESIAN_POINT('',(0.0525,0.,-0.0140572404514998));
#8623=CARTESIAN_POINT('',(0.0525,0.,-0.1168572404515));
#8624=CARTESIAN_POINT('',(0.0525,0.,-0.1190572404515));
#8625=CARTESIAN_POINT('',(-0.0525,0.,-0.1168572404515));
#8626=CARTESIAN_POINT('',(-0.0525,0.,-0.1190572404515));
#8627=CARTESIAN_POINT('',(-0.0525,0.,-0.0118572404514998));
#8628=CARTESIAN_POINT('',(-0.0525,0.,-0.0140572404514998));
#8629=CARTESIAN_POINT('',(0.0525,0.,0.127477021664381));
#8630=CARTESIAN_POINT('',(0.0525,0.,0.125277021664381));
#8631=CARTESIAN_POINT('',(0.0525,0.,0.022477021664381));
#8632=CARTESIAN_POINT('',(0.0525,0.,0.020277021664381));
#8633=CARTESIAN_POINT('',(-0.0525,0.,0.022477021664381));
#8634=CARTESIAN_POINT('',(-0.0525,0.,0.020277021664381));
#8635=CARTESIAN_POINT('',(-0.0525,0.,0.127477021664381));
#8636=CARTESIAN_POINT('',(-0.0525,0.,0.125277021664381));
#8637=CARTESIAN_POINT('',(4.16333634234433E-17,0.,0.074977021664381));
#8638=CARTESIAN_POINT('',(4.16333634234433E-17,0.,0.014977021664381));
#8639=CARTESIAN_POINT('',(-3.24610635090336E-18,0.,-0.0643572404514999));
#8640=CARTESIAN_POINT('',(-3.24610635090336E-18,0.,-0.1243572404515));
#8641=CARTESIAN_POINT('',(0.,0.,-0.1320572404515));
#8642=CARTESIAN_POINT('',(-0.0677,0.,-0.1320572404515));
#8643=CARTESIAN_POINT('',(-0.0677,0.,0.00532124163800937));
#8644=CARTESIAN_POINT('',(-0.0677,0.,0.142699723727519));
#8645=CARTESIAN_POINT('',(4.16333634234433E-17,0.,0.142699723727519));
#8646=CARTESIAN_POINT('',(4.16333634234433E-17,-0.015,0.074977021664381));
#8647=CARTESIAN_POINT('',(4.16333634234433E-17,-0.0115202,0.074977021664381));
#8648=CARTESIAN_POINT('',(4.16333634234433E-17,-0.0115202,0.014977021664381));
#8649=CARTESIAN_POINT('',(-3.24610635090336E-18,-0.015,-0.0643572404514999));
#8650=CARTESIAN_POINT('',(-3.24610635090336E-18,-0.0115202,-0.0643572404514999));
#8651=CARTESIAN_POINT('',(-3.24610635090336E-18,-0.0115202,-0.1243572404515));
#8652=CARTESIAN_POINT('',(-0.0677,0.127,0.00532124163800937));
#8653=CARTESIAN_POINT('',(-0.0677,0.127,-0.1320572404515));
#8654=CARTESIAN_POINT('',(-0.0677,0.127,-0.1320572404515));
#8655=CARTESIAN_POINT('',(-0.0677,0.127,0.00532124163800937));
#8656=CARTESIAN_POINT('',(-0.0677,0.127,0.142699723727519));
#8657=CARTESIAN_POINT('',(-0.0677,0.127,0.142699723727519));
#8658=CARTESIAN_POINT('',(4.16333634234433E-17,0.127,0.142699723727519));
#8659=CARTESIAN_POINT('',(4.16333634234433E-17,0.127,0.142699723727519));
#8660=CARTESIAN_POINT('',(0.0525,-0.015,-0.0118572404514998));
#8661=CARTESIAN_POINT('',(0.0525,-0.015,-0.0118572404514998));
#8662=CARTESIAN_POINT('',(0.0525,-0.015,-0.0140572404514998));
#8663=CARTESIAN_POINT('',(0.0525,-0.015,-0.1168572404515));
#8664=CARTESIAN_POINT('',(0.0525,-0.015,-0.1168572404515));
#8665=CARTESIAN_POINT('',(0.0525,-0.015,-0.1190572404515));
#8666=CARTESIAN_POINT('',(-0.0525,-0.015,-0.1168572404515));
#8667=CARTESIAN_POINT('',(-0.0525,-0.015,-0.1168572404515));
#8668=CARTESIAN_POINT('',(-0.0525,-0.015,-0.1190572404515));
#8669=CARTESIAN_POINT('',(-0.0525,-0.015,-0.0118572404514998));
#8670=CARTESIAN_POINT('',(-0.0525,-0.015,-0.0118572404514998));
#8671=CARTESIAN_POINT('',(-0.0525,-0.015,-0.0140572404514998));
#8672=CARTESIAN_POINT('',(0.0525,-0.015,0.127477021664381));
#8673=CARTESIAN_POINT('',(0.0525,-0.015,0.022477021664381));
#8674=CARTESIAN_POINT('',(-0.0525,-0.015,0.022477021664381));
#8675=CARTESIAN_POINT('',(-0.0525,-0.015,0.127477021664381));
#8676=CARTESIAN_POINT('',(4.16333634234433E-17,-0.0115202,0.074977021664381));
#8677=CARTESIAN_POINT('',(4.16333634234433E-17,-0.015,0.074977021664381));
#8678=CARTESIAN_POINT('',(4.16333634234433E-17,-0.015,0.074977021664381));
#8679=CARTESIAN_POINT('',(-3.24610635090336E-18,-0.0115202,-0.0643572404514999));
#8680=CARTESIAN_POINT('',(-3.24610635090336E-18,-0.015,-0.0643572404514999));
#8681=CARTESIAN_POINT('',(-3.24610635090336E-18,-0.015,-0.1278370404515));
#8682=CARTESIAN_POINT('',(0.0473,0.110736459493637,-0.1220572404515));
#8683=CARTESIAN_POINT('',(0.0692202,-0.015,0.144205958769513));
#8684=CARTESIAN_POINT('',(0.0692202,0.12938,0.144205958769513));
#8685=CARTESIAN_POINT('',(0.0692202,0.12938,0.147685758769513));
#8686=CARTESIAN_POINT('',(0.0692202,-0.015,0.147685758769513));
#8687=CARTESIAN_POINT('',(-0.00635,-0.015,-0.1370572404515));
#8688=CARTESIAN_POINT('',(-0.00635,0.12938,-0.1370572404515));
#8689=CARTESIAN_POINT('',(-0.0692202,-0.015,0.144205958769513));
#8690=CARTESIAN_POINT('',(-0.0692202,-0.015,0.147685758769513));
#8691=CARTESIAN_POINT('',(-0.0692202,0.12938,0.147685758769513));
#8692=CARTESIAN_POINT('',(-0.0692202,0.12938,0.144205958769513));
#8693=CARTESIAN_POINT('',(0.00635,-0.015,0.147685758769513));
#8694=CARTESIAN_POINT('',(0.00297217606306076,-0.00484,0.147685758769513));
#8695=CARTESIAN_POINT('',(-0.0160778239369392,-0.00484,0.147685758769513));
#8696=CARTESIAN_POINT('',(0.0220221760630608,-0.00484,0.147685758769513));
#8697=CARTESIAN_POINT('',(0.0220221760630608,-0.00992,0.147685758769513));
#8698=CARTESIAN_POINT('',(0.00635,0.12938,0.147685758769513));
#8699=CARTESIAN_POINT('',(-0.0160778239369392,-0.00992,0.147685758769513));
#8700=CARTESIAN_POINT('',(0.,0.127,-0.1320572404515));
#8701=CARTESIAN_POINT('',(0.,0.127,-0.1320572404515));
#8702=CARTESIAN_POINT('',(0.,0.127,0.00531425915900674));
#8703=CARTESIAN_POINT('',(8.3826352495973E-18,0.127,-0.0759697109460831));
#8704=CARTESIAN_POINT('',(8.3826352495973E-18,0.127,-0.0384697109460831));
#8705=CARTESIAN_POINT('',(8.3826352495973E-18,0.1116,-0.0759697109460831));
#8706=CARTESIAN_POINT('',(8.3826352495973E-18,0.12938,-0.0759697109460831));
#8707=CARTESIAN_POINT('',(8.3826352495973E-18,0.12938,-0.0384697109460831));
#8708=CARTESIAN_POINT('',(6.93889390390723E-18,0.12938,0.00357435915900674));
#8709=CARTESIAN_POINT('',(-0.0702000111341476,0.12938,0.145192742347717));
#8710=CARTESIAN_POINT('',(-0.0702000111341476,0.12938,0.146792742347717));
#8711=CARTESIAN_POINT('',(0.0702000036835671,0.12938,-0.134557247161865));
#8712=CARTESIAN_POINT('',(0.0702000036835671,0.12938,-0.132957247161865));
#8713=CARTESIAN_POINT('',(-0.0702005475759506,0.12938,-0.134556472301483));
#8714=CARTESIAN_POINT('',(-0.0702005475759506,0.12938,-0.132956472301483));
#8715=CARTESIAN_POINT('',(0.0702000036835671,0.12938,0.145192742347717));
#8716=CARTESIAN_POINT('',(0.0702000036835671,0.12938,0.146792742347717));
#8717=CARTESIAN_POINT('',(0.,0.127,0.00531425915900674));
#8718=CARTESIAN_POINT('',(0.0702000036835671,0.127,-0.134557247161865));
#8719=CARTESIAN_POINT('',(0.0702000036835671,0.127,-0.132957247161865));
#8720=CARTESIAN_POINT('',(0.0702000036835671,0.127,-0.134557247161865));
#8721=CARTESIAN_POINT('',(0.,0.127,0.00531425915900674));
#8722=CARTESIAN_POINT('',(-0.0702005475759506,0.127,-0.134556472301483));
#8723=CARTESIAN_POINT('',(-0.0702005475759506,0.127,-0.132956472301483));
#8724=CARTESIAN_POINT('',(-0.0702005475759506,0.127,-0.134556472301483));
#8725=CARTESIAN_POINT('',(0.,0.127,0.00531425915900674));
#8726=CARTESIAN_POINT('',(-0.0702000111341476,0.127,0.145192742347717));
#8727=CARTESIAN_POINT('',(-0.0702000111341476,0.127,0.146792742347717));
#8728=CARTESIAN_POINT('',(-0.0702000111341476,0.127,0.145192742347717));
#8729=CARTESIAN_POINT('',(0.,0.127,0.00531425915900674));
#8730=CARTESIAN_POINT('',(0.0702000036835671,0.127,0.145192742347717));
#8731=CARTESIAN_POINT('',(0.0702000036835671,0.127,0.146792742347717));
#8732=CARTESIAN_POINT('',(0.0702000036835671,0.127,0.145192742347717));
#8733=CARTESIAN_POINT('',(-0.07524,-0.0075,-0.0097112066350243));
#8734=CARTESIAN_POINT('',(-0.07524,0.,-0.0097112066350243));
#8735=CARTESIAN_POINT('',(-0.07524,0.,-0.0097112066350243));
#8736=CARTESIAN_POINT('',(-0.07524,-0.0075,-0.0097112066350243));
#8737=CARTESIAN_POINT('',(-0.07524,0.,-0.021173004253248));
#8738=CARTESIAN_POINT('',(-0.07524,0.,-0.0326348018714717));
#8739=CARTESIAN_POINT('',(-0.07524,0.,-0.0326348018714717));
#8740=CARTESIAN_POINT('',(-0.07524,0.,-0.021173004253248));
#8741=CARTESIAN_POINT('',(-0.07524,-0.0075,-0.0326348018714717));
#8742=CARTESIAN_POINT('',(-0.07524,-0.0075,-0.0326348018714717));
#8743=CARTESIAN_POINT('',(-0.07524,0.05719,0.00357435915900672));
#8744=CARTESIAN_POINT('',(-0.07524,-0.0075,0.0555128008127213));
#8745=CARTESIAN_POINT('',(-0.07524,0.,0.0555128008127213));
#8746=CARTESIAN_POINT('',(-0.07524,0.,0.0555128008127213));
#8747=CARTESIAN_POINT('',(-0.07524,-0.0075,0.0555128008127213));
#8748=CARTESIAN_POINT('',(-0.07524,0.,0.0447771567851305));
#8749=CARTESIAN_POINT('',(-0.07524,0.,0.0340415127575397));
#8750=CARTESIAN_POINT('',(-0.07524,0.,0.0340415127575397));
#8751=CARTESIAN_POINT('',(-0.07524,0.,0.0447771567851305));
#8752=CARTESIAN_POINT('',(-0.07524,-0.0075,0.0340415127575397));
#8753=CARTESIAN_POINT('',(-0.07524,-0.0075,0.0340415127575397));
#8754=CARTESIAN_POINT('',(-0.07524,0.05719,0.00357435915900672));
#8755=CARTESIAN_POINT('',(0.07524,-0.0075,-0.0323706008493901));
#8756=CARTESIAN_POINT('',(0.07524,0.,-0.0323706008493901));
#8757=CARTESIAN_POINT('',(0.07524,0.,-0.0323706008493901));
#8758=CARTESIAN_POINT('',(0.07524,-0.0075,-0.0323706008493901));
#8759=CARTESIAN_POINT('',(0.07524,0.,-0.0210861451923847));
#8760=CARTESIAN_POINT('',(0.07524,0.,-0.00980168953537941));
#8761=CARTESIAN_POINT('',(0.07524,0.,-0.00980168953537941));
#8762=CARTESIAN_POINT('',(0.07524,0.,-0.0210861451923847));
#8763=CARTESIAN_POINT('',(0.07524,-0.0075,-0.00980168953537941));
#8764=CARTESIAN_POINT('',(0.07524,-0.0075,-0.00980168953537941));
#8765=CARTESIAN_POINT('',(0.07524,0.05719,0.00357435915900672));
#8766=CARTESIAN_POINT('',(0.07524,-0.0075,0.0556258484721184));
#8767=CARTESIAN_POINT('',(0.07524,-0.0075,0.0556258484721184));
#8768=CARTESIAN_POINT('',(0.07524,0.,0.0556258484721184));
#8769=CARTESIAN_POINT('',(0.07524,0.,0.0556258484721184));
#8770=CARTESIAN_POINT('',(0.07524,-0.0075,0.0340686477720738));
#8771=CARTESIAN_POINT('',(0.07524,0.,0.0340686477720738));
#8772=CARTESIAN_POINT('',(0.07524,0.,0.0340686477720738));
#8773=CARTESIAN_POINT('',(0.07524,-0.0075,0.0340686477720738));
#8774=CARTESIAN_POINT('',(0.07524,0.,0.044847248122096));
#8775=CARTESIAN_POINT('',(0.07524,0.,0.044847248122096));
#8776=CARTESIAN_POINT('',(0.07524,0.05719,0.00357435915900672));
#8777=CARTESIAN_POINT('',(0.00297217606306076,-0.00484,0.150225758769513));
#8778=CARTESIAN_POINT('',(-0.0160778239369392,-0.00484,0.150225758769513));
#8779=CARTESIAN_POINT('',(-0.0160778239369392,-0.00484,0.150225758769513));
#8780=CARTESIAN_POINT('',(0.00297217606306076,-0.00484,0.150225758769513));
#8781=CARTESIAN_POINT('',(0.0220221760630608,-0.00484,0.150225758769513));
#8782=CARTESIAN_POINT('',(0.0220221760630608,-0.00484,0.150225758769513));
#8783=CARTESIAN_POINT('',(-0.0160778239369392,-0.00992,0.150225758769513));
#8784=CARTESIAN_POINT('',(-0.0160778239369392,-0.00992,0.150225758769513));
#8785=CARTESIAN_POINT('',(0.0220221760630608,-0.00992,0.150225758769513));
#8786=CARTESIAN_POINT('',(0.0220221760630608,-0.00992,0.150225758769513));
#8787=CARTESIAN_POINT('',(1.38777878078145E-17,0.05719,0.150225758769513));
#8788=CARTESIAN_POINT('',(0.0473,0.0965549473166466,-0.114883928060532));
#8789=CARTESIAN_POINT('',(0.0473,0.100804947316647,-0.114883928060532));
#8790=CARTESIAN_POINT('',(0.0727,0.100804947316647,-0.114883928060532));
#8791=CARTESIAN_POINT('',(0.0727,0.0965549473166466,-0.114883928060532));
#8792=CARTESIAN_POINT('',(0.0727,0.0923049473166466,-0.114883928060532));
#8793=CARTESIAN_POINT('',(0.0473,0.0923049473166466,-0.114883928060532));
#8794=CARTESIAN_POINT('',(0.0473,0.0923049473166466,-0.121883928060532));
#8795=CARTESIAN_POINT('',(0.0727,0.0923049473166466,-0.121883928060532));
#8796=CARTESIAN_POINT('',(0.0727,0.0923049473166466,-0.128883928060532));
#8797=CARTESIAN_POINT('',(0.0473,0.0923049473166466,-0.128883928060532));
#8798=CARTESIAN_POINT('',(0.0473,0.0965549473166466,-0.128883928060532));
#8799=CARTESIAN_POINT('',(0.0727,0.0965549473166466,-0.128883928060532));
#8800=CARTESIAN_POINT('',(0.0727,0.100804947316647,-0.128883928060532));
#8801=CARTESIAN_POINT('',(0.0473,0.100804947316647,-0.128883928060532));
#8802=CARTESIAN_POINT('',(0.0473,0.100804947316647,-0.121883928060532));
#8803=CARTESIAN_POINT('',(0.0727,0.100804947316647,-0.121883928060532));
#8804=CARTESIAN_POINT('',(0.0638716891407967,-0.025,-0.065200075507164));
#8805=CARTESIAN_POINT('',(0.0638716891407967,-0.025,0.));
#8806=CARTESIAN_POINT('',(0.0638716891407967,-0.025,-0.130400151014328));
#8807=CARTESIAN_POINT('',(-0.000668141990900081,-0.025,-0.130400151014328));
#8808=CARTESIAN_POINT('',(-0.0652079731225968,-0.025,-0.130400151014328));
#8809=CARTESIAN_POINT('',(-0.0652079731225968,-0.025,-0.065200075507164));
#8810=CARTESIAN_POINT('',(-0.0652079731225968,-0.025,0.));
#8811=CARTESIAN_POINT('',(-0.000668141990900081,-0.025,0.));
#8812=CARTESIAN_POINT('',(1.38777878078145E-17,-0.015,0.00658425915900673));
#8813=CARTESIAN_POINT('',(-0.0630289763212204,-0.015,0.0723041945602745));
#8814=CARTESIAN_POINT('',(0.000421356409788131,-0.015,0.137188658118248));
#8815=CARTESIAN_POINT('',(0.000421356409788131,-0.025,0.137188658118248));
#8816=CARTESIAN_POINT('',(-0.0630289763212204,-0.025,0.137188658118248));
#8817=CARTESIAN_POINT('',(0.0638716891407967,-0.025,0.137188658118248));
#8818=CARTESIAN_POINT('',(-0.0630289763212204,-0.025,0.0723041945602745));
#8819=CARTESIAN_POINT('',(-0.0630289763212204,-0.025,0.00741973100230098));
#8820=CARTESIAN_POINT('',(0.000421356409788131,-0.025,0.00741973100230098));
#8821=CARTESIAN_POINT('',(0.0638716891407967,-0.025,0.00741973100230098));
#8822=CARTESIAN_POINT('',(0.0638716891407967,-0.025,0.0723041945602745));
#8823=CARTESIAN_POINT('',(1.38777878078145E-17,-0.015,0.00658425915900673));
#8824=CARTESIAN_POINT('',(1.38777878078145E-17,-0.015,0.00658425915900673));
#8825=CARTESIAN_POINT('',(1.38777878078145E-17,-0.015,0.00658425915900673));
#8826=CARTESIAN_POINT('',(1.38777878078145E-17,-0.015,0.00658425915900673));
#8827=CARTESIAN_POINT('',(1.38777878078145E-17,-0.015,0.00658425915900673));
#8828=CARTESIAN_POINT('',(-0.0436381427425658,-0.023,0.082702394562754));
#8829=CARTESIAN_POINT('',(-0.0436381427425658,-0.023,0.0916333187002844));
#8830=CARTESIAN_POINT('',(-0.0436381427425658,-0.023,0.0916333187002844));
#8831=CARTESIAN_POINT('',(-0.0436381427425658,-0.023,0.082702394562754));
#8832=CARTESIAN_POINT('',(-0.0436381427425658,-0.023,0.0737714704252236));
#8833=CARTESIAN_POINT('',(-0.0436381427425658,-0.023,0.0737714704252236));
#8834=CARTESIAN_POINT('',(-0.0298382837730363,-0.023,0.0916333187002844));
#8835=CARTESIAN_POINT('',(-0.0160384248035067,-0.023,0.0916333187002844));
#8836=CARTESIAN_POINT('',(-0.0160384248035067,-0.023,0.0916333187002844));
#8837=CARTESIAN_POINT('',(-0.0298382837730363,-0.023,0.0916333187002844));
#8838=CARTESIAN_POINT('',(-0.0160384248035067,-0.023,0.094288605669135));
#8839=CARTESIAN_POINT('',(-0.0160384248035067,-0.023,0.0969438926379856));
#8840=CARTESIAN_POINT('',(-0.0160384248035067,-0.023,0.0969438926379856));
#8841=CARTESIAN_POINT('',(-0.0160384248035067,-0.023,0.094288605669135));
#8842=CARTESIAN_POINT('',(-0.0330933275520995,-0.023,0.0969438926379856));
#8843=CARTESIAN_POINT('',(-0.0501482303006924,-0.023,0.0969438926379856));
#8844=CARTESIAN_POINT('',(-0.0501482303006924,-0.023,0.0969438926379856));
#8845=CARTESIAN_POINT('',(-0.0330933275520995,-0.023,0.0969438926379856));
#8846=CARTESIAN_POINT('',(-0.0501482303006924,-0.023,0.0729372632255642));
#8847=CARTESIAN_POINT('',(-0.0501482303006924,-0.023,0.0489306338131428));
#8848=CARTESIAN_POINT('',(-0.0501482303006924,-0.023,0.0489306338131428));
#8849=CARTESIAN_POINT('',(-0.0501482303006924,-0.023,0.0729372632255642));
#8850=CARTESIAN_POINT('',(-0.0468931865216291,-0.023,0.0489306338131428));
#8851=CARTESIAN_POINT('',(-0.0436381427425658,-0.023,0.0489306338131428));
#8852=CARTESIAN_POINT('',(-0.0436381427425658,-0.023,0.0489306338131428));
#8853=CARTESIAN_POINT('',(-0.0468931865216291,-0.023,0.0489306338131428));
#8854=CARTESIAN_POINT('',(-0.0436381427425658,-0.023,0.0586575988078645));
#8855=CARTESIAN_POINT('',(-0.0436381427425658,-0.023,0.0683845638025862));
#8856=CARTESIAN_POINT('',(-0.0436381427425658,-0.023,0.0683845638025862));
#8857=CARTESIAN_POINT('',(-0.0436381427425658,-0.023,0.0586575988078645));
#8858=CARTESIAN_POINT('',(-0.0302472088709086,-0.023,0.0683845638025862));
#8859=CARTESIAN_POINT('',(-0.0168562749992513,-0.023,0.0683845638025862));
#8860=CARTESIAN_POINT('',(-0.0168562749992513,-0.023,0.0683845638025862));
#8861=CARTESIAN_POINT('',(-0.0302472088709086,-0.023,0.0683845638025862));
#8862=CARTESIAN_POINT('',(-0.0168562749992513,-0.023,0.0710780171139049));
#8863=CARTESIAN_POINT('',(-0.0168562749992513,-0.023,0.0737714704252236));
#8864=CARTESIAN_POINT('',(-0.0168562749992513,-0.023,0.0737714704252236));
#8865=CARTESIAN_POINT('',(-0.0168562749992513,-0.023,0.0710780171139049));
#8866=CARTESIAN_POINT('',(-0.0302472088709086,-0.023,0.0737714704252236));
#8867=CARTESIAN_POINT('',(-0.0302472088709086,-0.023,0.0737714704252236));
#8868=CARTESIAN_POINT('',(0.000829932764948652,-0.023,0.0253718336607562));
#8869=CARTESIAN_POINT('',(0.0536751258817579,-0.023,0.0606204392776514));
#8870=CARTESIAN_POINT('',(0.0536751258817579,-0.023,0.0489306338131428));
#8871=CARTESIAN_POINT('',(0.0536751258817579,-0.023,0.0489306338131428));
#8872=CARTESIAN_POINT('',(0.0536751258817579,-0.023,0.0606204392776514));
#8873=CARTESIAN_POINT('',(0.0536751258817579,-0.023,0.07231024474216));
#8874=CARTESIAN_POINT('',(0.0536751258817579,-0.023,0.07231024474216));
#8875=CARTESIAN_POINT('',(0.056761147287034,-0.023,0.0489306338131428));
#8876=CARTESIAN_POINT('',(0.05984716869231,-0.023,0.0489306338131428));
#8877=CARTESIAN_POINT('',(0.05984716869231,-0.023,0.0489306338131428));
#8878=CARTESIAN_POINT('',(0.056761147287034,-0.023,0.0489306338131428));
#8879=CARTESIAN_POINT('',(0.05984716869231,-0.023,0.0612147437532258));
#8880=CARTESIAN_POINT('',(0.05984716869231,-0.023,0.0734988536933088));
#8881=CARTESIAN_POINT('',(0.05984716869231,-0.023,0.0734988536933088));
#8882=CARTESIAN_POINT('',(0.05984716869231,-0.023,0.0612147437532258));
#8883=CARTESIAN_POINT('',(0.0570337640189488,-0.023,0.0834711737467539));
#8884=CARTESIAN_POINT('',(0.0570337640189488,-0.025,0.0834711737467539));
#8885=CARTESIAN_POINT('',(0.0589093671345229,-0.023,0.0814610797101018));
#8886=CARTESIAN_POINT('',(0.0589093671345229,-0.025,0.0814610797101018));
#8887=CARTESIAN_POINT('',(0.05984716869231,-0.023,0.0781369730256201));
#8888=CARTESIAN_POINT('',(0.05984716869231,-0.025,0.0781369730256201));
#8889=CARTESIAN_POINT('',(0.05984716869231,-0.023,0.0734988536933088));
#8890=CARTESIAN_POINT('',(0.05984716869231,-0.025,0.0734988536933088));
#8891=CARTESIAN_POINT('',(0.0570337640189488,-0.023,0.0834711737467539));
#8892=CARTESIAN_POINT('',(0.0570337640189488,-0.023,0.0834711737467539));
#8893=CARTESIAN_POINT('',(0.0570337640189488,-0.023,0.0834711737467539));
#8894=CARTESIAN_POINT('',(0.05984716869231,-0.023,0.0804560326917757));
#8895=CARTESIAN_POINT('',(0.05984716869231,-0.023,0.0734988536933088));
#8896=CARTESIAN_POINT('',(0.0481573632278014,-0.023,0.0864863148017321));
#8897=CARTESIAN_POINT('',(0.0481573632278014,-0.025,0.0864863148017321));
#8898=CARTESIAN_POINT('',(0.0521993606396589,-0.023,0.0864863148017321));
#8899=CARTESIAN_POINT('',(0.0521993606396589,-0.025,0.0864863148017321));
#8900=CARTESIAN_POINT('',(0.0551581609033747,-0.023,0.085481267783406));
#8901=CARTESIAN_POINT('',(0.0551581609033747,-0.025,0.085481267783406));
#8902=CARTESIAN_POINT('',(0.0570337640189488,-0.023,0.0834711737467539));
#8903=CARTESIAN_POINT('',(0.0570337640189488,-0.025,0.0834711737467539));
#8904=CARTESIAN_POINT('',(0.0481573632278014,-0.023,0.0864863148017321));
#8905=CARTESIAN_POINT('',(0.0481573632278014,-0.023,0.0864863148017321));
#8906=CARTESIAN_POINT('',(0.0481573632278014,-0.023,0.0864863148017321));
#8907=CARTESIAN_POINT('',(0.0542203593455876,-0.023,0.0864863148017321));
#8908=CARTESIAN_POINT('',(0.0570337640189488,-0.023,0.0834711737467539));
#8909=CARTESIAN_POINT('',(0.0412547075757175,-0.023,0.0848996854219877));
#8910=CARTESIAN_POINT('',(0.0412547075757175,-0.025,0.0848996854219877));
#8911=CARTESIAN_POINT('',(0.0431085013527384,-0.023,0.0859574383418173));
#8912=CARTESIAN_POINT('',(0.0431085013527384,-0.025,0.0859574383418173));
#8913=CARTESIAN_POINT('',(0.0454093865700997,-0.023,0.0864863148017321));
#8914=CARTESIAN_POINT('',(0.0454093865700997,-0.025,0.0864863148017321));
#8915=CARTESIAN_POINT('',(0.0481573632278014,-0.023,0.0864863148017321));
#8916=CARTESIAN_POINT('',(0.0481573632278014,-0.025,0.0864863148017321));
#8917=CARTESIAN_POINT('',(0.0412547075757175,-0.023,0.0848996854219877));
#8918=CARTESIAN_POINT('',(0.0412547075757175,-0.023,0.0848996854219877));
#8919=CARTESIAN_POINT('',(0.0412547075757175,-0.023,0.0848996854219877));
#8920=CARTESIAN_POINT('',(0.0440353982412489,-0.023,0.0864863148017321));
#8921=CARTESIAN_POINT('',(0.0481573632278014,-0.023,0.0864863148017321));
#8922=CARTESIAN_POINT('',(0.0363694157398034,-0.023,0.0794964217954354));
#8923=CARTESIAN_POINT('',(0.0363694157398034,-0.025,0.0794964217954354));
#8924=CARTESIAN_POINT('',(0.0377724831867252,-0.023,0.0820408446266407));
#8925=CARTESIAN_POINT('',(0.0377724831867252,-0.025,0.0820408446266407));
#8926=CARTESIAN_POINT('',(0.0394009137986965,-0.023,0.0838419325021581));
#8927=CARTESIAN_POINT('',(0.0394009137986965,-0.025,0.0838419325021581));
#8928=CARTESIAN_POINT('',(0.0412547075757175,-0.023,0.0848996854219877));
#8929=CARTESIAN_POINT('',(0.0412547075757175,-0.025,0.0848996854219877));
#8930=CARTESIAN_POINT('',(0.0363694157398034,-0.023,0.0794964217954354));
#8931=CARTESIAN_POINT('',(0.0363694157398034,-0.023,0.0794964217954354));
#8932=CARTESIAN_POINT('',(0.0363694157398034,-0.023,0.0794964217954354));
#8933=CARTESIAN_POINT('',(0.0384740169101861,-0.023,0.0833130560422433));
#8934=CARTESIAN_POINT('',(0.0412547075757175,-0.023,0.0848996854219877));
#8935=CARTESIAN_POINT('',(0.0363148923934205,-0.023,0.0794964217954354));
#8936=CARTESIAN_POINT('',(0.0362603690470375,-0.023,0.0794964217954354));
#8937=CARTESIAN_POINT('',(0.0362603690470375,-0.023,0.0794964217954354));
#8938=CARTESIAN_POINT('',(0.0363148923934205,-0.023,0.0794964217954354));
#8939=CARTESIAN_POINT('',(0.0361458700196332,-0.023,0.0831603906723709));
#8940=CARTESIAN_POINT('',(0.0361458700196332,-0.025,0.0831603906723709));
#8941=CARTESIAN_POINT('',(0.036178584027463,-0.023,0.082513380295293));
#8942=CARTESIAN_POINT('',(0.036178584027463,-0.025,0.082513380295293));
#8943=CARTESIAN_POINT('',(0.0362167503699311,-0.023,0.0812920573363145));
#8944=CARTESIAN_POINT('',(0.0362167503699311,-0.025,0.0812920573363145));
#8945=CARTESIAN_POINT('',(0.0362603690470375,-0.023,0.0794964217954354));
#8946=CARTESIAN_POINT('',(0.0362603690470375,-0.025,0.0794964217954354));
#8947=CARTESIAN_POINT('',(0.0361458700196332,-0.023,0.0831603906723709));
#8948=CARTESIAN_POINT('',(0.0361458700196332,-0.023,0.0831603906723709));
#8949=CARTESIAN_POINT('',(0.0361458700196332,-0.023,0.0831603906723709));
#8950=CARTESIAN_POINT('',(0.0361949410313779,-0.023,0.0821898751067541));
#8951=CARTESIAN_POINT('',(0.0362603690470375,-0.023,0.0794964217954354));
#8952=CARTESIAN_POINT('',(0.0361005295526411,-0.0229999999981737,0.0840562953429375));
#8953=CARTESIAN_POINT('',(0.0360586326654205,-0.023,0.0848833284180728));
#8954=CARTESIAN_POINT('',(0.0360586326654205,-0.023,0.0848833284180728));
#8955=CARTESIAN_POINT('',(0.0361005295526411,-0.023,0.0840562953429375));
#8956=CARTESIAN_POINT('',(0.0359877523151227,-0.023,0.0857993206373067));
#8957=CARTESIAN_POINT('',(0.0359877523151227,-0.025,0.0857993206373067));
#8958=CARTESIAN_POINT('',(0.0360095616536758,-0.023,0.0856902739445408));
#8959=CARTESIAN_POINT('',(0.0360095616536758,-0.025,0.0856902739445408));
#8960=CARTESIAN_POINT('',(0.0360331884371084,-0.023,0.0853849432047961));
#8961=CARTESIAN_POINT('',(0.0360331884371084,-0.025,0.0853849432047961));
#8962=CARTESIAN_POINT('',(0.0360586326654205,-0.023,0.0848833284180728));
#8963=CARTESIAN_POINT('',(0.0360586326654205,-0.025,0.0848833284180728));
#8964=CARTESIAN_POINT('',(0.0359877523151227,-0.023,0.0857993206373067));
#8965=CARTESIAN_POINT('',(0.0359877523151227,-0.023,0.0857993206373067));
#8966=CARTESIAN_POINT('',(0.0359877523151227,-0.023,0.0857993206373067));
#8967=CARTESIAN_POINT('',(0.0360204663229524,-0.023,0.0856357505981578));
#8968=CARTESIAN_POINT('',(0.0360586326654205,-0.023,0.0848833284180728));
#8969=CARTESIAN_POINT('',(0.0330925626221869,-0.023,0.0857993206373067));
#8970=CARTESIAN_POINT('',(0.0301973729292513,-0.023,0.0857993206373067));
#8971=CARTESIAN_POINT('',(0.0301973729292513,-0.023,0.0857993206373067));
#8972=CARTESIAN_POINT('',(0.0330925626221869,-0.023,0.0857993206373067));
#8973=CARTESIAN_POINT('',(0.0304045616455066,-0.023,0.0779261494196059));
#8974=CARTESIAN_POINT('',(0.0304045616455066,-0.025,0.0779261494196059));
#8975=CARTESIAN_POINT('',(0.0304045616455066,-0.023,0.0822225891145839));
#8976=CARTESIAN_POINT('',(0.0304045616455066,-0.025,0.0822225891145839));
#8977=CARTESIAN_POINT('',(0.0303354987400881,-0.023,0.0848469795204842));
#8978=CARTESIAN_POINT('',(0.0303354987400881,-0.025,0.0848469795204842));
#8979=CARTESIAN_POINT('',(0.0301973729292513,-0.023,0.0857993206373067));
#8980=CARTESIAN_POINT('',(0.0301973729292513,-0.025,0.0857993206373067));
#8981=CARTESIAN_POINT('',(0.0304045616455066,-0.023,0.0779261494196059));
#8982=CARTESIAN_POINT('',(0.0304045616455066,-0.023,0.0779261494196059));
#8983=CARTESIAN_POINT('',(0.0304045616455066,-0.023,0.0779261494196059));
#8984=CARTESIAN_POINT('',(0.0304045616455066,-0.023,0.0843708089620729));
#8985=CARTESIAN_POINT('',(0.0301973729292513,-0.023,0.0857993206373067));
#8986=CARTESIAN_POINT('',(0.0304045616455066,-0.023,0.0634283916163743));
#8987=CARTESIAN_POINT('',(0.0304045616455066,-0.023,0.0489306338131428));
#8988=CARTESIAN_POINT('',(0.0304045616455066,-0.023,0.0489306338131428));
#8989=CARTESIAN_POINT('',(0.0304045616455066,-0.023,0.0634283916163743));
#8990=CARTESIAN_POINT('',(0.0334687737122294,-0.023,0.0489306338131428));
#8991=CARTESIAN_POINT('',(0.0365329857789524,-0.023,0.0489306338131428));
#8992=CARTESIAN_POINT('',(0.0365329857789524,-0.023,0.0489306338131428));
#8993=CARTESIAN_POINT('',(0.0334687737122294,-0.023,0.0489306338131428));
#8994=CARTESIAN_POINT('',(0.0365329857789524,-0.023,0.0596117573695665));
#8995=CARTESIAN_POINT('',(0.0365329857789524,-0.023,0.0702928809259902));
#8996=CARTESIAN_POINT('',(0.0365329857789524,-0.023,0.0702928809259902));
#8997=CARTESIAN_POINT('',(0.0365329857789524,-0.023,0.0596117573695665));
#8998=CARTESIAN_POINT('',(0.0390901307243136,-0.023,0.0787112856075206));
#8999=CARTESIAN_POINT('',(0.0390901307243136,-0.025,0.0787112856075206));
#9000=CARTESIAN_POINT('',(0.0373853674274061,-0.023,0.0766902869015919));
#9001=CARTESIAN_POINT('',(0.0373853674274061,-0.025,0.0766902869015919));
#9002=CARTESIAN_POINT('',(0.0365329857789524,-0.023,0.0738841520077484));
#9003=CARTESIAN_POINT('',(0.0365329857789524,-0.025,0.0738841520077484));
#9004=CARTESIAN_POINT('',(0.0365329857789524,-0.023,0.0702928809259902));
#9005=CARTESIAN_POINT('',(0.0365329857789524,-0.025,0.0702928809259902));
#9006=CARTESIAN_POINT('',(0.0390901307243136,-0.023,0.0787112856075206));
#9007=CARTESIAN_POINT('',(0.0390901307243136,-0.023,0.0787112856075206));
#9008=CARTESIAN_POINT('',(0.0390901307243136,-0.023,0.0787112856075206));
#9009=CARTESIAN_POINT('',(0.0365329857789524,-0.023,0.0756797875486275));
#9010=CARTESIAN_POINT('',(0.0365329857789524,-0.023,0.0702928809259902));
#9011=CARTESIAN_POINT('',(0.046074571395972,-0.023,0.0817427836664137));
#9012=CARTESIAN_POINT('',(0.046074571395972,-0.025,0.0817427836664137));
#9013=CARTESIAN_POINT('',(0.0431230409117739,-0.023,0.0817427836664137));
#9014=CARTESIAN_POINT('',(0.0431230409117739,-0.025,0.0817427836664137));
#9015=CARTESIAN_POINT('',(0.0407948940212211,-0.023,0.0807322843134493));
#9016=CARTESIAN_POINT('',(0.0407948940212211,-0.025,0.0807322843134493));
#9017=CARTESIAN_POINT('',(0.0390901307243136,-0.023,0.0787112856075206));
#9018=CARTESIAN_POINT('',(0.0390901307243136,-0.025,0.0787112856075206));
#9019=CARTESIAN_POINT('',(0.046074571395972,-0.023,0.0817427836664137));
#9020=CARTESIAN_POINT('',(0.046074571395972,-0.023,0.0817427836664137));
#9021=CARTESIAN_POINT('',(0.046074571395972,-0.023,0.0817427836664137));
#9022=CARTESIAN_POINT('',(0.0416472756696748,-0.023,0.0817427836664137));
#9023=CARTESIAN_POINT('',(0.0390901307243136,-0.023,0.0787112856075206));
#9024=CARTESIAN_POINT('',(0.0506763418306946,-0.023,0.0808595054550096));
#9025=CARTESIAN_POINT('',(0.0506763418306946,-0.025,0.0808595054550096));
#9026=CARTESIAN_POINT('',(0.0496294935801416,-0.023,0.0814483575959457));
#9027=CARTESIAN_POINT('',(0.0496294935801416,-0.025,0.0814483575959457));
#9028=CARTESIAN_POINT('',(0.0480955701019007,-0.023,0.0817427836664137));
#9029=CARTESIAN_POINT('',(0.0480955701019007,-0.025,0.0817427836664137));
#9030=CARTESIAN_POINT('',(0.046074571395972,-0.023,0.0817427836664137));
#9031=CARTESIAN_POINT('',(0.046074571395972,-0.025,0.0817427836664137));
#9032=CARTESIAN_POINT('',(0.0506763418306946,-0.023,0.0808595054550096));
#9033=CARTESIAN_POINT('',(0.0506763418306946,-0.023,0.0808595054550096));
#9034=CARTESIAN_POINT('',(0.0506763418306946,-0.023,0.0808595054550096));
#9035=CARTESIAN_POINT('',(0.0491060694548651,-0.023,0.0817427836664137));
#9036=CARTESIAN_POINT('',(0.046074571395972,-0.023,0.0817427836664137));
#9037=CARTESIAN_POINT('',(0.052960870044141,-0.023,0.077964315762074));
#9038=CARTESIAN_POINT('',(0.052960870044141,-0.025,0.077964315762074));
#9039=CARTESIAN_POINT('',(0.0524846994857297,-0.023,0.079305590083095));
#9040=CARTESIAN_POINT('',(0.0524846994857297,-0.025,0.079305590083095));
#9041=CARTESIAN_POINT('',(0.0517231900812476,-0.023,0.0802706533140735));
#9042=CARTESIAN_POINT('',(0.0517231900812476,-0.025,0.0802706533140735));
#9043=CARTESIAN_POINT('',(0.0506763418306946,-0.023,0.0808595054550096));
#9044=CARTESIAN_POINT('',(0.0506763418306946,-0.025,0.0808595054550096));
#9045=CARTESIAN_POINT('',(0.052960870044141,-0.023,0.077964315762074));
#9046=CARTESIAN_POINT('',(0.052960870044141,-0.023,0.077964315762074));
#9047=CARTESIAN_POINT('',(0.052960870044141,-0.023,0.077964315762074));
#9048=CARTESIAN_POINT('',(0.0522466142065241,-0.023,0.0799762272436055));
#9049=CARTESIAN_POINT('',(0.0506763418306946,-0.023,0.0808595054550096));
#9050=CARTESIAN_POINT('',(0.0536751258817579,-0.023,0.07231024474216));
#9051=CARTESIAN_POINT('',(0.0536751258817579,-0.025,0.07231024474216));
#9052=CARTESIAN_POINT('',(0.0536751258817579,-0.023,0.0747383511010816));
#9053=CARTESIAN_POINT('',(0.0536751258817579,-0.025,0.0747383511010816));
#9054=CARTESIAN_POINT('',(0.0534370406025523,-0.023,0.0766230414410529));
#9055=CARTESIAN_POINT('',(0.0534370406025523,-0.025,0.0766230414410529));
#9056=CARTESIAN_POINT('',(0.052960870044141,-0.023,0.077964315762074));
#9057=CARTESIAN_POINT('',(0.052960870044141,-0.025,0.077964315762074));
#9058=CARTESIAN_POINT('',(0.0536751258817579,-0.023,0.07231024474216));
#9059=CARTESIAN_POINT('',(0.0536751258817579,-0.023,0.0759524042805424));
#9060=CARTESIAN_POINT('',(0.052960870044141,-0.023,0.077964315762074));
#9061=CARTESIAN_POINT('',(0.000829932764948652,-0.023,0.0253718336607562));
#9062=CARTESIAN_POINT('',(0.00225961024261778,-0.023,0.05284541008344));
#9063=CARTESIAN_POINT('',(0.00225961024261778,-0.025,0.05284541008344));
#9064=CARTESIAN_POINT('',(0.00450597211359612,-0.023,0.05284541008344));
#9065=CARTESIAN_POINT('',(0.00450597211359612,-0.025,0.05284541008344));
#9066=CARTESIAN_POINT('',(0.00650516148097166,-0.023,0.0533579295394399));
#9067=CARTESIAN_POINT('',(0.00650516148097166,-0.025,0.0533579295394399));
#9068=CARTESIAN_POINT('',(0.0082571783447444,-0.023,0.0543829684514397));
#9069=CARTESIAN_POINT('',(0.0082571783447444,-0.025,0.0543829684514397));
#9070=CARTESIAN_POINT('',(0.00225961024261778,-0.025,0.05284541008344));
#9071=CARTESIAN_POINT('',(0.00562915304908529,-0.025,0.05284541008344));
#9072=CARTESIAN_POINT('',(0.0082571783447444,-0.025,0.0543829684514397));
#9073=CARTESIAN_POINT('',(0.00225961024261778,-0.025,0.05284541008344));
#9074=CARTESIAN_POINT('',(0.0082571783447444,-0.025,0.0543829684514397));
#9075=CARTESIAN_POINT('',(0.00225961024261778,-0.023,0.05284541008344));
#9076=CARTESIAN_POINT('',(0.00225961024261778,-0.023,0.05284541008344));
#9077=CARTESIAN_POINT('',(0.00225961024261778,-0.023,0.05284541008344));
#9078=CARTESIAN_POINT('',(0.00562915304908529,-0.023,0.05284541008344));
#9079=CARTESIAN_POINT('',(0.0082571783447444,-0.023,0.0543829684514397));
#9080=CARTESIAN_POINT('',(0.0082571783447444,-0.023,0.0543829684514397));
#9081=CARTESIAN_POINT('',(0.0082571783447444,-0.023,0.0543829684514397));
#9082=CARTESIAN_POINT('',(-0.00235851719601973,-0.023,0.0544811104749291));
#9083=CARTESIAN_POINT('',(-0.00235851719601973,-0.025,0.0544811104749291));
#9084=CARTESIAN_POINT('',(-0.00127895493763693,-0.023,0.0533906435472697));
#9085=CARTESIAN_POINT('',(-0.00127895493763693,-0.025,0.0533906435472697));
#9086=CARTESIAN_POINT('',(0.000260420875242237,-0.023,0.05284541008344));
#9087=CARTESIAN_POINT('',(0.000260420875242237,-0.025,0.05284541008344));
#9088=CARTESIAN_POINT('',(0.00225961024261778,-0.023,0.05284541008344));
#9089=CARTESIAN_POINT('',(0.00225961024261778,-0.025,0.05284541008344));
#9090=CARTESIAN_POINT('',(-0.00235851719601973,-0.025,0.0544811104749291));
#9091=CARTESIAN_POINT('',(-0.000739173808445535,-0.025,0.05284541008344));
#9092=CARTESIAN_POINT('',(0.00225961024261778,-0.025,0.05284541008344));
#9093=CARTESIAN_POINT('',(-0.00235851719601973,-0.025,0.0544811104749291));
#9094=CARTESIAN_POINT('',(-0.00235851719601973,-0.023,0.0544811104749291));
#9095=CARTESIAN_POINT('',(-0.00235851719601973,-0.023,0.0544811104749291));
#9096=CARTESIAN_POINT('',(-0.00235851719601973,-0.023,0.0544811104749291));
#9097=CARTESIAN_POINT('',(-0.000739173808445535,-0.023,0.05284541008344));
#9098=CARTESIAN_POINT('',(0.00225961024261778,-0.023,0.05284541008344));
#9099=CARTESIAN_POINT('',(-0.00397786058359392,-0.023,0.0591155949174815));
#9100=CARTESIAN_POINT('',(-0.00397786058359392,-0.025,0.0591155949174815));
#9101=CARTESIAN_POINT('',(-0.00397786058359392,-0.023,0.0571164055501059));
#9102=CARTESIAN_POINT('',(-0.00397786058359392,-0.025,0.0571164055501059));
#9103=CARTESIAN_POINT('',(-0.00343807945440252,-0.023,0.0555715774025884));
#9104=CARTESIAN_POINT('',(-0.00343807945440252,-0.025,0.0555715774025884));
#9105=CARTESIAN_POINT('',(-0.00235851719601973,-0.023,0.0544811104749291));
#9106=CARTESIAN_POINT('',(-0.00235851719601973,-0.025,0.0544811104749291));
#9107=CARTESIAN_POINT('',(-0.00397786058359392,-0.025,0.0591155949174815));
#9108=CARTESIAN_POINT('',(-0.00397786058359392,-0.025,0.0561168108664181));
#9109=CARTESIAN_POINT('',(-0.00235851719601973,-0.025,0.0544811104749291));
#9110=CARTESIAN_POINT('',(-0.00397786058359392,-0.025,0.0591155949174815));
#9111=CARTESIAN_POINT('',(-0.00397786058359392,-0.023,0.0591155949174815));
#9112=CARTESIAN_POINT('',(-0.00397786058359392,-0.023,0.0591155949174815));
#9113=CARTESIAN_POINT('',(-0.00397786058359392,-0.023,0.0591155949174815));
#9114=CARTESIAN_POINT('',(-0.00397786058359392,-0.023,0.0561168108664181));
#9115=CARTESIAN_POINT('',(-0.00235851719601973,-0.023,0.0544811104749291));
#9116=CARTESIAN_POINT('',(-0.00278379929780689,-0.023,0.0635865093208849));
#9117=CARTESIAN_POINT('',(-0.00278379929780689,-0.025,0.0635865093208849));
#9118=CARTESIAN_POINT('',(-0.00357984015499824,-0.023,0.0624524237161192));
#9119=CARTESIAN_POINT('',(-0.00357984015499824,-0.025,0.0624524237161192));
#9120=CARTESIAN_POINT('',(-0.00397786058359392,-0.023,0.0609621189149847));
#9121=CARTESIAN_POINT('',(-0.00397786058359392,-0.025,0.0609621189149847));
#9122=CARTESIAN_POINT('',(-0.00397786058359392,-0.023,0.0591155949174815));
#9123=CARTESIAN_POINT('',(-0.00397786058359392,-0.025,0.0591155949174815));
#9124=CARTESIAN_POINT('',(-0.00278379929780689,-0.025,0.0635865093208849));
#9125=CARTESIAN_POINT('',(-0.00397786058359392,-0.025,0.0618853809137363));
#9126=CARTESIAN_POINT('',(-0.00397786058359392,-0.025,0.0591155949174815));
#9127=CARTESIAN_POINT('',(-0.00278379929780689,-0.025,0.0635865093208849));
#9128=CARTESIAN_POINT('',(-0.00278379929780689,-0.023,0.0635865093208849));
#9129=CARTESIAN_POINT('',(-0.00278379929780689,-0.023,0.0635865093208849));
#9130=CARTESIAN_POINT('',(-0.00278379929780689,-0.023,0.0635865093208849));
#9131=CARTESIAN_POINT('',(-0.00397786058359392,-0.023,0.0618853809137363));
#9132=CARTESIAN_POINT('',(-0.00397786058359392,-0.023,0.0591155949174815));
#9133=CARTESIAN_POINT('',(0.000640266855043592,-0.023,0.0661054879237781));
#9134=CARTESIAN_POINT('',(0.000640266855043592,-0.025,0.0661054879237781));
#9135=CARTESIAN_POINT('',(-0.000846403056332043,-0.023,0.0655602544599484));
#9136=CARTESIAN_POINT('',(-0.000846403056332043,-0.025,0.0655602544599484));
#9137=CARTESIAN_POINT('',(-0.00198775844061554,-0.023,0.0647205949256507));
#9138=CARTESIAN_POINT('',(-0.00198775844061554,-0.025,0.0647205949256507));
#9139=CARTESIAN_POINT('',(-0.00278379929780689,-0.023,0.0635865093208849));
#9140=CARTESIAN_POINT('',(-0.00278379929780689,-0.025,0.0635865093208849));
#9141=CARTESIAN_POINT('',(0.000640266855043592,-0.025,0.0661054879237781));
#9142=CARTESIAN_POINT('',(-0.00158973801201986,-0.025,0.0652876377280336));
#9143=CARTESIAN_POINT('',(-0.00278379929780689,-0.025,0.0635865093208849));
#9144=CARTESIAN_POINT('',(0.000640266855043592,-0.025,0.0661054879237781));
#9145=CARTESIAN_POINT('',(0.000640266855043592,-0.023,0.0661054879237781));
#9146=CARTESIAN_POINT('',(0.000640266855043592,-0.023,0.0661054879237781));
#9147=CARTESIAN_POINT('',(0.000640266855043592,-0.023,0.0661054879237781));
#9148=CARTESIAN_POINT('',(-0.00158973801201986,-0.023,0.0652876377280336));
#9149=CARTESIAN_POINT('',(-0.00278379929780689,-0.023,0.0635865093208849));
#9150=CARTESIAN_POINT('',(0.00719942542491481,-0.023,0.0669887661351822));
#9151=CARTESIAN_POINT('',(0.00719942542491481,-0.025,0.0669887661351822));
#9152=CARTESIAN_POINT('',(0.00431332295637629,-0.023,0.0669451474580759));
#9153=CARTESIAN_POINT('',(0.00431332295637629,-0.025,0.0669451474580759));
#9154=CARTESIAN_POINT('',(0.00212693676641922,-0.023,0.0666507213876078));
#9155=CARTESIAN_POINT('',(0.00212693676641922,-0.025,0.0666507213876078));
#9156=CARTESIAN_POINT('',(0.000640266855043592,-0.023,0.0661054879237781));
#9157=CARTESIAN_POINT('',(0.000640266855043592,-0.025,0.0661054879237781));
#9158=CARTESIAN_POINT('',(0.00719942542491481,-0.025,0.0669887661351822));
#9159=CARTESIAN_POINT('',(0.00287027172210703,-0.025,0.0669233381195227));
#9160=CARTESIAN_POINT('',(0.000640266855043592,-0.025,0.0661054879237781));
#9161=CARTESIAN_POINT('',(0.00719942542491481,-0.025,0.0669887661351822));
#9162=CARTESIAN_POINT('',(0.00719942542491481,-0.023,0.0669887661351822));
#9163=CARTESIAN_POINT('',(0.00719942542491481,-0.023,0.0669887661351822));
#9164=CARTESIAN_POINT('',(0.00719942542491481,-0.023,0.0669887661351822));
#9165=CARTESIAN_POINT('',(0.00287027172210703,-0.023,0.0669233381195227));
#9166=CARTESIAN_POINT('',(0.000640266855043592,-0.023,0.0661054879237781));
#9167=CARTESIAN_POINT('',(0.0105580635621057,-0.023,0.0670596464854801));
#9168=CARTESIAN_POINT('',(0.0105580635621057,-0.025,0.0670596464854801));
#9169=CARTESIAN_POINT('',(0.0139167016992966,-0.025,0.0671305268357779));
#9170=CARTESIAN_POINT('',(0.0139167016992966,-0.023,0.0671305268357779));
#9171=CARTESIAN_POINT('',(0.0139167016992966,-0.023,0.0671305268357779));
#9172=CARTESIAN_POINT('',(0.0105580635621057,-0.023,0.0670596464854801));
#9173=CARTESIAN_POINT('',(0.0139167016992966,-0.023,0.0656147778063314));
#9174=CARTESIAN_POINT('',(0.0139167016992966,-0.025,0.0656147778063314));
#9175=CARTESIAN_POINT('',(0.0139167016992966,-0.025,0.0640990287768849));
#9176=CARTESIAN_POINT('',(0.0139167016992966,-0.023,0.0640990287768849));
#9177=CARTESIAN_POINT('',(0.0139167016992966,-0.023,0.0640990287768849));
#9178=CARTESIAN_POINT('',(0.0139167016992966,-0.023,0.0656147778063314));
#9179=CARTESIAN_POINT('',(0.0124009526698501,-0.023,0.058592170792205));
#9180=CARTESIAN_POINT('',(0.0124009526698501,-0.025,0.058592170792205));
#9181=CARTESIAN_POINT('',(0.0134114520228144,-0.023,0.0603732667740487));
#9182=CARTESIAN_POINT('',(0.0134114520228144,-0.025,0.0603732667740487));
#9183=CARTESIAN_POINT('',(0.0139167016992966,-0.023,0.0622088861022753));
#9184=CARTESIAN_POINT('',(0.0139167016992966,-0.025,0.0622088861022753));
#9185=CARTESIAN_POINT('',(0.0139167016992966,-0.023,0.0640990287768849));
#9186=CARTESIAN_POINT('',(0.0139167016992966,-0.025,0.0640990287768849));
#9187=CARTESIAN_POINT('',(0.0124009526698501,-0.025,0.058592170792205));
#9188=CARTESIAN_POINT('',(0.0139167016992966,-0.025,0.0612638147649705));
#9189=CARTESIAN_POINT('',(0.0139167016992966,-0.025,0.0640990287768849));
#9190=CARTESIAN_POINT('',(0.0124009526698501,-0.025,0.058592170792205));
#9191=CARTESIAN_POINT('',(0.0124009526698501,-0.023,0.058592170792205));
#9192=CARTESIAN_POINT('',(0.0124009526698501,-0.023,0.058592170792205));
#9193=CARTESIAN_POINT('',(0.0124009526698501,-0.023,0.058592170792205));
#9194=CARTESIAN_POINT('',(0.0139167016992966,-0.023,0.0612638147649705));
#9195=CARTESIAN_POINT('',(0.0139167016992966,-0.023,0.0640990287768849));
#9196=CARTESIAN_POINT('',(0.000863812575213764,-0.023,0.0482436396487174));
#9197=CARTESIAN_POINT('',(0.000863812575213764,-0.025,0.0482436396487174));
#9198=CARTESIAN_POINT('',(-0.00284377497882815,-0.023,0.0482436396487174));
#9199=CARTESIAN_POINT('',(-0.00284377497882815,-0.025,0.0482436396487174));
#9200=CARTESIAN_POINT('',(-0.00562810053411845,-0.023,0.049221424993852));
#9201=CARTESIAN_POINT('',(-0.00562810053411845,-0.025,0.049221424993852));
#9202=CARTESIAN_POINT('',(-0.00748916409065714,-0.023,0.0511769956841211));
#9203=CARTESIAN_POINT('',(-0.00748916409065714,-0.025,0.0511769956841211));
#9204=CARTESIAN_POINT('',(0.000863812575213764,-0.023,0.0482436396487174));
#9205=CARTESIAN_POINT('',(0.000863812575213764,-0.023,0.0482436396487174));
#9206=CARTESIAN_POINT('',(0.000863812575213764,-0.023,0.0482436396487174));
#9207=CARTESIAN_POINT('',(-0.00469756875584911,-0.023,0.0482436396487174));
#9208=CARTESIAN_POINT('',(-0.00748916409065714,-0.023,0.0511769956841211));
#9209=CARTESIAN_POINT('',(-0.00748916409065714,-0.023,0.0511769956841211));
#9210=CARTESIAN_POINT('',(-0.00748916409065714,-0.023,0.0511769956841211));
#9211=CARTESIAN_POINT('',(0.00844255772244651,-0.023,0.049999291402249));
#9212=CARTESIAN_POINT('',(0.00844255772244651,-0.025,0.049999291402249));
#9213=CARTESIAN_POINT('',(0.00636340078037595,-0.023,0.0488288568998946));
#9214=CARTESIAN_POINT('',(0.00636340078037595,-0.025,0.0488288568998946));
#9215=CARTESIAN_POINT('',(0.00383715239796503,-0.023,0.0482436396487174));
#9216=CARTESIAN_POINT('',(0.00383715239796503,-0.025,0.0482436396487174));
#9217=CARTESIAN_POINT('',(0.000863812575213764,-0.023,0.0482436396487174));
#9218=CARTESIAN_POINT('',(0.000863812575213764,-0.025,0.0482436396487174));
#9219=CARTESIAN_POINT('',(0.00844255772244651,-0.023,0.049999291402249));
#9220=CARTESIAN_POINT('',(0.00844255772244651,-0.023,0.049999291402249));
#9221=CARTESIAN_POINT('',(0.00844255772244651,-0.023,0.049999291402249));
#9222=CARTESIAN_POINT('',(0.00532382230934066,-0.023,0.0482436396487174));
#9223=CARTESIAN_POINT('',(0.000863812575213764,-0.023,0.0482436396487174));
#9224=CARTESIAN_POINT('',(0.0139167016992966,-0.023,0.055985954835099));
#9225=CARTESIAN_POINT('',(0.0139167016992966,-0.025,0.055985954835099));
#9226=CARTESIAN_POINT('',(0.0123464293234671,-0.023,0.0531652803822201));
#9227=CARTESIAN_POINT('',(0.0123464293234671,-0.025,0.0531652803822201));
#9228=CARTESIAN_POINT('',(0.0105217146645171,-0.023,0.0511697259046034));
#9229=CARTESIAN_POINT('',(0.0105217146645171,-0.025,0.0511697259046034));
#9230=CARTESIAN_POINT('',(0.00844255772244651,-0.023,0.049999291402249));
#9231=CARTESIAN_POINT('',(0.00844255772244651,-0.025,0.049999291402249));
#9232=CARTESIAN_POINT('',(0.0139167016992966,-0.023,0.055985954835099));
#9233=CARTESIAN_POINT('',(0.0139167016992966,-0.023,0.055985954835099));
#9234=CARTESIAN_POINT('',(0.0139167016992966,-0.023,0.055985954835099));
#9235=CARTESIAN_POINT('',(0.0115612931355523,-0.023,0.0517549431557806));
#9236=CARTESIAN_POINT('',(0.00844255772244651,-0.023,0.049999291402249));
#9237=CARTESIAN_POINT('',(0.014014843722786,-0.023,0.055985954835099));
#9238=CARTESIAN_POINT('',(0.0141129857462753,-0.023,0.055985954835099));
#9239=CARTESIAN_POINT('',(0.0141129857462753,-0.023,0.055985954835099));
#9240=CARTESIAN_POINT('',(0.014014843722786,-0.023,0.055985954835099));
#9241=CARTESIAN_POINT('',(0.0158740898344452,-0.023,0.0503809548269298));
#9242=CARTESIAN_POINT('',(0.0158740898344452,-0.025,0.0503809548269298));
#9243=CARTESIAN_POINT('',(0.0148381462531688,-0.023,0.0515731986678374));
#9244=CARTESIAN_POINT('',(0.0148381462531688,-0.025,0.0515731986678374));
#9245=CARTESIAN_POINT('',(0.0142511115571122,-0.023,0.0534415320038938));
#9246=CARTESIAN_POINT('',(0.0142511115571122,-0.025,0.0534415320038938));
#9247=CARTESIAN_POINT('',(0.0141129857462753,-0.023,0.055985954835099));
#9248=CARTESIAN_POINT('',(0.0141129857462753,-0.025,0.055985954835099));
#9249=CARTESIAN_POINT('',(0.0158740898344452,-0.023,0.0503809548269298));
#9250=CARTESIAN_POINT('',(0.0158740898344452,-0.023,0.0503809548269298));
#9251=CARTESIAN_POINT('',(0.0158740898344452,-0.023,0.0503809548269298));
#9252=CARTESIAN_POINT('',(0.0143201744625306,-0.023,0.0521693205882912));
#9253=CARTESIAN_POINT('',(0.0141129857462753,-0.023,0.055985954835099));
#9254=CARTESIAN_POINT('',(0.0208302620206572,-0.023,0.0485925890655684));
#9255=CARTESIAN_POINT('',(0.0208302620206572,-0.025,0.0485925890655684));
#9256=CARTESIAN_POINT('',(0.0185620908111256,-0.023,0.0485925890655684));
#9257=CARTESIAN_POINT('',(0.0185620908111256,-0.025,0.0485925890655684));
#9258=CARTESIAN_POINT('',(0.0169100334157216,-0.023,0.0491887109860222));
#9259=CARTESIAN_POINT('',(0.0169100334157216,-0.025,0.0491887109860222));
#9260=CARTESIAN_POINT('',(0.0158740898344452,-0.023,0.0503809548269298));
#9261=CARTESIAN_POINT('',(0.0158740898344452,-0.025,0.0503809548269298));
#9262=CARTESIAN_POINT('',(0.0208302620206572,-0.023,0.0485925890655684));
#9263=CARTESIAN_POINT('',(0.0208302620206572,-0.023,0.0485925890655684));
#9264=CARTESIAN_POINT('',(0.0208302620206572,-0.023,0.0485925890655684));
#9265=CARTESIAN_POINT('',(0.0174280052063598,-0.023,0.0485925890655684));
#9266=CARTESIAN_POINT('',(0.0158740898344452,-0.023,0.0503809548269298));
#9267=CARTESIAN_POINT('',(0.0208650909489078,-0.023,0.0691365054183038));
#9268=CARTESIAN_POINT('',(0.0255628884866989,-0.023,0.0491374352822685));
#9269=CARTESIAN_POINT('',(0.0255628884866989,-0.023,0.0491374352822685));
#9270=CARTESIAN_POINT('',(0.0208650909489078,-0.023,0.0691365054183038));
#9271=CARTESIAN_POINT('',(0.0255628884866989,-0.023,0.051046139652802));
#9272=CARTESIAN_POINT('',(0.0255628884866989,-0.023,0.0529544567762059));
#9273=CARTESIAN_POINT('',(0.0255628884866989,-0.023,0.0529544567762059));
#9274=CARTESIAN_POINT('',(0.0255628884866989,-0.023,0.051046139652802));
#9275=CARTESIAN_POINT('',(0.0235564293398056,-0.023,0.0527145540521209));
#9276=CARTESIAN_POINT('',(0.0235564293398056,-0.025,0.0527145540521209));
#9277=CARTESIAN_POINT('',(0.0241452814807417,-0.023,0.0527145540521209));
#9278=CARTESIAN_POINT('',(0.0241452814807417,-0.025,0.0527145540521209));
#9279=CARTESIAN_POINT('',(0.0248141011963728,-0.023,0.0527945216268159));
#9280=CARTESIAN_POINT('',(0.0248141011963728,-0.025,0.0527945216268159));
#9281=CARTESIAN_POINT('',(0.0255628884866989,-0.023,0.0529544567762059));
#9282=CARTESIAN_POINT('',(0.0255628884866989,-0.025,0.0529544567762059));
#9283=CARTESIAN_POINT('',(0.0235564293398056,-0.023,0.0527145540521209));
#9284=CARTESIAN_POINT('',(0.0235564293398056,-0.023,0.0527145540521209));
#9285=CARTESIAN_POINT('',(0.0235564293398056,-0.023,0.0527145540521209));
#9286=CARTESIAN_POINT('',(0.0244397075512097,-0.023,0.0527145540521209));
#9287=CARTESIAN_POINT('',(0.0255628884866989,-0.023,0.0529544567762059));
#9288=CARTESIAN_POINT('',(0.0208302620206572,-0.023,0.05409399471561));
#9289=CARTESIAN_POINT('',(0.0208302620206572,-0.025,0.05409399471561));
#9290=CARTESIAN_POINT('',(0.0213100674688273,-0.023,0.0531743676066173));
#9291=CARTESIAN_POINT('',(0.0213100674688273,-0.025,0.0531743676066173));
#9292=CARTESIAN_POINT('',(0.0222187899085434,-0.023,0.0527145540521209));
#9293=CARTESIAN_POINT('',(0.0222187899085434,-0.025,0.0527145540521209));
#9294=CARTESIAN_POINT('',(0.0235564293398056,-0.023,0.0527145540521209));
#9295=CARTESIAN_POINT('',(0.0235564293398056,-0.025,0.0527145540521209));
#9296=CARTESIAN_POINT('',(0.0208302620206572,-0.023,0.05409399471561));
#9297=CARTESIAN_POINT('',(0.0208302620206572,-0.023,0.05409399471561));
#9298=CARTESIAN_POINT('',(0.0208302620206572,-0.023,0.05409399471561));
#9299=CARTESIAN_POINT('',(0.0215499701929124,-0.023,0.0527145540521209));
#9300=CARTESIAN_POINT('',(0.0235564293398056,-0.023,0.0527145540521209));
#9301=CARTESIAN_POINT('',(0.0201105538484019,-0.023,0.0581996026982476));
#9302=CARTESIAN_POINT('',(0.0201105538484019,-0.025,0.0581996026982476));
#9303=CARTESIAN_POINT('',(0.0201105538484019,-0.023,0.0563821578188153));
#9304=CARTESIAN_POINT('',(0.0201105538484019,-0.025,0.0563821578188153));
#9305=CARTESIAN_POINT('',(0.020350456572487,-0.023,0.0550136218246027));
#9306=CARTESIAN_POINT('',(0.020350456572487,-0.025,0.0550136218246027));
#9307=CARTESIAN_POINT('',(0.0208302620206572,-0.023,0.05409399471561));
#9308=CARTESIAN_POINT('',(0.0208302620206572,-0.025,0.05409399471561));
#9309=CARTESIAN_POINT('',(0.0201105538484019,-0.023,0.0581996026982476));
#9310=CARTESIAN_POINT('',(0.0201105538484019,-0.023,0.0581996026982476));
#9311=CARTESIAN_POINT('',(0.0201105538484019,-0.023,0.0581996026982476));
#9312=CARTESIAN_POINT('',(0.0201105538484019,-0.023,0.0554734353790991));
#9313=CARTESIAN_POINT('',(0.0208302620206572,-0.023,0.05409399471561));
#9314=CARTESIAN_POINT('',(0.0201105538484019,-0.023,0.0661382019316079));
#9315=CARTESIAN_POINT('',(0.0201105538484019,-0.023,0.0740768011649683));
#9316=CARTESIAN_POINT('',(0.0201105538484019,-0.023,0.0740768011649683));
#9317=CARTESIAN_POINT('',(0.0201105538484019,-0.023,0.0661382019316079));
#9318=CARTESIAN_POINT('',(0.016604702675977,-0.023,0.0832966990383284));
#9319=CARTESIAN_POINT('',(0.016604702675977,-0.025,0.0832966990383284));
#9320=CARTESIAN_POINT('',(0.018941936790927,-0.023,0.0811702885293926));
#9321=CARTESIAN_POINT('',(0.018941936790927,-0.025,0.0811702885293926));
#9322=CARTESIAN_POINT('',(0.0201105538484019,-0.023,0.0780969892382726));
#9323=CARTESIAN_POINT('',(0.0201105538484019,-0.025,0.0780969892382726));
#9324=CARTESIAN_POINT('',(0.0201105538484019,-0.023,0.0740768011649683));
#9325=CARTESIAN_POINT('',(0.0201105538484019,-0.025,0.0740768011649683));
#9326=CARTESIAN_POINT('',(0.016604702675977,-0.023,0.0832966990383284));
#9327=CARTESIAN_POINT('',(0.016604702675977,-0.023,0.0832966990383284));
#9328=CARTESIAN_POINT('',(0.016604702675977,-0.023,0.0832966990383284));
#9329=CARTESIAN_POINT('',(0.0201105538484019,-0.023,0.0801070832749247));
#9330=CARTESIAN_POINT('',(0.0201105538484019,-0.023,0.0740768011649683));
#9331=CARTESIAN_POINT('',(0.0061416725050852,-0.023,0.0864863148017321));
#9332=CARTESIAN_POINT('',(0.0061416725050852,-0.025,0.0864863148017321));
#9333=CARTESIAN_POINT('',(0.0107797918373965,-0.023,0.0864863148017321));
#9334=CARTESIAN_POINT('',(0.0107797918373965,-0.025,0.0864863148017321));
#9335=CARTESIAN_POINT('',(0.0142674685610271,-0.023,0.0854231095472642));
#9336=CARTESIAN_POINT('',(0.0142674685610271,-0.025,0.0854231095472642));
#9337=CARTESIAN_POINT('',(0.016604702675977,-0.023,0.0832966990383284));
#9338=CARTESIAN_POINT('',(0.016604702675977,-0.025,0.0832966990383284));
#9339=CARTESIAN_POINT('',(0.0061416725050852,-0.023,0.0864863148017321));
#9340=CARTESIAN_POINT('',(0.0061416725050852,-0.023,0.0864863148017321));
#9341=CARTESIAN_POINT('',(0.0061416725050852,-0.023,0.0864863148017321));
#9342=CARTESIAN_POINT('',(0.0130988515035521,-0.023,0.0864863148017321));
#9343=CARTESIAN_POINT('',(0.016604702675977,-0.023,0.0832966990383284));
#9344=CARTESIAN_POINT('',(-0.0086450590339761,-0.023,0.0765303517522019));
#9345=CARTESIAN_POINT('',(-0.0086450590339761,-0.025,0.0765303517522019));
#9346=CARTESIAN_POINT('',(-0.00759821078342309,-0.023,0.0831676604518887));
#9347=CARTESIAN_POINT('',(-0.00759821078342309,-0.025,0.0831676604518887));
#9348=CARTESIAN_POINT('',(-0.00266930027040265,-0.023,0.0864863148017321));
#9349=CARTESIAN_POINT('',(-0.00266930027040265,-0.025,0.0864863148017321));
#9350=CARTESIAN_POINT('',(0.0061416725050852,-0.023,0.0864863148017321));
#9351=CARTESIAN_POINT('',(0.0061416725050852,-0.025,0.0864863148017321));
#9352=CARTESIAN_POINT('',(-0.0086450590339761,-0.023,0.0765303517522019));
#9353=CARTESIAN_POINT('',(-0.0086450590339761,-0.023,0.0765303517522019));
#9354=CARTESIAN_POINT('',(-0.0086450590339761,-0.023,0.0765303517522019));
#9355=CARTESIAN_POINT('',(-0.00707478665814658,-0.023,0.0864863148017321));
#9356=CARTESIAN_POINT('',(0.0061416725050852,-0.023,0.0864863148017321));
#9357=CARTESIAN_POINT('',(-0.00544453860129579,-0.023,0.0762413780163721));
#9358=CARTESIAN_POINT('',(-0.00224401816861549,-0.023,0.0759524042805424));
#9359=CARTESIAN_POINT('',(-0.00224401816861549,-0.023,0.0759524042805424));
#9360=CARTESIAN_POINT('',(-0.00544453860129579,-0.023,0.0762413780163721));
#9361=CARTESIAN_POINT('',(1.32483716394419E-5,-0.023,0.0804178663493076));
#9362=CARTESIAN_POINT('',(1.32483716394419E-5,-0.025,0.0804178663493076));
#9363=CARTESIAN_POINT('',(-0.00123715370540999,-0.023,0.0794836996812794));
#9364=CARTESIAN_POINT('',(-0.00123715370540999,-0.025,0.0794836996812794));
#9365=CARTESIAN_POINT('',(-0.00198957588549496,-0.023,0.0779952123250243));
#9366=CARTESIAN_POINT('',(-0.00198957588549496,-0.025,0.0779952123250243));
#9367=CARTESIAN_POINT('',(-0.00224401816861549,-0.023,0.0759524042805424));
#9368=CARTESIAN_POINT('',(-0.00224401816861549,-0.025,0.0759524042805424));
#9369=CARTESIAN_POINT('',(1.32483716394419E-5,-0.023,0.0804178663493076));
#9370=CARTESIAN_POINT('',(1.32483716394419E-5,-0.023,0.0804178663493076));
#9371=CARTESIAN_POINT('',(1.32483716394419E-5,-0.023,0.0804178663493076));
#9372=CARTESIAN_POINT('',(-0.0018623547439347,-0.023,0.0790166163472653));
#9373=CARTESIAN_POINT('',(-0.00224401816861549,-0.023,0.0759524042805424));
#9374=CARTESIAN_POINT('',(0.00601081647376607,-0.023,0.0818191163513499));
#9375=CARTESIAN_POINT('',(0.00601081647376607,-0.025,0.0818191163513499));
#9376=CARTESIAN_POINT('',(0.00326283981606441,-0.023,0.0818191163513499));
#9377=CARTESIAN_POINT('',(0.00326283981606441,-0.025,0.0818191163513499));
#9378=CARTESIAN_POINT('',(0.00126365044868887,-0.023,0.0813520330173358));
#9379=CARTESIAN_POINT('',(0.00126365044868887,-0.025,0.0813520330173358));
#9380=CARTESIAN_POINT('',(1.32483716394419E-5,-0.023,0.0804178663493076));
#9381=CARTESIAN_POINT('',(1.32483716394419E-5,-0.025,0.0804178663493076));
#9382=CARTESIAN_POINT('',(0.00601081647376607,-0.023,0.0818191163513499));
#9383=CARTESIAN_POINT('',(0.00601081647376607,-0.023,0.0818191163513499));
#9384=CARTESIAN_POINT('',(0.00601081647376607,-0.023,0.0818191163513499));
#9385=CARTESIAN_POINT('',(0.00188885148721358,-0.023,0.0818191163513499));
#9386=CARTESIAN_POINT('',(1.32483716394419E-5,-0.023,0.0804178663493076));
#9387=CARTESIAN_POINT('',(0.0120083845758927,-0.023,0.0798726328854779));
#9388=CARTESIAN_POINT('',(0.0120083845758927,-0.025,0.0798726328854779));
#9389=CARTESIAN_POINT('',(0.0107361731602901,-0.023,0.0811702885293926));
#9390=CARTESIAN_POINT('',(0.0107361731602901,-0.025,0.0811702885293926));
#9391=CARTESIAN_POINT('',(0.00873698379291453,-0.023,0.0818191163513499));
#9392=CARTESIAN_POINT('',(0.00873698379291453,-0.025,0.0818191163513499));
#9393=CARTESIAN_POINT('',(0.00601081647376607,-0.023,0.0818191163513499));
#9394=CARTESIAN_POINT('',(0.00601081647376607,-0.025,0.0818191163513499));
#9395=CARTESIAN_POINT('',(0.0120083845758927,-0.023,0.0798726328854779));
#9396=CARTESIAN_POINT('',(0.0120083845758927,-0.023,0.0798726328854779));
#9397=CARTESIAN_POINT('',(0.0120083845758927,-0.023,0.0798726328854779));
#9398=CARTESIAN_POINT('',(0.0101000674524888,-0.023,0.0818191163513499));
#9399=CARTESIAN_POINT('',(0.00601081647376607,-0.023,0.0818191163513499));
#9400=CARTESIAN_POINT('',(0.0139167016992966,-0.023,0.0734334256776492));
#9401=CARTESIAN_POINT('',(0.0139167016992966,-0.025,0.0734334256776492));
#9402=CARTESIAN_POINT('',(0.0139167016992966,-0.023,0.0764285748389537));
#9403=CARTESIAN_POINT('',(0.0139167016992966,-0.025,0.0764285748389537));
#9404=CARTESIAN_POINT('',(0.0132805959914953,-0.023,0.0785749772415632));
#9405=CARTESIAN_POINT('',(0.0132805959914953,-0.025,0.0785749772415632));
#9406=CARTESIAN_POINT('',(0.0120083845758927,-0.023,0.0798726328854779));
#9407=CARTESIAN_POINT('',(0.0120083845758927,-0.025,0.0798726328854779));
#9408=CARTESIAN_POINT('',(0.0139167016992966,-0.023,0.0734334256776492));
#9409=CARTESIAN_POINT('',(0.0139167016992966,-0.023,0.0734334256776492));
#9410=CARTESIAN_POINT('',(0.0139167016992966,-0.023,0.0734334256776492));
#9411=CARTESIAN_POINT('',(0.0139167016992966,-0.023,0.0779261494196059));
#9412=CARTESIAN_POINT('',(0.0120083845758927,-0.023,0.0798726328854779));
#9413=CARTESIAN_POINT('',(0.0139167016992966,-0.023,0.0724301961042026));
#9414=CARTESIAN_POINT('',(0.0139167016992966,-0.023,0.0714269665307559));
#9415=CARTESIAN_POINT('',(0.0139167016992966,-0.023,0.0714269665307559));
#9416=CARTESIAN_POINT('',(0.0139167016992966,-0.023,0.0724301961042026));
#9417=CARTESIAN_POINT('',(0.00977292737419096,-0.023,0.0713560861804581));
#9418=CARTESIAN_POINT('',(0.00562915304908529,-0.023,0.0712852058301602));
#9419=CARTESIAN_POINT('',(0.00562915304908529,-0.023,0.0712852058301602));
#9420=CARTESIAN_POINT('',(0.00977292737419096,-0.023,0.0713560861804581));
#9421=CARTESIAN_POINT('',(-0.00651319619040199,-0.023,0.0680138050471821));
#9422=CARTESIAN_POINT('',(-0.00651319619040199,-0.025,0.0680138050471821));
#9423=CARTESIAN_POINT('',(-0.00400148736702653,-0.023,0.070056613091664));
#9424=CARTESIAN_POINT('',(-0.00400148736702653,-0.025,0.070056613091664));
#9425=CARTESIAN_POINT('',(4.5962379469227E-5,-0.023,0.0711470800193233));
#9426=CARTESIAN_POINT('',(4.5962379469227E-5,-0.025,0.0711470800193233));
#9427=CARTESIAN_POINT('',(0.00562915304908529,-0.023,0.0712852058301602));
#9428=CARTESIAN_POINT('',(0.00562915304908529,-0.025,0.0712852058301602));
#9429=CARTESIAN_POINT('',(-0.00651319619040199,-0.023,0.0680138050471821));
#9430=CARTESIAN_POINT('',(-0.00651319619040199,-0.023,0.0680138050471821));
#9431=CARTESIAN_POINT('',(-0.00651319619040199,-0.023,0.0680138050471821));
#9432=CARTESIAN_POINT('',(-0.00274563295533881,-0.023,0.0710780171139049));
#9433=CARTESIAN_POINT('',(0.00562915304908529,-0.023,0.0712852058301602));
#9434=CARTESIAN_POINT('',(-0.0102807594254652,-0.023,0.0592246416102474));
#9435=CARTESIAN_POINT('',(-0.0102807594254652,-0.025,0.0592246416102474));
#9436=CARTESIAN_POINT('',(-0.0102807594254652,-0.023,0.0630412758570553));
#9437=CARTESIAN_POINT('',(-0.0102807594254652,-0.025,0.0630412758570553));
#9438=CARTESIAN_POINT('',(-0.00902490501377745,-0.023,0.0659709970027002));
#9439=CARTESIAN_POINT('',(-0.00902490501377745,-0.025,0.0659709970027002));
#9440=CARTESIAN_POINT('',(-0.00651319619040199,-0.023,0.0680138050471821));
#9441=CARTESIAN_POINT('',(-0.00651319619040199,-0.025,0.0680138050471821));
#9442=CARTESIAN_POINT('',(-0.0102807594254652,-0.023,0.0592246416102474));
#9443=CARTESIAN_POINT('',(-0.0102807594254652,-0.023,0.0592246416102474));
#9444=CARTESIAN_POINT('',(-0.0102807594254652,-0.023,0.0592246416102474));
#9445=CARTESIAN_POINT('',(-0.0102807594254652,-0.023,0.0649495929804592));
#9446=CARTESIAN_POINT('',(-0.00651319619040199,-0.023,0.0680138050471821));
#9447=CARTESIAN_POINT('',(-0.00748916409065714,-0.023,0.0511769956841211));
#9448=CARTESIAN_POINT('',(-0.00748916409065714,-0.025,0.0511769956841211));
#9449=CARTESIAN_POINT('',(-0.00935022764719583,-0.023,0.0531325663743903));
#9450=CARTESIAN_POINT('',(-0.00935022764719583,-0.025,0.0531325663743903));
#9451=CARTESIAN_POINT('',(-0.0102807594254652,-0.023,0.0558151150164324));
#9452=CARTESIAN_POINT('',(-0.0102807594254652,-0.025,0.0558151150164324));
#9453=CARTESIAN_POINT('',(-0.0102807594254652,-0.023,0.0592246416102474));
#9454=CARTESIAN_POINT('',(-0.0102807594254652,-0.025,0.0592246416102474));
#9455=CARTESIAN_POINT('',(-0.00748916409065714,-0.023,0.0511769956841211));
#9456=CARTESIAN_POINT('',(-0.0102807594254652,-0.023,0.0541103517195249));
#9457=CARTESIAN_POINT('',(-0.0102807594254652,-0.023,0.0592246416102474));
#9458=CARTESIAN_POINT('',(0.0082571783447444,-0.023,0.0543829684514397));
#9459=CARTESIAN_POINT('',(0.0082571783447444,-0.025,0.0543829684514397));
#9460=CARTESIAN_POINT('',(0.0100091952085171,-0.023,0.0554080073634396));
#9461=CARTESIAN_POINT('',(0.0100091952085171,-0.025,0.0554080073634396));
#9462=CARTESIAN_POINT('',(0.0113904533168857,-0.023,0.0568110748103613));
#9463=CARTESIAN_POINT('',(0.0113904533168857,-0.025,0.0568110748103613));
#9464=CARTESIAN_POINT('',(0.0124009526698501,-0.023,0.058592170792205));
#9465=CARTESIAN_POINT('',(0.0124009526698501,-0.025,0.058592170792205));
#9466=CARTESIAN_POINT('',(0.0082571783447444,-0.025,0.0543829684514397));
#9467=CARTESIAN_POINT('',(0.0108852036404035,-0.025,0.0559205268194395));
#9468=CARTESIAN_POINT('',(0.0124009526698501,-0.025,0.058592170792205));
#9469=CARTESIAN_POINT('',(0.0082571783447444,-0.023,0.0543829684514397));
#9470=CARTESIAN_POINT('',(0.0108852036404035,-0.023,0.0559205268194395));
#9471=CARTESIAN_POINT('',(0.0124009526698501,-0.023,0.058592170792205));
#9472=CARTESIAN_POINT('',(0.000829932764948652,-0.023,0.0253718336607562));
#9473=CARTESIAN_POINT('',(-0.0046799454042529,-0.023,-0.0818709953487593));
#9474=CARTESIAN_POINT('',(-0.0046799454042529,-0.025,-0.0818709953487593));
#9475=CARTESIAN_POINT('',(-0.00244714193912702,-0.023,-0.0818709953487593));
#9476=CARTESIAN_POINT('',(-0.00244714193912702,-0.025,-0.0818709953487593));
#9477=CARTESIAN_POINT('',(-0.000460019114176808,-0.023,-0.0813615693154539));
#9478=CARTESIAN_POINT('',(-0.000460019114176808,-0.025,-0.0813615693154539));
#9479=CARTESIAN_POINT('',(0.00128142307059774,-0.023,-0.080342717248843));
#9480=CARTESIAN_POINT('',(0.00128142307059774,-0.025,-0.080342717248843));
#9481=CARTESIAN_POINT('',(-0.0046799454042529,-0.025,-0.0818709953487593));
#9482=CARTESIAN_POINT('',(-0.00133074020656408,-0.025,-0.0818709953487593));
#9483=CARTESIAN_POINT('',(0.00128142307059774,-0.025,-0.080342717248843));
#9484=CARTESIAN_POINT('',(-0.0046799454042529,-0.025,-0.0818709953487593));
#9485=CARTESIAN_POINT('',(0.00128142307059774,-0.025,-0.080342717248843));
#9486=CARTESIAN_POINT('',(-0.0046799454042529,-0.023,-0.0818709953487593));
#9487=CARTESIAN_POINT('',(-0.0046799454042529,-0.023,-0.0818709953487593));
#9488=CARTESIAN_POINT('',(-0.0046799454042529,-0.023,-0.0818709953487593));
#9489=CARTESIAN_POINT('',(-0.00133074020656408,-0.023,-0.0818709953487593));
#9490=CARTESIAN_POINT('',(0.00128142307059774,-0.023,-0.080342717248843));
#9491=CARTESIAN_POINT('',(0.00128142307059774,-0.023,-0.080342717248843));
#9492=CARTESIAN_POINT('',(0.00128142307059774,-0.023,-0.080342717248843));
#9493=CARTESIAN_POINT('',(-0.00927019912988788,-0.023,-0.0802451675828909));
#9494=CARTESIAN_POINT('',(-0.00927019912988788,-0.025,-0.0802451675828909));
#9495=CARTESIAN_POINT('',(-0.00819715280441477,-0.023,-0.0813290527601365));
#9496=CARTESIAN_POINT('',(-0.00819715280441477,-0.025,-0.0813290527601365));
#9497=CARTESIAN_POINT('',(-0.00666706822920311,-0.023,-0.0818709953487593));
#9498=CARTESIAN_POINT('',(-0.00666706822920311,-0.025,-0.0818709953487593));
#9499=CARTESIAN_POINT('',(-0.0046799454042529,-0.023,-0.0818709953487593));
#9500=CARTESIAN_POINT('',(-0.0046799454042529,-0.025,-0.0818709953487593));
#9501=CARTESIAN_POINT('',(-0.00927019912988788,-0.025,-0.0802451675828909));
#9502=CARTESIAN_POINT('',(-0.00766062964167822,-0.025,-0.0818709953487593));
#9503=CARTESIAN_POINT('',(-0.0046799454042529,-0.025,-0.0818709953487593));
#9504=CARTESIAN_POINT('',(-0.00927019912988788,-0.025,-0.0802451675828909));
#9505=CARTESIAN_POINT('',(-0.00927019912988788,-0.023,-0.0802451675828909));
#9506=CARTESIAN_POINT('',(-0.00927019912988788,-0.023,-0.0802451675828909));
#9507=CARTESIAN_POINT('',(-0.00927019912988788,-0.023,-0.0802451675828909));
#9508=CARTESIAN_POINT('',(-0.00766062964167822,-0.023,-0.0818709953487593));
#9509=CARTESIAN_POINT('',(-0.0046799454042529,-0.023,-0.0818709953487593));
#9510=CARTESIAN_POINT('',(-0.0108797686180976,-0.023,-0.0756386555795972));
#9511=CARTESIAN_POINT('',(-0.0108797686180976,-0.025,-0.0756386555795972));
#9512=CARTESIAN_POINT('',(-0.0108797686180976,-0.023,-0.0776257784045475));
#9513=CARTESIAN_POINT('',(-0.0108797686180976,-0.025,-0.0776257784045475));
#9514=CARTESIAN_POINT('',(-0.010343245455361,-0.023,-0.0791612824056454));
#9515=CARTESIAN_POINT('',(-0.010343245455361,-0.025,-0.0791612824056454));
#9516=CARTESIAN_POINT('',(-0.00927019912988788,-0.023,-0.0802451675828909));
#9517=CARTESIAN_POINT('',(-0.00927019912988788,-0.025,-0.0802451675828909));
#9518=CARTESIAN_POINT('',(-0.0108797686180976,-0.025,-0.0756386555795972));
#9519=CARTESIAN_POINT('',(-0.0108797686180976,-0.025,-0.0786193398170226));
#9520=CARTESIAN_POINT('',(-0.00927019912988788,-0.025,-0.0802451675828909));
#9521=CARTESIAN_POINT('',(-0.0108797686180976,-0.025,-0.0756386555795972));
#9522=CARTESIAN_POINT('',(-0.0108797686180976,-0.023,-0.0756386555795972));
#9523=CARTESIAN_POINT('',(-0.0108797686180976,-0.023,-0.0756386555795972));
#9524=CARTESIAN_POINT('',(-0.0108797686180976,-0.023,-0.0756386555795972));
#9525=CARTESIAN_POINT('',(-0.0108797686180976,-0.023,-0.0786193398170226));
#9526=CARTESIAN_POINT('',(-0.00927019912988788,-0.023,-0.0802451675828909));
#9527=CARTESIAN_POINT('',(-0.00969291434901366,-0.023,-0.0711947263528904));
#9528=CARTESIAN_POINT('',(-0.00969291434901366,-0.025,-0.0711947263528904));
#9529=CARTESIAN_POINT('',(-0.0104841505284029,-0.023,-0.0723219669372258));
#9530=CARTESIAN_POINT('',(-0.0104841505284029,-0.025,-0.0723219669372258));
#9531=CARTESIAN_POINT('',(-0.0108797686180976,-0.023,-0.0738032766794614));
#9532=CARTESIAN_POINT('',(-0.0108797686180976,-0.025,-0.0738032766794614));
#9533=CARTESIAN_POINT('',(-0.0108797686180976,-0.023,-0.0756386555795972));
#9534=CARTESIAN_POINT('',(-0.0108797686180976,-0.025,-0.0756386555795972));
#9535=CARTESIAN_POINT('',(-0.00969291434901366,-0.025,-0.0711947263528904));
#9536=CARTESIAN_POINT('',(-0.0108797686180976,-0.025,-0.0728855872293935));
#9537=CARTESIAN_POINT('',(-0.0108797686180976,-0.025,-0.0756386555795972));
#9538=CARTESIAN_POINT('',(-0.00969291434901366,-0.025,-0.0711947263528904));
#9539=CARTESIAN_POINT('',(-0.00969291434901366,-0.023,-0.0711947263528904));
#9540=CARTESIAN_POINT('',(-0.00969291434901366,-0.023,-0.0711947263528904));
#9541=CARTESIAN_POINT('',(-0.00969291434901366,-0.023,-0.0711947263528904));
#9542=CARTESIAN_POINT('',(-0.0108797686180976,-0.023,-0.0728855872293935));
#9543=CARTESIAN_POINT('',(-0.0108797686180976,-0.023,-0.0756386555795972));
#9544=CARTESIAN_POINT('',(-0.00628951489246257,-0.023,-0.0686909515934531));
#9545=CARTESIAN_POINT('',(-0.00628951489246257,-0.025,-0.0686909515934531));
#9546=CARTESIAN_POINT('',(-0.00776721168410736,-0.023,-0.0692328941820759));
#9547=CARTESIAN_POINT('',(-0.00776721168410736,-0.025,-0.0692328941820759));
#9548=CARTESIAN_POINT('',(-0.00890167816962439,-0.023,-0.070067485768555));
#9549=CARTESIAN_POINT('',(-0.00890167816962439,-0.025,-0.070067485768555));
#9550=CARTESIAN_POINT('',(-0.00969291434901366,-0.023,-0.0711947263528904));
#9551=CARTESIAN_POINT('',(-0.00969291434901366,-0.025,-0.0711947263528904));
#9552=CARTESIAN_POINT('',(-0.00628951489246257,-0.025,-0.0686909515934531));
#9553=CARTESIAN_POINT('',(-0.00850606007992976,-0.025,-0.0695038654763873));
#9554=CARTESIAN_POINT('',(-0.00969291434901366,-0.025,-0.0711947263528904));
#9555=CARTESIAN_POINT('',(-0.00628951489246257,-0.025,-0.0686909515934531));
#9556=CARTESIAN_POINT('',(-0.00628951489246257,-0.023,-0.0686909515934531));
#9557=CARTESIAN_POINT('',(-0.00628951489246257,-0.023,-0.0686909515934531));
#9558=CARTESIAN_POINT('',(-0.00628951489246257,-0.023,-0.0686909515934531));
#9559=CARTESIAN_POINT('',(-0.00850606007992976,-0.023,-0.0695038654763873));
#9560=CARTESIAN_POINT('',(-0.00969291434901366,-0.023,-0.0711947263528904));
#9561=CARTESIAN_POINT('',(0.000230054448669539,-0.023,-0.0678130045998842));
#9562=CARTESIAN_POINT('',(0.000230054448669539,-0.025,-0.0678130045998842));
#9563=CARTESIAN_POINT('',(-0.0026386283204404,-0.023,-0.0678563600069741));
#9564=CARTESIAN_POINT('',(-0.0026386283204404,-0.025,-0.0678563600069741));
#9565=CARTESIAN_POINT('',(-0.00481181810081777,-0.023,-0.0681490090048304));
#9566=CARTESIAN_POINT('',(-0.00481181810081777,-0.025,-0.0681490090048304));
#9567=CARTESIAN_POINT('',(-0.00628951489246257,-0.023,-0.0686909515934531));
#9568=CARTESIAN_POINT('',(-0.00628951489246257,-0.025,-0.0686909515934531));
#9569=CARTESIAN_POINT('',(0.000230054448669539,-0.025,-0.0678130045998842));
#9570=CARTESIAN_POINT('',(-0.00407296970499537,-0.025,-0.067878037710519));
#9571=CARTESIAN_POINT('',(-0.00628951489246257,-0.025,-0.0686909515934531));
#9572=CARTESIAN_POINT('',(0.000230054448669539,-0.025,-0.0678130045998842));
#9573=CARTESIAN_POINT('',(0.000230054448669539,-0.023,-0.0678130045998842));
#9574=CARTESIAN_POINT('',(0.000230054448669539,-0.023,-0.0678130045998842));
#9575=CARTESIAN_POINT('',(0.000230054448669539,-0.023,-0.0678130045998842));
#9576=CARTESIAN_POINT('',(-0.00407296970499537,-0.023,-0.067878037710519));
#9577=CARTESIAN_POINT('',(-0.00628951489246257,-0.023,-0.0686909515934531));
#9578=CARTESIAN_POINT('',(0.0035684207945859,-0.023,-0.0677425520633633));
#9579=CARTESIAN_POINT('',(0.0035684207945859,-0.025,-0.0677425520633633));
#9580=CARTESIAN_POINT('',(0.00690678714050225,-0.025,-0.0676720995268423));
#9581=CARTESIAN_POINT('',(0.00690678714050225,-0.023,-0.0676720995268423));
#9582=CARTESIAN_POINT('',(0.00690678714050225,-0.023,-0.0676720995268423));
#9583=CARTESIAN_POINT('',(0.0035684207945859,-0.023,-0.0677425520633633));
#9584=CARTESIAN_POINT('',(0.00690678714050225,-0.023,-0.0691786999232136));
#9585=CARTESIAN_POINT('',(0.00690678714050225,-0.025,-0.0691786999232136));
#9586=CARTESIAN_POINT('',(0.00690678714050225,-0.025,-0.070685300319585));
#9587=CARTESIAN_POINT('',(0.00690678714050225,-0.023,-0.070685300319585));
#9588=CARTESIAN_POINT('',(0.00690678714050225,-0.023,-0.070685300319585));
#9589=CARTESIAN_POINT('',(0.00690678714050225,-0.023,-0.0691786999232136));
#9590=CARTESIAN_POINT('',(0.00540018674413091,-0.023,-0.0761589204646751));
#9591=CARTESIAN_POINT('',(0.00540018674413091,-0.025,-0.0761589204646751));
#9592=CARTESIAN_POINT('',(0.00640458700837847,-0.023,-0.074388574675174));
#9593=CARTESIAN_POINT('',(0.00640458700837847,-0.025,-0.074388574675174));
#9594=CARTESIAN_POINT('',(0.00690678714050225,-0.023,-0.0725640346268107));
#9595=CARTESIAN_POINT('',(0.00690678714050225,-0.025,-0.0725640346268107));
#9596=CARTESIAN_POINT('',(0.00690678714050225,-0.023,-0.070685300319585));
#9597=CARTESIAN_POINT('',(0.00690678714050225,-0.025,-0.070685300319585));
#9598=CARTESIAN_POINT('',(0.00540018674413091,-0.025,-0.0761589204646751));
#9599=CARTESIAN_POINT('',(0.00690678714050225,-0.025,-0.0735034017804235));
#9600=CARTESIAN_POINT('',(0.00690678714050225,-0.025,-0.070685300319585));
#9601=CARTESIAN_POINT('',(0.00540018674413091,-0.025,-0.0761589204646751));
#9602=CARTESIAN_POINT('',(0.00540018674413091,-0.023,-0.0761589204646751));
#9603=CARTESIAN_POINT('',(0.00540018674413091,-0.023,-0.0761589204646751));
#9604=CARTESIAN_POINT('',(0.00540018674413091,-0.023,-0.0761589204646751));
#9605=CARTESIAN_POINT('',(0.00690678714050225,-0.023,-0.0735034017804235));
#9606=CARTESIAN_POINT('',(0.00690678714050225,-0.023,-0.070685300319585));
#9607=CARTESIAN_POINT('',(-0.00606731843112723,-0.023,-0.0864449907967356));
#9608=CARTESIAN_POINT('',(-0.00606731843112723,-0.025,-0.0864449907967356));
#9609=CARTESIAN_POINT('',(-0.00975252803376217,-0.023,-0.0864449907967356));
#9610=CARTESIAN_POINT('',(-0.00975252803376217,-0.025,-0.0864449907967356));
#9611=CARTESIAN_POINT('',(-0.0125200481863292,-0.023,-0.0854731070878054));
#9612=CARTESIAN_POINT('',(-0.0125200481863292,-0.025,-0.0854731070878054));
#9613=CARTESIAN_POINT('',(-0.0143698788888283,-0.023,-0.083529339669945));
#9614=CARTESIAN_POINT('',(-0.0143698788888283,-0.025,-0.083529339669945));
#9615=CARTESIAN_POINT('',(-0.00606731843112723,-0.023,-0.0864449907967356));
#9616=CARTESIAN_POINT('',(-0.00606731843112723,-0.023,-0.0864449907967356));
#9617=CARTESIAN_POINT('',(-0.00606731843112723,-0.023,-0.0864449907967356));
#9618=CARTESIAN_POINT('',(-0.0115951328350796,-0.023,-0.0864449907967356));
#9619=CARTESIAN_POINT('',(-0.0143698788888283,-0.023,-0.083529339669945));
#9620=CARTESIAN_POINT('',(-0.0143698788888283,-0.023,-0.083529339669945));
#9621=CARTESIAN_POINT('',(-0.0143698788888283,-0.023,-0.083529339669945));
#9622=CARTESIAN_POINT('',(0.00146568355072948,-0.023,-0.0846999356613702));
#9623=CARTESIAN_POINT('',(0.00146568355072948,-0.025,-0.0846999356613702));
#9624=CARTESIAN_POINT('',(-0.000600924187218735,-0.023,-0.0858633057516138));
#9625=CARTESIAN_POINT('',(-0.000600924187218735,-0.025,-0.0858633057516138));
#9626=CARTESIAN_POINT('',(-0.00311192484783764,-0.023,-0.0864449907967356));
#9627=CARTESIAN_POINT('',(-0.00311192484783764,-0.025,-0.0864449907967356));
#9628=CARTESIAN_POINT('',(-0.00606731843112723,-0.023,-0.0864449907967356));
#9629=CARTESIAN_POINT('',(-0.00606731843112723,-0.025,-0.0864449907967356));
#9630=CARTESIAN_POINT('',(0.00146568355072948,-0.023,-0.0846999356613702));
#9631=CARTESIAN_POINT('',(0.00146568355072948,-0.023,-0.0846999356613702));
#9632=CARTESIAN_POINT('',(0.00146568355072948,-0.023,-0.0846999356613702));
#9633=CARTESIAN_POINT('',(-0.00163422805619285,-0.023,-0.0864449907967356));
#9634=CARTESIAN_POINT('',(-0.00606731843112723,-0.023,-0.0864449907967356));
#9635=CARTESIAN_POINT('',(0.00690678714050225,-0.023,-0.078749406038292));
#9636=CARTESIAN_POINT('',(0.00690678714050225,-0.025,-0.078749406038292));
#9637=CARTESIAN_POINT('',(0.00534599248526862,-0.023,-0.0815530556967672));
#9638=CARTESIAN_POINT('',(0.00534599248526862,-0.025,-0.0815530556967672));
#9639=CARTESIAN_POINT('',(0.0035322912886777,-0.023,-0.0835365655711266));
#9640=CARTESIAN_POINT('',(0.0035322912886777,-0.025,-0.0835365655711266));
#9641=CARTESIAN_POINT('',(0.00146568355072948,-0.023,-0.0846999356613702));
#9642=CARTESIAN_POINT('',(0.00146568355072948,-0.025,-0.0846999356613702));
#9643=CARTESIAN_POINT('',(0.00690678714050225,-0.023,-0.078749406038292));
#9644=CARTESIAN_POINT('',(0.00690678714050225,-0.023,-0.078749406038292));
#9645=CARTESIAN_POINT('',(0.00690678714050225,-0.023,-0.078749406038292));
#9646=CARTESIAN_POINT('',(0.00456559515765181,-0.023,-0.0829548805260048));
#9647=CARTESIAN_POINT('',(0.00146568355072948,-0.023,-0.0846999356613702));
#9648=CARTESIAN_POINT('',(0.00700433680645435,-0.023,-0.078749406038292));
#9649=CARTESIAN_POINT('',(0.00710188647240645,-0.023,-0.078749406038292));
#9650=CARTESIAN_POINT('',(0.00710188647240645,-0.023,-0.078749406038292));
#9651=CARTESIAN_POINT('',(0.00700433680645435,-0.023,-0.078749406038292));
#9652=CARTESIAN_POINT('',(0.00885236103365805,-0.023,-0.0843205758493343));
#9653=CARTESIAN_POINT('',(0.00885236103365805,-0.025,-0.0843205758493343));
#9654=CARTESIAN_POINT('',(0.00782267011527476,-0.023,-0.0831355280555458));
#9655=CARTESIAN_POINT('',(0.00782267011527476,-0.025,-0.0831355280555458));
#9656=CARTESIAN_POINT('',(0.00723917859485756,-0.023,-0.081278471451865));
#9657=CARTESIAN_POINT('',(0.00723917859485756,-0.025,-0.081278471451865));
#9658=CARTESIAN_POINT('',(0.00710188647240645,-0.023,-0.078749406038292));
#9659=CARTESIAN_POINT('',(0.00710188647240645,-0.025,-0.078749406038292));
#9660=CARTESIAN_POINT('',(0.00885236103365805,-0.023,-0.0843205758493343));
#9661=CARTESIAN_POINT('',(0.00885236103365805,-0.023,-0.0843205758493343));
#9662=CARTESIAN_POINT('',(0.00885236103365805,-0.023,-0.0843205758493343));
#9663=CARTESIAN_POINT('',(0.00730782465608311,-0.023,-0.0825430041586515));
#9664=CARTESIAN_POINT('',(0.00710188647240645,-0.023,-0.078749406038292));
#9665=CARTESIAN_POINT('',(0.0137786191642392,-0.023,-0.086098147540017));
#9666=CARTESIAN_POINT('',(0.0137786191642392,-0.025,-0.086098147540017));
#9667=CARTESIAN_POINT('',(0.0115241379955684,-0.023,-0.086098147540017));
#9668=CARTESIAN_POINT('',(0.0115241379955684,-0.025,-0.086098147540017));
#9669=CARTESIAN_POINT('',(0.00988205195204134,-0.023,-0.0855056236431228));
#9670=CARTESIAN_POINT('',(0.00988205195204134,-0.025,-0.0855056236431228));
#9671=CARTESIAN_POINT('',(0.00885236103365805,-0.023,-0.0843205758493343));
#9672=CARTESIAN_POINT('',(0.00885236103365805,-0.025,-0.0843205758493343));
#9673=CARTESIAN_POINT('',(0.0137786191642392,-0.023,-0.086098147540017));
#9674=CARTESIAN_POINT('',(0.0137786191642392,-0.023,-0.086098147540017));
#9675=CARTESIAN_POINT('',(0.0137786191642392,-0.023,-0.086098147540017));
#9676=CARTESIAN_POINT('',(0.010396897411233,-0.023,-0.086098147540017));
#9677=CARTESIAN_POINT('',(0.00885236103365805,-0.023,-0.0843205758493343));
#9678=CARTESIAN_POINT('',(0.013813237874915,-0.023,-0.0656782284645272));
#9679=CARTESIAN_POINT('',(0.0184826808334849,-0.023,-0.0855565898612094));
#9680=CARTESIAN_POINT('',(0.0184826808334849,-0.023,-0.0855565898612095));
#9681=CARTESIAN_POINT('',(0.013813237874915,-0.023,-0.0656782284645272));
#9682=CARTESIAN_POINT('',(0.0184826808334849,-0.023,-0.0836594058912145));
#9683=CARTESIAN_POINT('',(0.0184826808334849,-0.023,-0.0817626068310347));
#9684=CARTESIAN_POINT('',(0.0184826808334849,-0.023,-0.0817626068310347));
#9685=CARTESIAN_POINT('',(0.0184826808334849,-0.023,-0.0836594058912145));
#9686=CARTESIAN_POINT('',(0.0164883321073531,-0.023,-0.0820010615700287));
#9687=CARTESIAN_POINT('',(0.0164883321073531,-0.025,-0.0820010615700287));
#9688=CARTESIAN_POINT('',(0.0170736301030657,-0.023,-0.0820010615700287));
#9689=CARTESIAN_POINT('',(0.0170736301030657,-0.025,-0.0820010615700287));
#9690=CARTESIAN_POINT('',(0.0177384130117763,-0.023,-0.0819215766570307));
#9691=CARTESIAN_POINT('',(0.0177384130117763,-0.025,-0.0819215766570307));
#9692=CARTESIAN_POINT('',(0.0184826808334849,-0.023,-0.0817626068310347));
#9693=CARTESIAN_POINT('',(0.0184826808334849,-0.025,-0.0817626068310347));
#9694=CARTESIAN_POINT('',(0.0164883321073531,-0.023,-0.0820010615700287));
#9695=CARTESIAN_POINT('',(0.0164883321073531,-0.023,-0.0820010615700287));
#9696=CARTESIAN_POINT('',(0.0164883321073531,-0.023,-0.0820010615700287));
#9697=CARTESIAN_POINT('',(0.017366279100922,-0.023,-0.0820010615700287));
#9698=CARTESIAN_POINT('',(0.0184826808334849,-0.023,-0.0817626068310347));
#9699=CARTESIAN_POINT('',(0.0137786191642392,-0.023,-0.0806299468208131));
#9700=CARTESIAN_POINT('',(0.0137786191642392,-0.025,-0.0806299468208131));
#9701=CARTESIAN_POINT('',(0.0142555286422272,-0.023,-0.0815440233202902));
#9702=CARTESIAN_POINT('',(0.0142555286422272,-0.025,-0.0815440233202902));
#9703=CARTESIAN_POINT('',(0.0151587662899319,-0.023,-0.0820010615700287));
#9704=CARTESIAN_POINT('',(0.0151587662899319,-0.025,-0.0820010615700287));
#9705=CARTESIAN_POINT('',(0.0164883321073531,-0.023,-0.0820010615700287));
#9706=CARTESIAN_POINT('',(0.0164883321073531,-0.025,-0.0820010615700287));
#9707=CARTESIAN_POINT('',(0.0137786191642392,-0.023,-0.0806299468208131));
#9708=CARTESIAN_POINT('',(0.0137786191642392,-0.023,-0.0806299468208131));
#9709=CARTESIAN_POINT('',(0.0137786191642392,-0.023,-0.0806299468208131));
#9710=CARTESIAN_POINT('',(0.0144939833812212,-0.023,-0.0820010615700287));
#9711=CARTESIAN_POINT('',(0.0164883321073531,-0.023,-0.0820010615700287));
#9712=CARTESIAN_POINT('',(0.0130632549472571,-0.023,-0.0765491191284835));
#9713=CARTESIAN_POINT('',(0.0130632549472571,-0.025,-0.0765491191284835));
#9714=CARTESIAN_POINT('',(0.0130632549472571,-0.023,-0.0783555944238928));
#9715=CARTESIAN_POINT('',(0.0130632549472571,-0.025,-0.0783555944238928));
#9716=CARTESIAN_POINT('',(0.0133017096862511,-0.023,-0.079715870321336));
#9717=CARTESIAN_POINT('',(0.0133017096862511,-0.025,-0.079715870321336));
#9718=CARTESIAN_POINT('',(0.0137786191642392,-0.023,-0.0806299468208131));
#9719=CARTESIAN_POINT('',(0.0137786191642392,-0.025,-0.0806299468208131));
#9720=CARTESIAN_POINT('',(0.0130632549472571,-0.023,-0.0765491191284835));
#9721=CARTESIAN_POINT('',(0.0130632549472571,-0.023,-0.0765491191284835));
#9722=CARTESIAN_POINT('',(0.0130632549472571,-0.023,-0.0765491191284835));
#9723=CARTESIAN_POINT('',(0.0130632549472571,-0.023,-0.0792588320715974));
#9724=CARTESIAN_POINT('',(0.0137786191642392,-0.023,-0.0806299468208131));
#9725=CARTESIAN_POINT('',(0.0130632549472571,-0.023,-0.0686584350381358));
#9726=CARTESIAN_POINT('',(0.0130632549472571,-0.023,-0.060767750947788));
#9727=CARTESIAN_POINT('',(0.0130632549472571,-0.023,-0.060767750947788));
#9728=CARTESIAN_POINT('',(0.0130632549472571,-0.023,-0.0686584350381358));
#9729=CARTESIAN_POINT('',(0.00957856410241258,-0.023,-0.0516035017741767));
#9730=CARTESIAN_POINT('',(0.00957856410241258,-0.025,-0.0516035017741767));
#9731=CARTESIAN_POINT('',(0.0119016913323089,-0.023,-0.0537170778698056));
#9732=CARTESIAN_POINT('',(0.0119016913323089,-0.025,-0.0537170778698056));
#9733=CARTESIAN_POINT('',(0.0130632549472571,-0.023,-0.0567718275943427));
#9734=CARTESIAN_POINT('',(0.0130632549472571,-0.025,-0.0567718275943427));
#9735=CARTESIAN_POINT('',(0.0130632549472571,-0.023,-0.060767750947788));
#9736=CARTESIAN_POINT('',(0.0130632549472571,-0.025,-0.060767750947788));
#9737=CARTESIAN_POINT('',(0.00957856410241258,-0.023,-0.0516035017741767));
#9738=CARTESIAN_POINT('',(0.00957856410241258,-0.023,-0.0516035017741767));
#9739=CARTESIAN_POINT('',(0.00957856410241258,-0.023,-0.0516035017741767));
#9740=CARTESIAN_POINT('',(0.0130632549472571,-0.023,-0.05477386591762));
#9741=CARTESIAN_POINT('',(0.0130632549472571,-0.023,-0.060767750947788));
#9742=CARTESIAN_POINT('',(-0.000821314173258675,-0.023,-0.0484331376307334));
#9743=CARTESIAN_POINT('',(-0.000821314173258675,-0.025,-0.0484331376307334));
#9744=CARTESIAN_POINT('',(0.00378881078062583,-0.023,-0.0484331376307334));
#9745=CARTESIAN_POINT('',(0.00378881078062583,-0.025,-0.0484331376307334));
#9746=CARTESIAN_POINT('',(0.00725543687251625,-0.023,-0.0494899256785478));
#9747=CARTESIAN_POINT('',(0.00725543687251625,-0.025,-0.0494899256785478));
#9748=CARTESIAN_POINT('',(0.00957856410241258,-0.023,-0.0516035017741767));
#9749=CARTESIAN_POINT('',(0.00957856410241258,-0.025,-0.0516035017741767));
#9750=CARTESIAN_POINT('',(-0.000821314173258675,-0.023,-0.0484331376307334));
#9751=CARTESIAN_POINT('',(-0.000821314173258675,-0.023,-0.0484331376307334));
#9752=CARTESIAN_POINT('',(-0.000821314173258675,-0.023,-0.0484331376307334));
#9753=CARTESIAN_POINT('',(0.00609387325756808,-0.023,-0.0484331376307334));
#9754=CARTESIAN_POINT('',(0.00957856410241258,-0.023,-0.0516035017741767));
#9755=CARTESIAN_POINT('',(-0.0155187971767086,-0.023,-0.0583290092989855));
#9756=CARTESIAN_POINT('',(-0.0155187971767086,-0.025,-0.0583290092989855));
#9757=CARTESIAN_POINT('',(-0.0144782674065529,-0.023,-0.0517317615201508));
#9758=CARTESIAN_POINT('',(-0.0144782674065529,-0.025,-0.0517317615201508));
#9759=CARTESIAN_POINT('',(-0.00957910640540289,-0.023,-0.0484331376307334));
#9760=CARTESIAN_POINT('',(-0.00957910640540289,-0.025,-0.0484331376307334));
#9761=CARTESIAN_POINT('',(-0.000821314173258675,-0.023,-0.0484331376307334));
#9762=CARTESIAN_POINT('',(-0.000821314173258675,-0.025,-0.0484331376307334));
#9763=CARTESIAN_POINT('',(-0.0155187971767086,-0.023,-0.0583290092989855));
#9764=CARTESIAN_POINT('',(-0.0155187971767086,-0.023,-0.0583290092989855));
#9765=CARTESIAN_POINT('',(-0.0155187971767086,-0.023,-0.0583290092989855));
#9766=CARTESIAN_POINT('',(-0.013958002521475,-0.023,-0.0484331376307334));
#9767=CARTESIAN_POINT('',(-0.000821314173258675,-0.023,-0.0484331376307334));
#9768=CARTESIAN_POINT('',(-0.0123375941814928,-0.023,-0.0586162388709556));
#9769=CARTESIAN_POINT('',(-0.0091563911862771,-0.023,-0.0589034684429256));
#9770=CARTESIAN_POINT('',(-0.0091563911862771,-0.023,-0.0589034684429256));
#9771=CARTESIAN_POINT('',(-0.0123375941814928,-0.023,-0.0586162388709556));
#9772=CARTESIAN_POINT('',(-0.00691274886937878,-0.023,-0.054464958642105));
#9773=CARTESIAN_POINT('',(-0.00691274886937878,-0.025,-0.054464958642105));
#9774=CARTESIAN_POINT('',(-0.00815560387262037,-0.023,-0.0553934869439454));
#9775=CARTESIAN_POINT('',(-0.00815560387262037,-0.025,-0.0553934869439454));
#9776=CARTESIAN_POINT('',(-0.00890348464491981,-0.023,-0.0568729902108856));
#9777=CARTESIAN_POINT('',(-0.00890348464491981,-0.025,-0.0568729902108856));
#9778=CARTESIAN_POINT('',(-0.0091563911862771,-0.023,-0.0589034684429256));
#9779=CARTESIAN_POINT('',(-0.0091563911862771,-0.025,-0.0589034684429256));
#9780=CARTESIAN_POINT('',(-0.00691274886937878,-0.023,-0.054464958642105));
#9781=CARTESIAN_POINT('',(-0.00691274886937878,-0.023,-0.054464958642105));
#9782=CARTESIAN_POINT('',(-0.00691274886937878,-0.023,-0.054464958642105));
#9783=CARTESIAN_POINT('',(-0.00877703137424116,-0.023,-0.0558577510948656));
#9784=CARTESIAN_POINT('',(-0.0091563911862771,-0.023,-0.0589034684429256));
#9785=CARTESIAN_POINT('',(-0.000951380394528141,-0.023,-0.0530721661893445));
#9786=CARTESIAN_POINT('',(-0.000951380394528141,-0.025,-0.0530721661893445));
#9787=CARTESIAN_POINT('',(-0.00368277104118698,-0.023,-0.0530721661893445));
#9788=CARTESIAN_POINT('',(-0.00368277104118698,-0.025,-0.0530721661893445));
#9789=CARTESIAN_POINT('',(-0.00566989386613719,-0.023,-0.0535364303402647));
#9790=CARTESIAN_POINT('',(-0.00566989386613719,-0.025,-0.0535364303402647));
#9791=CARTESIAN_POINT('',(-0.00691274886937878,-0.023,-0.054464958642105));
#9792=CARTESIAN_POINT('',(-0.00691274886937878,-0.025,-0.054464958642105));
#9793=CARTESIAN_POINT('',(-0.000951380394528141,-0.023,-0.0530721661893445));
#9794=CARTESIAN_POINT('',(-0.000951380394528141,-0.023,-0.0530721661893445));
#9795=CARTESIAN_POINT('',(-0.000951380394528141,-0.023,-0.0530721661893445));
#9796=CARTESIAN_POINT('',(-0.0050484663645164,-0.023,-0.0530721661893445));
#9797=CARTESIAN_POINT('',(-0.00691274886937878,-0.023,-0.054464958642105));
#9798=CARTESIAN_POINT('',(0.00500998808032251,-0.023,-0.0550069012307278));
#9799=CARTESIAN_POINT('',(0.00500998808032251,-0.025,-0.0550069012307278));
#9800=CARTESIAN_POINT('',(0.003745455373536,-0.023,-0.0537170778698056));
#9801=CARTESIAN_POINT('',(0.003745455373536,-0.025,-0.0537170778698056));
#9802=CARTESIAN_POINT('',(0.00175833254858579,-0.023,-0.0530721661893445));
#9803=CARTESIAN_POINT('',(0.00175833254858579,-0.025,-0.0530721661893445));
#9804=CARTESIAN_POINT('',(-0.000951380394528141,-0.023,-0.0530721661893445));
#9805=CARTESIAN_POINT('',(-0.000951380394528141,-0.025,-0.0530721661893445));
#9806=CARTESIAN_POINT('',(0.00500998808032251,-0.023,-0.0550069012307278));
#9807=CARTESIAN_POINT('',(0.00500998808032251,-0.023,-0.0550069012307278));
#9808=CARTESIAN_POINT('',(0.00500998808032251,-0.023,-0.0550069012307278));
#9809=CARTESIAN_POINT('',(0.00311318902014275,-0.023,-0.0530721661893445));
#9810=CARTESIAN_POINT('',(-0.000951380394528141,-0.023,-0.0530721661893445));
#9811=CARTESIAN_POINT('',(0.00690678714050225,-0.023,-0.0614072432023629));
#9812=CARTESIAN_POINT('',(0.00690678714050225,-0.025,-0.0614072432023629));
#9813=CARTESIAN_POINT('',(0.00690678714050225,-0.023,-0.0584301719155284));
#9814=CARTESIAN_POINT('',(0.00690678714050225,-0.025,-0.0584301719155284));
#9815=CARTESIAN_POINT('',(0.006274520787109,-0.023,-0.05629672459165));
#9816=CARTESIAN_POINT('',(0.006274520787109,-0.025,-0.05629672459165));
#9817=CARTESIAN_POINT('',(0.00500998808032251,-0.023,-0.0550069012307278));
#9818=CARTESIAN_POINT('',(0.00500998808032251,-0.025,-0.0550069012307278));
#9819=CARTESIAN_POINT('',(0.00690678714050225,-0.023,-0.0614072432023629));
#9820=CARTESIAN_POINT('',(0.00690678714050225,-0.023,-0.0614072432023629));
#9821=CARTESIAN_POINT('',(0.00690678714050225,-0.023,-0.0614072432023629));
#9822=CARTESIAN_POINT('',(0.00690678714050225,-0.023,-0.0569416362721111));
#9823=CARTESIAN_POINT('',(0.00500998808032251,-0.023,-0.0550069012307278));
#9824=CARTESIAN_POINT('',(0.00690678714050225,-0.023,-0.0624044175654288));
#9825=CARTESIAN_POINT('',(0.00690678714050225,-0.023,-0.0634015919284948));
#9826=CARTESIAN_POINT('',(0.00690678714050225,-0.023,-0.0634015919284948));
#9827=CARTESIAN_POINT('',(0.00690678714050225,-0.023,-0.0624044175654288));
#9828=CARTESIAN_POINT('',(0.00278802346696908,-0.023,-0.0634720444650157));
#9829=CARTESIAN_POINT('',(-0.00133074020656409,-0.023,-0.0635424970015367));
#9830=CARTESIAN_POINT('',(-0.00133074020656409,-0.023,-0.0635424970015367));
#9831=CARTESIAN_POINT('',(0.00278802346696908,-0.023,-0.0634720444650157));
#9832=CARTESIAN_POINT('',(-0.0133998016551935,-0.023,-0.0667941525332734));
#9833=CARTESIAN_POINT('',(-0.0133998016551935,-0.025,-0.0667941525332734));
#9834=CARTESIAN_POINT('',(-0.0109032527969379,-0.023,-0.0647636743012333));
#9835=CARTESIAN_POINT('',(-0.0109032527969379,-0.025,-0.0647636743012333));
#9836=CARTESIAN_POINT('',(-0.00688023231406141,-0.023,-0.0636797891239878));
#9837=CARTESIAN_POINT('',(-0.00688023231406141,-0.025,-0.0636797891239878));
#9838=CARTESIAN_POINT('',(-0.00133074020656408,-0.023,-0.0635424970015367));
#9839=CARTESIAN_POINT('',(-0.00133074020656408,-0.025,-0.0635424970015367));
#9840=CARTESIAN_POINT('',(-0.0133998016551935,-0.023,-0.0667941525332734));
#9841=CARTESIAN_POINT('',(-0.0133998016551935,-0.023,-0.0667941525332734));
#9842=CARTESIAN_POINT('',(-0.0133998016551935,-0.023,-0.0667941525332734));
#9843=CARTESIAN_POINT('',(-0.00965497836781007,-0.023,-0.0637484351852133));
#9844=CARTESIAN_POINT('',(-0.00133074020656408,-0.023,-0.0635424970015367));
#9845=CARTESIAN_POINT('',(-0.0171446249425769,-0.023,-0.0755302670618727));
#9846=CARTESIAN_POINT('',(-0.0171446249425769,-0.025,-0.0755302670618727));
#9847=CARTESIAN_POINT('',(-0.0171446249425769,-0.023,-0.0717366689415132));
#9848=CARTESIAN_POINT('',(-0.0171446249425769,-0.025,-0.0717366689415132));
#9849=CARTESIAN_POINT('',(-0.0158963505134491,-0.023,-0.0688246307653134));
#9850=CARTESIAN_POINT('',(-0.0158963505134491,-0.025,-0.0688246307653134));
#9851=CARTESIAN_POINT('',(-0.0133998016551935,-0.023,-0.0667941525332734));
#9852=CARTESIAN_POINT('',(-0.0133998016551935,-0.025,-0.0667941525332734));
#9853=CARTESIAN_POINT('',(-0.0171446249425769,-0.023,-0.0755302670618727));
#9854=CARTESIAN_POINT('',(-0.0171446249425769,-0.023,-0.0755302670618727));
#9855=CARTESIAN_POINT('',(-0.0171446249425769,-0.023,-0.0755302670618727));
#9856=CARTESIAN_POINT('',(-0.0171446249425769,-0.023,-0.0698398698813334));
#9857=CARTESIAN_POINT('',(-0.0133998016551935,-0.023,-0.0667941525332734));
#9858=CARTESIAN_POINT('',(-0.0143698788888283,-0.023,-0.083529339669945));
#9859=CARTESIAN_POINT('',(-0.0143698788888283,-0.025,-0.083529339669945));
#9860=CARTESIAN_POINT('',(-0.0162197095913274,-0.023,-0.0815855722520846));
#9861=CARTESIAN_POINT('',(-0.0162197095913274,-0.025,-0.0815855722520846));
#9862=CARTESIAN_POINT('',(-0.0171446249425769,-0.023,-0.0789192147160605));
#9863=CARTESIAN_POINT('',(-0.0171446249425769,-0.025,-0.0789192147160605));
#9864=CARTESIAN_POINT('',(-0.0171446249425769,-0.023,-0.0755302670618727));
#9865=CARTESIAN_POINT('',(-0.0171446249425769,-0.025,-0.0755302670618727));
#9866=CARTESIAN_POINT('',(-0.0143698788888283,-0.023,-0.083529339669945));
#9867=CARTESIAN_POINT('',(-0.0171446249425769,-0.023,-0.0806136885431544));
#9868=CARTESIAN_POINT('',(-0.0171446249425769,-0.023,-0.0755302670618727));
#9869=CARTESIAN_POINT('',(0.00128142307059774,-0.023,-0.080342717248843));
#9870=CARTESIAN_POINT('',(0.00128142307059774,-0.025,-0.080342717248843));
#9871=CARTESIAN_POINT('',(0.00302286525537229,-0.023,-0.0793238651822322));
#9872=CARTESIAN_POINT('',(0.00302286525537229,-0.025,-0.0793238651822322));
#9873=CARTESIAN_POINT('',(0.00439578647988334,-0.023,-0.0779292662541762));
#9874=CARTESIAN_POINT('',(0.00439578647988334,-0.025,-0.0779292662541762));
#9875=CARTESIAN_POINT('',(0.00540018674413091,-0.023,-0.0761589204646751));
#9876=CARTESIAN_POINT('',(0.00540018674413091,-0.025,-0.0761589204646751));
#9877=CARTESIAN_POINT('',(0.00128142307059774,-0.025,-0.080342717248843));
#9878=CARTESIAN_POINT('',(0.00389358634775956,-0.025,-0.0788144391489268));
#9879=CARTESIAN_POINT('',(0.00540018674413091,-0.025,-0.0761589204646751));
#9880=CARTESIAN_POINT('',(0.00128142307059774,-0.023,-0.080342717248843));
#9881=CARTESIAN_POINT('',(0.00389358634775956,-0.023,-0.0788144391489268));
#9882=CARTESIAN_POINT('',(0.00540018674413091,-0.023,-0.0761589204646751));
#9883=CARTESIAN_POINT('',(0.000829932764948652,-0.023,0.0253718336607562));
#9884=CARTESIAN_POINT('',(0.0464252407028758,-0.023,-0.0741428940349983));
#9885=CARTESIAN_POINT('',(0.0464252407028758,-0.023,-0.0857621431350709));
#9886=CARTESIAN_POINT('',(0.0464252407028758,-0.023,-0.0857621431350709));
#9887=CARTESIAN_POINT('',(0.0464252407028758,-0.023,-0.0741428940349983));
#9888=CARTESIAN_POINT('',(0.0464252407028758,-0.023,-0.0625236449349258));
#9889=CARTESIAN_POINT('',(0.0464252407028758,-0.023,-0.0625236449349258));
#9890=CARTESIAN_POINT('',(0.0494926357544807,-0.023,-0.0857621431350709));
#9891=CARTESIAN_POINT('',(0.0525600308060857,-0.023,-0.0857621431350709));
#9892=CARTESIAN_POINT('',(0.0525600308060857,-0.023,-0.0857621431350709));
#9893=CARTESIAN_POINT('',(0.0494926357544807,-0.023,-0.0857621431350709));
#9894=CARTESIAN_POINT('',(0.0525600308060857,-0.023,-0.0735521766133995));
#9895=CARTESIAN_POINT('',(0.0525600308060857,-0.023,-0.0613422100917282));
#9896=CARTESIAN_POINT('',(0.0525600308060857,-0.023,-0.0613422100917282));
#9897=CARTESIAN_POINT('',(0.0525600308060857,-0.023,-0.0735521766133995));
#9898=CARTESIAN_POINT('',(0.0497636070487921,-0.023,-0.0514300801458174));
#9899=CARTESIAN_POINT('',(0.0497636070487921,-0.025,-0.0514300801458174));
#9900=CARTESIAN_POINT('',(0.0516278895536545,-0.023,-0.0534280418225401));
#9901=CARTESIAN_POINT('',(0.0516278895536545,-0.025,-0.0534280418225401));
#9902=CARTESIAN_POINT('',(0.0525600308060857,-0.023,-0.0567320851378437));
#9903=CARTESIAN_POINT('',(0.0525600308060857,-0.025,-0.0567320851378437));
#9904=CARTESIAN_POINT('',(0.0525600308060857,-0.023,-0.0613422100917282));
#9905=CARTESIAN_POINT('',(0.0525600308060857,-0.025,-0.0613422100917282));
#9906=CARTESIAN_POINT('',(0.0497636070487921,-0.023,-0.0514300801458174));
#9907=CARTESIAN_POINT('',(0.0497636070487921,-0.023,-0.0514300801458174));
#9908=CARTESIAN_POINT('',(0.0497636070487921,-0.023,-0.0514300801458174));
#9909=CARTESIAN_POINT('',(0.0525600308060857,-0.023,-0.0544270226609014));
#9910=CARTESIAN_POINT('',(0.0525600308060857,-0.023,-0.0613422100917282));
#9911=CARTESIAN_POINT('',(0.0409407817060131,-0.023,-0.0484331376307334));
#9912=CARTESIAN_POINT('',(0.0409407817060131,-0.025,-0.0484331376307334));
#9913=CARTESIAN_POINT('',(0.0449583827630034,-0.023,-0.0484331376307334));
#9914=CARTESIAN_POINT('',(0.0449583827630034,-0.025,-0.0484331376307334));
#9915=CARTESIAN_POINT('',(0.0478993245439297,-0.023,-0.0494321184690947));
#9916=CARTESIAN_POINT('',(0.0478993245439297,-0.025,-0.0494321184690947));
#9917=CARTESIAN_POINT('',(0.0497636070487921,-0.023,-0.0514300801458174));
#9918=CARTESIAN_POINT('',(0.0497636070487921,-0.025,-0.0514300801458174));
#9919=CARTESIAN_POINT('',(0.0409407817060131,-0.023,-0.0484331376307334));
#9920=CARTESIAN_POINT('',(0.0409407817060131,-0.023,-0.0484331376307334));
#9921=CARTESIAN_POINT('',(0.0409407817060131,-0.023,-0.0484331376307334));
#9922=CARTESIAN_POINT('',(0.0469671832914985,-0.023,-0.0484331376307334));
#9923=CARTESIAN_POINT('',(0.0497636070487921,-0.023,-0.0514300801458174));
#9924=CARTESIAN_POINT('',(0.0340797885340487,-0.023,-0.0500101905636257));
#9925=CARTESIAN_POINT('',(0.0340797885340487,-0.025,-0.0500101905636257));
#9926=CARTESIAN_POINT('',(0.0359223933353662,-0.023,-0.0489588219416975));
#9927=CARTESIAN_POINT('',(0.0359223933353662,-0.025,-0.0489588219416975));
#9928=CARTESIAN_POINT('',(0.0382093910593543,-0.023,-0.0484331376307334));
#9929=CARTESIAN_POINT('',(0.0382093910593543,-0.025,-0.0484331376307334));
#9930=CARTESIAN_POINT('',(0.0409407817060131,-0.023,-0.0484331376307334));
#9931=CARTESIAN_POINT('',(0.0409407817060131,-0.025,-0.0484331376307334));
#9932=CARTESIAN_POINT('',(0.0340797885340487,-0.023,-0.0500101905636257));
#9933=CARTESIAN_POINT('',(0.0340797885340487,-0.023,-0.0500101905636257));
#9934=CARTESIAN_POINT('',(0.0340797885340487,-0.023,-0.0500101905636257));
#9935=CARTESIAN_POINT('',(0.0368436957360249,-0.023,-0.0484331376307334));
#9936=CARTESIAN_POINT('',(0.0409407817060131,-0.023,-0.0484331376307334));
#9937=CARTESIAN_POINT('',(0.0292239829399886,-0.023,-0.0553808416168775));
#9938=CARTESIAN_POINT('',(0.0292239829399886,-0.025,-0.0553808416168775));
#9939=CARTESIAN_POINT('',(0.0306185818680445,-0.023,-0.0528517762033045));
#9940=CARTESIAN_POINT('',(0.0306185818680445,-0.025,-0.0528517762033045));
#9941=CARTESIAN_POINT('',(0.0322371837327312,-0.023,-0.0510615591855539));
#9942=CARTESIAN_POINT('',(0.0322371837327312,-0.025,-0.0510615591855539));
#9943=CARTESIAN_POINT('',(0.0340797885340487,-0.023,-0.0500101905636257));
#9944=CARTESIAN_POINT('',(0.0340797885340487,-0.025,-0.0500101905636257));
#9945=CARTESIAN_POINT('',(0.0292239829399886,-0.023,-0.0553808416168775));
#9946=CARTESIAN_POINT('',(0.0292239829399886,-0.023,-0.0553808416168775));
#9947=CARTESIAN_POINT('',(0.0292239829399886,-0.023,-0.0553808416168775));
#9948=CARTESIAN_POINT('',(0.0313158813320725,-0.023,-0.051587243496518));
#9949=CARTESIAN_POINT('',(0.0340797885340487,-0.023,-0.0500101905636257));
#9950=CARTESIAN_POINT('',(0.0291697886811263,-0.023,-0.0553808416168775));
#9951=CARTESIAN_POINT('',(0.029115594422264,-0.023,-0.0553808416168775));
#9952=CARTESIAN_POINT('',(0.029115594422264,-0.023,-0.0553808416168775));
#9953=CARTESIAN_POINT('',(0.0291697886811263,-0.023,-0.0553808416168775));
#9954=CARTESIAN_POINT('',(0.0290017864786532,-0.023,-0.0517389874213324));
#9955=CARTESIAN_POINT('',(0.0290017864786532,-0.025,-0.0517389874213324));
#9956=CARTESIAN_POINT('',(0.0290343030339706,-0.023,-0.0523820926264981));
#9957=CARTESIAN_POINT('',(0.0290343030339706,-0.025,-0.0523820926264981));
#9958=CARTESIAN_POINT('',(0.0290722390151742,-0.023,-0.0535960440250132));
#9959=CARTESIAN_POINT('',(0.0290722390151742,-0.025,-0.0535960440250132));
#9960=CARTESIAN_POINT('',(0.029115594422264,-0.023,-0.0553808416168775));
#9961=CARTESIAN_POINT('',(0.029115594422264,-0.025,-0.0553808416168775));
#9962=CARTESIAN_POINT('',(0.0290017864786532,-0.023,-0.0517389874213324));
#9963=CARTESIAN_POINT('',(0.0290017864786532,-0.023,-0.0517389874213324));
#9964=CARTESIAN_POINT('',(0.0290017864786532,-0.023,-0.0517389874213324));
#9965=CARTESIAN_POINT('',(0.0290505613116292,-0.023,-0.052703645229081));
#9966=CARTESIAN_POINT('',(0.029115594422264,-0.023,-0.0553808416168775));
#9967=CARTESIAN_POINT('',(0.0289567196739151,-0.0229999999981737,-0.0508484901783427));
#9968=CARTESIAN_POINT('',(0.0289150756644736,-0.023,-0.0500264488412844));
#9969=CARTESIAN_POINT('',(0.0289150756644736,-0.023,-0.0500264488412844));
#9970=CARTESIAN_POINT('',(0.0289567196739151,-0.023,-0.0508484901783427));
#9971=CARTESIAN_POINT('',(0.0288446231279526,-0.023,-0.0491159852923981));
#9972=CARTESIAN_POINT('',(0.0288446231279526,-0.025,-0.0491159852923981));
#9973=CARTESIAN_POINT('',(0.0288663008314975,-0.023,-0.0492243738101227));
#9974=CARTESIAN_POINT('',(0.0288663008314975,-0.025,-0.0492243738101227));
#9975=CARTESIAN_POINT('',(0.0288897850103378,-0.023,-0.0495278616597515));
#9976=CARTESIAN_POINT('',(0.0288897850103378,-0.025,-0.0495278616597515));
#9977=CARTESIAN_POINT('',(0.0289150756644736,-0.023,-0.0500264488412844));
#9978=CARTESIAN_POINT('',(0.0289150756644736,-0.025,-0.0500264488412844));
#9979=CARTESIAN_POINT('',(0.0288446231279526,-0.023,-0.0491159852923981));
#9980=CARTESIAN_POINT('',(0.0288446231279526,-0.023,-0.0491159852923981));
#9981=CARTESIAN_POINT('',(0.0288446231279526,-0.023,-0.0491159852923981));
#9982=CARTESIAN_POINT('',(0.02887713968327,-0.023,-0.049278568068985));
#9983=CARTESIAN_POINT('',(0.0289150756644736,-0.023,-0.0500264488412844));
#9984=CARTESIAN_POINT('',(0.0259669079823656,-0.023,-0.0491159852923981));
#9985=CARTESIAN_POINT('',(0.0230891928367786,-0.023,-0.0491159852923981));
#9986=CARTESIAN_POINT('',(0.0230891928367786,-0.023,-0.0491159852923981));
#9987=CARTESIAN_POINT('',(0.0259669079823656,-0.023,-0.0491159852923981));
#9988=CARTESIAN_POINT('',(0.0232951310204553,-0.023,-0.0569416362721111));
#9989=CARTESIAN_POINT('',(0.0232951310204553,-0.025,-0.0569416362721111));
#9990=CARTESIAN_POINT('',(0.0232951310204553,-0.023,-0.0526711286737636));
#9991=CARTESIAN_POINT('',(0.0232951310204553,-0.025,-0.0526711286737636));
#9992=CARTESIAN_POINT('',(0.0232264849592297,-0.023,-0.0500625783471926));
#9993=CARTESIAN_POINT('',(0.0232264849592297,-0.025,-0.0500625783471926));
#9994=CARTESIAN_POINT('',(0.0230891928367786,-0.023,-0.0491159852923981));
#9995=CARTESIAN_POINT('',(0.0230891928367786,-0.025,-0.0491159852923981));
#9996=CARTESIAN_POINT('',(0.0232951310204553,-0.023,-0.0569416362721111));
#9997=CARTESIAN_POINT('',(0.0232951310204553,-0.023,-0.0569416362721111));
#9998=CARTESIAN_POINT('',(0.0232951310204553,-0.023,-0.0569416362721111));
#9999=CARTESIAN_POINT('',(0.0232951310204553,-0.023,-0.0505358748745898));
#10000=CARTESIAN_POINT('',(0.0230891928367786,-0.023,-0.0491159852923981));
#10001=CARTESIAN_POINT('',(0.0232951310204553,-0.023,-0.071351889703591));
#10002=CARTESIAN_POINT('',(0.0232951310204553,-0.023,-0.0857621431350709));
#10003=CARTESIAN_POINT('',(0.0232951310204553,-0.023,-0.0857621431350709));
#10004=CARTESIAN_POINT('',(0.0232951310204553,-0.023,-0.071351889703591));
#10005=CARTESIAN_POINT('',(0.0263408483685154,-0.023,-0.0857621431350709));
#10006=CARTESIAN_POINT('',(0.0293865657165754,-0.023,-0.0857621431350709));
#10007=CARTESIAN_POINT('',(0.0293865657165754,-0.023,-0.0857621431350709));
#10008=CARTESIAN_POINT('',(0.0263408483685154,-0.023,-0.0857621431350709));
#10009=CARTESIAN_POINT('',(0.0293865657165754,-0.023,-0.0751454878239505));
#10010=CARTESIAN_POINT('',(0.0293865657165754,-0.023,-0.0645288325128301));
#10011=CARTESIAN_POINT('',(0.0293865657165754,-0.023,-0.0645288325128301));
#10012=CARTESIAN_POINT('',(0.0293865657165754,-0.023,-0.0751454878239505));
#10013=CARTESIAN_POINT('',(0.0319282764572162,-0.023,-0.0561612389444943));
#10014=CARTESIAN_POINT('',(0.0319282764572162,-0.025,-0.0561612389444943));
#10015=CARTESIAN_POINT('',(0.0302338026301224,-0.023,-0.0581700394729894));
#10016=CARTESIAN_POINT('',(0.0302338026301224,-0.025,-0.0581700394729894));
#10017=CARTESIAN_POINT('',(0.0293865657165754,-0.023,-0.0609592373291014));
#10018=CARTESIAN_POINT('',(0.0293865657165754,-0.025,-0.0609592373291014));
#10019=CARTESIAN_POINT('',(0.0293865657165754,-0.023,-0.0645288325128301));
#10020=CARTESIAN_POINT('',(0.0293865657165754,-0.025,-0.0645288325128301));
#10021=CARTESIAN_POINT('',(0.0319282764572162,-0.023,-0.0561612389444943));
#10022=CARTESIAN_POINT('',(0.0319282764572162,-0.023,-0.0561612389444943));
#10023=CARTESIAN_POINT('',(0.0319282764572162,-0.023,-0.0561612389444943));
#10024=CARTESIAN_POINT('',(0.0293865657165754,-0.023,-0.059174439737237));
#10025=CARTESIAN_POINT('',(0.0293865657165754,-0.023,-0.0645288325128301));
#10026=CARTESIAN_POINT('',(0.0388705610174741,-0.023,-0.0531480381517516));
#10027=CARTESIAN_POINT('',(0.0388705610174741,-0.025,-0.0531480381517516));
#10028=CARTESIAN_POINT('',(0.0359368451377294,-0.023,-0.0531480381517516));
#10029=CARTESIAN_POINT('',(0.0359368451377294,-0.025,-0.0531480381517516));
#10030=CARTESIAN_POINT('',(0.0336227502843102,-0.023,-0.0541524384159992));
#10031=CARTESIAN_POINT('',(0.0336227502843102,-0.025,-0.0541524384159992));
#10032=CARTESIAN_POINT('',(0.0319282764572162,-0.023,-0.0561612389444943));
#10033=CARTESIAN_POINT('',(0.0319282764572162,-0.025,-0.0561612389444943));
#10034=CARTESIAN_POINT('',(0.0388705610174741,-0.023,-0.0531480381517516));
#10035=CARTESIAN_POINT('',(0.0388705610174741,-0.023,-0.0531480381517516));
#10036=CARTESIAN_POINT('',(0.0388705610174741,-0.023,-0.0531480381517516));
#10037=CARTESIAN_POINT('',(0.0344699871978571,-0.023,-0.0531480381517516));
#10038=CARTESIAN_POINT('',(0.0319282764572162,-0.023,-0.0561612389444943));
#10039=CARTESIAN_POINT('',(0.0434445564654505,-0.023,-0.0540259851453206));
#10040=CARTESIAN_POINT('',(0.0434445564654505,-0.025,-0.0540259851453206));
#10041=CARTESIAN_POINT('',(0.0424040266952947,-0.023,-0.0534406871496079));
#10042=CARTESIAN_POINT('',(0.0424040266952947,-0.025,-0.0534406871496079));
#10043=CARTESIAN_POINT('',(0.0408793615459692,-0.023,-0.0531480381517516));
#10044=CARTESIAN_POINT('',(0.0408793615459692,-0.025,-0.0531480381517516));
#10045=CARTESIAN_POINT('',(0.0388705610174741,-0.023,-0.0531480381517516));
#10046=CARTESIAN_POINT('',(0.0388705610174741,-0.025,-0.0531480381517516));
#10047=CARTESIAN_POINT('',(0.0434445564654505,-0.023,-0.0540259851453206));
#10048=CARTESIAN_POINT('',(0.0434445564654505,-0.023,-0.0540259851453206));
#10049=CARTESIAN_POINT('',(0.0434445564654505,-0.023,-0.0540259851453206));
#10050=CARTESIAN_POINT('',(0.0418837618102168,-0.023,-0.0531480381517516));
#10051=CARTESIAN_POINT('',(0.0388705610174741,-0.023,-0.0531480381517516));
#10052=CARTESIAN_POINT('',(0.0457152959117799,-0.023,-0.0569037002909075));
#10053=CARTESIAN_POINT('',(0.0457152959117799,-0.025,-0.0569037002909075));
#10054=CARTESIAN_POINT('',(0.0452419993843827,-0.023,-0.0555705215228955));
#10055=CARTESIAN_POINT('',(0.0452419993843827,-0.025,-0.0555705215228955));
#10056=CARTESIAN_POINT('',(0.0444850862356062,-0.023,-0.0546112831410332));
#10057=CARTESIAN_POINT('',(0.0444850862356062,-0.025,-0.0546112831410332));
#10058=CARTESIAN_POINT('',(0.0434445564654505,-0.023,-0.0540259851453206));
#10059=CARTESIAN_POINT('',(0.0434445564654505,-0.025,-0.0540259851453206));
#10060=CARTESIAN_POINT('',(0.0457152959117799,-0.023,-0.0569037002909075));
#10061=CARTESIAN_POINT('',(0.0457152959117799,-0.023,-0.0569037002909075));
#10062=CARTESIAN_POINT('',(0.0457152959117799,-0.023,-0.0569037002909075));
#10063=CARTESIAN_POINT('',(0.0450053511206841,-0.023,-0.0549039321388895));
#10064=CARTESIAN_POINT('',(0.0434445564654505,-0.023,-0.0540259851453206));
#10065=CARTESIAN_POINT('',(0.0464252407028758,-0.023,-0.0625236449349258));
#10066=CARTESIAN_POINT('',(0.0464252407028758,-0.025,-0.0625236449349258));
#10067=CARTESIAN_POINT('',(0.0464252407028758,-0.023,-0.060110193940259));
#10068=CARTESIAN_POINT('',(0.0464252407028758,-0.025,-0.060110193940259));
#10069=CARTESIAN_POINT('',(0.0461885924391772,-0.023,-0.0582368790589196));
#10070=CARTESIAN_POINT('',(0.0461885924391772,-0.025,-0.0582368790589196));
#10071=CARTESIAN_POINT('',(0.0457152959117799,-0.023,-0.0569037002909075));
#10072=CARTESIAN_POINT('',(0.0457152959117799,-0.025,-0.0569037002909075));
#10073=CARTESIAN_POINT('',(0.0464252407028758,-0.023,-0.0625236449349258));
#10074=CARTESIAN_POINT('',(0.0464252407028758,-0.023,-0.0589034684429256));
#10075=CARTESIAN_POINT('',(0.0457152959117799,-0.023,-0.0569037002909075));
#10076=CARTESIAN_POINT('',(0.000829932764948652,-0.023,0.0253718336607562));
#10077=CARTESIAN_POINT('',(-0.050300672514519,-0.023,-0.0521942191957756));
#10078=CARTESIAN_POINT('',(-0.050300672514519,-0.023,-0.0433171995941344));
#10079=CARTESIAN_POINT('',(-0.050300672514519,-0.023,-0.0433171995941344));
#10080=CARTESIAN_POINT('',(-0.050300672514519,-0.023,-0.0521942191957756));
#10081=CARTESIAN_POINT('',(-0.050300672514519,-0.023,-0.0610712387974168));
#10082=CARTESIAN_POINT('',(-0.050300672514519,-0.023,-0.0610712387974168));
#10083=CARTESIAN_POINT('',(-0.0365841055964762,-0.023,-0.0433171995941344));
#10084=CARTESIAN_POINT('',(-0.0228675386784336,-0.023,-0.0433171995941344));
#10085=CARTESIAN_POINT('',(-0.0228675386784336,-0.023,-0.0433171995941344));
#10086=CARTESIAN_POINT('',(-0.0365841055964762,-0.023,-0.0433171995941344));
#10087=CARTESIAN_POINT('',(-0.0228675386784336,-0.023,-0.0406779391875413));
#10088=CARTESIAN_POINT('',(-0.0228675386784336,-0.023,-0.0380386787809484));
#10089=CARTESIAN_POINT('',(-0.0228675386784336,-0.023,-0.0380386787809484));
#10090=CARTESIAN_POINT('',(-0.0228675386784336,-0.023,-0.0406779391875413));
#10091=CARTESIAN_POINT('',(-0.0398195028505543,-0.023,-0.0380386787809484));
#10092=CARTESIAN_POINT('',(-0.056771467022675,-0.023,-0.0380386787809484));
#10093=CARTESIAN_POINT('',(-0.056771467022675,-0.023,-0.0380386787809484));
#10094=CARTESIAN_POINT('',(-0.0398195028505543,-0.023,-0.0380386787809484));
#10095=CARTESIAN_POINT('',(-0.056771467022675,-0.023,-0.0619004109580096));
#10096=CARTESIAN_POINT('',(-0.056771467022675,-0.023,-0.0857621431350709));
#10097=CARTESIAN_POINT('',(-0.056771467022675,-0.023,-0.0857621431350709));
#10098=CARTESIAN_POINT('',(-0.056771467022675,-0.023,-0.0619004109580096));
#10099=CARTESIAN_POINT('',(-0.053536069768597,-0.023,-0.0857621431350709));
#10100=CARTESIAN_POINT('',(-0.050300672514519,-0.023,-0.0857621431350709));
#10101=CARTESIAN_POINT('',(-0.050300672514519,-0.023,-0.0857621431350709));
#10102=CARTESIAN_POINT('',(-0.053536069768597,-0.023,-0.0857621431350709));
#10103=CARTESIAN_POINT('',(-0.050300672514519,-0.023,-0.0760938873540404));
#10104=CARTESIAN_POINT('',(-0.050300672514519,-0.023,-0.0664256315730099));
#10105=CARTESIAN_POINT('',(-0.050300672514519,-0.023,-0.0664256315730099));
#10106=CARTESIAN_POINT('',(-0.050300672514519,-0.023,-0.0760938873540404));
#10107=CARTESIAN_POINT('',(-0.0369905625379433,-0.023,-0.0664256315730099));
#10108=CARTESIAN_POINT('',(-0.0236804525613678,-0.023,-0.0664256315730099));
#10109=CARTESIAN_POINT('',(-0.0236804525613678,-0.023,-0.0664256315730099));
#10110=CARTESIAN_POINT('',(-0.0369905625379433,-0.023,-0.0664256315730099));
#10111=CARTESIAN_POINT('',(-0.0236804525613678,-0.023,-0.0637484351852133));
#10112=CARTESIAN_POINT('',(-0.0236804525613678,-0.023,-0.0610712387974168));
#10113=CARTESIAN_POINT('',(-0.0236804525613678,-0.023,-0.0610712387974168));
#10114=CARTESIAN_POINT('',(-0.0236804525613678,-0.023,-0.0637484351852133));
#10115=CARTESIAN_POINT('',(-0.0369905625379433,-0.023,-0.0610712387974168));
#10116=CARTESIAN_POINT('',(-0.0369905625379433,-0.023,-0.0610712387974168));
#10117=CARTESIAN_POINT('',(0.000829932764948652,-0.023,0.0253718336607562));
#10118=CARTESIAN_POINT('',(1.38777878078145E-17,-0.025,0.00658425915900673));
#10119=CARTESIAN_POINT('',(1.38777878078145E-17,-0.025,0.00658425915900673));
#10120=CARTESIAN_POINT('',(0.0727,0.05719,0.00357435915900672));
#10121=CARTESIAN_POINT('',(0.079177,0.0967476777732372,-0.112484827637672));
#10122=CARTESIAN_POINT('',(0.079177,0.0910649523139,-0.112484827637672));
#10123=CARTESIAN_POINT('',(0.079177,0.0910649523139,-0.112484827637672));
#10124=CARTESIAN_POINT('',(0.079177,0.0967476777732372,-0.112484827637672));
#10125=CARTESIAN_POINT('',(0.079177,0.102430403232574,-0.112484827637672));
#10126=CARTESIAN_POINT('',(0.079177,0.102430403232574,-0.112484827637672));
#10127=CARTESIAN_POINT('',(0.079177,0.0910649523139,-0.12182629108429));
#10128=CARTESIAN_POINT('',(0.079177,0.0910649523139,-0.131167754530907));
#10129=CARTESIAN_POINT('',(0.079177,0.0910649523139,-0.131167754530907));
#10130=CARTESIAN_POINT('',(0.079177,0.0910649523139,-0.12182629108429));
#10131=CARTESIAN_POINT('',(0.079177,0.0967476777732372,-0.131167754530907));
#10132=CARTESIAN_POINT('',(0.079177,0.102430403232574,-0.131167754530907));
#10133=CARTESIAN_POINT('',(0.079177,0.102430403232574,-0.131167754530907));
#10134=CARTESIAN_POINT('',(0.079177,0.0967476777732372,-0.131167754530907));
#10135=CARTESIAN_POINT('',(0.079177,0.102430403232574,-0.12182629108429));
#10136=CARTESIAN_POINT('',(0.079177,0.102430403232574,-0.12182629108429));
#10137=CARTESIAN_POINT('',(0.079177,0.05719,0.00357435915900672));
#10138=CARTESIAN_POINT('',(0.,0.,0.));
#10139=CARTESIAN_POINT('',(0.0680209061408115,-0.0173919739526771,0.00502914366531373));
#10140=CARTESIAN_POINT('',(0.0690958498695713,-0.0163170302239173,-0.134239056334686));
#10141=CARTESIAN_POINT('',(0.0715564400467443,-0.0138564400467444,-0.134239056334686));
#10142=CARTESIAN_POINT('',(0.0697886730937779,-0.0156242069997108,-0.137578068164554));
#10143=CARTESIAN_POINT('',(0.0704814963179845,-0.0149313837755042,-0.134239056334686));
#10144=CARTESIAN_POINT('',(0.0680209061408115,-0.0173919739526771,-0.134239056334686));
#10145=CARTESIAN_POINT('',(0.0680209061408115,-0.0173919739526771,0.00502914366531373));
#10146=CARTESIAN_POINT('',(0.0680209061408115,-0.0173919739526771,0.142697143665314));
#10147=CARTESIAN_POINT('',(0.0716130085892392,-0.0137998715042494,0.147777143665314));
#10148=CARTESIAN_POINT('',(0.0715564400467443,-0.0138564400467444,0.147697143665314));
#10149=CARTESIAN_POINT('',(0.0715564400467443,-0.0138564400467444,0.00502914366531373));
#10150=CARTESIAN_POINT('',(0.170826878214811,-0.120197946026677,0.00502914366531373));
#10151=CARTESIAN_POINT('',(0.170826878214811,-0.120197946026677,0.00502914366531373));
#10152=CARTESIAN_POINT('',(0.170826878214811,-0.120197946026677,0.142697143665314));
#10153=CARTESIAN_POINT('',(0.170826878214811,-0.120197946026677,-0.134239056334686));
#10154=CARTESIAN_POINT('',(0.173287468391984,-0.117737355849504,-0.134239056334686));
#10155=CARTESIAN_POINT('',(0.172594645167778,-0.11843017907371,-0.137578068164554));
#10156=CARTESIAN_POINT('',(0.171901821943571,-0.119123002297917,-0.134239056334686));
#10157=CARTESIAN_POINT('',(0.174362412120744,-0.116662412120744,-0.134239056334686));
#10158=CARTESIAN_POINT('',(0.174362412120744,-0.116662412120744,0.00502914366531373));
#10159=CARTESIAN_POINT('',(0.174362412120744,-0.116662412120744,0.147697143665314));
#10160=CARTESIAN_POINT('',(0.122153890038616,-0.168870934202871,0.0738631436653136));
#10161=CARTESIAN_POINT('',(-0.0258246376491834,0.0764535698373181,0.054828238099993));
#10162=CARTESIAN_POINT('',(0.170826878214811,-0.120197946026677,-0.134239056334686));
#10163=CARTESIAN_POINT('',(-0.0258246376491834,0.0764535698373181,0.142697143665314));
#10164=CARTESIAN_POINT('',(-0.0222891037432507,0.0799891037432508,0.054828238099993));
#10165=CARTESIAN_POINT('',(0.0803948839150569,-0.0226948839150569,0.0554405674338341));
#10166=CARTESIAN_POINT('',(0.0739564031233657,-0.0162564031233658,0.0554405674338341));
#10167=CARTESIAN_POINT('',(0.0868333647067481,-0.0291333647067482,0.0554405674338341));
#10168=CARTESIAN_POINT('',(0.0739564031233657,-0.0162564031233658,0.0447787027806043));
#10169=CARTESIAN_POINT('',(0.0739564031233657,-0.0162564031233658,0.0341168381273746));
#10170=CARTESIAN_POINT('',(0.0803948839150569,-0.0226948839150569,0.0341168381273746));
#10171=CARTESIAN_POINT('',(0.0868333647067481,-0.0291333647067482,0.0341168381273746));
#10172=CARTESIAN_POINT('',(0.0868333647067481,-0.0291333647067482,0.0447787027806043));
#10173=CARTESIAN_POINT('',(0.0798307430207729,-0.022130743020773,-0.00993145070970058));
#10174=CARTESIAN_POINT('',(0.0742865760087967,-0.0165865760087968,-0.00993145070970058));
#10175=CARTESIAN_POINT('',(0.0853749100327491,-0.0276749100327493,-0.00993145070970058));
#10176=CARTESIAN_POINT('',(0.0742865760087967,-0.0165865760087968,-0.0211937157437206));
#10177=CARTESIAN_POINT('',(0.0742865760087967,-0.0165865760087968,-0.0324559807777405));
#10178=CARTESIAN_POINT('',(0.0798307430207729,-0.022130743020773,-0.0324559807777405));
#10179=CARTESIAN_POINT('',(0.0853749100327491,-0.0276749100327493,-0.0324559807777405));
#10180=CARTESIAN_POINT('',(0.0853749100327491,-0.0276749100327493,-0.0211937157437206));
#10181=CARTESIAN_POINT('',(-0.0222891037432507,0.0799891037432508,-0.134239056334686));
#10182=CARTESIAN_POINT('',(0.122959426083744,-0.0652594260837442,0.147697143665314));
#10183=CARTESIAN_POINT('',(0.123015994626239,-0.0652028575412493,0.147777143665314));
#10184=CARTESIAN_POINT('',(0.120498835906571,-0.0677200162609172,-0.134239056334686));
#10185=CARTESIAN_POINT('',(0.121191659130778,-0.0670271930367107,-0.137578068164554));
#10186=CARTESIAN_POINT('',(-0.0233640474720105,0.078914160014491,-0.134239056334686));
#10187=CARTESIAN_POINT('',(0.0760826272330105,-0.0147905247845829,-0.0211937157437206));
#10188=CARTESIAN_POINT('',(0.0760826272330105,-0.0147905247845829,-0.00993145070970058));
#10189=CARTESIAN_POINT('',(0.0760826272330105,-0.0147905247845829,-0.00993145070970058));
#10190=CARTESIAN_POINT('',(0.0760826272330105,-0.0147905247845829,-0.0211937157437206));
#10191=CARTESIAN_POINT('',(0.0760826272330105,-0.0147905247845829,-0.0324559807777405));
#10192=CARTESIAN_POINT('',(0.0760826272330105,-0.0147905247845829,-0.0324559807777405));
#10193=CARTESIAN_POINT('',(0.0816267942449867,-0.0203346917965592,-0.00993145070970058));
#10194=CARTESIAN_POINT('',(0.087170961256963,-0.0258788588085354,-0.00993145070970058));
#10195=CARTESIAN_POINT('',(0.087170961256963,-0.0258788588085354,-0.00993145070970058));
#10196=CARTESIAN_POINT('',(0.0816267942449867,-0.0203346917965592,-0.00993145070970058));
#10197=CARTESIAN_POINT('',(0.087170961256963,-0.0258788588085354,-0.0211937157437206));
#10198=CARTESIAN_POINT('',(0.087170961256963,-0.0258788588085354,-0.0324559807777405));
#10199=CARTESIAN_POINT('',(0.087170961256963,-0.0258788588085354,-0.0324559807777405));
#10200=CARTESIAN_POINT('',(0.087170961256963,-0.0258788588085354,-0.0211937157437206));
#10201=CARTESIAN_POINT('',(0.0816267942449867,-0.0203346917965592,-0.0324559807777405));
#10202=CARTESIAN_POINT('',(0.0816267942449867,-0.0203346917965592,-0.0324559807777405));
#10203=CARTESIAN_POINT('',(0.124755477307958,-0.0634633748595304,0.00672904366531377));
#10204=CARTESIAN_POINT('',(0.0757524543475795,-0.0144603518991519,0.0447787027806043));
#10205=CARTESIAN_POINT('',(0.0757524543475795,-0.0144603518991519,0.0554405674338341));
#10206=CARTESIAN_POINT('',(0.0757524543475795,-0.0144603518991519,0.0554405674338341));
#10207=CARTESIAN_POINT('',(0.0757524543475795,-0.0144603518991519,0.0447787027806043));
#10208=CARTESIAN_POINT('',(0.0757524543475795,-0.0144603518991519,0.0341168381273746));
#10209=CARTESIAN_POINT('',(0.0757524543475795,-0.0144603518991519,0.0341168381273746));
#10210=CARTESIAN_POINT('',(0.0821909351392707,-0.0208988326908431,0.0554405674338341));
#10211=CARTESIAN_POINT('',(0.0886294159309619,-0.0273373134825344,0.0554405674338341));
#10212=CARTESIAN_POINT('',(0.0886294159309619,-0.0273373134825344,0.0554405674338341));
#10213=CARTESIAN_POINT('',(0.0821909351392707,-0.0208988326908431,0.0554405674338341));
#10214=CARTESIAN_POINT('',(0.0886294159309619,-0.0273373134825344,0.0447787027806043));
#10215=CARTESIAN_POINT('',(0.0886294159309619,-0.0273373134825344,0.0341168381273746));
#10216=CARTESIAN_POINT('',(0.0886294159309619,-0.0273373134825344,0.0341168381273746));
#10217=CARTESIAN_POINT('',(0.0886294159309619,-0.0273373134825344,0.0447787027806043));
#10218=CARTESIAN_POINT('',(0.0821909351392707,-0.0208988326908431,0.0341168381273746));
#10219=CARTESIAN_POINT('',(0.0821909351392707,-0.0208988326908431,0.0341168381273746));
#10220=CARTESIAN_POINT('',(0.124755477307958,-0.0634633748595304,0.00672904366531377));
#10221=CARTESIAN_POINT('',(0.,0.,0.));
#10222=CARTESIAN_POINT('',(-0.0695563198309235,-0.0183803910783855,0.00190934715080262));
#10223=CARTESIAN_POINT('',(-0.0695563198309235,-0.0183803910783855,0.00190934715080262));
#10224=CARTESIAN_POINT('',(-0.0695563198309235,-0.0183803910783856,0.139577347150803));
#10225=CARTESIAN_POINT('',(-0.0695563198309235,-0.0183803910783855,-0.137358852849197));
#10226=CARTESIAN_POINT('',(-0.0720169100080964,-0.0159198009012126,-0.137358852849197));
#10227=CARTESIAN_POINT('',(-0.0713240867838898,-0.016612624125419,-0.140697864679066));
#10228=CARTESIAN_POINT('',(-0.0706312635596832,-0.0173054473496256,-0.137358852849197));
#10229=CARTESIAN_POINT('',(-0.0730918537368562,-0.0148448571724527,-0.137358852849197));
#10230=CARTESIAN_POINT('',(-0.0730918537368562,-0.0148448571724527,0.00190934715080262));
#10231=CARTESIAN_POINT('',(-0.0730918537368562,-0.0148448571724527,-0.0325253084301948));
#10232=CARTESIAN_POINT('',(-0.07488790496107,-0.0130488059482389,-0.0325253084301948));
#10233=CARTESIAN_POINT('',(-0.07488790496107,-0.0130488059482389,-0.0325253084301948));
#10234=CARTESIAN_POINT('',(-0.07488790496107,-0.0130488059482389,0.00190934715080262));
#10235=CARTESIAN_POINT('',(-0.07488790496107,-0.0130488059482389,-0.00980947818607092));
#10236=CARTESIAN_POINT('',(-0.07488790496107,-0.0130488059482389,-0.00980947818607092));
#10237=CARTESIAN_POINT('',(-0.0730918537368562,-0.0148448571724527,-0.00980947818607092));
#10238=CARTESIAN_POINT('',(-0.0730918537368562,-0.0148448571724527,0.00190934715080262));
#10239=CARTESIAN_POINT('',(-0.0730918537368562,-0.0148448571724528,0.0342807434499264));
#10240=CARTESIAN_POINT('',(-0.0748879049610701,-0.0130488059482389,0.0342807434499264));
#10241=CARTESIAN_POINT('',(-0.0748879049610701,-0.0130488059482389,0.0342807434499264));
#10242=CARTESIAN_POINT('',(-0.07488790496107,-0.0130488059482389,0.00190934715080262));
#10243=CARTESIAN_POINT('',(-0.0748879049610701,-0.0130488059482389,0.0556044690310955));
#10244=CARTESIAN_POINT('',(-0.0748879049610701,-0.0130488059482389,0.0556044690310955));
#10245=CARTESIAN_POINT('',(-0.0730918537368562,-0.0148448571724528,0.0556044690310955));
#10246=CARTESIAN_POINT('',(-0.0730918537368562,-0.0148448571724527,0.00190934715080262));
#10247=CARTESIAN_POINT('',(-0.0730918537368562,-0.0148448571724528,0.144577347150803));
#10248=CARTESIAN_POINT('',(-0.0208833316547287,-0.0670533792545803,0.0707433471508028));
#10249=CARTESIAN_POINT('',(-0.172362291904923,-0.121186363152385,0.00190934715080262));
#10250=CARTESIAN_POINT('',(-0.173437235633683,-0.120111419423625,-0.137358852849197));
#10251=CARTESIAN_POINT('',(-0.175897825810856,-0.117650829246452,-0.137358852849197));
#10252=CARTESIAN_POINT('',(-0.174130058857889,-0.119418596199419,-0.140697864679066));
#10253=CARTESIAN_POINT('',(-0.174822882082096,-0.118725772975212,-0.137358852849197));
#10254=CARTESIAN_POINT('',(-0.172362291904923,-0.121186363152385,-0.137358852849197));
#10255=CARTESIAN_POINT('',(-0.172362291904923,-0.121186363152385,0.00190934715080262));
#10256=CARTESIAN_POINT('',(-0.172362291904923,-0.121186363152385,0.139577347150803));
#10257=CARTESIAN_POINT('',(-0.172362291904923,-0.121186363152385,0.139577347150803));
#10258=CARTESIAN_POINT('',(-0.175897825810856,-0.117650829246452,0.144577347150803));
#10259=CARTESIAN_POINT('',(-0.175897825810856,-0.117650829246452,0.00190934715080262));
#10260=CARTESIAN_POINT('',(0.0242892239590714,0.0754651527116096,0.054828238099993));
#10261=CARTESIAN_POINT('',(0.0242892239590714,0.0754651527116096,-0.137358852849197));
#10262=CARTESIAN_POINT('',(-0.172362291904923,-0.121186363152385,0.139577347150803));
#10263=CARTESIAN_POINT('',(0.0207536900531387,0.0790006866175423,0.054828238099993));
#10264=CARTESIAN_POINT('',(-0.0775450562792948,-0.0192980597148914,0.0556044690310955));
#10265=CARTESIAN_POINT('',(-0.0819982588217334,-0.02375126225733,0.0556044690310955));
#10266=CARTESIAN_POINT('',(-0.0819982588217334,-0.02375126225733,0.0449426062405109));
#10267=CARTESIAN_POINT('',(-0.0819982588217334,-0.02375126225733,0.0342807434499264));
#10268=CARTESIAN_POINT('',(-0.0775450562792948,-0.0192980597148914,0.0342807434499264));
#10269=CARTESIAN_POINT('',(-0.0778536781130526,-0.0196066815486492,-0.00980947818607092));
#10270=CARTESIAN_POINT('',(-0.082615502489249,-0.0243685059248455,-0.00980947818607092));
#10271=CARTESIAN_POINT('',(-0.082615502489249,-0.0243685059248455,-0.0211673933081329));
#10272=CARTESIAN_POINT('',(-0.082615502489249,-0.0243685059248455,-0.0325253084301948));
#10273=CARTESIAN_POINT('',(-0.0778536781130526,-0.0196066815486492,-0.0325253084301948));
#10274=CARTESIAN_POINT('',(-0.175897825810856,-0.117650829246452,-0.137358852849197));
#10275=CARTESIAN_POINT('',(0.0207536900531387,0.0790006866175423,0.144577347150803));
#10276=CARTESIAN_POINT('',(0.0242892239590714,0.0754651527116096,0.139577347150803));
#10277=CARTESIAN_POINT('',(0.0232142802303116,0.0765400964403694,-0.137358852849197));
#10278=CARTESIAN_POINT('',(-0.12272707282089,-0.068015610162419,-0.140697864679066));
#10279=CARTESIAN_POINT('',(-0.123419896045096,-0.0673227869382124,-0.137358852849197));
#10280=CARTESIAN_POINT('',(-0.0796497293372664,-0.0178106303244354,-0.00980947818607092));
#10281=CARTESIAN_POINT('',(-0.0796497293372664,-0.0178106303244354,-0.00980947818607092));
#10282=CARTESIAN_POINT('',(-0.0844115537134628,-0.0225724547006318,-0.00980947818607092));
#10283=CARTESIAN_POINT('',(-0.0844115537134628,-0.0225724547006318,-0.00980947818607092));
#10284=CARTESIAN_POINT('',(-0.0796497293372664,-0.0178106303244353,-0.0325253084301948));
#10285=CARTESIAN_POINT('',(-0.0844115537134628,-0.0225724547006318,-0.0325253084301948));
#10286=CARTESIAN_POINT('',(-0.0844115537134628,-0.0225724547006318,-0.0325253084301948));
#10287=CARTESIAN_POINT('',(-0.0796497293372664,-0.0178106303244353,-0.0325253084301948));
#10288=CARTESIAN_POINT('',(-0.0844115537134628,-0.0225724547006318,-0.0211673933081329));
#10289=CARTESIAN_POINT('',(-0.0844115537134628,-0.0225724547006318,-0.0211673933081329));
#10290=CARTESIAN_POINT('',(-0.12629089099807,-0.0644517919852388,0.00360924715080261));
#10291=CARTESIAN_POINT('',(-0.0793411075035087,-0.0175020084906775,0.0556044690310955));
#10292=CARTESIAN_POINT('',(-0.0793411075035087,-0.0175020084906775,0.0556044690310955));
#10293=CARTESIAN_POINT('',(-0.0837943100459473,-0.0219552110331162,0.0556044690310955));
#10294=CARTESIAN_POINT('',(-0.0837943100459473,-0.0219552110331162,0.0556044690310955));
#10295=CARTESIAN_POINT('',(-0.0793411075035087,-0.0175020084906775,0.0342807434499264));
#10296=CARTESIAN_POINT('',(-0.0837943100459473,-0.0219552110331162,0.0342807434499264));
#10297=CARTESIAN_POINT('',(-0.0837943100459473,-0.0219552110331162,0.0342807434499264));
#10298=CARTESIAN_POINT('',(-0.0793411075035087,-0.0175020084906775,0.0342807434499264));
#10299=CARTESIAN_POINT('',(-0.0837943100459473,-0.0219552110331162,0.0449426062405109));
#10300=CARTESIAN_POINT('',(-0.0837943100459473,-0.0219552110331162,0.0449426062405109));
#10301=CARTESIAN_POINT('',(-0.12629089099807,-0.0644517919852388,0.00360924715080261));
#10302=CARTESIAN_POINT('',(0.,0.,0.));
#10303=CARTESIAN_POINT('',(0.14951967818359,-0.10409924961288,0.144903178769513));
#10304=CARTESIAN_POINT('',(0.14951967818359,-0.10409924961288,0.144903178769513));
#10305=CARTESIAN_POINT('',(0.159199663188331,-0.113666236460209,0.144903178769513));
#10306=CARTESIAN_POINT('',(0.156717747921859,-0.111213293537374,0.144903178769513));
#10307=CARTESIAN_POINT('',(0.156717747921859,-0.111213293537374,0.144903178769513));
#10308=CARTESIAN_POINT('',(0.156717747921859,-0.111213293537374,0.142413978769513));
#10309=CARTESIAN_POINT('',(0.14951967818359,-0.10409924961288,0.142413978769513));
#10310=CARTESIAN_POINT('',(0.159199663188331,-0.113666236460209,0.142413978769513));
#10311=CARTESIAN_POINT('',(0.159199663188331,-0.113666236460209,0.144903178769513));
#10312=CARTESIAN_POINT('',(0.00158612430095667,0.0776035206695203,0.142413978769513));
#10313=CARTESIAN_POINT('',(0.159094515173275,-0.111213293537374,0.142413978769513));
#10314=CARTESIAN_POINT('',(0.16147128242469,-0.111213293537374,0.142413978769513));
#10315=CARTESIAN_POINT('',(-0.0128744185141977,0.0631439338121864,0.142413978769513));
#10316=CARTESIAN_POINT('',(0.168319965591215,-0.118062429486699,0.142413978769513));
#10317=CARTESIAN_POINT('',(-2.18247392695242E-5,-0.118040386787004,0.142413978769513));
#10318=CARTESIAN_POINT('',(-0.168362284094591,-0.118018344261586,0.142413978769513));
#10319=CARTESIAN_POINT('',(0.0144931748635277,0.0646857790697041,0.142413978769513));
#10320=CARTESIAN_POINT('',(-0.0655128191133904,-0.015254,0.142413978769513));
#10321=CARTESIAN_POINT('',(0.00635,-0.015254,0.142413978769513));
#10322=CARTESIAN_POINT('',(0.0655183325659922,-0.015254,0.142413978769513));
#10323=CARTESIAN_POINT('',(-0.0128744185141977,0.0631439338121864,0.142413978769513));
#10324=CARTESIAN_POINT('',(0.155790627214551,-0.105532262765551,0.142413978769513));
#10325=CARTESIAN_POINT('',(0.153380122119997,-0.105532262765551,0.142413978769513));
#10326=CARTESIAN_POINT('',(0.150969617025445,-0.105532262765551,0.142413978769513));
#10327=CARTESIAN_POINT('',(0.14951967818359,-0.10409924961288,0.142413978769513));
#10328=CARTESIAN_POINT('',(0.148069739341736,-0.102666236460209,0.142413978769513));
#10329=CARTESIAN_POINT('',(-3.77520918846131E-5,-0.102666236460209,0.142413978769513));
#10330=CARTESIAN_POINT('',(-0.148145243525505,-0.102666236460209,0.142413978769513));
#10331=CARTESIAN_POINT('',(-0.153707399964333,-0.108166236460209,0.142413978769513));
#10332=CARTESIAN_POINT('',(-0.15926955640316,-0.113666236460209,0.142413978769513));
#10333=CARTESIAN_POINT('',(-3.49466074146543E-5,-0.113666236460209,0.142413978769513));
#10334=CARTESIAN_POINT('',(0.0777021347217612,-0.0202541652727756,0.147493978769513));
#10335=CARTESIAN_POINT('',(0.108021175944382,-0.111213293537374,0.104617796727456));
#10336=CARTESIAN_POINT('',(0.164991426467355,-0.111213293537374,0.144903178769513));
#10337=CARTESIAN_POINT('',(0.0758701019180355,-0.0220860769644444,0.144903178769513));
#10338=CARTESIAN_POINT('',(0.159310771257214,-0.105532262765551,0.144903178769513));
#10339=CARTESIAN_POINT('',(0.106127540754115,-0.105532262765551,0.107295712778396));
#10340=CARTESIAN_POINT('',(0.0260736467540575,-0.015254,0.114521452005532));
#10341=CARTESIAN_POINT('',(0.0725891666545826,-0.015254,0.147413978769513));
#10342=CARTESIAN_POINT('',(0.0776455643094183,-0.0203107319453607,0.147413978769513));
#10343=CARTESIAN_POINT('',(0.175391725595924,-0.118063355464033,0.147413978769513));
#10344=CARTESIAN_POINT('',(0.0560847812731644,-0.11804773339455,0.0630594869292137));
#10345=CARTESIAN_POINT('',(0.00635,-0.015254,0.142413978769513));
#10346=CARTESIAN_POINT('',(0.00635,-0.015254,0.147413978769513));
#10347=CARTESIAN_POINT('',(0.0223121209949255,-0.015254,0.147413978769513));
#10348=CARTESIAN_POINT('',(-0.0175910471588867,-0.015254,0.108542199921921));
#10349=CARTESIAN_POINT('',(-0.0725868160490297,-0.015254,0.147413978769513));
#10350=CARTESIAN_POINT('',(0.00635,-0.015254,0.147413978769513));
#10351=CARTESIAN_POINT('',(-0.0157878790050745,-0.015254,0.147413978769513));
#10352=CARTESIAN_POINT('',(-0.0157878790050745,-0.015254,0.149953978769513));
#10353=CARTESIAN_POINT('',(-0.0157878790050745,-0.015254,0.149953978769513));
#10354=CARTESIAN_POINT('',(0.00635,-0.015254,0.149953978769513));
#10355=CARTESIAN_POINT('',(0.0223121209949255,-0.015254,0.149953978769513));
#10356=CARTESIAN_POINT('',(0.0223121209949255,-0.015254,0.149953978769513));
#10357=CARTESIAN_POINT('',(-2.18247392695242E-5,-0.118040386787004,0.142413978769513));
#10358=CARTESIAN_POINT('',(-2.18247392695242E-5,-0.118040386787004,0.147413978769513));
#10359=CARTESIAN_POINT('',(-0.175435354114225,-0.118017418112719,0.147413978769513));
#10360=CARTESIAN_POINT('',(-0.056114130466859,-0.118033042051938,0.0630650162142567));
#10361=CARTESIAN_POINT('',(0.00158612430095667,0.0776035206695203,0.147413978769513));
#10362=CARTESIAN_POINT('',(0.0223121209949255,-0.020334,0.147413978769513));
#10363=CARTESIAN_POINT('',(0.0223121209949255,-0.025414,0.147413978769513));
#10364=CARTESIAN_POINT('',(0.0032621209949255,-0.025414,0.147413978769513));
#10365=CARTESIAN_POINT('',(-0.0157878790050745,-0.025414,0.147413978769513));
#10366=CARTESIAN_POINT('',(-0.0157878790050745,-0.020334,0.147413978769513));
#10367=CARTESIAN_POINT('',(-0.129071789475144,-0.07169222508779,0.147413978769513));
#10368=CARTESIAN_POINT('',(-0.129128334594351,-0.0716356331317026,0.147493978769513));
#10369=CARTESIAN_POINT('',(-0.153707399964333,-0.108166236460209,0.144903178769513));
#10370=CARTESIAN_POINT('',(-0.148145243525505,-0.102666236460209,0.144903178769513));
#10371=CARTESIAN_POINT('',(-0.148145243525505,-0.102666236460209,0.144903178769513));
#10372=CARTESIAN_POINT('',(-0.153707399964333,-0.108166236460209,0.144903178769513));
#10373=CARTESIAN_POINT('',(-0.15926955640316,-0.113666236460209,0.144903178769513));
#10374=CARTESIAN_POINT('',(-0.15926955640316,-0.113666236460209,0.144903178769513));
#10375=CARTESIAN_POINT('',(-3.77520918846131E-5,-0.102666236460209,0.144903178769513));
#10376=CARTESIAN_POINT('',(0.148069739341736,-0.102666236460209,0.144903178769513));
#10377=CARTESIAN_POINT('',(0.148069739341736,-0.102666236460209,0.144903178769513));
#10378=CARTESIAN_POINT('',(-3.77520918846131E-5,-0.102666236460209,0.144903178769513));
#10379=CARTESIAN_POINT('',(0.14951967818359,-0.10409924961288,0.144903178769513));
#10380=CARTESIAN_POINT('',(0.150969617025445,-0.105532262765551,0.144903178769513));
#10381=CARTESIAN_POINT('',(0.150969617025445,-0.105532262765551,0.144903178769513));
#10382=CARTESIAN_POINT('',(0.14951967818359,-0.10409924961288,0.144903178769513));
#10383=CARTESIAN_POINT('',(-3.49466074146543E-5,-0.113666236460209,0.144903178769513));
#10384=CARTESIAN_POINT('',(-3.49466074146543E-5,-0.113666236460209,0.144903178769513));
#10385=CARTESIAN_POINT('',(0.00742293120622628,-0.0666582147433497,0.144903178769513));
#10386=CARTESIAN_POINT('',(0.153380122119997,-0.105532262765551,0.144903178769513));
#10387=CARTESIAN_POINT('',(0.159094515173275,-0.111213293537374,0.144903178769513));
#10388=CARTESIAN_POINT('',(0.159094515173275,-0.111213293537374,0.144903178769513));
#10389=CARTESIAN_POINT('',(0.153380122119997,-0.105532262765551,0.144903178769513));
#10390=CARTESIAN_POINT('',(-0.0157878790050745,-0.020334,0.149953978769513));
#10391=CARTESIAN_POINT('',(-0.0157878790050745,-0.025414,0.149953978769513));
#10392=CARTESIAN_POINT('',(-0.0157878790050745,-0.025414,0.149953978769513));
#10393=CARTESIAN_POINT('',(-0.0157878790050745,-0.020334,0.149953978769513));
#10394=CARTESIAN_POINT('',(0.0032621209949255,-0.025414,0.149953978769513));
#10395=CARTESIAN_POINT('',(0.0223121209949255,-0.025414,0.149953978769513));
#10396=CARTESIAN_POINT('',(0.0223121209949255,-0.025414,0.149953978769513));
#10397=CARTESIAN_POINT('',(0.0032621209949255,-0.025414,0.149953978769513));
#10398=CARTESIAN_POINT('',(0.0223121209949255,-0.020334,0.149953978769513));
#10399=CARTESIAN_POINT('',(0.0223121209949255,-0.020334,0.149953978769513));
#10400=CARTESIAN_POINT('',(-2.18142591501547E-5,-0.0666586777320163,0.149953978769513));
#10401=CARTESIAN_POINT('',(0.,0.,0.));
#10402=CARTESIAN_POINT('',(-0.122251305033445,0.22939909696579,-0.0417182412304868));
#10403=CARTESIAN_POINT('',(-0.122251305033445,0.22939909696579,-0.0366382412304867));
#10404=CARTESIAN_POINT('',(-0.122251305033445,0.27939909696579,-0.0366382412304867));
#10405=CARTESIAN_POINT('',(-0.122251305033445,0.17939909696579,-0.0366382412304867));
#10406=CARTESIAN_POINT('',(-0.122251305033445,0.27939909696579,-0.0417182412304868));
#10407=CARTESIAN_POINT('',(-0.122251305033445,0.27939909696579,-0.0417182412304868));
#10408=CARTESIAN_POINT('',(-0.122251305033445,0.22939909696579,-0.0417182412304868));
#10409=CARTESIAN_POINT('',(-0.122251305033445,0.17939909696579,-0.0417182412304868));
#10410=CARTESIAN_POINT('',(-0.122251305033445,0.17939909696579,-0.0417182412304868));
#10411=CARTESIAN_POINT('',(-0.0722513050334453,0.27939909696579,-0.0417182412304868));
#10412=CARTESIAN_POINT('',(-0.0722513050334453,0.27939909696579,-0.0366382412304867));
#10413=CARTESIAN_POINT('',(-0.0222513050334453,0.27939909696579,-0.0366382412304867));
#10414=CARTESIAN_POINT('',(-0.0222513050334453,0.27939909696579,-0.0417182412304868));
#10415=CARTESIAN_POINT('',(-0.0222513050334453,0.27939909696579,-0.0417182412304868));
#10416=CARTESIAN_POINT('',(-0.0722513050334453,0.27939909696579,-0.0417182412304868));
#10417=CARTESIAN_POINT('',(-0.0222513050334453,0.22939909696579,-0.0417182412304868));
#10418=CARTESIAN_POINT('',(-0.0222513050334453,0.22939909696579,-0.0366382412304867));
#10419=CARTESIAN_POINT('',(-0.0222513050334453,0.17939909696579,-0.0366382412304867));
#10420=CARTESIAN_POINT('',(-0.0222513050334453,0.17939909696579,-0.0417182412304868));
#10421=CARTESIAN_POINT('',(-0.0222513050334453,0.17939909696579,-0.0417182412304868));
#10422=CARTESIAN_POINT('',(-0.0222513050334453,0.22939909696579,-0.0417182412304868));
#10423=CARTESIAN_POINT('',(-0.0722513050334453,0.22939909696579,-0.0417182412304868));
#10424=CARTESIAN_POINT('',(-0.0722513050334453,0.22939909696579,-0.0417182412304868));
#10425=CARTESIAN_POINT('',(-0.0722513050334453,0.26689909696579,-0.0417182412304868));
#10426=CARTESIAN_POINT('',(-0.0722513050334453,0.22939909696579,-0.0112382412304867));
#10427=CARTESIAN_POINT('',(-0.0722513050334453,0.26689909696579,-0.0112382412304867));
#10428=CARTESIAN_POINT('',(-0.0722513050334454,0.17939909696579,-0.0417182412304868));
#10429=CARTESIAN_POINT('',(-0.0722513050334454,0.17939909696579,-0.0366382412304867));
#10430=CARTESIAN_POINT('',(-0.0722513050334454,0.17939909696579,-0.0417182412304868));
#10431=CARTESIAN_POINT('',(-0.0703791592516877,0.0806683337395453,-0.0417182412304868));
#10432=CARTESIAN_POINT('',(-0.0703791592516877,0.0806683337395453,-0.0366382412304867));
#10433=CARTESIAN_POINT('',(-0.0722513050334454,0.22939909696579,-0.0366382412304867));
#10434=CARTESIAN_POINT('',(-0.0722513050334454,0.26839909696579,-0.0366382412304867));
#10435=CARTESIAN_POINT('',(-0.0722513050334454,0.22939909696579,-0.0112382412304867));
#10436=CARTESIAN_POINT('',(-0.0722513050334454,0.22939909696579,-0.0112382412304867));
#10437=CARTESIAN_POINT('',(-0.0722513050334454,0.26839909696579,-0.0112382412304867));
#10438=CARTESIAN_POINT('',(-0.0703791592516877,0.0806683337395453,-0.0112382412304867));
#10439=CARTESIAN_POINT('',(0.,0.,0.));
#10440=CARTESIAN_POINT('',(0.,0.137,0.00531425915900674));
#10441=CARTESIAN_POINT('',(4.31114741718901E-18,0.137,-0.0759697109460831));
#10442=CARTESIAN_POINT('',(4.31114741718901E-18,0.137,-0.0369697109460831));
#10443=CARTESIAN_POINT('',(0.0702000036835671,0.137,-0.134557247161865));
#10444=CARTESIAN_POINT('',(0.0702000036835671,0.137,-0.132957247161865));
#10445=CARTESIAN_POINT('',(-0.0702005475759506,0.137,-0.134556472301483));
#10446=CARTESIAN_POINT('',(-0.0702005475759506,0.137,-0.132956472301483));
#10447=CARTESIAN_POINT('',(-0.0727,0.137,0.00531425915900674));
#10448=CARTESIAN_POINT('',(-0.0727,0.137,-0.1370572404515));
#10449=CARTESIAN_POINT('',(-0.0727,0.137,0.144205958769513));
#10450=CARTESIAN_POINT('',(0.0727,0.137,0.144205958769513));
#10451=CARTESIAN_POINT('',(-0.0714594785492827,0.137,0.144205958769513));
#10452=CARTESIAN_POINT('',(-0.0702000111341476,0.137,0.145192742347717));
#10453=CARTESIAN_POINT('',(-0.0689405437190126,0.137,0.144205958769513));
#10454=CARTESIAN_POINT('',(0.0727,0.137,0.144205958769513));
#10455=CARTESIAN_POINT('',(0.068940536268432,0.137,0.144205958769513));
#10456=CARTESIAN_POINT('',(0.0702000036835671,0.137,0.145192742347717));
#10457=CARTESIAN_POINT('',(0.0714594710987021,0.137,0.144205958769513));
#10458=CARTESIAN_POINT('',(0.0727,0.137,0.144205958769513));
#10459=CARTESIAN_POINT('',(0.0727,0.137,0.144205958769513));
#10460=CARTESIAN_POINT('',(0.0727,0.137,0.00531425915900674));
#10461=CARTESIAN_POINT('',(0.0727,0.137,-0.1370572404515));
#10462=CARTESIAN_POINT('',(-0.00635,0.137,-0.1370572404515));
#10463=CARTESIAN_POINT('',(-0.0659525257979361,0.137,0.0835091600227905));
#10464=CARTESIAN_POINT('',(-0.0688268538516918,0.137,0.0835091600227905));
#10465=CARTESIAN_POINT('',(-0.0630781977441804,0.137,0.0835091600227905));
#10466=CARTESIAN_POINT('',(-0.0573120950323974,0.137,0.0919053383285261));
#10467=CARTESIAN_POINT('',(-0.0515459923206143,0.137,0.100301516634262));
#10468=CARTESIAN_POINT('',(-0.0456577633789297,0.137,0.0919053383285261));
#10469=CARTESIAN_POINT('',(-0.039769534437245,0.137,0.0835091600227905));
#10470=CARTESIAN_POINT('',(-0.0368952063834893,0.137,0.0835091600227905));
#10471=CARTESIAN_POINT('',(-0.0340208783297336,0.137,0.0835091600227905));
#10472=CARTESIAN_POINT('',(-0.0413266438684905,0.137,0.0934886176661791));
#10473=CARTESIAN_POINT('',(-0.0486324094072474,0.137,0.103468075309568));
#10474=CARTESIAN_POINT('',(-0.0418849352051835,0.137,0.112692967318207));
#10475=CARTESIAN_POINT('',(-0.0351374610031197,0.137,0.121917859326846));
#10476=CARTESIAN_POINT('',(-0.0380117890568754,0.137,0.121917859326846));
#10477=CARTESIAN_POINT('',(-0.0408861171106311,0.137,0.121917859326846));
#10478=CARTESIAN_POINT('',(-0.0462291396688265,0.137,0.11438092628149));
#10479=CARTESIAN_POINT('',(-0.0515721622270218,0.137,0.106843993236133));
#10480=CARTESIAN_POINT('',(-0.0567668886489081,0.137,0.11438092628149));
#10481=CARTESIAN_POINT('',(-0.0619616150707943,0.137,0.121917859326846));
#10482=CARTESIAN_POINT('',(-0.06483594312455,0.137,0.121917859326846));
#10483=CARTESIAN_POINT('',(-0.0677102711783057,0.137,0.121917859326846));
#10484=CARTESIAN_POINT('',(-0.0611416246700264,0.137,0.112784561990633));
#10485=CARTESIAN_POINT('',(-0.054572978161747,0.137,0.10365126465442));
#10486=CARTESIAN_POINT('',(-0.0616999160067194,0.137,0.0935802123386053));
#10487=CARTESIAN_POINT('',(-0.0208923086153107,0.137,0.0847478689260783));
#10488=CARTESIAN_POINT('',(-0.0172808615310775,0.137,0.0829595919882333));
#10489=CARTESIAN_POINT('',(-0.0123696424286057,0.137,0.0829595919882333));
#10490=CARTESIAN_POINT('',(-0.0208923086153107,0.137,0.0847478689260783));
#10491=CARTESIAN_POINT('',(-0.0123696424286057,0.137,0.0829595919882333));
#10492=CARTESIAN_POINT('',(-0.0123696424286057,0.137,0.0829595919882333));
#10493=CARTESIAN_POINT('',(-0.00765905927525798,0.137,0.0829595919882333));
#10494=CARTESIAN_POINT('',(-0.00414356851451885,0.137,0.0846780825089916));
#10495=CARTESIAN_POINT('',(-0.00414356851451885,0.137,0.0846780825089916));
#10496=CARTESIAN_POINT('',(-0.00414356851451885,0.137,0.0846780825089916));
#10497=CARTESIAN_POINT('',(-0.00062807775377971,0.137,0.08639657302975));
#10498=CARTESIAN_POINT('',(0.00130849532037436,0.137,0.0896678113306859));
#10499=CARTESIAN_POINT('',(0.00130849532037436,0.137,0.0896678113306859));
#10500=CARTESIAN_POINT('',(0.00130849532037436,0.137,0.0896678113306859));
#10501=CARTESIAN_POINT('',(0.00324506839452843,0.137,0.0929390496316218));
#10502=CARTESIAN_POINT('',(0.00324506839452843,0.137,0.0974664434401171));
#10503=CARTESIAN_POINT('',(0.00324506839452843,0.137,0.0974664434401171));
#10504=CARTESIAN_POINT('',(0.00324506839452843,0.137,0.109692151383482));
#10505=CARTESIAN_POINT('',(0.00324506839452843,0.137,0.121917859326846));
#10506=CARTESIAN_POINT('',(0.000641162706983431,0.137,0.121917859326846));
#10507=CARTESIAN_POINT('',(-0.00196274298056157,0.137,0.121917859326846));
#10508=CARTESIAN_POINT('',(-0.00196274298056157,0.137,0.109910233936877));
#10509=CARTESIAN_POINT('',(-0.00196274298056157,0.137,0.0979026085469086));
#10510=CARTESIAN_POINT('',(-0.00196274298056157,0.137,0.0979026085469086));
#10511=CARTESIAN_POINT('',(-0.00196274298056157,0.137,0.0926424573590036));
#10512=CARTESIAN_POINT('',(-0.00463207343412528,0.137,0.089916425441557));
#10513=CARTESIAN_POINT('',(-0.00463207343412528,0.137,0.089916425441557));
#10514=CARTESIAN_POINT('',(-0.00463207343412528,0.137,0.089916425441557));
#10515=CARTESIAN_POINT('',(-0.00730140388768899,0.137,0.0871903935241104));
#10516=CARTESIAN_POINT('',(-0.0123434725221982,0.137,0.0871903935241104));
#10517=CARTESIAN_POINT('',(-0.0123434725221982,0.137,0.0871903935241104));
#10518=CARTESIAN_POINT('',(-0.0123434725221982,0.137,0.0871903935241104));
#10519=CARTESIAN_POINT('',(-0.0175251139908807,0.137,0.0871903935241104));
#10520=CARTESIAN_POINT('',(-0.0203994420446364,0.137,0.0900123817650512));
#10521=CARTESIAN_POINT('',(-0.0203994420446364,0.137,0.0900123817650512));
#10522=CARTESIAN_POINT('',(-0.0203994420446364,0.137,0.0900123817650512));
#10523=CARTESIAN_POINT('',(-0.0232737700983921,0.137,0.0928343700059919));
#10524=CARTESIAN_POINT('',(-0.0232737700983921,0.137,0.0982602639344776));
#10525=CARTESIAN_POINT('',(-0.0232737700983921,0.137,0.0982602639344776));
#10526=CARTESIAN_POINT('',(-0.0232737700983921,0.137,0.110089061630662));
#10527=CARTESIAN_POINT('',(-0.0232737700983921,0.137,0.121917859326846));
#10528=CARTESIAN_POINT('',(-0.0258645908327334,0.137,0.121917859326846));
#10529=CARTESIAN_POINT('',(-0.0284554115670747,0.137,0.121917859326846));
#10530=CARTESIAN_POINT('',(-0.0284554115670747,0.137,0.109936403843285));
#10531=CARTESIAN_POINT('',(-0.0284554115670747,0.137,0.0979549483597236));
#10532=CARTESIAN_POINT('',(-0.0284554115670747,0.137,0.0979549483597236));
#10533=CARTESIAN_POINT('',(-0.0284554115670747,0.137,0.0932967050191908));
#10534=CARTESIAN_POINT('',(-0.0264795836333093,0.137,0.089916425441557));
#10535=CARTESIAN_POINT('',(-0.0264795836333093,0.137,0.089916425441557));
#10536=CARTESIAN_POINT('',(-0.0264795836333093,0.137,0.089916425441557));
#10537=CARTESIAN_POINT('',(-0.024503755699544,0.137,0.0865361458639232));
#10538=CARTESIAN_POINT('',(-0.0208923086153107,0.137,0.0847478689260783));
#10539=CARTESIAN_POINT('',(0.0217122990160787,0.137,0.0835091600227905));
#10540=CARTESIAN_POINT('',(0.00940371970242379,0.137,0.0835091600227905));
#10541=CARTESIAN_POINT('',(0.0340208783297336,0.137,0.0835091600227905));
#10542=CARTESIAN_POINT('',(0.0340208783297336,0.137,0.102713509674818));
#10543=CARTESIAN_POINT('',(0.0340208783297336,0.137,0.121917859326846));
#10544=CARTESIAN_POINT('',(0.0314169726421886,0.137,0.121917859326846));
#10545=CARTESIAN_POINT('',(0.0288130669546436,0.137,0.121917859326846));
#10546=CARTESIAN_POINT('',(0.0288130669546436,0.137,0.104841995395961));
#10547=CARTESIAN_POINT('',(0.0288130669546436,0.137,0.0877661314650751));
#10548=CARTESIAN_POINT('',(0.0191083933285337,0.137,0.0877661314650751));
#10549=CARTESIAN_POINT('',(0.00940371970242379,0.137,0.0877661314650752));
#10550=CARTESIAN_POINT('',(0.00940371970242379,0.137,0.0856376457439328));
#10551=CARTESIAN_POINT('',(0.0518731161507079,0.137,0.117669611186697));
#10552=CARTESIAN_POINT('',(0.0408337772978161,0.137,0.117669611186697));
#10553=CARTESIAN_POINT('',(0.0629124550035997,0.137,0.117669611186697));
#10554=CARTESIAN_POINT('',(0.0629124550035997,0.137,0.110525226737453));
#10555=CARTESIAN_POINT('',(0.0629124550035997,0.137,0.103380842288209));
#10556=CARTESIAN_POINT('',(0.0522002399808015,0.137,0.103380842288209));
#10557=CARTESIAN_POINT('',(0.0414880249580033,0.137,0.103380842288209));
#10558=CARTESIAN_POINT('',(0.0414880249580033,0.137,0.101226186660659));
#10559=CARTESIAN_POINT('',(0.0414880249580033,0.137,0.0990715310331097));
#10560=CARTESIAN_POINT('',(0.0522002399808015,0.137,0.0990715310331097));
#10561=CARTESIAN_POINT('',(0.0629124550035997,0.137,0.0990715310331097));
#10562=CARTESIAN_POINT('',(0.0629124550035997,0.137,0.0912903455279501));
#10563=CARTESIAN_POINT('',(0.0629124550035997,0.137,0.0835091600227905));
#10564=CARTESIAN_POINT('',(0.0655163606911447,0.137,0.0835091600227905));
#10565=CARTESIAN_POINT('',(0.0681202663786896,0.137,0.0835091600227905));
#10566=CARTESIAN_POINT('',(0.0681202663786896,0.137,0.102713509674818));
#10567=CARTESIAN_POINT('',(0.0681202663786896,0.137,0.121917859326846));
#10568=CARTESIAN_POINT('',(0.0544770218382529,0.137,0.121917859326846));
#10569=CARTESIAN_POINT('',(0.0408337772978161,0.137,0.121917859326846));
#10570=CARTESIAN_POINT('',(0.0408337772978161,0.137,0.119793735256772));
#10571=CARTESIAN_POINT('',(0.0727,-0.015,0.00531425915900674));
#10572=CARTESIAN_POINT('',(0.0727,-0.015,0.144205958769513));
#10573=CARTESIAN_POINT('',(0.0727,0.12938,0.144205958769513));
#10574=CARTESIAN_POINT('',(0.0727,0.12938,0.00531425915900674));
#10575=CARTESIAN_POINT('',(0.0727,0.12938,-0.1370572404515));
#10576=CARTESIAN_POINT('',(0.0727,-0.015,-0.1370572404515));
#10577=CARTESIAN_POINT('',(0.00635,-0.015,0.147685758769513));
#10578=CARTESIAN_POINT('',(-0.0692202,-0.015,0.147685758769513));
#10579=CARTESIAN_POINT('',(-0.0692202,0.1335202,0.147685758769513));
#10580=CARTESIAN_POINT('',(-0.0692202,0.12938,0.147685758769513));
#10581=CARTESIAN_POINT('',(0.00635,0.12938,0.147685758769513));
#10582=CARTESIAN_POINT('',(0.0692202,0.12938,0.147685758769513));
#10583=CARTESIAN_POINT('',(0.0692202,-0.015,0.147685758769513));
#10584=CARTESIAN_POINT('',(0.0692202,0.1335202,0.147685758769513));
#10585=CARTESIAN_POINT('',(-0.0727,0.1335202,0.147685758769513));
#10586=CARTESIAN_POINT('',(-0.0727,-0.015,0.00531425915900674));
#10587=CARTESIAN_POINT('',(-0.0727,0.12938,0.00531425915900674));
#10588=CARTESIAN_POINT('',(-0.0727,0.12938,0.144205958769513));
#10589=CARTESIAN_POINT('',(-0.0727,0.12938,-0.1370572404515));
#10590=CARTESIAN_POINT('',(-0.0727,0.137,0.144205958769513));
#10591=CARTESIAN_POINT('',(-0.0727,-0.015,-0.1370572404515));
#10592=CARTESIAN_POINT('',(-0.00635,-0.015,-0.1370572404515));
#10593=CARTESIAN_POINT('',(-0.00635,0.12938,-0.1370572404515));
#10594=CARTESIAN_POINT('',(0.0702000036835671,0.127,0.145192742347717));
#10595=CARTESIAN_POINT('',(0.0702000036835671,0.12938,0.145192742347717));
#10596=CARTESIAN_POINT('',(0.0702000036835671,0.12938,0.146792742347717));
#10597=CARTESIAN_POINT('',(0.068940536268432,0.137,0.144205958769513));
#10598=CARTESIAN_POINT('',(0.0687432214939716,0.137,0.144457798721501));
#10599=CARTESIAN_POINT('',(0.0685122825168029,0.136937339566266,0.145076525562217));
#10600=CARTESIAN_POINT('',(0.0687199713692449,0.13656370330336,0.145972246126058));
#10601=CARTESIAN_POINT('',(0.069278065574792,0.136075872473564,0.146595794481029));
#10602=CARTESIAN_POINT('',(0.070199386670104,0.135733843994645,0.146891000568671));
#10603=CARTESIAN_POINT('',(0.0711215482614797,0.136075341932021,0.146596656904098));
#10604=CARTESIAN_POINT('',(0.0716799955439404,0.13656417876075,0.145970615602295));
#10605=CARTESIAN_POINT('',(0.0718880415125967,0.136935705295205,0.145082647404744));
#10606=CARTESIAN_POINT('',(0.071657095534176,0.137,0.144458193953004));
#10607=CARTESIAN_POINT('',(0.0714594710987021,0.137,0.144205958769513));
#10608=CARTESIAN_POINT('',(-0.0702000111341476,0.127,0.145192742347717));
#10609=CARTESIAN_POINT('',(-0.0702000111341476,0.12938,0.145192742347717));
#10610=CARTESIAN_POINT('',(-0.0702000111341476,0.12938,0.146792742347717));
#10611=CARTESIAN_POINT('',(-0.0714594785492827,0.137,0.144205958769513));
#10612=CARTESIAN_POINT('',(-0.0716567933237431,0.137,0.144457798721501));
#10613=CARTESIAN_POINT('',(-0.0718877323009118,0.136937339566266,0.145076525562217));
#10614=CARTESIAN_POINT('',(-0.0716800434484699,0.13656370330336,0.145972246126058));
#10615=CARTESIAN_POINT('',(-0.0711219492429227,0.136075872473564,0.146595794481029));
#10616=CARTESIAN_POINT('',(-0.0702006281476108,0.135733843994645,0.146891000568671));
#10617=CARTESIAN_POINT('',(-0.069278466556235,0.136075341932021,0.146596656904098));
#10618=CARTESIAN_POINT('',(-0.0687200192737743,0.13656417876075,0.145970615602295));
#10619=CARTESIAN_POINT('',(-0.0685119733051181,0.136935705295205,0.145082647404744));
#10620=CARTESIAN_POINT('',(-0.0687429192835387,0.137,0.144458193953004));
#10621=CARTESIAN_POINT('',(-0.0689405437190126,0.137,0.144205958769513));
#10622=CARTESIAN_POINT('',(-0.0702005475759506,0.127,-0.134556472301483));
#10623=CARTESIAN_POINT('',(-0.0702005475759506,0.12938,-0.134556472301483));
#10624=CARTESIAN_POINT('',(-0.0702005475759506,0.12938,-0.132956472301483));
#10625=CARTESIAN_POINT('',(0.0702000036835671,0.127,-0.134557247161865));
#10626=CARTESIAN_POINT('',(0.0702000036835671,0.12938,-0.134557247161865));
#10627=CARTESIAN_POINT('',(0.0702000036835671,0.12938,-0.132957247161865));
#10628=CARTESIAN_POINT('',(8.3826352495973E-18,0.1116,-0.0759697109460831));
#10629=CARTESIAN_POINT('',(8.3826352495973E-18,0.12938,-0.0759697109460831));
#10630=CARTESIAN_POINT('',(8.3826352495973E-18,0.12938,-0.0384697109460831));
#10631=CARTESIAN_POINT('',(8.3826352495973E-18,0.161781912773847,-0.0759697109460831));
#10632=CARTESIAN_POINT('',(8.3826352495973E-18,0.161781912773847,-0.0384697109460831));
#10633=CARTESIAN_POINT('',(4.31114741718901E-18,0.1624,-0.0759697109460831));
#10634=CARTESIAN_POINT('',(4.31114741718901E-18,0.1589202,-0.0759697109460831));
#10635=CARTESIAN_POINT('',(4.31114741718901E-18,0.1589202,-0.0369697109460831));
#10636=CARTESIAN_POINT('',(-0.0692202,-0.015,0.144205958769513));
#10637=CARTESIAN_POINT('',(-0.0692202,0.12938,0.144205958769513));
#10638=CARTESIAN_POINT('',(-0.0692202,0.1335202,0.144205958769513));
#10639=CARTESIAN_POINT('',(0.00635,0.1335202,0.144205958769513));
#10640=CARTESIAN_POINT('',(0.0692202,0.1335202,0.144205958769513));
#10641=CARTESIAN_POINT('',(0.0692202,-0.015,0.144205958769513));
#10642=CARTESIAN_POINT('',(0.0692202,0.12938,0.144205958769513));
#10643=CARTESIAN_POINT('',(4.31114741718901E-18,0.1589202,-0.0759697109460831));
#10644=CARTESIAN_POINT('',(-0.0573120950323974,0.134206,0.0919053383285261));
#10645=CARTESIAN_POINT('',(-0.0630781977441804,0.134206,0.0835091600227905));
#10646=CARTESIAN_POINT('',(-0.0630781977441804,0.134206,0.0835091600227905));
#10647=CARTESIAN_POINT('',(-0.0573120950323974,0.134206,0.0919053383285261));
#10648=CARTESIAN_POINT('',(-0.0515459923206143,0.134206,0.100301516634262));
#10649=CARTESIAN_POINT('',(-0.0515459923206143,0.134206,0.100301516634262));
#10650=CARTESIAN_POINT('',(-0.0659525257979361,0.134206,0.0835091600227905));
#10651=CARTESIAN_POINT('',(-0.0688268538516918,0.134206,0.0835091600227905));
#10652=CARTESIAN_POINT('',(-0.0688268538516918,0.134206,0.0835091600227905));
#10653=CARTESIAN_POINT('',(-0.0659525257979361,0.134206,0.0835091600227905));
#10654=CARTESIAN_POINT('',(-0.0616999160067194,0.134206,0.0935802123386053));
#10655=CARTESIAN_POINT('',(-0.054572978161747,0.134206,0.10365126465442));
#10656=CARTESIAN_POINT('',(-0.054572978161747,0.134206,0.10365126465442));
#10657=CARTESIAN_POINT('',(-0.0616999160067194,0.134206,0.0935802123386053));
#10658=CARTESIAN_POINT('',(-0.0611416246700264,0.134206,0.112784561990633));
#10659=CARTESIAN_POINT('',(-0.0677102711783057,0.134206,0.121917859326846));
#10660=CARTESIAN_POINT('',(-0.0677102711783057,0.134206,0.121917859326846));
#10661=CARTESIAN_POINT('',(-0.0611416246700264,0.134206,0.112784561990633));
#10662=CARTESIAN_POINT('',(-0.06483594312455,0.134206,0.121917859326846));
#10663=CARTESIAN_POINT('',(-0.0619616150707943,0.134206,0.121917859326846));
#10664=CARTESIAN_POINT('',(-0.0619616150707943,0.134206,0.121917859326846));
#10665=CARTESIAN_POINT('',(-0.06483594312455,0.134206,0.121917859326846));
#10666=CARTESIAN_POINT('',(-0.0567668886489081,0.134206,0.11438092628149));
#10667=CARTESIAN_POINT('',(-0.0515721622270218,0.134206,0.106843993236133));
#10668=CARTESIAN_POINT('',(-0.0515721622270218,0.134206,0.106843993236133));
#10669=CARTESIAN_POINT('',(-0.0567668886489081,0.134206,0.11438092628149));
#10670=CARTESIAN_POINT('',(-0.0462291396688265,0.134206,0.11438092628149));
#10671=CARTESIAN_POINT('',(-0.0408861171106311,0.134206,0.121917859326846));
#10672=CARTESIAN_POINT('',(-0.0408861171106311,0.134206,0.121917859326846));
#10673=CARTESIAN_POINT('',(-0.0462291396688265,0.134206,0.11438092628149));
#10674=CARTESIAN_POINT('',(-0.0380117890568754,0.134206,0.121917859326846));
#10675=CARTESIAN_POINT('',(-0.0351374610031197,0.134206,0.121917859326846));
#10676=CARTESIAN_POINT('',(-0.0351374610031197,0.134206,0.121917859326846));
#10677=CARTESIAN_POINT('',(-0.0380117890568754,0.134206,0.121917859326846));
#10678=CARTESIAN_POINT('',(-0.0418849352051835,0.134206,0.112692967318207));
#10679=CARTESIAN_POINT('',(-0.0486324094072474,0.134206,0.103468075309568));
#10680=CARTESIAN_POINT('',(-0.0486324094072474,0.134206,0.103468075309568));
#10681=CARTESIAN_POINT('',(-0.0418849352051835,0.134206,0.112692967318207));
#10682=CARTESIAN_POINT('',(-0.0413266438684905,0.134206,0.0934886176661791));
#10683=CARTESIAN_POINT('',(-0.0340208783297336,0.134206,0.0835091600227905));
#10684=CARTESIAN_POINT('',(-0.0340208783297336,0.134206,0.0835091600227905));
#10685=CARTESIAN_POINT('',(-0.0413266438684905,0.134206,0.0934886176661791));
#10686=CARTESIAN_POINT('',(-0.0368952063834893,0.134206,0.0835091600227905));
#10687=CARTESIAN_POINT('',(-0.039769534437245,0.134206,0.0835091600227905));
#10688=CARTESIAN_POINT('',(-0.039769534437245,0.134206,0.0835091600227905));
#10689=CARTESIAN_POINT('',(-0.0368952063834893,0.134206,0.0835091600227905));
#10690=CARTESIAN_POINT('',(-0.0456577633789297,0.134206,0.0919053383285261));
#10691=CARTESIAN_POINT('',(-0.0456577633789297,0.134206,0.0919053383285261));
#10692=CARTESIAN_POINT('',(0.,0.134206,0.00357435915900672));
#10693=CARTESIAN_POINT('',(-0.0123696424286057,0.134206,0.0829595919882333));
#10694=CARTESIAN_POINT('',(-0.0123696424286057,0.137,0.0829595919882333));
#10695=CARTESIAN_POINT('',(-0.00922925365970722,0.134206,0.0829595919882333));
#10696=CARTESIAN_POINT('',(-0.00922925365970722,0.137,0.0829595919882333));
#10697=CARTESIAN_POINT('',(-0.00648722902167827,0.134206,0.0835324221618194));
#10698=CARTESIAN_POINT('',(-0.00648722902167827,0.137,0.0835324221618194));
#10699=CARTESIAN_POINT('',(-0.00414356851451885,0.134206,0.0846780825089916));
#10700=CARTESIAN_POINT('',(-0.00414356851451885,0.137,0.0846780825089916));
#10701=CARTESIAN_POINT('',(-0.0123696424286057,0.134206,0.0829595919882333));
#10702=CARTESIAN_POINT('',(-0.0123696424286057,0.134206,0.0829595919882333));
#10703=CARTESIAN_POINT('',(-0.0123696424286057,0.134206,0.0829595919882333));
#10704=CARTESIAN_POINT('',(-0.00765905927525798,0.134206,0.0829595919882333));
#10705=CARTESIAN_POINT('',(-0.00414356851451885,0.134206,0.0846780825089916));
#10706=CARTESIAN_POINT('',(-0.00414356851451885,0.134206,0.0846780825089916));
#10707=CARTESIAN_POINT('',(-0.00414356851451885,0.134206,0.0846780825089916));
#10708=CARTESIAN_POINT('',(-0.0208923086153107,0.134206,0.0847478689260783));
#10709=CARTESIAN_POINT('',(-0.0208923086153107,0.137,0.0847478689260783));
#10710=CARTESIAN_POINT('',(-0.0184846772258219,0.134206,0.0835556843008483));
#10711=CARTESIAN_POINT('',(-0.0184846772258219,0.137,0.0835556843008483));
#10712=CARTESIAN_POINT('',(-0.0156437884969202,0.134206,0.0829595919882333));
#10713=CARTESIAN_POINT('',(-0.0156437884969202,0.137,0.0829595919882333));
#10714=CARTESIAN_POINT('',(-0.0123696424286057,0.134206,0.0829595919882333));
#10715=CARTESIAN_POINT('',(-0.0123696424286057,0.137,0.0829595919882333));
#10716=CARTESIAN_POINT('',(-0.0208923086153107,0.134206,0.0847478689260783));
#10717=CARTESIAN_POINT('',(-0.0208923086153107,0.134206,0.0847478689260783));
#10718=CARTESIAN_POINT('',(-0.0208923086153107,0.134206,0.0847478689260783));
#10719=CARTESIAN_POINT('',(-0.0172808615310775,0.134206,0.0829595919882333));
#10720=CARTESIAN_POINT('',(-0.0123696424286057,0.134206,0.0829595919882333));
#10721=CARTESIAN_POINT('',(-0.0264795836333093,0.134206,0.089916425441557));
#10722=CARTESIAN_POINT('',(-0.0264795836333093,0.137,0.089916425441557));
#10723=CARTESIAN_POINT('',(-0.0251623650107991,0.134206,0.0876629057231345));
#10724=CARTESIAN_POINT('',(-0.0251623650107991,0.137,0.0876629057231345));
#10725=CARTESIAN_POINT('',(-0.0232999400047996,0.134206,0.0859400535513082));
#10726=CARTESIAN_POINT('',(-0.0232999400047996,0.137,0.0859400535513082));
#10727=CARTESIAN_POINT('',(-0.0208923086153107,0.134206,0.0847478689260783));
#10728=CARTESIAN_POINT('',(-0.0208923086153107,0.137,0.0847478689260783));
#10729=CARTESIAN_POINT('',(-0.0264795836333093,0.134206,0.089916425441557));
#10730=CARTESIAN_POINT('',(-0.0264795836333093,0.134206,0.089916425441557));
#10731=CARTESIAN_POINT('',(-0.0264795836333093,0.134206,0.089916425441557));
#10732=CARTESIAN_POINT('',(-0.024503755699544,0.134206,0.0865361458639232));
#10733=CARTESIAN_POINT('',(-0.0208923086153107,0.134206,0.0847478689260783));
#10734=CARTESIAN_POINT('',(-0.0284554115670747,0.134206,0.0979549483597236));
#10735=CARTESIAN_POINT('',(-0.0284554115670747,0.137,0.0979549483597236));
#10736=CARTESIAN_POINT('',(-0.0284554115670747,0.134206,0.0948494527993684));
#10737=CARTESIAN_POINT('',(-0.0284554115670747,0.137,0.0948494527993684));
#10738=CARTESIAN_POINT('',(-0.0277968022558196,0.134206,0.0921699451599795));
#10739=CARTESIAN_POINT('',(-0.0277968022558196,0.137,0.0921699451599795));
#10740=CARTESIAN_POINT('',(-0.0264795836333093,0.134206,0.089916425441557));
#10741=CARTESIAN_POINT('',(-0.0264795836333093,0.137,0.089916425441557));
#10742=CARTESIAN_POINT('',(-0.0284554115670747,0.134206,0.0979549483597236));
#10743=CARTESIAN_POINT('',(-0.0284554115670747,0.134206,0.0979549483597236));
#10744=CARTESIAN_POINT('',(-0.0284554115670747,0.134206,0.0979549483597236));
#10745=CARTESIAN_POINT('',(-0.0284554115670747,0.134206,0.0932967050191908));
#10746=CARTESIAN_POINT('',(-0.0264795836333093,0.134206,0.089916425441557));
#10747=CARTESIAN_POINT('',(-0.0284554115670747,0.134206,0.109936403843285));
#10748=CARTESIAN_POINT('',(-0.0284554115670747,0.134206,0.121917859326846));
#10749=CARTESIAN_POINT('',(-0.0284554115670747,0.134206,0.121917859326846));
#10750=CARTESIAN_POINT('',(-0.0284554115670747,0.134206,0.109936403843285));
#10751=CARTESIAN_POINT('',(-0.0258645908327334,0.134206,0.121917859326846));
#10752=CARTESIAN_POINT('',(-0.0232737700983921,0.134206,0.121917859326846));
#10753=CARTESIAN_POINT('',(-0.0232737700983921,0.134206,0.121917859326846));
#10754=CARTESIAN_POINT('',(-0.0258645908327334,0.134206,0.121917859326846));
#10755=CARTESIAN_POINT('',(-0.0232737700983921,0.134206,0.110089061630662));
#10756=CARTESIAN_POINT('',(-0.0232737700983921,0.134206,0.0982602639344776));
#10757=CARTESIAN_POINT('',(-0.0232737700983921,0.134206,0.0982602639344776));
#10758=CARTESIAN_POINT('',(-0.0232737700983921,0.134206,0.110089061630662));
#10759=CARTESIAN_POINT('',(-0.0203994420446364,0.134206,0.0900123817650512));
#10760=CARTESIAN_POINT('',(-0.0203994420446364,0.137,0.0900123817650512));
#10761=CARTESIAN_POINT('',(-0.0223156607471402,0.134206,0.0918937072590117));
#10762=CARTESIAN_POINT('',(-0.0223156607471402,0.137,0.0918937072590117));
#10763=CARTESIAN_POINT('',(-0.0232737700983921,0.134206,0.0946430013154871));
#10764=CARTESIAN_POINT('',(-0.0232737700983921,0.137,0.0946430013154871));
#10765=CARTESIAN_POINT('',(-0.0232737700983921,0.134206,0.0982602639344776));
#10766=CARTESIAN_POINT('',(-0.0232737700983921,0.137,0.0982602639344776));
#10767=CARTESIAN_POINT('',(-0.0203994420446364,0.134206,0.0900123817650512));
#10768=CARTESIAN_POINT('',(-0.0203994420446364,0.134206,0.0900123817650512));
#10769=CARTESIAN_POINT('',(-0.0203994420446364,0.134206,0.0900123817650512));
#10770=CARTESIAN_POINT('',(-0.0232737700983921,0.134206,0.0928343700059919));
#10771=CARTESIAN_POINT('',(-0.0232737700983921,0.134206,0.0982602639344776));
#10772=CARTESIAN_POINT('',(-0.0123434725221982,0.134206,0.0871903935241104));
#10773=CARTESIAN_POINT('',(-0.0123434725221982,0.137,0.0871903935241104));
#10774=CARTESIAN_POINT('',(-0.0157979001679865,0.134206,0.0871903935241104));
#10775=CARTESIAN_POINT('',(-0.0157979001679865,0.137,0.0871903935241104));
#10776=CARTESIAN_POINT('',(-0.0184832233421326,0.134206,0.0881310562710907));
#10777=CARTESIAN_POINT('',(-0.0184832233421326,0.137,0.0881310562710907));
#10778=CARTESIAN_POINT('',(-0.0203994420446364,0.134206,0.0900123817650512));
#10779=CARTESIAN_POINT('',(-0.0203994420446364,0.137,0.0900123817650512));
#10780=CARTESIAN_POINT('',(-0.0123434725221982,0.134206,0.0871903935241104));
#10781=CARTESIAN_POINT('',(-0.0123434725221982,0.134206,0.0871903935241104));
#10782=CARTESIAN_POINT('',(-0.0123434725221982,0.134206,0.0871903935241104));
#10783=CARTESIAN_POINT('',(-0.0175251139908807,0.134206,0.0871903935241104));
#10784=CARTESIAN_POINT('',(-0.0203994420446364,0.134206,0.0900123817650512));
#10785=CARTESIAN_POINT('',(-0.00463207343412528,0.134206,0.089916425441557));
#10786=CARTESIAN_POINT('',(-0.00463207343412528,0.137,0.089916425441557));
#10787=CARTESIAN_POINT('',(-0.00641162706983442,0.134206,0.0880990708299259));
#10788=CARTESIAN_POINT('',(-0.00641162706983442,0.137,0.0880990708299259));
#10789=CARTESIAN_POINT('',(-0.0089820934325254,0.134206,0.0871903935241104));
#10790=CARTESIAN_POINT('',(-0.0089820934325254,0.137,0.0871903935241104));
#10791=CARTESIAN_POINT('',(-0.0123434725221982,0.134206,0.0871903935241104));
#10792=CARTESIAN_POINT('',(-0.0123434725221982,0.137,0.0871903935241104));
#10793=CARTESIAN_POINT('',(-0.00463207343412528,0.134206,0.089916425441557));
#10794=CARTESIAN_POINT('',(-0.00463207343412528,0.134206,0.089916425441557));
#10795=CARTESIAN_POINT('',(-0.00463207343412528,0.134206,0.089916425441557));
#10796=CARTESIAN_POINT('',(-0.00730140388768899,0.134206,0.0871903935241104));
#10797=CARTESIAN_POINT('',(-0.0123434725221982,0.134206,0.0871903935241104));
#10798=CARTESIAN_POINT('',(-0.00196274298056157,0.134206,0.0979026085469086));
#10799=CARTESIAN_POINT('',(-0.00196274298056157,0.137,0.0979026085469086));
#10800=CARTESIAN_POINT('',(-0.00196274298056157,0.134206,0.0943958410883053));
#10801=CARTESIAN_POINT('',(-0.00196274298056157,0.137,0.0943958410883053));
#10802=CARTESIAN_POINT('',(-0.00285251979841614,0.134206,0.0917337800531881));
#10803=CARTESIAN_POINT('',(-0.00285251979841614,0.137,0.0917337800531881));
#10804=CARTESIAN_POINT('',(-0.00463207343412528,0.134206,0.089916425441557));
#10805=CARTESIAN_POINT('',(-0.00463207343412528,0.137,0.089916425441557));
#10806=CARTESIAN_POINT('',(-0.00196274298056157,0.134206,0.0979026085469086));
#10807=CARTESIAN_POINT('',(-0.00196274298056157,0.134206,0.0979026085469086));
#10808=CARTESIAN_POINT('',(-0.00196274298056157,0.134206,0.0979026085469086));
#10809=CARTESIAN_POINT('',(-0.00196274298056157,0.134206,0.0926424573590036));
#10810=CARTESIAN_POINT('',(-0.00463207343412528,0.134206,0.089916425441557));
#10811=CARTESIAN_POINT('',(-0.00196274298056157,0.134206,0.109910233936877));
#10812=CARTESIAN_POINT('',(-0.00196274298056157,0.134206,0.121917859326846));
#10813=CARTESIAN_POINT('',(-0.00196274298056157,0.134206,0.121917859326846));
#10814=CARTESIAN_POINT('',(-0.00196274298056157,0.134206,0.109910233936877));
#10815=CARTESIAN_POINT('',(0.000641162706983431,0.134206,0.121917859326846));
#10816=CARTESIAN_POINT('',(0.00324506839452843,0.134206,0.121917859326846));
#10817=CARTESIAN_POINT('',(0.00324506839452843,0.134206,0.121917859326846));
#10818=CARTESIAN_POINT('',(0.000641162706983431,0.134206,0.121917859326846));
#10819=CARTESIAN_POINT('',(0.00324506839452843,0.134206,0.109692151383482));
#10820=CARTESIAN_POINT('',(0.00324506839452843,0.134206,0.0974664434401171));
#10821=CARTESIAN_POINT('',(0.00324506839452843,0.134206,0.0974664434401171));
#10822=CARTESIAN_POINT('',(0.00324506839452843,0.134206,0.109692151383482));
#10823=CARTESIAN_POINT('',(0.00130849532037436,0.134206,0.0896678113306859));
#10824=CARTESIAN_POINT('',(0.00130849532037436,0.137,0.0896678113306859));
#10825=CARTESIAN_POINT('',(0.00259954403647707,0.134206,0.0918486368646432));
#10826=CARTESIAN_POINT('',(0.00259954403647707,0.137,0.0918486368646432));
#10827=CARTESIAN_POINT('',(0.00324506839452843,0.134206,0.0944481809011202));
#10828=CARTESIAN_POINT('',(0.00324506839452843,0.137,0.0944481809011202));
#10829=CARTESIAN_POINT('',(0.00324506839452843,0.134206,0.0974664434401171));
#10830=CARTESIAN_POINT('',(0.00324506839452843,0.137,0.0974664434401171));
#10831=CARTESIAN_POINT('',(0.00130849532037436,0.134206,0.0896678113306859));
#10832=CARTESIAN_POINT('',(0.00130849532037436,0.134206,0.0896678113306859));
#10833=CARTESIAN_POINT('',(0.00130849532037436,0.134206,0.0896678113306859));
#10834=CARTESIAN_POINT('',(0.00324506839452843,0.134206,0.0929390496316218));
#10835=CARTESIAN_POINT('',(0.00324506839452843,0.134206,0.0974664434401171));
#10836=CARTESIAN_POINT('',(-0.00414356851451885,0.134206,0.0846780825089916));
#10837=CARTESIAN_POINT('',(-0.00414356851451885,0.137,0.0846780825089916));
#10838=CARTESIAN_POINT('',(-0.00179990800735942,0.134206,0.0858237428561639));
#10839=CARTESIAN_POINT('',(-0.00179990800735942,0.137,0.0858237428561639));
#10840=CARTESIAN_POINT('',(1.74466042716466E-5,0.134206,0.0874869857967286));
#10841=CARTESIAN_POINT('',(1.74466042716466E-5,0.137,0.0874869857967286));
#10842=CARTESIAN_POINT('',(0.00130849532037436,0.134206,0.0896678113306859));
#10843=CARTESIAN_POINT('',(0.00130849532037436,0.137,0.0896678113306859));
#10844=CARTESIAN_POINT('',(-0.00414356851451885,0.134206,0.0846780825089916));
#10845=CARTESIAN_POINT('',(-0.00062807775377971,0.134206,0.08639657302975));
#10846=CARTESIAN_POINT('',(0.00130849532037436,0.134206,0.0896678113306859));
#10847=CARTESIAN_POINT('',(0.,0.134206,0.00357435915900672));
#10848=CARTESIAN_POINT('',(0.0340208783297336,0.134206,0.102713509674818));
#10849=CARTESIAN_POINT('',(0.0340208783297336,0.134206,0.0835091600227905));
#10850=CARTESIAN_POINT('',(0.0340208783297336,0.134206,0.0835091600227905));
#10851=CARTESIAN_POINT('',(0.0340208783297336,0.134206,0.102713509674818));
#10852=CARTESIAN_POINT('',(0.0340208783297336,0.134206,0.121917859326846));
#10853=CARTESIAN_POINT('',(0.0340208783297336,0.134206,0.121917859326846));
#10854=CARTESIAN_POINT('',(0.0217122990160787,0.134206,0.0835091600227905));
#10855=CARTESIAN_POINT('',(0.00940371970242379,0.134206,0.0835091600227905));
#10856=CARTESIAN_POINT('',(0.00940371970242379,0.134206,0.0835091600227905));
#10857=CARTESIAN_POINT('',(0.0217122990160787,0.134206,0.0835091600227905));
#10858=CARTESIAN_POINT('',(0.00940371970242379,0.134206,0.0856376457439328));
#10859=CARTESIAN_POINT('',(0.00940371970242379,0.134206,0.0877661314650752));
#10860=CARTESIAN_POINT('',(0.00940371970242379,0.134206,0.0877661314650752));
#10861=CARTESIAN_POINT('',(0.00940371970242379,0.134206,0.0856376457439328));
#10862=CARTESIAN_POINT('',(0.0191083933285337,0.134206,0.0877661314650751));
#10863=CARTESIAN_POINT('',(0.0288130669546436,0.134206,0.0877661314650751));
#10864=CARTESIAN_POINT('',(0.0288130669546436,0.134206,0.0877661314650751));
#10865=CARTESIAN_POINT('',(0.0191083933285337,0.134206,0.0877661314650751));
#10866=CARTESIAN_POINT('',(0.0288130669546436,0.134206,0.104841995395961));
#10867=CARTESIAN_POINT('',(0.0288130669546436,0.134206,0.121917859326846));
#10868=CARTESIAN_POINT('',(0.0288130669546436,0.134206,0.121917859326846));
#10869=CARTESIAN_POINT('',(0.0288130669546436,0.134206,0.104841995395961));
#10870=CARTESIAN_POINT('',(0.0314169726421886,0.134206,0.121917859326846));
#10871=CARTESIAN_POINT('',(0.0314169726421886,0.134206,0.121917859326846));
#10872=CARTESIAN_POINT('',(0.,0.134206,0.00357435915900672));
#10873=CARTESIAN_POINT('',(0.0629124550035997,0.134206,0.110525226737453));
#10874=CARTESIAN_POINT('',(0.0629124550035997,0.134206,0.117669611186697));
#10875=CARTESIAN_POINT('',(0.0629124550035997,0.134206,0.117669611186697));
#10876=CARTESIAN_POINT('',(0.0629124550035997,0.134206,0.110525226737453));
#10877=CARTESIAN_POINT('',(0.0629124550035997,0.134206,0.103380842288209));
#10878=CARTESIAN_POINT('',(0.0629124550035997,0.134206,0.103380842288209));
#10879=CARTESIAN_POINT('',(0.0518731161507079,0.134206,0.117669611186697));
#10880=CARTESIAN_POINT('',(0.0408337772978161,0.134206,0.117669611186697));
#10881=CARTESIAN_POINT('',(0.0408337772978161,0.134206,0.117669611186697));
#10882=CARTESIAN_POINT('',(0.0518731161507079,0.134206,0.117669611186697));
#10883=CARTESIAN_POINT('',(0.0408337772978161,0.134206,0.119793735256772));
#10884=CARTESIAN_POINT('',(0.0408337772978161,0.134206,0.121917859326846));
#10885=CARTESIAN_POINT('',(0.0408337772978161,0.134206,0.121917859326846));
#10886=CARTESIAN_POINT('',(0.0408337772978161,0.134206,0.119793735256772));
#10887=CARTESIAN_POINT('',(0.0544770218382529,0.134206,0.121917859326846));
#10888=CARTESIAN_POINT('',(0.0681202663786896,0.134206,0.121917859326846));
#10889=CARTESIAN_POINT('',(0.0681202663786896,0.134206,0.121917859326846));
#10890=CARTESIAN_POINT('',(0.0544770218382529,0.134206,0.121917859326846));
#10891=CARTESIAN_POINT('',(0.0681202663786896,0.134206,0.102713509674818));
#10892=CARTESIAN_POINT('',(0.0681202663786896,0.134206,0.0835091600227905));
#10893=CARTESIAN_POINT('',(0.0681202663786896,0.134206,0.0835091600227905));
#10894=CARTESIAN_POINT('',(0.0681202663786896,0.134206,0.102713509674818));
#10895=CARTESIAN_POINT('',(0.0655163606911447,0.134206,0.0835091600227905));
#10896=CARTESIAN_POINT('',(0.0629124550035997,0.134206,0.0835091600227905));
#10897=CARTESIAN_POINT('',(0.0629124550035997,0.134206,0.0835091600227905));
#10898=CARTESIAN_POINT('',(0.0655163606911447,0.134206,0.0835091600227905));
#10899=CARTESIAN_POINT('',(0.0629124550035997,0.134206,0.0912903455279501));
#10900=CARTESIAN_POINT('',(0.0629124550035997,0.134206,0.0990715310331097));
#10901=CARTESIAN_POINT('',(0.0629124550035997,0.134206,0.0990715310331097));
#10902=CARTESIAN_POINT('',(0.0629124550035997,0.134206,0.0912903455279501));
#10903=CARTESIAN_POINT('',(0.0522002399808015,0.134206,0.0990715310331097));
#10904=CARTESIAN_POINT('',(0.0414880249580033,0.134206,0.0990715310331097));
#10905=CARTESIAN_POINT('',(0.0414880249580033,0.134206,0.0990715310331097));
#10906=CARTESIAN_POINT('',(0.0522002399808015,0.134206,0.0990715310331097));
#10907=CARTESIAN_POINT('',(0.0414880249580033,0.134206,0.101226186660659));
#10908=CARTESIAN_POINT('',(0.0414880249580033,0.134206,0.103380842288209));
#10909=CARTESIAN_POINT('',(0.0414880249580033,0.134206,0.103380842288209));
#10910=CARTESIAN_POINT('',(0.0414880249580033,0.134206,0.101226186660659));
#10911=CARTESIAN_POINT('',(0.0522002399808015,0.134206,0.103380842288209));
#10912=CARTESIAN_POINT('',(0.0522002399808015,0.134206,0.103380842288209));
#10913=CARTESIAN_POINT('',(0.,0.134206,0.00357435915900672));
#10914=CARTESIAN_POINT('',(6.93889390390723E-18,0.12938,0.00357435915900674));
#10915=CARTESIAN_POINT('',(0.,0.,0.));
#10916=CARTESIAN_POINT('',(0.079177,0.110736459493637,-0.1220572404515));
#10917=CARTESIAN_POINT('',(0.079177,0.110736459493637,-0.1220572404515));
#10918=CARTESIAN_POINT('',(0.079177,0.110736459493637,-0.12577798956155));
#10919=CARTESIAN_POINT('',(0.0727,0.110736459493637,-0.1220572404515));
#10920=CARTESIAN_POINT('',(0.0727,0.110736459493637,-0.12577798956155));
#10921=CARTESIAN_POINT('',(0.079177,0.05719,0.00357435915900672));
#10922=CARTESIAN_POINT('',(0.0727,0.05719,0.00357435915900672));
#10923=MECHANICAL_DESIGN_GEOMETRIC_PRESENTATION_REPRESENTATION('',(#6367),
#10930);
#10924=MECHANICAL_DESIGN_GEOMETRIC_PRESENTATION_REPRESENTATION('',(#6368),
#10931);
#10925=MECHANICAL_DESIGN_GEOMETRIC_PRESENTATION_REPRESENTATION('',(#6369),
#10932);
#10926=MECHANICAL_DESIGN_GEOMETRIC_PRESENTATION_REPRESENTATION('',(#6370),
#10933);
#10927=MECHANICAL_DESIGN_GEOMETRIC_PRESENTATION_REPRESENTATION('',(#6371),
#10934);
#10928=MECHANICAL_DESIGN_GEOMETRIC_PRESENTATION_REPRESENTATION('',(#6372),
#10935);
#10929=MECHANICAL_DESIGN_GEOMETRIC_PRESENTATION_REPRESENTATION('',(#6373),
#10936);
#10930=(
GEOMETRIC_REPRESENTATION_CONTEXT(3)
GLOBAL_UNCERTAINTY_ASSIGNED_CONTEXT((#10937))
GLOBAL_UNIT_ASSIGNED_CONTEXT((#10958,#10951,#10944))
REPRESENTATION_CONTEXT('Part 5','TOP_LEVEL_ASSEMBLY_PART')
);
#10931=(
GEOMETRIC_REPRESENTATION_CONTEXT(3)
GLOBAL_UNCERTAINTY_ASSIGNED_CONTEXT((#10938))
GLOBAL_UNIT_ASSIGNED_CONTEXT((#10959,#10952,#10945))
REPRESENTATION_CONTEXT('Part 1','TOP_LEVEL_ASSEMBLY_PART')
);
#10932=(
GEOMETRIC_REPRESENTATION_CONTEXT(3)
GLOBAL_UNCERTAINTY_ASSIGNED_CONTEXT((#10939))
GLOBAL_UNIT_ASSIGNED_CONTEXT((#10960,#10953,#10946))
REPRESENTATION_CONTEXT('Part 2','TOP_LEVEL_ASSEMBLY_PART')
);
#10933=(
GEOMETRIC_REPRESENTATION_CONTEXT(3)
GLOBAL_UNCERTAINTY_ASSIGNED_CONTEXT((#10940))
GLOBAL_UNIT_ASSIGNED_CONTEXT((#10961,#10954,#10947))
REPRESENTATION_CONTEXT('Part 3','TOP_LEVEL_ASSEMBLY_PART')
);
#10934=(
GEOMETRIC_REPRESENTATION_CONTEXT(3)
GLOBAL_UNCERTAINTY_ASSIGNED_CONTEXT((#10941))
GLOBAL_UNIT_ASSIGNED_CONTEXT((#10962,#10955,#10948))
REPRESENTATION_CONTEXT('Part 4','TOP_LEVEL_ASSEMBLY_PART')
);
#10935=(
GEOMETRIC_REPRESENTATION_CONTEXT(3)
GLOBAL_UNCERTAINTY_ASSIGNED_CONTEXT((#10942))
GLOBAL_UNIT_ASSIGNED_CONTEXT((#10963,#10956,#10949))
REPRESENTATION_CONTEXT('Part 6','TOP_LEVEL_ASSEMBLY_PART')
);
#10936=(
GEOMETRIC_REPRESENTATION_CONTEXT(3)
GLOBAL_UNCERTAINTY_ASSIGNED_CONTEXT((#10943))
GLOBAL_UNIT_ASSIGNED_CONTEXT((#10964,#10957,#10950))
REPRESENTATION_CONTEXT('Part 7','TOP_LEVEL_ASSEMBLY_PART')
);
#10937=UNCERTAINTY_MEASURE_WITH_UNIT(LENGTH_MEASURE(2.E-5),#10958,
'DISTANCE_ACCURACY_VALUE','Maximum Tolerance applied to model');
#10938=UNCERTAINTY_MEASURE_WITH_UNIT(LENGTH_MEASURE(1.E-8),#10959,
'DISTANCE_ACCURACY_VALUE','Maximum Tolerance applied to model');
#10939=UNCERTAINTY_MEASURE_WITH_UNIT(LENGTH_MEASURE(1.E-8),#10960,
'DISTANCE_ACCURACY_VALUE','Maximum Tolerance applied to model');
#10940=UNCERTAINTY_MEASURE_WITH_UNIT(LENGTH_MEASURE(1.E-8),#10961,
'DISTANCE_ACCURACY_VALUE','Maximum Tolerance applied to model');
#10941=UNCERTAINTY_MEASURE_WITH_UNIT(LENGTH_MEASURE(1.E-8),#10962,
'DISTANCE_ACCURACY_VALUE','Maximum Tolerance applied to model');
#10942=UNCERTAINTY_MEASURE_WITH_UNIT(LENGTH_MEASURE(2.E-5),#10963,
'DISTANCE_ACCURACY_VALUE','Maximum Tolerance applied to model');
#10943=UNCERTAINTY_MEASURE_WITH_UNIT(LENGTH_MEASURE(1.E-8),#10964,
'DISTANCE_ACCURACY_VALUE','Maximum Tolerance applied to model');
#10944=(
NAMED_UNIT(*)
SI_UNIT($,.STERADIAN.)
SOLID_ANGLE_UNIT()
);
#10945=(
NAMED_UNIT(*)
SI_UNIT($,.STERADIAN.)
SOLID_ANGLE_UNIT()
);
#10946=(
NAMED_UNIT(*)
SI_UNIT($,.STERADIAN.)
SOLID_ANGLE_UNIT()
);
#10947=(
NAMED_UNIT(*)
SI_UNIT($,.STERADIAN.)
SOLID_ANGLE_UNIT()
);
#10948=(
NAMED_UNIT(*)
SI_UNIT($,.STERADIAN.)
SOLID_ANGLE_UNIT()
);
#10949=(
NAMED_UNIT(*)
SI_UNIT($,.STERADIAN.)
SOLID_ANGLE_UNIT()
);
#10950=(
NAMED_UNIT(*)
SI_UNIT($,.STERADIAN.)
SOLID_ANGLE_UNIT()
);
#10951=(
NAMED_UNIT(*)
PLANE_ANGLE_UNIT()
SI_UNIT($,.RADIAN.)
);
#10952=(
NAMED_UNIT(*)
PLANE_ANGLE_UNIT()
SI_UNIT($,.RADIAN.)
);
#10953=(
NAMED_UNIT(*)
PLANE_ANGLE_UNIT()
SI_UNIT($,.RADIAN.)
);
#10954=(
NAMED_UNIT(*)
PLANE_ANGLE_UNIT()
SI_UNIT($,.RADIAN.)
);
#10955=(
NAMED_UNIT(*)
PLANE_ANGLE_UNIT()
SI_UNIT($,.RADIAN.)
);
#10956=(
NAMED_UNIT(*)
PLANE_ANGLE_UNIT()
SI_UNIT($,.RADIAN.)
);
#10957=(
NAMED_UNIT(*)
PLANE_ANGLE_UNIT()
SI_UNIT($,.RADIAN.)
);
#10958=(
LENGTH_UNIT()
NAMED_UNIT(*)
SI_UNIT($,.METRE.)
);
#10959=(
LENGTH_UNIT()
NAMED_UNIT(*)
SI_UNIT($,.METRE.)
);
#10960=(
LENGTH_UNIT()
NAMED_UNIT(*)
SI_UNIT($,.METRE.)
);
#10961=(
LENGTH_UNIT()
NAMED_UNIT(*)
SI_UNIT($,.METRE.)
);
#10962=(
LENGTH_UNIT()
NAMED_UNIT(*)
SI_UNIT($,.METRE.)
);
#10963=(
LENGTH_UNIT()
NAMED_UNIT(*)
SI_UNIT($,.METRE.)
);
#10964=(
LENGTH_UNIT()
NAMED_UNIT(*)
SI_UNIT($,.METRE.)
);
#10965=PRODUCT_DEFINITION_SHAPE('','',#10972);
#10966=PRODUCT_DEFINITION_SHAPE('','',#10973);
#10967=PRODUCT_DEFINITION_SHAPE('','',#10974);
#10968=PRODUCT_DEFINITION_SHAPE('','',#10975);
#10969=PRODUCT_DEFINITION_SHAPE('','',#10976);
#10970=PRODUCT_DEFINITION_SHAPE('','',#10977);
#10971=PRODUCT_DEFINITION_SHAPE('','',#10978);
#10972=PRODUCT_DEFINITION('','',#10986,#10979);
#10973=PRODUCT_DEFINITION('','',#10987,#10980);
#10974=PRODUCT_DEFINITION('','',#10988,#10981);
#10975=PRODUCT_DEFINITION('','',#10989,#10982);
#10976=PRODUCT_DEFINITION('','',#10990,#10983);
#10977=PRODUCT_DEFINITION('','',#10991,#10984);
#10978=PRODUCT_DEFINITION('','',#10992,#10985);
#10979=PRODUCT_DEFINITION_CONTEXT('',#11028,'design');
#10980=PRODUCT_DEFINITION_CONTEXT('',#11029,'design');
#10981=PRODUCT_DEFINITION_CONTEXT('',#11030,'design');
#10982=PRODUCT_DEFINITION_CONTEXT('',#11031,'design');
#10983=PRODUCT_DEFINITION_CONTEXT('',#11032,'design');
#10984=PRODUCT_DEFINITION_CONTEXT('',#11033,'design');
#10985=PRODUCT_DEFINITION_CONTEXT('',#11034,'design');
#10986=PRODUCT_DEFINITION_FORMATION_WITH_SPECIFIED_SOURCE('','',#11000,
 .NOT_KNOWN.);
#10987=PRODUCT_DEFINITION_FORMATION_WITH_SPECIFIED_SOURCE('','',#11001,
 .NOT_KNOWN.);
#10988=PRODUCT_DEFINITION_FORMATION_WITH_SPECIFIED_SOURCE('','',#11002,
 .NOT_KNOWN.);
#10989=PRODUCT_DEFINITION_FORMATION_WITH_SPECIFIED_SOURCE('','',#11003,
 .NOT_KNOWN.);
#10990=PRODUCT_DEFINITION_FORMATION_WITH_SPECIFIED_SOURCE('','',#11004,
 .NOT_KNOWN.);
#10991=PRODUCT_DEFINITION_FORMATION_WITH_SPECIFIED_SOURCE('','',#11005,
 .NOT_KNOWN.);
#10992=PRODUCT_DEFINITION_FORMATION_WITH_SPECIFIED_SOURCE('','',#11006,
 .NOT_KNOWN.);
#10993=PRODUCT_RELATED_PRODUCT_CATEGORY('','',(#11000));
#10994=PRODUCT_RELATED_PRODUCT_CATEGORY('','',(#11001));
#10995=PRODUCT_RELATED_PRODUCT_CATEGORY('','',(#11002));
#10996=PRODUCT_RELATED_PRODUCT_CATEGORY('','',(#11003));
#10997=PRODUCT_RELATED_PRODUCT_CATEGORY('','',(#11004));
#10998=PRODUCT_RELATED_PRODUCT_CATEGORY('','',(#11005));
#10999=PRODUCT_RELATED_PRODUCT_CATEGORY('','',(#11006));
#11000=PRODUCT('Part 5','Part 5','Part 5',(#11014));
#11001=PRODUCT('Part 1','Part 1','Part 1',(#11015));
#11002=PRODUCT('Part 2','Part 2','Part 2',(#11016));
#11003=PRODUCT('Part 3','Part 3','Part 3',(#11017));
#11004=PRODUCT('Part 4','Part 4','Part 4',(#11018));
#11005=PRODUCT('Part 6','Part 6','Part 6',(#11019));
#11006=PRODUCT('Part 7','Part 7','Part 7',(#11020));
#11007=PRODUCT_CATEGORY('','');
#11008=PRODUCT_CATEGORY('','');
#11009=PRODUCT_CATEGORY('','');
#11010=PRODUCT_CATEGORY('','');
#11011=PRODUCT_CATEGORY('','');
#11012=PRODUCT_CATEGORY('','');
#11013=PRODUCT_CATEGORY('','');
#11014=PRODUCT_CONTEXT('',#11028,'mechanical');
#11015=PRODUCT_CONTEXT('',#11029,'mechanical');
#11016=PRODUCT_CONTEXT('',#11030,'mechanical');
#11017=PRODUCT_CONTEXT('',#11031,'mechanical');
#11018=PRODUCT_CONTEXT('',#11032,'mechanical');
#11019=PRODUCT_CONTEXT('',#11033,'mechanical');
#11020=PRODUCT_CONTEXT('',#11034,'mechanical');
#11021=APPLICATION_PROTOCOL_DEFINITION('international standard',
'ap242_managed_model_based_3d_engineering',2020,#11028);
#11022=APPLICATION_PROTOCOL_DEFINITION('international standard',
'ap242_managed_model_based_3d_engineering',2020,#11029);
#11023=APPLICATION_PROTOCOL_DEFINITION('international standard',
'ap242_managed_model_based_3d_engineering',2020,#11030);
#11024=APPLICATION_PROTOCOL_DEFINITION('international standard',
'ap242_managed_model_based_3d_engineering',2020,#11031);
#11025=APPLICATION_PROTOCOL_DEFINITION('international standard',
'ap242_managed_model_based_3d_engineering',2020,#11032);
#11026=APPLICATION_PROTOCOL_DEFINITION('international standard',
'ap242_managed_model_based_3d_engineering',2020,#11033);
#11027=APPLICATION_PROTOCOL_DEFINITION('international standard',
'ap242_managed_model_based_3d_engineering',2020,#11034);
#11028=APPLICATION_CONTEXT('managed model based 3d engineering');
#11029=APPLICATION_CONTEXT('managed model based 3d engineering');
#11030=APPLICATION_CONTEXT('managed model based 3d engineering');
#11031=APPLICATION_CONTEXT('managed model based 3d engineering');
#11032=APPLICATION_CONTEXT('managed model based 3d engineering');
#11033=APPLICATION_CONTEXT('managed model based 3d engineering');
#11034=APPLICATION_CONTEXT('managed model based 3d engineering');
ENDSEC;
END-ISO-10303-21;
